address,count,bytes
7E4F34,1185001,AD 30 30 29 20 D0 F9 AD 62 12 8D 3A 30 22 F1 F4
7E4F39,1185000,D0 F9 AD 62 12 8D 3A 30 22 F1 F4 02 6B 22 4F 4F
7E4F37,1185000,29 20 D0 F9 AD 62 12 8D 3A 30 22 F1 F4 02 6B 22
7E4EF7,423193,AD 30 30 29 20 D0 F9 AD 62 12 8D 3A 30 AB 6B 5C
7E4EFC,423193,D0 F9 AD 62 12 8D 3A 30 AB 6B 5C EE BD 1F C2 30
7E4EFA,423193,29 20 D0 F9 AD 62 12 8D 3A 30 AB 6B 5C EE BD 1F
02DA49,140946,C9 02 D0 F9 9C BD 18 C2 30 AD FB 16 8F 9E 01 70
02DA4B,140946,D0 F9 9C BD 18 C2 30 AD FB 16 8F 9E 01 70 F0 04
02DA46,140945,AD BD 18 C9 02 D0 F9 9C BD 18 C2 30 AD FB 16 8F
03DBBA,17290,E8 3A 3A 10 F7 60 E2 20 E2 20 A9 00 8F 00 21 00
03DBBB,17290,3A 3A 10 F7 60 E2 20 E2 20 A9 00 8F 00 21 00 A9
03DBBC,17290,3A 10 F7 60 E2 20 E2 20 A9 00 8F 00 21 00 A9 00
03DBB9,17290,E8 E8 3A 3A 10 F7 60 E2 20 E2 20 A9 00 8F 00 21
03DBB6,17290,9E 63 12 E8 E8 3A 3A 10 F7 60 E2 20 E2 20 A9 00
03DBBD,17290,10 F7 60 E2 20 E2 20 A9 00 8F 00 21 00 A9 00 EA
02DA38,12211,F0 FB AD 15 1F F0 03 20 A3 DA 22 10 DC 02 AD BD
02DA35,12211,AD BD 18 F0 FB AD 15 1F F0 03 20 A3 DA 22 10 DC
7E578C,10050,CE FF 1E F0 03 4C CC 52 E2 20 60 5A DA 08 E2 10
7E5788,10050,69 0A 00 A8 CE FF 1E F0 03 4C CC 52 E2 20 60 5A
7E578F,10050,F0 03 4C CC 52 E2 20 60 5A DA 08 E2 10 49 FF 1A
7E5787,10050,18 69 0A 00 A8 CE FF 1E F0 03 4C CC 52 E2 20 60
7E578B,10050,A8 CE FF 1E F0 03 4C CC 52 E2 20 60 5A DA 08 E2
7E5782,10050,C2 20 AD 01 1F 18 69 0A 00 A8 CE FF 1E F0 03 4C
7E5784,10050,AD 01 1F 18 69 0A 00 A8 CE FF 1E F0 03 4C CC 52
7E52CC,8467,E2 20 8C 01 1F BE C4 2E 9C FA 1E C2 20 A4 76 B9
7E52D1,8467,BE C4 2E 9C FA 1E C2 20 A4 76 B9 1D 00 29 80 00
7E52EB,8467,29 F8 00 F0 03 82 8F 04 98 D5 19 D0 03 82 87 04
7E52E9,8467,35 2E 29 F8 00 F0 03 82 8F 04 98 D5 19 D0 03 82
7E52EE,8467,F0 03 82 8F 04 98 D5 19 D0 03 82 87 04 8A BB D5
7E52D4,8467,9C FA 1E C2 20 A4 76 B9 1D 00 29 80 00 F0 03 82
7E52DE,8467,29 80 00 F0 03 82 9C 04 B9 2E 00 35 2E 29 F8 00
7E52E6,8467,B9 2E 00 35 2E 29 F8 00 F0 03 82 8F 04 98 D5 19
7E52DB,8467,B9 1D 00 29 80 00 F0 03 82 9C 04 B9 2E 00 35 2E
7E52CE,8467,8C 01 1F BE C4 2E 9C FA 1E C2 20 A4 76 B9 1D 00
7E52E1,8467,F0 03 82 9C 04 B9 2E 00 35 2E 29 F8 00 F0 03 82
7E52D7,8467,C2 20 A4 76 B9 1D 00 29 80 00 F0 03 82 9C 04 B9
7E52D9,8467,A4 76 B9 1D 00 29 80 00 F0 03 82 9C 04 B9 2E 00
7E5791,8467,4C CC 52 E2 20 60 5A DA 08 E2 10 49 FF 1A AA BF
7E52F0,4649,82 8F 04 98 D5 19 D0 03 82 87 04 8A BB D5 19 D0
02DB95,4160,C8 E8 E8 C0 40 00 D0 EE A9 01 00 8D 53 19 60 49
02DB8E,4160,6D 4F 19 99 CF 18 C8 C8 E8 E8 C0 40 00 D0 EE A9
02DB96,4160,E8 E8 C0 40 00 D0 EE A9 01 00 8D 53 19 60 49 FF
02DB94,4160,C8 C8 E8 E8 C0 40 00 D0 EE A9 01 00 8D 53 19 60
02DB8D,4160,18 6D 4F 19 99 CF 18 C8 C8 E8 E8 C0 40 00 D0 EE
02DB9B,4160,D0 EE A9 01 00 8D 53 19 60 49 FF FF 1A EB 29 07
02DB97,4160,E8 C0 40 00 D0 EE A9 01 00 8D 53 19 60 49 FF FF
02DB98,4160,C0 40 00 D0 EE A9 01 00 8D 53 19 60 49 FF FF 1A
02DB91,4160,99 CF 18 C8 C8 E8 E8 C0 40 00 D0 EE A9 01 00 8D
02DB8B,4160,B5 00 18 6D 4F 19 99 CF 18 C8 C8 E8 E8 C0 40 00
7E532C,3818,D0 03 82 51 04 AE 01 1F BD C6 2E D0 03 82 CA 03
7E5326,3818,B5 04 9B CD 05 1F D0 03 82 51 04 AE 01 1F BD C6
7E5329,3818,CD 05 1F D0 03 82 51 04 AE 01 1F BD C6 2E D0 03
7E52FB,3818,8A BB D5 19 D0 03 82 7E 04 9B AA B5 0C 85 3A B5
7E5337,3818,D0 03 82 CA 03 48 A5 3A 8D F4 1E A5 3C 8D F6 1E
7E530C,3818,85 3C B5 10 85 3E B5 1F 29 80 00 F0 0D B9 1F 00
7E52F4,3818,D5 19 D0 03 82 87 04 8A BB D5 19 D0 03 82 7E 04
7E52F6,3818,D0 03 82 87 04 8A BB D5 19 D0 03 82 7E 04 9B AA
7E5304,3818,9B AA B5 0C 85 3A B5 0E 85 3C B5 10 85 3E B5 1F
7E52FC,3818,BB D5 19 D0 03 82 7E 04 9B AA B5 0C 85 3A B5 0E
7E5314,3818,29 80 00 F0 0D B9 1F 00 29 80 00 F0 05 B5 04 9B
7E5308,3818,85 3A B5 0E 85 3C B5 10 85 3E B5 1F 29 80 00 F0
7E5306,3818,B5 0C 85 3A B5 0E 85 3C B5 10 85 3E B5 1F 29 80
7E52FF,3818,D0 03 82 7E 04 9B AA B5 0C 85 3A B5 0E 85 3C B5
7E5317,3818,F0 0D B9 1F 00 29 80 00 F0 05 B5 04 9B 80 0B B5
7E530A,3818,B5 0E 85 3C B5 10 85 3E B5 1F 29 80 00 F0 0D B9
7E52F3,3818,98 D5 19 D0 03 82 87 04 8A BB D5 19 D0 03 82 7E
7E52FD,3818,D5 19 D0 03 82 7E 04 9B AA B5 0C 85 3A B5 0E 85
7E5312,3818,B5 1F 29 80 00 F0 0D B9 1F 00 29 80 00 F0 05 B5
7E5310,3818,85 3E B5 1F 29 80 00 F0 0D B9 1F 00 29 80 00 F0
7E5305,3818,AA B5 0C 85 3A B5 0E 85 3C B5 10 85 3E B5 1F 29
7E530E,3818,B5 10 85 3E B5 1F 29 80 00 F0 0D B9 1F 00 29 80
7E5334,3818,BD C6 2E D0 03 82 CA 03 48 A5 3A 8D F4 1E A5 3C
7E5328,3818,9B CD 05 1F D0 03 82 51 04 AE 01 1F BD C6 2E D0
7E5331,3818,AE 01 1F BD C6 2E D0 03 82 CA 03 48 A5 3A 8D F4
7E5353,2828,8D 52 12 A5 3E 38 E5 6E 10 04 49 FF FF 1A 38 ED
7E5361,2828,38 ED 52 12 30 03 4C A6 53 BD C8 2E 18 6D 5A 12
7E535B,2828,10 04 49 FF FF 1A 38 ED 52 12 30 03 4C A6 53 BD
7E53A6,2828,68 4C 82 57 68 AA E2 20 BD 02 00 F0 2E 3A 85 02
7E53A7,2828,4C 82 57 68 AA E2 20 BD 02 00 F0 2E 3A 85 02 DA
7E534F,2828,18 6D 5E 12 8D 52 12 A5 3E 38 E5 6E 10 04 49 FF
7E5344,2828,8D F6 1E A5 3E 8D F8 1E BD CC 2E 18 6D 5E 12 8D
7E533D,2828,A5 3A 8D F4 1E A5 3C 8D F6 1E A5 3E 8D F8 1E BD
7E5362,2828,ED 52 12 30 03 4C A6 53 BD C8 2E 18 6D 5A 12 8D
7E5347,2828,A5 3E 8D F8 1E BD CC 2E 18 6D 5E 12 8D 52 12 A5
7E5365,2828,30 03 4C A6 53 BD C8 2E 18 6D 5A 12 8D 52 12 A5
7E534C,2828,BD CC 2E 18 6D 5E 12 8D 52 12 A5 3E 38 E5 6E 10
7E5358,2828,38 E5 6E 10 04 49 FF FF 1A 38 ED 52 12 30 03 4C
7E5356,2828,A5 3E 38 E5 6E 10 04 49 FF FF 1A 38 ED 52 12 30
7E533F,2828,8D F4 1E A5 3C 8D F6 1E A5 3E 8D F8 1E BD CC 2E
7E5349,2828,8D F8 1E BD CC 2E 18 6D 5E 12 8D 52 12 A5 3E 38
7E5359,2828,E5 6E 10 04 49 FF FF 1A 38 ED 52 12 30 03 4C A6
7E5342,2828,A5 3C 8D F6 1E A5 3E 8D F8 1E BD CC 2E 18 6D 5E
7E533C,2828,48 A5 3A 8D F4 1E A5 3C 8D F6 1E A5 3E 8D F8 1E
7E5350,2828,6D 5E 12 8D 52 12 A5 3E 38 E5 6E 10 04 49 FF FF
7E5367,2756,4C A6 53 BD C8 2E 18 6D 5A 12 8D 52 12 A5 3A 38
02DCC5,2675,AD 3C 21 29 01 D0 F3 E0 5A 90 EF E0 64 B0 EB C2
02DCCA,2675,D0 F3 E0 5A 90 EF E0 64 B0 EB C2 10 78 AE B8 18
02DCC2,2675,AE 3C 21 AD 3C 21 29 01 D0 F3 E0 5A 90 EF E0 64
02DCC8,2675,29 01 D0 F3 E0 5A 90 EF E0 64 B0 EB C2 10 78 AE
02DCBF,2675,AD 37 21 AE 3C 21 AD 3C 21 29 01 D0 F3 E0 5A 90
000114,2438,30 20 8B 78 DA 5A E2 30 A9 00 48 AB AD 62 12 09
000110,2438,AF 30 30 00 30 20 8B 78 DA 5A E2 30 A9 00 48 AB
00010D,2438,C2 30 48 AF 30 30 00 30 20 8B 78 DA 5A E2 30 A9
00010C,2438,EA C2 30 48 AF 30 30 00 30 20 8B 78 DA 5A E2 30
00010F,2438,48 AF 30 30 00 30 20 8B 78 DA 5A E2 30 A9 00 48
7E4F64,2165,95 2D 80 06 B5 1E 09 02 95 1E B5 1D 29 7F 95 1D
7E4F80,2165,D0 D6 E2 20 A9 7E 48 AB AD FD 1E F0 17 A2 00 00
7E4F76,2165,A9 00 00 95 1B E2 20 9B B6 00 D0 D6 E2 20 A9 7E
7E4F5A,2165,29 80 F0 04 5C 68 4F 7E A9 01 95 2D 80 06 B5 1E
7E4F70,2165,29 7F 95 1D C2 20 A9 00 00 95 1B E2 20 9B B6 00
7E4F79,2165,95 1B E2 20 9B B6 00 D0 D6 E2 20 A9 7E 48 AB AD
7E4F74,2165,C2 20 A9 00 00 95 1B E2 20 9B B6 00 D0 D6 E2 20
7E4F7D,2165,9B B6 00 D0 D6 E2 20 A9 7E 48 AB AD FD 1E F0 17
7E4F5C,2165,F0 04 5C 68 4F 7E A9 01 95 2D 80 06 B5 1E 09 02
7E4F6E,2165,B5 1D 29 7F 95 1D C2 20 A9 00 00 95 1B E2 20 9B
7E4F58,2165,B5 1D 29 80 F0 04 5C 68 4F 7E A9 01 95 2D 80 06
7E4F66,2165,80 06 B5 1E 09 02 95 1E B5 1D 29 7F 95 1D C2 20
7E4F62,2165,A9 01 95 2D 80 06 B5 1E 09 02 95 1E B5 1D 29 7F
7E4F7E,2165,B6 00 D0 D6 E2 20 A9 7E 48 AB AD FD 1E F0 17 A2
7E4F7B,2165,E2 20 9B B6 00 D0 D6 E2 20 A9 7E 48 AB AD FD 1E
7E4F72,2165,95 1D C2 20 A9 00 00 95 1B E2 20 9B B6 00 D0 D6
1FD335,2152,28 6B E2 20 9C 00 42 9C 0C 42 9C 2C 21 9C 2D 21
1FD271,2152,D0 03 82 BA 00 B5 2E 29 FB FF 95 2E B5 0C 8D 15
1FD336,2152,6B E2 20 9C 00 42 9C 0C 42 9C 2C 21 9C 2D 21 48
02DB0B,2152,AD 4A 12 D0 07 B4 00 BB D0 EF 80 08 B4 00 22 DC
02DB12,2152,BB D0 EF 80 08 B4 00 22 DC BF 1F 80 F3 AB 60 08
02DB0E,2152,D0 07 B4 00 BB D0 EF 80 08 B4 00 22 DC BF 1F 80
1FD26B,2152,08 C2 30 EC 6D 15 D0 03 82 BA 00 B5 2E 29 FB FF
02DB13,2152,D0 EF 80 08 B4 00 22 DC BF 1F 80 F3 AB 60 08 E2
1FD26C,2152,C2 30 EC 6D 15 D0 03 82 BA 00 B5 2E 29 FB FF 95
02DB07,2152,22 6B D2 1F AD 4A 12 D0 07 B4 00 BB D0 EF 80 08
1FD26E,2152,EC 6D 15 D0 03 82 BA 00 B5 2E 29 FB FF 95 2E B5
02DB04,2152,9C 4A 12 22 6B D2 1F AD 4A 12 D0 07 B4 00 BB D0
1FC04C,2148,B5 2E 29 04 00 D0 44 B5 1E 29 01 00 D0 3D B5 2A
02F5B5,2148,F0 04 5C B2 F6 02 B9 09 00 89 01 C2 20 F0 05 A9
1FC04E,2148,29 04 00 D0 44 B5 1E 29 01 00 D0 3D B5 2A 29 FF
03B430,2148,B4 00 BB D0 94 AE 3F 1F D0 03 82 6D 00 EC 68 1F
1FC09A,2148,AA D0 AE 28 6B B5 15 85 7E 8B 86 76 84 78 64 08
03B432,2148,BB D0 94 AE 3F 1F D0 03 82 6D 00 EC 68 1F F0 03
1FC04B,2148,DA B5 2E 29 04 00 D0 44 B5 1E 29 01 00 D0 3D B5
03B433,2148,D0 94 AE 3F 1F D0 03 82 6D 00 EC 68 1F F0 03 82
02F5AD,2148,99 08 00 B9 20 00 29 08 F0 04 5C B2 F6 02 B9 09
02F5AB,2148,09 08 99 08 00 B9 20 00 29 08 F0 04 5C B2 F6 02
02F5B0,2148,B9 20 00 29 08 F0 04 5C B2 F6 02 B9 09 00 89 01
02F5B3,2148,29 08 F0 04 5C B2 F6 02 B9 09 00 89 01 C2 20 F0
03B3F8,2148,89 01 D0 31 BF E8 1C 7E D0 06 BF E9 1C 7E F0 25
02F5A9,2148,29 E1 09 08 99 08 00 B9 20 00 29 08 F0 04 5C B2
02F5A6,2148,B9 08 00 29 E1 09 08 99 08 00 B9 20 00 29 08 F0
1FC09B,2148,D0 AE 28 6B B5 15 85 7E 8B 86 76 84 78 64 08 64
1FC051,2148,D0 44 B5 1E 29 01 00 D0 3D B5 2A 29 FF 00 F0 36
02F5A1,2148,E2 20 8C 3C 12 B9 08 00 29 E1 09 08 99 08 00 B9
02F5A3,2148,8C 3C 12 B9 08 00 29 E1 09 08 99 08 00 B9 20 00
03B400,2148,D0 06 BF E9 1C 7E F0 25 AC 3A 12 C2 20 B5 10 38
02F6B2,2148,C2 20 B9 00 00 A8 F0 03 82 E4 FE AD E7 1E 8F B6
1FC097,2148,FA B5 00 AA D0 AE 28 6B B5 15 85 7E 8B 86 76 84
02F6B8,2148,F0 03 82 E4 FE AD E7 1E 8F B6 01 70 AB 28 60 20
02F6B7,2148,A8 F0 03 82 E4 FE AD E7 1E 8F B6 01 70 AB 28 60
03B384,2148,D0 BB 60 E2 20 B5 20 09 02 95 20 C2 20 AD F8 14
03B3F4,2148,E2 20 B5 08 89 01 D0 31 BF E8 1C 7E D0 06 BF E9
03B383,2148,BB D0 BB 60 E2 20 B5 20 09 02 95 20 C2 20 AD F8
03B3F6,2148,B5 08 89 01 D0 31 BF E8 1C 7E D0 06 BF E9 1C 7E
03B3EE,2148,D0 03 82 C6 00 48 E2 20 B5 08 89 01 D0 31 BF E8
03B3EB,2148,C0 50 C0 D0 03 82 C6 00 48 E2 20 B5 08 89 01 D0
03B3E3,2148,C0 5C D9 D0 03 82 CE 00 C0 50 C0 D0 03 82 C6 00
03B3C9,2148,B4 04 C0 C0 C7 D0 03 82 E6 00 C0 B0 D9 D0 03 82
03B3CE,2148,D0 03 82 E6 00 C0 B0 D9 D0 03 82 DE 00 C0 94 D9
03B3CB,2148,C0 C0 C7 D0 03 82 E6 00 C0 B0 D9 D0 03 82 DE 00
02F6B4,2148,B9 00 00 A8 F0 03 82 E4 FE AD E7 1E 8F B6 01 70
03B3E6,2148,D0 03 82 CE 00 C0 50 C0 D0 03 82 C6 00 48 E2 20
03B381,2148,B4 00 BB D0 BB 60 E2 20 B5 20 09 02 95 20 C2 20
03B3FA,2148,D0 31 BF E8 1C 7E D0 06 BF E9 1C 7E F0 25 AC 3A
03B341,2148,E2 20 B5 2A C9 FF D0 38 B5 1F 29 08 D0 04 5C 81
03B343,2148,B5 2A C9 FF D0 38 B5 1F 29 08 D0 04 5C 81 B3 03
03B3F3,2148,48 E2 20 B5 08 89 01 D0 31 BF E8 1C 7E D0 06 BF
03B3DB,2148,C0 94 D9 D0 03 82 D6 00 C0 5C D9 D0 03 82 CE 00
02DB10,2148,B4 00 BB D0 EF 80 08 B4 00 22 DC BF 1F 80 F3 AB
03B3DE,2148,D0 03 82 D6 00 C0 5C D9 D0 03 82 CE 00 C0 50 C0
03B345,2148,C9 FF D0 38 B5 1F 29 08 D0 04 5C 81 B3 03 B5 20
03B3D3,2148,C0 B0 D9 D0 03 82 DE 00 C0 94 D9 D0 03 82 D6 00
03B3FC,2148,BF E8 1C 7E D0 06 BF E9 1C 7E F0 25 AC 3A 12 C2
03B347,2148,D0 38 B5 1F 29 08 D0 04 5C 81 B3 03 B5 20 29 02
1FC098,2148,B5 00 AA D0 AE 28 6B B5 15 85 7E 8B 86 76 84 78
03B3D6,2148,D0 03 82 DE 00 C0 94 D9 D0 03 82 D6 00 C0 5C D9
02F508,2147,D0 6C C2 20 B9 04 00 8E C7 14 AA BF 0E 00 00 AE
02F501,2147,E2 20 B9 20 00 29 08 D0 6C C2 20 B9 04 00 8E C7
02F506,2147,29 08 D0 6C C2 20 B9 04 00 8E C7 14 AA BF 0E 00
02F57C,2147,D0 83 AB 28 6B 08 8B E2 20 A9 7E 48 AB C2 30 9C
02F57B,2147,A8 D0 83 AB 28 6B 08 8B E2 20 A9 7E 48 AB C2 30
02F503,2147,B9 20 00 29 08 D0 6C C2 20 B9 04 00 8E C7 14 AA
02F578,2139,B9 00 00 A8 D0 83 AB 28 6B 08 8B E2 20 A9 7E 48
02F576,2139,C2 20 B9 00 00 A8 D0 83 AB 28 6B 08 8B E2 20 A9
02F5E4,2066,B9 10 00 38 E5 C5 9F 14 00 70 B9 04 00 9F 08 00
02F5D6,2066,9F 12 00 70 B9 0E 00 38 E5 C3 9F 10 00 70 B9 10
02F5E8,2066,E5 C5 9F 14 00 70 B9 04 00 9F 08 00 70 E2 20 B9
02F5E0,2066,9F 10 00 70 B9 10 00 38 E5 C5 9F 14 00 70 B9 04
02F5E7,2066,38 E5 C5 9F 14 00 70 B9 04 00 9F 08 00 70 E2 20
02F5DD,2066,38 E5 C3 9F 10 00 70 B9 10 00 38 E5 C5 9F 14 00
02F5DA,2066,B9 0E 00 38 E5 C3 9F 10 00 70 B9 10 00 38 E5 C5
02F5DE,2066,E5 C3 9F 10 00 70 B9 10 00 38 E5 C5 9F 14 00 70
02F5BB,2066,B9 09 00 89 01 C2 20 F0 05 A9 98 3A 80 03 A9 00
02F5D3,2066,38 E5 C1 9F 12 00 70 B9 0E 00 38 E5 C3 9F 10 00
02F5C2,2066,F0 05 A9 98 3A 80 03 A9 00 00 9F 02 00 70 B9 0C
02F5C0,2066,C2 20 F0 05 A9 98 3A 80 03 A9 00 00 9F 02 00 70
02F5BE,2066,89 01 C2 20 F0 05 A9 98 3A 80 03 A9 00 00 9F 02
02F5D4,2066,E5 C1 9F 12 00 70 B9 0E 00 38 E5 C3 9F 10 00 70
02F5C9,2066,A9 00 00 9F 02 00 70 B9 0C 00 38 E5 C1 9F 12 00
02F5EA,2066,9F 14 00 70 B9 04 00 9F 08 00 70 E2 20 B9 12 00
02F5CC,2066,9F 02 00 70 B9 0C 00 38 E5 C1 9F 12 00 70 B9 0E
02F5D0,2066,B9 0C 00 38 E5 C1 9F 12 00 70 B9 0E 00 38 E5 C3
02F5EE,2066,B9 04 00 9F 08 00 70 E2 20 B9 12 00 9F 04 00 70
02F608,2066,9F 06 00 70 E2 20 B9 08 00 29 01 F0 2E B9 0A 00
02F5F5,2066,E2 20 B9 12 00 9F 04 00 70 B9 13 00 9F 05 00 70
02F65D,2066,29 7F 9F 19 00 70 B9 E6 1C 30 03 AD BD 15 29 7F
02F68B,2066,D0 15 AD BD 15 29 07 00 C9 04 00 90 05 A9 0C 80
02F65F,2066,9F 19 00 70 B9 E6 1C 30 03 AD BD 15 29 7F 9F 1A
02F663,2066,B9 E6 1C 30 03 AD BD 15 29 7F 9F 1A 00 70 B9 DF
02F65A,2066,AD BD 15 29 7F 9F 19 00 70 B9 E6 1C 30 03 AD BD
02F655,2066,B9 E7 1C 30 03 AD BD 15 29 7F 9F 19 00 70 B9 E6
02F658,2066,30 03 AD BD 15 29 7F 9F 19 00 70 B9 E6 1C 30 03
02F6A2,2066,B9 EA 1C 9F 16 00 70 EE E7 1E 8A 18 69 1E 00 AA
02F652,2066,99 1D 00 B9 E7 1C 30 03 AD BD 15 29 7F 9F 19 00
02F688,2066,CC 79 17 D0 15 AD BD 15 29 07 00 C9 04 00 90 05
02F66B,2066,29 7F 9F 1A 00 70 B9 DF 1C 9F 1B 00 70 B9 F4 1C
02F67B,2066,9F 1C 00 70 B9 F5 1C 9F 1D 00 70 C2 20 CC 79 17
02F67F,2066,B9 F5 1C 9F 1D 00 70 C2 20 CC 79 17 D0 15 AD BD
02F666,2066,30 03 AD BD 15 29 7F 9F 1A 00 70 B9 DF 1C 9F 1B
02F678,2066,B9 F4 1C 9F 1C 00 70 B9 F5 1C 9F 1D 00 70 C2 20
02F671,2066,B9 DF 1C 9F 1B 00 70 B9 F4 1C 9F 1C 00 70 B9 F5
02F674,2066,9F 1B 00 70 B9 F4 1C 9F 1C 00 70 B9 F5 1C 9F 1D
02F66D,2066,9F 1A 00 70 B9 DF 1C 9F 1B 00 70 B9 F4 1C 9F 1C
02F5F1,2066,9F 08 00 70 E2 20 B9 12 00 9F 04 00 70 B9 13 00
02F650,2066,29 FD 99 1D 00 B9 E7 1C 30 03 AD BD 15 29 7F 9F
02F6A5,2066,9F 16 00 70 EE E7 1E 8A 18 69 1E 00 AA C2 20 B9
02F686,2066,C2 20 CC 79 17 D0 15 AD BD 15 29 07 00 C9 04 00
02F60C,2066,E2 20 B9 08 00 29 01 F0 2E B9 0A 00 9F 18 00 70
02F60E,2066,B9 08 00 29 01 F0 2E B9 0A 00 9F 18 00 70 B9 1D
02F605,2066,B9 14 00 9F 06 00 70 E2 20 B9 08 00 29 01 F0 2E
02F5FE,2066,B9 13 00 9F 05 00 70 B9 14 00 9F 06 00 70 E2 20
02F601,2066,9F 05 00 70 B9 14 00 9F 06 00 70 E2 20 B9 08 00
02F5F7,2066,B9 12 00 9F 04 00 70 B9 13 00 9F 05 00 70 B9 14
02F64C,2066,9F 07 00 70 29 FD 99 1D 00 B9 E7 1C 30 03 AD BD
02F611,2066,29 01 F0 2E B9 0A 00 9F 18 00 70 B9 1D 00 89 10
02F6B1,2066,AA C2 20 B9 00 00 A8 F0 03 82 E4 FE AD E7 1E 8F
02F6A9,2066,EE E7 1E 8A 18 69 1E 00 AA C2 20 B9 00 00 A8 F0
02F649,2066,B9 1D 00 9F 07 00 70 29 FD 99 1D 00 B9 E7 1C 30
02F613,2066,F0 2E B9 0A 00 9F 18 00 70 B9 1D 00 89 10 F0 26
02F645,2066,9F 18 00 70 B9 1D 00 9F 07 00 70 29 FD 99 1D 00
02F643,2066,A9 00 9F 18 00 70 B9 1D 00 9F 07 00 70 29 FD 99
02F6AD,2066,18 69 1E 00 AA C2 20 B9 00 00 A8 F0 03 82 E4 FE
02F6AE,2066,69 1E 00 AA C2 20 B9 00 00 A8 F0 03 82 E4 FE AD
02F682,2066,9F 1D 00 70 C2 20 CC 79 17 D0 15 AD BD 15 29 07
02F5FA,2066,9F 04 00 70 B9 13 00 9F 05 00 70 B9 14 00 9F 06
02F6AC,2066,8A 18 69 1E 00 AA C2 20 B9 00 00 A8 F0 03 82 E4
02F51A,2063,7F 14 00 70 10 32 E2 20 B9 08 00 29 F7 99 08 00
02F51E,2063,10 32 E2 20 B9 08 00 29 F7 99 08 00 AD D2 14 89
02F512,2063,AA BF 0E 00 00 AE C7 14 7F 14 00 70 10 32 E2 20
02F50F,2063,8E C7 14 AA BF 0E 00 00 AE C7 14 7F 14 00 70 10
02F513,2063,BF 0E 00 00 AE C7 14 7F 14 00 70 10 32 E2 20 B9
02F50C,2063,B9 04 00 8E C7 14 AA BF 0E 00 00 AE C7 14 7F 14
02F50A,2063,C2 20 B9 04 00 8E C7 14 AA BF 0E 00 00 AE C7 14
02F517,2063,AE C7 14 7F 14 00 70 10 32 E2 20 B9 08 00 29 F7
03B402,2059,BF E9 1C 7E F0 25 AC 3A 12 C2 20 B5 10 38 F9 10
03B406,2059,F0 25 AC 3A 12 C2 20 B5 10 38 F9 10 00 10 04 49
02F570,2055,8A 18 69 1E 00 AA C2 20 B9 00 00 A8 D0 83 AB 28
02F575,2055,AA C2 20 B9 00 00 A8 D0 83 AB 28 6B 08 8B E2 20
02F554,2055,BF 12 00 70 10 0B B9 08 00 09 14 00 99 08 00 80
02F558,2055,10 0B B9 08 00 09 14 00 99 08 00 80 09 B9 08 00
02F56E,2055,C2 20 8A 18 69 1E 00 AA C2 20 B9 00 00 A8 D0 83
02F552,2055,C2 20 BF 12 00 70 10 0B B9 08 00 09 14 00 99 08
02F572,2055,69 1E 00 AA C2 20 B9 00 00 A8 D0 83 AB 28 6B 08
02F571,2055,18 69 1E 00 AA C2 20 B9 00 00 A8 D0 83 AB 28 6B
1FD27D,2022,B5 0C 8D 15 15 B5 0E 8D 17 15 B5 10 8D 19 15 E2
1FD30D,2022,F0 26 8D 44 12 E2 20 A9 1F 48 C2 20 A9 2F D3 48
1FD276,2022,B5 2E 29 FB FF 95 2E B5 0C 8D 15 15 B5 0E 8D 17
1FD2E7,2022,B5 1E 29 02 F0 17 B5 1E 29 FD 95 1E BF D8 1C 7E
1FD306,2022,8D 46 12 C2 20 B5 16 F0 26 8D 44 12 E2 20 A9 1F
1FD287,2022,B5 10 8D 19 15 E2 20 8E 3C 12 B5 2A D0 2D B5 09
1FD27B,2022,95 2E B5 0C 8D 15 15 B5 0E 8D 17 15 B5 10 8D 19
1FD291,2022,B5 2A D0 2D B5 09 29 10 F0 04 5C C2 D2 1F C2 20
1FD293,2022,D0 2D B5 09 29 10 F0 04 5C C2 D2 1F C2 20 BF D6
1FD28E,2022,8E 3C 12 B5 2A D0 2D B5 09 29 10 F0 04 5C C2 D2
1FD289,2022,8D 19 15 E2 20 8E 3C 12 B5 2A D0 2D B5 09 29 10
1FD27F,2022,8D 15 15 B5 0E 8D 17 15 B5 10 8D 19 15 E2 20 8E
1FD282,2022,B5 0E 8D 17 15 B5 10 8D 19 15 E2 20 8E 3C 12 B5
1FD278,2022,29 FB FF 95 2E B5 0C 8D 15 15 B5 0E 8D 17 15 B5
1FD28C,2022,E2 20 8E 3C 12 B5 2A D0 2D B5 09 29 10 F0 04 5C
1FD304,2022,B5 18 8D 46 12 C2 20 B5 16 F0 26 8D 44 12 E2 20
1FD2C6,2022,95 09 B5 1D 29 80 F0 19 BF D5 1C 7E 8D 46 12 C2
1FD2C8,2022,B5 1D 29 80 F0 19 BF D5 1C 7E 8D 46 12 C2 20 BF
1FD2CC,2022,F0 19 BF D5 1C 7E 8D 46 12 C2 20 BF D3 1C 7E D0
1FD2CA,2022,29 80 F0 19 BF D5 1C 7E 8D 46 12 C2 20 BF D3 1C
1FD2EB,2022,F0 17 B5 1E 29 FD 95 1E BF D8 1C 7E 8D 46 12 C2
1FD284,2022,8D 17 15 B5 10 8D 19 15 E2 20 8E 3C 12 B5 2A D0
1FD2C2,2022,B5 09 29 EF 95 09 B5 1D 29 80 F0 19 BF D5 1C 7E
1FD30B,2022,B5 16 F0 26 8D 44 12 E2 20 A9 1F 48 C2 20 A9 2F
1FD2C4,2022,29 EF 95 09 B5 1D 29 80 F0 19 BF D5 1C 7E 8D 46
1FD309,2022,C2 20 B5 16 F0 26 8D 44 12 E2 20 A9 1F 48 C2 20
1FD2E9,2022,29 02 F0 17 B5 1E 29 FD 95 1E BF D8 1C 7E 8D 46
1FC058,2018,D0 3D B5 2A 29 FF 00 F0 36 B5 08 89 01 00 D0 2F
1FC055,2018,29 01 00 D0 3D B5 2A 29 FF 00 F0 36 B5 08 89 01
02F6BA,2018,82 E4 FE AD E7 1E 8F B6 01 70 AB 28 60 20 CB F6
1FC053,2018,B5 1E 29 01 00 D0 3D B5 2A 29 FF 00 F0 36 B5 08
02DCCE,1979,90 EF E0 64 B0 EB C2 10 78 AE B8 18 8E 81 21 9C
02DCCC,1979,E0 5A 90 EF E0 64 B0 EB C2 10 78 AE B8 18 8E 81
02F668,1939,AD BD 15 29 7F 9F 1A 00 70 B9 DF 1C 9F 1B 00 70
000136,1839,68 40 C2 30 48 8B DA 5A E2 20 A9 00 48 AB AD 62
000137,1839,40 C2 30 48 8B DA 5A E2 20 A9 00 48 AB AD 62 12
7E5196,1800,0A 88 D0 FC A4 F8 80 02 A5 02 18 75 0C 85 6C AD
7E51C3,1800,0A 88 D0 FC A4 F8 80 02 A5 02 18 75 10 85 6E B9
7E5198,1800,D0 FC A4 F8 80 02 A5 02 18 75 0C 85 6C AD C4 15
7E5197,1800,88 D0 FC A4 F8 80 02 A5 02 18 75 0C 85 6C AD C4
7E51C4,1800,88 D0 FC A4 F8 80 02 A5 02 18 75 10 85 6E B9 05
7E51C5,1800,D0 FC A4 F8 80 02 A5 02 18 75 10 85 6E B9 05 00
03B42D,1771,C2 20 68 B4 00 BB D0 94 AE 3F 1F D0 03 82 6D 00
03B42F,1771,68 B4 00 BB D0 94 AE 3F 1F D0 03 82 6D 00 EC 68
7E4EE8,1709,A9 00 48 AB AD 62 12 09 18 8D 3A 30 8E 1E 30 AD
7E4EEA,1709,48 AB AD 62 12 09 18 8D 3A 30 8E 1E 30 AD 30 30
7E4EF1,1709,8D 3A 30 8E 1E 30 AD 30 30 29 20 D0 F9 AD 62 12
7E4EEF,1709,09 18 8D 3A 30 8E 1E 30 AD 30 30 29 20 D0 F9 AD
7E4F04,1709,AB 6B 5C EE BD 1F C2 30 AD C5 14 8F 22 2B 70 AD
7E4EEC,1709,AD 62 12 09 18 8D 3A 30 8E 1E 30 AD 30 30 29 20
7E4EF4,1709,8E 1E 30 AD 30 30 29 20 D0 F9 AD 62 12 8D 3A 30
7E4EFE,1709,AD 62 12 8D 3A 30 AB 6B 5C EE BD 1F C2 30 AD C5
7E4F05,1709,6B 5C EE BD 1F C2 30 AD C5 14 8F 22 2B 70 AD 0B
7E4F01,1709,8D 3A 30 AB 6B 5C EE BD 1F C2 30 AD C5 14 8F 22
7E4EEB,1709,AB AD 62 12 09 18 8D 3A 30 8E 1E 30 AD 30 30 29
7E4EE7,1709,8B A9 00 48 AB AD 62 12 09 18 8D 3A 30 8E 1E 30
7E4EE3,1709,8F 34 30 00 8B A9 00 48 AB AD 62 12 09 18 8D 3A
7E5794,1583,E2 20 60 5A DA 08 E2 10 49 FF 1A AA BF AC 5C 7E
7E5796,1583,60 5A DA 08 E2 10 49 FF 1A AA BF AC 5C 7E 8D F6
7E52C9,1583,4C 82 57 E2 20 8C 01 1F BE C4 2E 9C FA 1E C2 20
7E52C1,1583,8D FF 1E A4 78 8C 01 1F 4C 82 57 E2 20 8C 01 1F
7E52C6,1583,8C 01 1F 4C 82 57 E2 20 8C 01 1F BE C4 2E 9C FA
7E52BE,1583,AD FD 1E 8D FF 1E A4 78 8C 01 1F 4C 82 57 E2 20
7E52C4,1583,A4 78 8C 01 1F 4C 82 57 E2 20 8C 01 1F BE C4 2E
7E4F9C,1321,AA E2 20 CE FD 1E D0 EC 28 AB 6B 86 78 BC C4 2E
7E4FBF,1321,9C FB 1E 64 F7 C2 20 B9 C6 2E D0 03 82 D2 02 A8
7E4F94,1321,FA C2 20 8A 18 69 0A 00 AA E2 20 CE FD 1E D0 EC
7E4FC9,1321,D0 03 82 D2 02 A8 E2 20 9C FC 1E B9 02 00 F0 2A
7E4F98,1321,18 69 0A 00 AA E2 20 CE FD 1E D0 EC 28 AB 6B 86
7E4FAC,1321,BB 86 76 B5 1D 29 80 F0 03 82 E5 02 B4 04 8C 05
7E4FB8,1321,B4 04 8C 05 1F A4 78 9C FB 1E 64 F7 C2 20 B9 C6
7E4F9F,1321,CE FD 1E D0 EC 28 AB 6B 86 78 BC C4 2E BB 86 76
7E4F97,1321,8A 18 69 0A 00 AA E2 20 CE FD 1E D0 EC 28 AB 6B
7E4F99,1321,69 0A 00 AA E2 20 CE FD 1E D0 EC 28 AB 6B 86 78
7E4F9D,1321,E2 20 CE FD 1E D0 EC 28 AB 6B 86 78 BC C4 2E BB
7E4FC2,1321,64 F7 C2 20 B9 C6 2E D0 03 82 D2 02 A8 E2 20 9C
7E4FC4,1321,C2 20 B9 C6 2E D0 03 82 D2 02 A8 E2 20 9C FC 1E
7E4FBA,1321,8C 05 1F A4 78 9C FB 1E 64 F7 C2 20 B9 C6 2E D0
7E4FB3,1321,F0 03 82 E5 02 B4 04 8C 05 1F A4 78 9C FB 1E 64
7E4FA2,1321,D0 EC 28 AB 6B 86 78 BC C4 2E BB 86 76 B5 1D 29
7E4FA7,1321,86 78 BC C4 2E BB 86 76 B5 1D 29 80 F0 03 82 E5
7E4FBD,1321,A4 78 9C FB 1E 64 F7 C2 20 B9 C6 2E D0 03 82 D2
7E4F90,1321,DA 20 A7 4F FA C2 20 8A 18 69 0A 00 AA E2 20 CE
7E4F91,1321,20 A7 4F FA C2 20 8A 18 69 0A 00 AA E2 20 CE FD
7E4FAF,1321,B5 1D 29 80 F0 03 82 E5 02 B4 04 8C 05 1F A4 78
7E4F95,1321,C2 20 8A 18 69 0A 00 AA E2 20 CE FD 1E D0 EC 28
7E4FA9,1321,BC C4 2E BB 86 76 B5 1D 29 80 F0 03 82 E5 02 B4
7E4FC6,1321,B9 C6 2E D0 03 82 D2 02 A8 E2 20 9C FC 1E B9 02
7E4FB1,1321,29 80 F0 03 82 E5 02 B4 04 8C 05 1F A4 78 9C FB
7E4FAD,1321,86 76 B5 1D 29 80 F0 03 82 E5 02 B4 04 8C 05 1F
1FC072,1312,B9 08 00 9F C6 2E 7E B9 0A 00 9F C8 2E 7E B9 0C
1FC075,1312,9F C6 2E 7E B9 0A 00 9F C8 2E 7E B9 0C 00 9F CA
1FC06B,1312,BB A8 68 9F C4 2E 7E B9 08 00 9F C6 2E 7E B9 0A
1FC06E,1312,9F C4 2E 7E B9 08 00 9F C6 2E 7E B9 0A 00 9F C8
1FC063,1312,89 01 00 D0 2F DA B5 04 BB A8 68 9F C4 2E 7E B9
1FC06D,1312,68 9F C4 2E 7E B9 08 00 9F C6 2E 7E B9 0A 00 9F
1FC05C,1312,29 FF 00 F0 36 B5 08 89 01 00 D0 2F DA B5 04 BB
1FC05A,1312,B5 2A 29 FF 00 F0 36 B5 08 89 01 00 D0 2F DA B5
1FC079,1312,B9 0A 00 9F C8 2E 7E B9 0C 00 9F CA 2E 7E B9 0E
1FC066,1312,D0 2F DA B5 04 BB A8 68 9F C4 2E 7E B9 08 00 9F
1FC06C,1312,A8 68 9F C4 2E 7E B9 08 00 9F C6 2E 7E B9 0A 00
1FC068,1312,DA B5 04 BB A8 68 9F C4 2E 7E B9 08 00 9F C6 2E
1FC07C,1312,9F C8 2E 7E B9 0C 00 9F CA 2E 7E B9 0E 00 9F CC
1FC061,1312,B5 08 89 01 00 D0 2F DA B5 04 BB A8 68 9F C4 2E
1FC083,1312,9F CA 2E 7E B9 0E 00 9F CC 2E 7E EE FD 1E 8A 18
1FC08E,1312,EE FD 1E 8A 18 69 0A 00 A8 FA B5 00 AA D0 AE 28
1FC08A,1312,9F CC 2E 7E EE FD 1E 8A 18 69 0A 00 A8 FA B5 00
1FC069,1312,B5 04 BB A8 68 9F C4 2E 7E B9 08 00 9F C6 2E 7E
1FC091,1312,8A 18 69 0A 00 A8 FA B5 00 AA D0 AE 28 6B B5 15
1FC093,1312,69 0A 00 A8 FA B5 00 AA D0 AE 28 6B B5 15 85 7E
1FC080,1312,B9 0C 00 9F CA 2E 7E B9 0E 00 9F CC 2E 7E EE FD
1FC096,1312,A8 FA B5 00 AA D0 AE 28 6B B5 15 85 7E 8B 86 76
1FC087,1312,B9 0E 00 9F CC 2E 7E EE FD 1E 8A 18 69 0A 00 A8
1FC092,1312,18 69 0A 00 A8 FA B5 00 AA D0 AE 28 6B B5 15 85
1FC05F,1312,F0 36 B5 08 89 01 00 D0 2F DA B5 04 BB A8 68 9F
02FC7D,1302,EA EA A5 64 4C CC FC A9 00 38 E5 63 8D 03 42 A9
02FCD4,1302,C2 21 A5 68 6D 16 42 18 65 66 85 66 E2 20 60 20
02FC7E,1302,EA A5 64 4C CC FC A9 00 38 E5 63 8D 03 42 A9 00
02FC7F,1302,A5 64 4C CC FC A9 00 38 E5 63 8D 03 42 A9 00 E5
02FC76,1302,30 0C A5 63 8D 03 42 EA EA A5 64 4C CC FC A9 00
02FCD6,1302,A5 68 6D 16 42 18 65 66 85 66 E2 20 60 20 E9 FC
02FCDE,1302,85 66 E2 20 60 20 E9 FC C2 20 6B DA 08 C2 20 A5
02FC74,1302,A5 64 30 0C A5 63 8D 03 42 EA EA A5 64 4C CC FC
02FCDC,1302,65 66 85 66 E2 20 60 20 E9 FC C2 20 6B DA 08 C2
02FCE2,1302,60 20 E9 FC C2 20 6B DA 08 C2 20 A5 02 8F 62 00
02FCE0,1302,E2 20 60 20 E9 FC C2 20 6B DA 08 C2 20 A5 02 8F
02FCD8,1302,6D 16 42 18 65 66 85 66 E2 20 60 20 E9 FC C2 20
02FC71,1302,8D 02 42 A5 64 30 0C A5 63 8D 03 42 EA EA A5 64
02FC70,1302,0A 8D 02 42 A5 64 30 0C A5 63 8D 03 42 EA EA A5
02FC6E,1302,30 23 0A 8D 02 42 A5 64 30 0C A5 63 8D 03 42 EA
02FCCC,1302,AC 17 42 8D 03 42 84 66 C2 21 A5 68 6D 16 42 18
02FCD2,1302,84 66 C2 21 A5 68 6D 16 42 18 65 66 85 66 E2 20
02FCDB,1302,18 65 66 85 66 E2 20 60 20 E9 FC C2 20 6B DA 08
02FC81,1302,4C CC FC A9 00 38 E5 63 8D 03 42 A9 00 E5 64 4C
02FCCF,1302,8D 03 42 84 66 C2 21 A5 68 6D 16 42 18 65 66 85
02FC6A,1302,64 67 A5 65 30 23 0A 8D 02 42 A5 64 30 0C A5 63
02FC6C,1302,A5 65 30 23 0A 8D 02 42 A5 64 30 0C A5 63 8D 03
02FC68,1302,64 69 64 67 A5 65 30 23 0A 8D 02 42 A5 64 30 0C
02FC65,1302,6B 64 68 64 69 64 67 A5 65 30 23 0A 8D 02 42 A5
02FC66,1302,64 68 64 69 64 67 A5 65 30 23 0A 8D 02 42 A5 64
02FC62,1302,20 66 FC 6B 64 68 64 69 64 67 A5 65 30 23 0A 8D
02FC78,1302,A5 63 8D 03 42 EA EA A5 64 4C CC FC A9 00 38 E5
02FC7A,1302,8D 03 42 EA EA A5 64 4C CC FC A9 00 38 E5 63 8D
7E5273,1293,8D 5A 12 B9 0C 00 8D 5C 12 B9 0E 00 8D 5E 12 DA
7E528E,1293,20 BE 52 7A FA C2 20 B9 00 00 F0 03 82 31 FD E2
7E5289,1293,8D FB 1E C2 20 20 BE 52 7A FA C2 20 B9 00 00 F0
7E4FD7,1293,F0 2A 3A 85 02 BF E7 1C 7E 10 06 25 02 F0 1D 80
7E5291,1293,7A FA C2 20 B9 00 00 F0 03 82 31 FD E2 20 60 B9
7E5293,1293,C2 20 B9 00 00 F0 03 82 31 FD E2 20 60 B9 C8 2E
7E527F,1293,8D 5E 12 DA 5A E2 20 B9 10 00 8D FB 1E C2 20 20
7E5276,1293,B9 0C 00 8D 5C 12 B9 0E 00 8D 5E 12 DA 5A E2 20
7E5006,1293,85 F6 89 70 D0 03 82 47 02 89 10 F0 03 82 C7 01
7E528C,1293,C2 20 20 BE 52 7A FA C2 20 B9 00 00 F0 03 82 31
7E5008,1293,89 70 D0 03 82 47 02 89 10 F0 03 82 C7 01 89 20
7E500A,1293,D0 03 82 47 02 89 10 F0 03 82 C7 01 89 20 F0 03
7E5284,1293,E2 20 B9 10 00 8D FB 1E C2 20 20 BE 52 7A FA C2
7E5295,1293,B9 00 00 F0 03 82 31 FD E2 20 60 B9 C8 2E 8D 5A
7E5286,1293,B9 10 00 8D FB 1E C2 20 20 BE 52 7A FA C2 20 B9
7E4FCF,1293,E2 20 9C FC 1E B9 02 00 F0 2A 3A 85 02 BF E7 1C
7E4FD1,1293,9C FC 1E B9 02 00 F0 2A 3A 85 02 BF E7 1C 7E 10
7E527C,1293,B9 0E 00 8D 5E 12 DA 5A E2 20 B9 10 00 8D FB 1E
7E5279,1293,8D 5C 12 B9 0E 00 8D 5E 12 DA 5A E2 20 B9 10 00
7E5003,1293,B9 09 00 85 F6 89 70 D0 03 82 47 02 89 10 F0 03
7E5283,1293,5A E2 20 B9 10 00 8D FB 1E C2 20 20 BE 52 7A FA
7E5298,1293,F0 03 82 31 FD E2 20 60 B9 C8 2E 8D 5A 12 B9 CA
7E5270,1293,B9 0A 00 8D 5A 12 B9 0C 00 8D 5C 12 B9 0E 00 8D
7E5292,1293,FA C2 20 B9 00 00 F0 03 82 31 FD E2 20 60 B9 C8
7E5282,1293,DA 5A E2 20 B9 10 00 8D FB 1E C2 20 20 BE 52 7A
7E4FD4,1293,B9 02 00 F0 2A 3A 85 02 BF E7 1C 7E 10 06 25 02
7E4FCE,1293,A8 E2 20 9C FC 1E B9 02 00 F0 2A 3A 85 02 BF E7
7E500F,1162,89 10 F0 03 82 C7 01 89 20 F0 03 82 44 01 89 40
7E5011,1162,F0 03 82 C7 01 89 20 F0 03 82 44 01 89 40 F0 03
1FD330,1108,E2 20 AD CB 14 28 6B E2 20 9C 00 42 9C 0C 42 9C
1FD332,1108,AD CB 14 28 6B E2 20 9C 00 42 9C 0C 42 9C 2C 21
02DCD0,1104,E0 64 B0 EB C2 10 78 AE B8 18 8E 81 21 9C 83 21
02DCD2,1104,B0 EB C2 10 78 AE B8 18 8E 81 21 9C 83 21 A9 80
02F55D,1053,09 14 00 99 08 00 80 09 B9 08 00 09 10 00 99 08
02F560,1053,99 08 00 80 09 B9 08 00 09 10 00 99 08 00 C2 20
02F563,1053,80 09 B9 08 00 09 10 00 99 08 00 C2 20 8A 18 69
02F55A,1053,B9 08 00 09 14 00 99 08 00 80 09 B9 08 00 09 10
03BAB9,1038,46 89 6A E8 D0 FA 85 88 24 8B 10 10 38 A5 CA E5
03BABB,1038,6A E8 D0 FA 85 88 24 8B 10 10 38 A5 CA E5 88 85
03BABC,1038,E8 D0 FA 85 88 24 8B 10 10 38 A5 CA E5 88 85 88
03BABD,1038,D0 FA 85 88 24 8B 10 10 38 A5 CA E5 88 85 88 A5
7E529D,1031,E2 20 60 B9 C8 2E 8D 5A 12 B9 CA 2E 8D 5C 12 B9
7E529F,1031,60 B9 C8 2E 8D 5A 12 B9 CA 2E 8D 5C 12 B9 CC 2E
03B349,1024,B5 1F 29 08 D0 04 5C 81 B3 03 B5 20 29 02 F0 04
03B34B,1024,29 08 D0 04 5C 81 B3 03 B5 20 29 02 F0 04 5C 81
03B34D,1024,D0 04 5C 81 B3 03 B5 20 29 02 F0 04 5C 81 B3 03
02F568,1002,09 10 00 99 08 00 C2 20 8A 18 69 1E 00 AA C2 20
02F565,1002,B9 08 00 09 10 00 99 08 00 C2 20 8A 18 69 1E 00
02F56B,1002,99 08 00 C2 20 8A 18 69 1E 00 AA C2 20 B9 00 00
7E570D,990,8D 52 12 A5 3E 38 E5 6E 10 04 49 FF FF 1A 38 ED
7E5339,990,82 CA 03 48 A5 3A 8D F4 1E A5 3C 8D F6 1E A5 3E
7E5712,990,38 E5 6E 10 04 49 FF FF 1A 38 ED 52 12 30 03 4C
7E5710,990,A5 3E 38 E5 6E 10 04 49 FF FF 1A 38 ED 52 12 30
7E570A,990,6D 5E 12 8D 52 12 A5 3E 38 E5 6E 10 04 49 FF FF
7E571C,990,ED 52 12 30 03 4C 82 57 BD C8 2E 18 6D 5A 12 8D
7E5713,990,E5 6E 10 04 49 FF FF 1A 38 ED 52 12 30 03 4C 82
7E571F,990,30 03 4C 82 57 BD C8 2E 18 6D 5A 12 8D 52 12 A5
7E5706,990,BD CC 2E 18 6D 5E 12 8D 52 12 A5 3E 38 E5 6E 10
7E5715,990,10 04 49 FF FF 1A 38 ED 52 12 30 03 4C 82 57 BD
7E5709,990,18 6D 5E 12 8D 52 12 A5 3E 38 E5 6E 10 04 49 FF
7E571B,990,38 ED 52 12 30 03 4C 82 57 BD C8 2E 18 6D 5A 12
1FD31F,978,AD 46 12 48 C2 20 9C 23 15 AD 44 12 3A 48 E2 20
1FD32F,978,6B E2 20 AD CB 14 28 6B E2 20 9C 00 42 9C 0C 42
1FD323,978,C2 20 9C 23 15 AD 44 12 3A 48 E2 20 6B E2 20 AD
1FD317,978,C2 20 A9 2F D3 48 E2 20 AD 46 12 48 C2 20 9C 23
1FD32D,978,E2 20 6B E2 20 AD CB 14 28 6B E2 20 9C 00 42 9C
1FD32C,978,48 E2 20 6B E2 20 AD CB 14 28 6B E2 20 9C 00 42
1FD325,978,9C 23 15 AD 44 12 3A 48 E2 20 6B E2 20 AD CB 14
1FD319,978,A9 2F D3 48 E2 20 AD 46 12 48 C2 20 9C 23 15 AD
1FD30F,978,8D 44 12 E2 20 A9 1F 48 C2 20 A9 2F D3 48 E2 20
1FD312,978,E2 20 A9 1F 48 C2 20 A9 2F D3 48 E2 20 AD 46 12
1FD32B,978,3A 48 E2 20 6B E2 20 AD CB 14 28 6B E2 20 9C 00
1FD316,978,48 C2 20 A9 2F D3 48 E2 20 AD 46 12 48 C2 20 9C
1FD31C,978,48 E2 20 AD 46 12 48 C2 20 9C 23 15 AD 44 12 3A
1FD314,978,A9 1F 48 C2 20 A9 2F D3 48 E2 20 AD 46 12 48 C2
1FD328,978,AD 44 12 3A 48 E2 20 6B E2 20 AD CB 14 28 6B E2
1FD322,978,48 C2 20 9C 23 15 AD 44 12 3A 48 E2 20 6B E2 20
1FD31D,978,E2 20 AD 46 12 48 C2 20 9C 23 15 AD 44 12 3A 48
7E5721,964,4C 82 57 BD C8 2E 18 6D 5A 12 8D 52 12 A5 3A 38
7E3BB5,920,AD 3C 21 EB C2 20 29 FF 01 C9 32 00 90 E9 C9 46
7E3BB4,920,EB AD 3C 21 EB C2 20 29 FF 01 C9 32 00 90 E9 C9
7E3BC1,920,90 E9 C9 46 00 B0 E4 E2 20 A9 04 8D 01 43 A2 00
7E3BB1,920,AD 3C 21 EB AD 3C 21 EB C2 20 29 FF 01 C9 32 00
7E3BAC,920,E2 20 AD 37 21 AD 3C 21 EB AD 3C 21 EB C2 20 29
7E3BBB,920,29 FF 01 C9 32 00 90 E9 C9 46 00 B0 E4 E2 20 A9
7E3BAE,920,AD 37 21 AD 3C 21 EB AD 3C 21 EB C2 20 29 FF 01
7E3BBE,920,C9 32 00 90 E9 C9 46 00 B0 E4 E2 20 A9 04 8D 01
7E3BB9,920,C2 20 29 FF 01 C9 32 00 90 E9 C9 46 00 B0 E4 E2
7E3BB8,920,EB C2 20 29 FF 01 C9 32 00 90 E9 C9 46 00 B0 E4
7E590F,900,8F 03 42 00 EA EA A9 00 38 EF 17 42 00 AA 8A 18
7E5018,900,F0 03 82 44 01 89 40 F0 03 82 C1 00 B9 03 00 85
7E501A,900,82 44 01 89 40 F0 03 82 C1 00 B9 03 00 85 02 85
7E57F5,900,8F 03 42 00 EA EA A9 00 38 EF 17 42 00 AA 86 04
7E57F9,900,EA EA A9 00 38 EF 17 42 00 AA 86 04 A5 90 30 19
7E5913,900,EA EA A9 00 38 EF 17 42 00 AA 8A 18 6D C4 15 8D
7E5914,900,EA A9 00 38 EF 17 42 00 AA 8A 18 6D C4 15 8D C4
7E5193,900,A8 A5 02 0A 88 D0 FC A4 F8 80 02 A5 02 18 75 0C
7E51B5,900,85 02 A5 F6 29 0F 00 F0 0D 84 F8 A8 A5 02 0A 88
7E51AB,900,F0 05 09 00 FF 80 03 29 FF 00 85 02 A5 F6 29 0F
7E5798,900,DA 08 E2 10 49 FF 1A AA BF AC 5C 7E 8D F6 15 BF
7E57A4,900,8D F6 15 BF 6C 5C 7E 8D F5 15 A5 02 30 19 0A 8F
7E51B9,900,29 0F 00 F0 0D 84 F8 A8 A5 02 0A 88 D0 FC A4 F8
7E51B7,900,A5 F6 29 0F 00 F0 0D 84 F8 A8 A5 02 0A 88 D0 FC
7E580A,900,8F 02 42 00 AD F5 15 30 36 8F 03 42 00 EA EA EA
7E51A0,900,18 75 0C 85 6C AD C4 15 89 80 00 F0 05 09 00 FF
7E580E,900,AD F5 15 30 36 8F 03 42 00 EA EA EA EA AF 17 42
7E579A,900,E2 10 49 FF 1A AA BF AC 5C 7E 8D F6 15 BF 6C 5C
7E51CD,900,18 75 10 85 6E B9 05 00 18 75 0E 85 74 4C 70 52
7E516D,900,8D C4 15 B5 13 F0 03 20 97 57 C2 20 A5 04 89 80
7E5164,900,85 02 85 04 B9 07 00 85 90 8D C4 15 B5 13 F0 03
7E518A,900,A5 F6 29 0F 00 F0 0D 84 F8 A8 A5 02 0A 88 D0 FC
7E5194,900,A5 02 0A 88 D0 FC A4 F8 80 02 A5 02 18 75 0C 85
7E516B,900,85 90 8D C4 15 B5 13 F0 03 20 97 57 C2 20 A5 04
7E5166,900,85 04 B9 07 00 85 90 8D C4 15 B5 13 F0 03 20 97
7E51BE,900,84 F8 A8 A5 02 0A 88 D0 FC A4 F8 80 02 A5 02 18
7E5185,900,29 FF 00 85 02 A5 F6 29 0F 00 F0 0D 84 F8 A8 A5
7E5170,900,B5 13 F0 03 20 97 57 C2 20 A5 04 89 80 00 F0 05
7E51C1,900,A5 02 0A 88 D0 FC A4 F8 80 02 A5 02 18 75 10 85
7E5168,900,B9 07 00 85 90 8D C4 15 B5 13 F0 03 20 97 57 C2
7E590E,900,1A 8F 03 42 00 EA EA A9 00 38 EF 17 42 00 AA 8A
7E5172,900,F0 03 20 97 57 C2 20 A5 04 89 80 00 F0 05 09 00
7E51D2,900,B9 05 00 18 75 0E 85 74 4C 70 52 B9 03 00 85 02
7E5177,900,C2 20 A5 04 89 80 00 F0 05 09 00 FF 80 03 29 FF
7E517E,900,F0 05 09 00 FF 80 03 29 FF 00 85 02 A5 F6 29 0F
7E51C7,900,A4 F8 80 02 A5 02 18 75 10 85 6E B9 05 00 18 75
7E518C,900,29 0F 00 F0 0D 84 F8 A8 A5 02 0A 88 D0 FC A4 F8
7E5188,900,85 02 A5 F6 29 0F 00 F0 0D 84 F8 A8 A5 02 0A 88
7E5871,900,8F 02 42 00 AD F5 15 30 36 8F 03 42 00 EA EA EA
7E58C2,900,49 FF 1A 8D C4 15 A5 90 30 19 0A 8F 02 42 00 AD
7E5875,900,AD F5 15 30 36 8F 03 42 00 EA EA EA EA AF 17 42
7E5878,900,30 36 8F 03 42 00 EA EA EA EA AF 17 42 00 4C C0
7E58C4,900,1A 8D C4 15 A5 90 30 19 0A 8F 02 42 00 AD F6 15
7E5870,900,0A 8F 02 42 00 AD F5 15 30 36 8F 03 42 00 EA EA
7E58C5,900,8D C4 15 A5 90 30 19 0A 8F 02 42 00 AD F6 15 30
7E58C8,900,A5 90 30 19 0A 8F 02 42 00 AD F6 15 30 36 8F 03
7E586E,900,30 19 0A 8F 02 42 00 AD F5 15 30 36 8F 03 42 00
7E586C,900,A5 02 30 19 0A 8F 02 42 00 AD F5 15 30 36 8F 03
7E58C1,900,8A 49 FF 1A 8D C4 15 A5 90 30 19 0A 8F 02 42 00
7E58C0,900,AA 8A 49 FF 1A 8D C4 15 A5 90 30 19 0A 8F 02 42
7E5886,900,4C C0 58 49 FF 1A 0A 8F 02 42 00 AD F5 15 30 08
7E5191,900,84 F8 A8 A5 02 0A 88 D0 FC A4 F8 80 02 A5 02 18
7E518F,900,F0 0D 84 F8 A8 A5 02 0A 88 D0 FC A4 F8 80 02 A5
7E587A,900,8F 03 42 00 EA EA EA EA AF 17 42 00 4C C0 58 49
7E5882,900,AF 17 42 00 4C C0 58 49 FF 1A 0A 8F 02 42 00 AD
7E5880,900,EA EA AF 17 42 00 4C C0 58 49 FF 1A 0A 8F 02 42
7E5881,900,EA AF 17 42 00 4C C0 58 49 FF 1A 0A 8F 02 42 00
7E587E,900,EA EA EA EA AF 17 42 00 4C C0 58 49 FF 1A 0A 8F
7E587F,900,EA EA EA AF 17 42 00 4C C0 58 49 FF 1A 0A 8F 02
7E5174,900,20 97 57 C2 20 A5 04 89 80 00 F0 05 09 00 FF 80
7E58CA,900,30 19 0A 8F 02 42 00 AD F6 15 30 36 8F 03 42 00
7E58CC,900,0A 8F 02 42 00 AD F6 15 30 36 8F 03 42 00 EA EA
7E5805,900,A5 90 30 19 0A 8F 02 42 00 AD F5 15 30 36 8F 03
7E5819,900,EA EA AF 17 42 00 4C 59 58 49 FF 1A 0A 8F 02 42
7E581A,900,EA AF 17 42 00 4C 59 58 49 FF 1A 0A 8F 02 42 00
7E58D4,900,30 36 8F 03 42 00 EA EA EA EA AF 17 42 00 4C 1C
7E5803,900,86 04 A5 90 30 19 0A 8F 02 42 00 AD F5 15 30 36
7E5915,900,A9 00 38 EF 17 42 00 AA 8A 18 6D C4 15 8D C4 15
7E57FE,900,EF 17 42 00 AA 86 04 A5 90 30 19 0A 8F 02 42 00
7E517B,900,89 80 00 F0 05 09 00 FF 80 03 29 FF 00 85 02 A5
7E5179,900,A5 04 89 80 00 F0 05 09 00 FF 80 03 29 FF 00 85
7E586A,900,64 05 A5 02 30 19 0A 8F 02 42 00 AD F5 15 30 36
7E581B,900,AF 17 42 00 4C 59 58 49 FF 1A 0A 8F 02 42 00 AD
7E5859,900,AA 8A 18 65 04 85 04 89 80 F0 06 A9 FF 85 05 80
7E58CD,900,8F 02 42 00 AD F6 15 30 36 8F 03 42 00 EA EA EA
7E5860,900,89 80 F0 06 A9 FF 85 05 80 02 64 05 A5 02 30 19
7E5862,900,F0 06 A9 FF 85 05 80 02 64 05 A5 02 30 19 0A 8F
7E581F,900,4C 59 58 49 FF 1A 0A 8F 02 42 00 AD F5 15 30 08
7E585E,900,85 04 89 80 F0 06 A9 FF 85 05 80 02 64 05 A5 02
7E585B,900,18 65 04 85 04 89 80 F0 06 A9 FF 85 05 80 02 64
7E585C,900,65 04 85 04 89 80 F0 06 A9 FF 85 05 80 02 64 05
7E58D1,900,AD F6 15 30 36 8F 03 42 00 EA EA EA EA AF 17 42
7E585A,900,8A 18 65 04 85 04 89 80 F0 06 A9 FF 85 05 80 02
7E5917,900,38 EF 17 42 00 AA 8A 18 6D C4 15 8D C4 15 89 80
7E590C,900,49 FF 1A 8F 03 42 00 EA EA A9 00 38 EF 17 42 00
7E57FB,900,A9 00 38 EF 17 42 00 AA 86 04 A5 90 30 19 0A 8F
7E5918,900,EF 17 42 00 AA 8A 18 6D C4 15 8D C4 15 89 80 F0
7E5161,900,B9 03 00 85 02 85 04 B9 07 00 85 90 8D C4 15 B5
7E5936,900,60 DA 5A 08 E2 10 AA BF AC 5C 7E 8D F6 15 BF 6C
7E5935,900,7A 60 DA 5A 08 E2 10 AA BF AC 5C 7E 8D F6 15 BF
7E519A,900,A4 F8 80 02 A5 02 18 75 0C 85 6C AD C4 15 89 80
7E51C0,900,A8 A5 02 0A 88 D0 FC A4 F8 80 02 A5 02 18 75 10
7E5802,900,AA 86 04 A5 90 30 19 0A 8F 02 42 00 AD F5 15 30
7E5809,900,0A 8F 02 42 00 AD F5 15 30 36 8F 03 42 00 EA EA
7E5807,900,30 19 0A 8F 02 42 00 AD F5 15 30 36 8F 03 42 00
7E5811,900,30 36 8F 03 42 00 EA EA EA EA AF 17 42 00 4C 59
7E5934,900,FA 7A 60 DA 5A 08 E2 10 AA BF AC 5C 7E 8D F6 15
7E57B3,900,8F 02 42 00 AD F6 15 30 36 8F 03 42 00 EA EA EA
7E51D6,900,75 0E 85 74 4C 70 52 B9 03 00 85 02 85 04 B9 05
7E579F,900,AA BF AC 5C 7E 8D F6 15 BF 6C 5C 7E 8D F5 15 A5
7E579E,900,1A AA BF AC 5C 7E 8D F6 15 BF 6C 5C 7E 8D F5 15
7E5933,900,28 FA 7A 60 DA 5A 08 E2 10 AA BF AC 5C 7E 8D F6
7E592B,900,8D C5 15 80 03 9C C5 15 28 FA 7A 60 DA 5A 08 E2
7E51BC,900,F0 0D 84 F8 A8 A5 02 0A 88 D0 FC A4 F8 80 02 A5
7E57AB,900,8D F5 15 A5 02 30 19 0A 8F 02 42 00 AD F6 15 30
7E592E,900,80 03 9C C5 15 28 FA 7A 60 DA 5A 08 E2 10 AA BF
7E57B0,900,30 19 0A 8F 02 42 00 AD F6 15 30 36 8F 03 42 00
7E5799,900,08 E2 10 49 FF 1A AA BF AC 5C 7E 8D F6 15 BF 6C
7E5813,900,8F 03 42 00 EA EA EA EA AF 17 42 00 4C 59 58 49
7E5818,900,EA EA EA AF 17 42 00 4C 59 58 49 FF 1A 0A 8F 02
7E57BA,900,30 36 8F 03 42 00 EA EA EA EA AF 17 42 00 4C 02
7E57B7,900,AD F6 15 30 36 8F 03 42 00 EA EA EA EA AF 17 42
7E57B2,900,0A 8F 02 42 00 AD F6 15 30 36 8F 03 42 00 EA EA
7E57AE,900,A5 02 30 19 0A 8F 02 42 00 AD F6 15 30 36 8F 03
7E57FD,900,38 EF 17 42 00 AA 86 04 A5 90 30 19 0A 8F 02 42
7E51B0,900,80 03 29 FF 00 85 02 A5 F6 29 0F 00 F0 0D 84 F8
7E51AD,900,09 00 FF 80 03 29 FF 00 85 02 A5 F6 29 0F 00 F0
7E57F4,900,1A 8F 03 42 00 EA EA A9 00 38 EF 17 42 00 AA 86
7E57F2,900,49 FF 1A 8F 03 42 00 EA EA A9 00 38 EF 17 42 00
7E5817,900,EA EA EA EA AF 17 42 00 4C 59 58 49 FF 1A 0A 8F
7E57A7,900,BF 6C 5C 7E 8D F5 15 A5 02 30 19 0A 8F 02 42 00
7E579C,900,49 FF 1A AA BF AC 5C 7E 8D F6 15 BF 6C 5C 7E 8D
7E519C,900,80 02 A5 02 18 75 0C 85 6C AD C4 15 89 80 00 F0
7E5016,900,89 20 F0 03 82 44 01 89 40 F0 03 82 C1 00 B9 03
7E5927,900,F0 07 A9 FF 8D C5 15 80 03 9C C5 15 28 FA 7A 60
7E57A0,900,BF AC 5C 7E 8D F6 15 BF 6C 5C 7E 8D F5 15 A5 02
7E51A1,900,75 0C 85 6C AD C4 15 89 80 00 F0 05 09 00 FF 80
7E51A5,900,AD C4 15 89 80 00 F0 05 09 00 FF 80 03 29 FF 00
7E51A3,900,85 6C AD C4 15 89 80 00 F0 05 09 00 FF 80 03 29
7E51A8,900,89 80 00 F0 05 09 00 FF 80 03 29 FF 00 85 02 A5
7E5797,900,5A DA 08 E2 10 49 FF 1A AA BF AC 5C 7E 8D F6 15
7E57FA,900,EA A9 00 38 EF 17 42 00 AA 86 04 A5 90 30 19 0A
7E51D8,900,85 74 4C 70 52 B9 03 00 85 02 85 04 B9 05 00 85
7E51D5,900,18 75 0E 85 74 4C 70 52 B9 03 00 85 02 85 04 B9
7E591F,900,6D C4 15 8D C4 15 89 80 F0 07 A9 FF 8D C5 15 80
7E51CE,900,75 10 85 6E B9 05 00 18 75 0E 85 74 4C 70 52 B9
7E51D0,900,85 6E B9 05 00 18 75 0E 85 74 4C 70 52 B9 03 00
7E5922,900,8D C4 15 89 80 F0 07 A9 FF 8D C5 15 80 03 9C C5
7E591E,900,18 6D C4 15 8D C4 15 89 80 F0 07 A9 FF 8D C5 15
7E5929,900,A9 FF 8D C5 15 80 03 9C C5 15 28 FA 7A 60 DA 5A
7E591D,900,8A 18 6D C4 15 8D C4 15 89 80 F0 07 A9 FF 8D C5
7E591C,900,AA 8A 18 6D C4 15 8D C4 15 89 80 F0 07 A9 FF 8D
7E51DA,900,4C 70 52 B9 03 00 85 02 85 04 B9 05 00 85 08 85
7E5925,900,89 80 F0 07 A9 FF 8D C5 15 80 03 9C C5 15 28 FA
7E51C9,900,80 02 A5 02 18 75 10 85 6E B9 05 00 18 75 0E 85
03B365,894,38 F5 0C 30 07 C9 2C 01 B0 12 80 05 C9 D4 FE 90
03B35D,894,C2 20 AC 3A 12 AD F8 14 38 F5 0C 30 07 C9 2C 01
03B366,894,F5 0C 30 07 C9 2C 01 B0 12 80 05 C9 D4 FE 90 0B
03B353,894,B5 20 29 02 F0 04 5C 81 B3 03 C2 20 AC 3A 12 AD
03B362,894,AD F8 14 38 F5 0C 30 07 C9 2C 01 B0 12 80 05 C9
03B357,894,F0 04 5C 81 B3 03 C2 20 AC 3A 12 AD F8 14 38 F5
03B355,894,29 02 F0 04 5C 81 B3 03 C2 20 AC 3A 12 AD F8 14
03B35F,894,AC 3A 12 AD F8 14 38 F5 0C 30 07 C9 2C 01 B0 12
03B368,894,30 07 C9 2C 01 B0 12 80 05 C9 D4 FE 90 0B B5 10
7E3BC6,745,B0 E4 E2 20 A9 04 8D 01 43 A2 00 00 8E 02 21 A2
7E3BC3,745,C9 46 00 B0 E4 E2 20 A9 04 8D 01 43 A2 00 00 8E
1FD387,702,E8 88 D0 F8 FA 7A B5 08 09 10 95 08 B5 09 09 08
1FD389,702,D0 F8 FA 7A B5 08 09 10 95 08 B5 09 09 08 95 09
1FD388,702,88 D0 F8 FA 7A B5 08 09 10 95 08 B5 09 09 08 95
1FD383,702,9F CA 1C 7E E8 88 D0 F8 FA 7A B5 08 09 10 95 08
1FD37B,650,88 D0 FA FA DA A0 36 00 9F CA 1C 7E E8 88 D0 F8
1FD37C,650,D0 FA FA DA A0 36 00 9F CA 1C 7E E8 88 D0 F8 FA
1FD378,650,95 04 E8 88 D0 FA FA DA A0 36 00 9F CA 1C 7E E8
1FD37A,650,E8 88 D0 FA FA DA A0 36 00 9F CA 1C 7E E8 88 D0
7E4071,600,60 28 60 8D 43 21 8D 53 1F 9C 4F 1F 9C 51 1F 9C
00012E,600,EE 00 12 AD 11 42 80 25 68 40 C2 30 48 8B DA 5A
00015B,600,C2 30 7A FA AB 68 40 7D 22 D8 DB FF C1 FE CD 84
00012C,600,E2 20 EE 00 12 AD 11 42 80 25 68 40 C2 30 48 8B
7E4070,600,28 60 28 60 8D 43 21 8D 53 1F 9C 4F 1F 9C 51 1F
7E4051,600,AD 54 1F D0 1E AE 51 1F EC 4F 1F F0 12 BD 55 1F
7E4041,600,AD 53 1F F0 0B CD 43 21 D0 27 9C 53 1F 9C 43 21
7E4054,600,D0 1E AE 51 1F EC 4F 1F F0 12 BD 55 1F 8D 43 21
7E4059,600,EC 4F 1F F0 12 BD 55 1F 8D 43 21 8D 53 1F AD 51
7E4044,600,F0 0B CD 43 21 D0 27 9C 53 1F 9C 43 21 AD 54 1F
7E405C,600,F0 12 BD 55 1F 8D 43 21 8D 53 1F AD 51 1F 1A 29
7E4056,600,AE 51 1F EC 4F 1F F0 12 BD 55 1F 8D 43 21 8D 53
00015D,600,7A FA AB 68 40 7D 22 D8 DB FF C1 FE CD 84 72 2C
7E4021,600,F0 05 3A F0 0D 80 19 AD 49 1F 8D 40 21 EE 48 1F
00015E,600,FA AB 68 40 7D 22 D8 DB FF C1 FE CD 84 72 2C 47
7E4024,600,F0 0D 80 19 AD 49 1F 8D 40 21 EE 48 1F 80 0E AD
000161,600,40 7D 22 D8 DB FF C1 FE CD 84 72 2C 47 30 3C 15
7E401B,600,08 E2 30 AD 48 1F F0 05 3A F0 0D 80 19 AD 49 1F
7E401C,600,E2 30 AD 48 1F F0 05 3A F0 0D 80 19 AD 49 1F 8D
7E4026,600,80 19 AD 49 1F 8D 40 21 EE 48 1F 80 0E AD 40 21
7E4023,600,3A F0 0D 80 19 AD 49 1F 8D 40 21 EE 48 1F 80 0E
000134,600,80 25 68 40 C2 30 48 8B DA 5A E2 20 A9 00 48 AB
000160,600,68 40 7D 22 D8 DB FF C1 FE CD 84 72 2C 47 30 3C
000131,600,AD 11 42 80 25 68 40 C2 30 48 8B DA 5A E2 20 A9
7E401E,600,AD 48 1F F0 05 3A F0 0D 80 19 AD 49 1F 8D 40 21
00015F,600,AB 68 40 7D 22 D8 DB FF C1 FE CD 84 72 2C 47 30
7E3195,599,7C 98 31 EE 3A F7 3A 40 3B A4 3B 10 35 31 38 3A
7E3193,599,A6 00 7C 98 31 EE 3A F7 3A 40 3B A4 3B 10 35 31
000123,599,09 18 8D 3A 30 22 93 31 7E E2 20 EE 00 12 AD 11
000120,599,AD 62 12 09 18 8D 3A 30 22 93 31 7E E2 20 EE 00
000125,599,8D 3A 30 22 93 31 7E E2 20 EE 00 12 AD 11 42 80
000128,599,22 93 31 7E E2 20 EE 00 12 AD 11 42 80 25 68 40
00011F,599,AB AD 62 12 09 18 8D 3A 30 22 93 31 7E E2 20 EE
000119,599,5A E2 30 A9 00 48 AB AD 62 12 09 18 8D 3A 30 22
000117,599,78 DA 5A E2 30 A9 00 48 AB AD 62 12 09 18 8D 3A
00011C,599,A9 00 48 AB AD 62 12 09 18 8D 3A 30 22 93 31 7E
00011E,599,48 AB AD 62 12 09 18 8D 3A 30 22 93 31 7E E2 20
000118,599,DA 5A E2 30 A9 00 48 AB AD 62 12 09 18 8D 3A 30
000116,599,8B 78 DA 5A E2 30 A9 00 48 AB AD 62 12 09 18 8D
00011A,599,E2 30 A9 00 48 AB AD 62 12 09 18 8D 3A 30 22 93
1FC7D4,554,6B 86 3A AE CC 14 F0 1C C9 00 00 F0 20 9B D5 04
1FC7C9,554,95 0E B5 10 18 75 33 95 10 E2 20 6B 86 3A AE CC
1FC7C7,554,75 31 95 0E B5 10 18 75 33 95 10 E2 20 6B 86 3A
1FC7C6,554,18 75 31 95 0E B5 10 18 75 33 95 10 E2 20 6B 86
1FC7C4,554,B5 0E 18 75 31 95 0E B5 10 18 75 33 95 10 E2 20
1FC7CB,554,B5 10 18 75 33 95 10 E2 20 6B 86 3A AE CC 14 F0
1FC7CE,554,75 33 95 10 E2 20 6B 86 3A AE CC 14 F0 1C C9 00
1FC7CD,554,18 75 33 95 10 E2 20 6B 86 3A AE CC 14 F0 1C C9
1FC7D2,554,E2 20 6B 86 3A AE CC 14 F0 1C C9 00 00 F0 20 9B
1FC7D0,554,95 10 E2 20 6B 86 3A AE CC 14 F0 1C C9 00 00 F0
1FC7C0,554,75 2F 95 0C B5 0E 18 75 31 95 0E B5 10 18 75 33
1FC7C2,554,95 0C B5 0E 18 75 31 95 0E B5 10 18 75 33 95 10
1FC7BF,554,18 75 2F 95 0C B5 0E 18 75 31 95 0E B5 10 18 75
1FC7BB,554,C2 20 B5 0C 18 75 2F 95 0C B5 0E 18 75 31 95 0E
1FC7BD,554,B5 0C 18 75 2F 95 0C B5 0E 18 75 31 95 0E B5 10
03BA7C,529,CA 0A 10 FC 85 84 A5 86 C5 84 90 08 CA 4A C5 84
03BA7E,529,10 FC 85 84 A5 86 C5 84 90 08 CA 4A C5 84 B0 FA
03BA7D,529,0A 10 FC 85 84 A5 86 C5 84 90 08 CA 4A C5 84 B0
048061,499,DA BB BF FE A3 04 FA 9D DC 1C C2 20 A9 7C 80 85
04805F,499,B4 28 DA BB BF FE A3 04 FA 9D DC 1C C2 20 A9 7C
04806B,499,C2 20 A9 7C 80 85 53 E2 20 A9 04 85 55 5C 27 C0
048067,499,FA 9D DC 1C C2 20 A9 7C 80 85 53 E2 20 A9 04 85
09C033,499,0A A8 E2 20 B7 53 48 C8 C2 20 B7 53 48 E2 20 AC
048072,499,E2 20 A9 04 85 55 5C 27 C0 09 04 6C 84 00 04 75
048076,499,85 55 5C 27 C0 09 04 6C 84 00 04 75 84 00 04 7E
09C032,499,0A 0A A8 E2 20 B7 53 48 C8 C2 20 B7 53 48 E2 20
09C02F,499,29 FF 00 0A 0A A8 E2 20 B7 53 48 C8 C2 20 B7 53
09C040,499,E2 20 AC 72 17 6B C2 20 A9 7E C0 95 16 E2 20 A9
09C03D,499,B7 53 48 E2 20 AC 72 17 6B C2 20 A9 7E C0 95 16
09C03A,499,C8 C2 20 B7 53 48 E2 20 AC 72 17 6B C2 20 A9 7E
09C03B,499,C2 20 B7 53 48 E2 20 AC 72 17 6B C2 20 A9 7E C0
09C039,499,48 C8 C2 20 B7 53 48 E2 20 AC 72 17 6B C2 20 A9
09C042,499,AC 72 17 6B C2 20 A9 7E C0 95 16 E2 20 A9 09 95
09C045,499,6B C2 20 A9 7E C0 95 16 E2 20 A9 09 95 18 22 1A
048063,499,BF FE A3 04 FA 9D DC 1C C2 20 A9 7C 80 85 53 E2
04806D,499,A9 7C 80 85 53 E2 20 A9 04 85 55 5C 27 C0 09 04
048078,499,5C 27 C0 09 04 6C 84 00 04 75 84 00 04 7E 84 00
048070,499,85 53 E2 20 A9 04 85 55 5C 27 C0 09 04 6C 84 00
048074,499,A9 04 85 55 5C 27 C0 09 04 6C 84 00 04 75 84 00
048062,499,BB BF FE A3 04 FA 9D DC 1C C2 20 A9 7C 80 85 53
048068,499,9D DC 1C C2 20 A9 7C 80 85 53 E2 20 A9 04 85 55
09C027,499,8C 72 17 BD DC 1C C2 20 29 FF 00 0A 0A A8 E2 20
09C035,499,E2 20 B7 53 48 C8 C2 20 B7 53 48 E2 20 AC 72 17
09C034,499,A8 E2 20 B7 53 48 C8 C2 20 B7 53 48 E2 20 AC 72
09C03F,499,48 E2 20 AC 72 17 6B C2 20 A9 7E C0 95 16 E2 20
09C037,499,B7 53 48 C8 C2 20 B7 53 48 E2 20 AC 72 17 6B C2
09C02A,499,BD DC 1C C2 20 29 FF 00 0A 0A A8 E2 20 B7 53 48
09C02D,499,C2 20 29 FF 00 0A 0A A8 E2 20 B7 53 48 C8 C2 20
1FC41E,475,64 03 64 09 64 91 86 76 84 78 8B A9 00 48 AB AD
1FD5BB,475,6B 22 1E C4 1F C2 20 A5 02 0A 95 2F A5 08 0A 95
1FC453,475,8D 02 42 A5 7A 30 2F 8D 03 42 EA EA EA EA AD 17
1FC420,475,64 09 64 91 86 76 84 78 8B A9 00 48 AB AD A9 15
1FC452,475,0A 8D 02 42 A5 7A 30 2F 8D 03 42 EA EA EA EA AD
1FC44E,475,A5 7E 30 15 0A 8D 02 42 A5 7A 30 2F 8D 03 42 EA
1FD5A7,475,22 1E C4 1F C2 20 A5 02 95 2F A5 08 95 31 A5 90
1FC422,475,64 91 86 76 84 78 8B A9 00 48 AB AD A9 15 49 FF
1FC450,475,30 15 0A 8D 02 42 A5 7A 30 2F 8D 03 42 EA EA EA
1FD5AB,475,C2 20 A5 02 95 2F A5 08 95 31 A5 90 95 33 E2 20
1FC58C,475,30 15 0A 8D 02 42 A5 82 30 2F 8D 03 42 EA EA EA
1FC58A,475,A5 7E 30 15 0A 8D 02 42 A5 82 30 2F 8D 03 42 EA
1FC582,475,85 90 C9 00 10 02 C6 91 A5 7E 30 15 0A 8D 02 42
1FC424,475,86 76 84 78 8B A9 00 48 AB AD A9 15 49 FF 1A A8
1FC58E,475,0A 8D 02 42 A5 82 30 2F 8D 03 42 EA EA EA EA AD
1FC586,475,10 02 C6 91 A5 7E 30 15 0A 8D 02 42 A5 82 30 2F
1FC584,475,C9 00 10 02 C6 91 A5 7E 30 15 0A 8D 02 42 A5 82
1FC54A,475,EA AD 17 42 4C 81 C5 49 FF 1A 0A 8D 02 42 A5 83
1FC58F,475,8D 02 42 A5 82 30 2F 8D 03 42 EA EA EA EA AD 17
1FC594,475,30 2F 8D 03 42 EA EA EA EA AD 17 42 4C D3 C5 49
1FC54B,475,AD 17 42 4C 81 C5 49 FF 1A 0A 8D 02 42 A5 83 30
1FC592,475,A5 82 30 2F 8D 03 42 EA EA EA EA AD 17 42 4C D3
1FC54E,475,4C 81 C5 49 FF 1A 0A 8D 02 42 A5 83 30 07 8D 03
1FC581,475,AA 85 90 C9 00 10 02 C6 91 A5 7E 30 15 0A 8D 02
1FC426,475,84 78 8B A9 00 48 AB AD A9 15 49 FF 1A A8 AD A8
1FC5E3,475,6B 85 7E 86 76 84 78 64 08 64 09 38 A9 40 F5 13
1FC5D4,475,85 08 C9 00 10 02 C6 09 C2 10 A6 76 A4 78 AB 6B
1FC42C,475,AB AD A9 15 49 FF 1A A8 AD A8 15 AA E2 10 B9 A5
1FC43A,475,B9 A5 98 85 7A B9 E5 98 85 7B BD A5 98 85 82 BD
1FC43D,475,85 7A B9 E5 98 85 7B BD A5 98 85 82 BD E5 98 85
1FC42B,475,48 AB AD A9 15 49 FF 1A A8 AD A8 15 AA E2 10 B9
1FC43F,475,B9 E5 98 85 7B BD A5 98 85 82 BD E5 98 85 83 A5
1FC438,475,E2 10 B9 A5 98 85 7A B9 E5 98 85 7B BD A5 98 85
1FC434,475,AD A8 15 AA E2 10 B9 A5 98 85 7A B9 E5 98 85 7B
1FC430,475,49 FF 1A A8 AD A8 15 AA E2 10 B9 A5 98 85 7A B9
1FC437,475,AA E2 10 B9 A5 98 85 7A B9 E5 98 85 7B BD A5 98
1FC432,475,1A A8 AD A8 15 AA E2 10 B9 A5 98 85 7A B9 E5 98
1FC433,475,A8 AD A8 15 AA E2 10 B9 A5 98 85 7A B9 E5 98 85
1FC5D3,475,AA 85 08 C9 00 10 02 C6 09 C2 10 A6 76 A4 78 AB
1FC442,475,85 7B BD A5 98 85 82 BD E5 98 85 83 A5 7E 30 15
1FC429,475,A9 00 48 AB AD A9 15 49 FF 1A A8 AD A8 15 AA E2
1FC428,475,8B A9 00 48 AB AD A9 15 49 FF 1A A8 AD A8 15 AA
1FC5DC,475,C2 10 A6 76 A4 78 AB 6B 85 7E 86 76 84 78 64 08
1FC5D8,475,10 02 C6 09 C2 10 A6 76 A4 78 AB 6B 85 7E 86 76
1FC5D6,475,C9 00 10 02 C6 09 C2 10 A6 76 A4 78 AB 6B 85 7E
1FC444,475,BD A5 98 85 82 BD E5 98 85 83 A5 7E 30 15 0A 8D
1FC5DE,475,A6 76 A4 78 AB 6B 85 7E 86 76 84 78 64 08 64 09
1FC5E2,475,AB 6B 85 7E 86 76 84 78 64 08 64 09 38 A9 40 F5
1FC447,475,85 82 BD E5 98 85 83 A5 7E 30 15 0A 8D 02 42 A5
1FC5E0,475,A4 78 AB 6B 85 7E 86 76 84 78 64 08 64 09 38 A9
1FC449,475,BD E5 98 85 83 A5 7E 30 15 0A 8D 02 42 A5 7A 30
1FC549,475,EA EA AD 17 42 4C 81 C5 49 FF 1A 0A 8D 02 42 A5
1FC548,475,EA EA EA AD 17 42 4C 81 C5 49 FF 1A 0A 8D 02 42
1FC42D,475,AD A9 15 49 FF 1A A8 AD A8 15 AA E2 10 B9 A5 98
1FC544,475,8D 03 42 EA EA EA EA AD 17 42 4C 81 C5 49 FF 1A
1FC547,475,EA EA EA EA AD 17 42 4C 81 C5 49 FF 1A 0A 8D 02
1FC4EC,475,A5 7E 30 15 0A 8D 02 42 A5 7B 30 2F 8D 03 42 EA
1FC4EE,475,30 15 0A 8D 02 42 A5 7B 30 2F 8D 03 42 EA EA EA
1FC4E6,475,C9 00 10 02 C6 03 A5 7E 30 15 0A 8D 02 42 A5 7B
1FC4E3,475,AA 85 02 C9 00 10 02 C6 03 A5 7E 30 15 0A 8D 02
1FC4E4,475,85 02 C9 00 10 02 C6 03 A5 7E 30 15 0A 8D 02 42
1FC4B0,475,4C E3 C4 49 FF 1A 0A 8D 02 42 A5 83 30 07 8D 03
1FC4F0,475,0A 8D 02 42 A5 7B 30 2F 8D 03 42 EA EA EA EA AD
1FC4F4,475,A5 7B 30 2F 8D 03 42 EA EA EA EA AD 17 42 4C 35
1FC4F8,475,8D 03 42 EA EA EA EA AD 17 42 4C 35 C5 49 FF 1A
1FD5B5,475,A5 90 95 33 E2 20 6B 22 1E C4 1F C2 20 A5 02 0A
1FC4F1,475,8D 02 42 A5 7B 30 2F 8D 03 42 EA EA EA EA AD 17
1FD5B7,475,95 33 E2 20 6B 22 1E C4 1F C2 20 A5 02 0A 95 2F
1FD5B9,475,E2 20 6B 22 1E C4 1F C2 20 A5 02 0A 95 2F A5 08
1FC4F6,475,30 2F 8D 03 42 EA EA EA EA AD 17 42 4C 35 C5 49
1FC4FB,475,EA EA EA EA AD 17 42 4C 35 C5 49 FF 1A 0A 8D 02
1FC4AD,475,AD 17 42 4C E3 C4 49 FF 1A 0A 8D 02 42 A5 83 30
1FC4AB,475,EA EA AD 17 42 4C E3 C4 49 FF 1A 0A 8D 02 42 A5
1FC456,475,A5 7A 30 2F 8D 03 42 EA EA EA EA AD 17 42 4C 97
1FC49A,475,A5 02 30 15 0A 8D 02 42 A5 83 30 2F 8D 03 42 EA
1FC44C,475,85 83 A5 7E 30 15 0A 8D 02 42 A5 7A 30 2F 8D 03
1FC498,475,85 02 A5 02 30 15 0A 8D 02 42 A5 83 30 2F 8D 03
1FC458,475,30 2F 8D 03 42 EA EA EA EA AD 17 42 4C 97 C4 49
1FC497,475,AA 85 02 A5 02 30 15 0A 8D 02 42 A5 83 30 2F 8D
1FC4AC,475,EA AD 17 42 4C E3 C4 49 FF 1A 0A 8D 02 42 A5 83
1FC49C,475,30 15 0A 8D 02 42 A5 83 30 2F 8D 03 42 EA EA EA
1FC49F,475,8D 02 42 A5 83 30 2F 8D 03 42 EA EA EA EA AD 17
1FC4A9,475,EA EA EA EA AD 17 42 4C E3 C4 49 FF 1A 0A 8D 02
1FC4AA,475,EA EA EA AD 17 42 4C E3 C4 49 FF 1A 0A 8D 02 42
1FC49E,475,0A 8D 02 42 A5 83 30 2F 8D 03 42 EA EA EA EA AD
1FC4A6,475,8D 03 42 EA EA EA EA AD 17 42 4C E3 C4 49 FF 1A
1FC4A2,475,A5 83 30 2F 8D 03 42 EA EA EA EA AD 17 42 4C E3
1FC4A4,475,30 2F 8D 03 42 EA EA EA EA AD 17 42 4C E3 C4 49
1FC4FC,475,EA EA EA AD 17 42 4C 35 C5 49 FF 1A 0A 8D 02 42
1FC4E8,475,10 02 C6 03 A5 7E 30 15 0A 8D 02 42 A5 7B 30 2F
1FC4FE,475,EA AD 17 42 4C 35 C5 49 FF 1A 0A 8D 02 42 A5 7B
1FC502,475,4C 35 C5 49 FF 1A 0A 8D 02 42 A5 7B 30 07 8D 03
1FD5B3,475,95 31 A5 90 95 33 E2 20 6B 22 1E C4 1F C2 20 A5
1FC538,475,A5 90 30 15 0A 8D 02 42 A5 83 30 2F 8D 03 42 EA
1FC4FF,475,AD 17 42 4C 35 C5 49 FF 1A 0A 8D 02 42 A5 7B 30
1FC536,475,85 90 A5 90 30 15 0A 8D 02 42 A5 83 30 2F 8D 03
1FD5AF,475,95 2F A5 08 95 31 A5 90 95 33 E2 20 6B 22 1E C4
1FD5AD,475,A5 02 95 2F A5 08 95 31 A5 90 95 33 E2 20 6B 22
1FC4FD,475,EA EA AD 17 42 4C 35 C5 49 FF 1A 0A 8D 02 42 A5
1FD5B1,475,A5 08 95 31 A5 90 95 33 E2 20 6B 22 1E C4 1F C2
1FC53A,475,30 15 0A 8D 02 42 A5 83 30 2F 8D 03 42 EA EA EA
1FC535,475,AA 85 90 A5 90 30 15 0A 8D 02 42 A5 83 30 2F 8D
1FC53D,475,8D 02 42 A5 83 30 2F 8D 03 42 EA EA EA EA AD 17
1FC53C,475,0A 8D 02 42 A5 83 30 2F 8D 03 42 EA EA EA EA AD
1FC540,475,A5 83 30 2F 8D 03 42 EA EA EA EA AD 17 42 4C 81
1FC542,475,30 2F 8D 03 42 EA EA EA EA AD 17 42 4C 81 C5 49
04A34B,467,5A B4 28 BB BF FF A3 04 7A FA 60 DA 5A B4 28 BB
04A34E,467,BB BF FF A3 04 7A FA 60 DA 5A B4 28 BB BF 00 A4
04A34C,467,B4 28 BB BF FF A3 04 7A FA 60 DA 5A B4 28 BB BF
04A34F,467,BF FF A3 04 7A FA 60 DA 5A B4 28 BB BF 00 A4 04
04A353,467,7A FA 60 DA 5A B4 28 BB BF 00 A4 04 7A FA 60 DA
04A355,467,60 DA 5A B4 28 BB BF 00 A4 04 7A FA 60 DA 5A B4
04A34A,467,DA 5A B4 28 BB BF FF A3 04 7A FA 60 DA 5A B4 28
04A354,467,FA 60 DA 5A B4 28 BB BF 00 A4 04 7A FA 60 DA 5A
1FC45D,460,EA EA EA EA AD 17 42 4C 97 C4 49 FF 1A 0A 8D 02
1FC460,460,EA AD 17 42 4C 97 C4 49 FF 1A 0A 8D 02 42 A5 7A
1FC464,460,4C 97 C4 49 FF 1A 0A 8D 02 42 A5 7A 30 07 8D 03
1FC45F,460,EA EA AD 17 42 4C 97 C4 49 FF 1A 0A 8D 02 42 A5
1FC461,460,AD 17 42 4C 97 C4 49 FF 1A 0A 8D 02 42 A5 7A 30
1FC45E,460,EA EA EA AD 17 42 4C 97 C4 49 FF 1A 0A 8D 02 42
1FC45A,460,8D 03 42 EA EA EA EA AD 17 42 4C 97 C4 49 FF 1A
03B374,447,90 0B B5 10 38 F9 10 00 C9 64 00 90 06 B4 00 BB
03B36A,447,C9 2C 01 B0 12 80 05 C9 D4 FE 90 0B B5 10 38 F9
03B36D,447,B0 12 80 05 C9 D4 FE 90 0B B5 10 38 F9 10 00 C9
03B371,447,C9 D4 FE 90 0B B5 10 38 F9 10 00 C9 64 00 90 06
1FC59A,393,EA EA EA AD 17 42 4C D3 C5 49 FF 1A 0A 8D 02 42
1FC599,393,EA EA EA EA AD 17 42 4C D3 C5 49 FF 1A 0A 8D 02
1FC59B,393,EA EA AD 17 42 4C D3 C5 49 FF 1A 0A 8D 02 42 A5
1FC59C,393,EA AD 17 42 4C D3 C5 49 FF 1A 0A 8D 02 42 A5 82
1FC596,393,8D 03 42 EA EA EA EA AD 17 42 4C D3 C5 49 FF 1A
1FC59D,393,AD 17 42 4C D3 C5 49 FF 1A 0A 8D 02 42 A5 82 30
1FC5A0,393,4C D3 C5 49 FF 1A 0A 8D 02 42 A5 82 30 07 8D 03
1FDB1E,390,95 14 6B C2 20 AD EC 14 38 ED F6 14 18 75 10 95
1FDAF7,390,95 0E B9 10 00 95 10 E2 20 6B B5 12 99 12 00 B5
03E083,390,E8 E8 88 D0 E6 E2 20 AD CA 1F F0 22 AD BD 15 29
03E084,390,E8 88 D0 E6 E2 20 AD CA 1F F0 22 AD BD 15 29 07
1FDB19,390,95 13 B9 14 00 95 14 6B C2 20 AD EC 14 38 ED F6
03E085,390,88 D0 E6 E2 20 AD CA 1F F0 22 AD BD 15 29 07 C9
1FDAFC,390,95 10 E2 20 6B B5 12 99 12 00 B5 13 99 13 00 B5
1FDB00,390,6B B5 12 99 12 00 B5 13 99 13 00 B5 14 99 14 00
03E086,390,D0 E6 E2 20 AD CA 1F F0 22 AD BD 15 29 07 C9 03
03E079,390,A5 3A 38 E9 09 00 85 3A E8 E8 E8 E8 88 D0 E6 E2
1FDAF4,390,B9 0E 00 95 0E B9 10 00 95 10 E2 20 6B B5 12 99
1FCD95,390,AD F6 15 30 30 8D 03 42 EA EA EA EA AD 17 42 4C
1FDAF2,390,95 0C B9 0E 00 95 0E B9 10 00 95 10 E2 20 6B B5
1FDB11,390,B9 12 00 95 12 B9 13 00 95 13 B9 14 00 95 14 6B
1FDB20,390,6B C2 20 AD EC 14 38 ED F6 14 18 75 10 95 10 E2
1FDAF9,390,B9 10 00 95 10 E2 20 6B B5 12 99 12 00 B5 13 99
03E076,390,9D 65 12 A5 3A 38 E9 09 00 85 3A E8 E8 E8 E8 88
1FDAEF,390,B9 0C 00 95 0C B9 0E 00 95 0E B9 10 00 95 10 E2
03E070,390,9D 63 12 A9 BC 20 9D 65 12 A5 3A 38 E9 09 00 85
03E06E,390,A5 3A 9D 63 12 A9 BC 20 9D 65 12 A5 3A 38 E9 09
03E082,390,E8 E8 E8 88 D0 E6 E2 20 AD CA 1F F0 22 AD BD 15
03E07B,390,38 E9 09 00 85 3A E8 E8 E8 E8 88 D0 E6 E2 20 AD
03E07C,390,E9 09 00 85 3A E8 E8 E8 E8 88 D0 E6 E2 20 AD CA
03E081,390,E8 E8 E8 E8 88 D0 E6 E2 20 AD CA 1F F0 22 AD BD
1FCD92,390,8D 02 42 AD F6 15 30 30 8D 03 42 EA EA EA EA AD
03E07F,390,85 3A E8 E8 E8 E8 88 D0 E6 E2 20 AD CA 1F F0 22
1FCC79,390,DA 08 8B E2 10 AA A9 00 48 AB BD E5 98 8D F6 15
03E073,390,A9 BC 20 9D 65 12 A5 3A 38 E9 09 00 85 3A E8 E8
1FDB16,390,B9 13 00 95 13 B9 14 00 95 14 6B C2 20 AD EC 14
1FCDEE,390,7A 6B 86 3A 84 3C 08 8B E2 10 AA A9 00 48 AB BD
1FCC7E,390,AA A9 00 48 AB BD E5 98 8D F6 15 BD A5 98 8D F5
1FCC7C,390,E2 10 AA A9 00 48 AB BD E5 98 8D F6 15 BD A5 98
1FCC7B,390,8B E2 10 AA A9 00 48 AB BD E5 98 8D F6 15 BD A5
1FCC7F,390,A9 00 48 AB BD E5 98 8D F6 15 BD A5 98 8D F5 15
1FCD28,390,AA 8A 18 65 04 85 04 89 80 F0 06 A9 FF 85 05 80
1FCD29,390,8A 18 65 04 85 04 89 80 F0 06 A9 FF 85 05 80 02
1FCC81,390,48 AB BD E5 98 8D F6 15 BD A5 98 8D F5 15 A5 02
1FCC7A,390,08 8B E2 10 AA A9 00 48 AB BD E5 98 8D F6 15 BD
1FCC78,390,5A DA 08 8B E2 10 AA A9 00 48 AB BD E5 98 8D F6
1FCD31,390,F0 06 A9 FF 85 05 80 02 64 05 A5 02 30 16 0A 8D
1FCD2A,390,18 65 04 85 04 89 80 F0 06 A9 FF 85 05 80 02 64
1FCD2F,390,89 80 F0 06 A9 FF 85 05 80 02 64 05 A5 02 30 16
1FCD2B,390,65 04 85 04 89 80 F0 06 A9 FF 85 05 80 02 64 05
1FCD2D,390,85 04 89 80 F0 06 A9 FF 85 05 80 02 64 05 A5 02
1FCD3B,390,A5 02 30 16 0A 8D 02 42 AD F5 15 30 30 8D 03 42
1FCC82,390,AB BD E5 98 8D F6 15 BD A5 98 8D F5 15 A5 02 30
1FCCE5,390,AD F5 15 30 30 8D 03 42 EA EA EA EA AD 17 42 4C
1FCCDD,390,A5 08 30 16 0A 8D 02 42 AD F5 15 30 30 8D 03 42
1FCCDB,390,86 04 A5 08 30 16 0A 8D 02 42 AD F5 15 30 30 8D
1FCCDA,390,AA 86 04 A5 08 30 16 0A 8D 02 42 AD F5 15 30 30
1FCCDF,390,30 16 0A 8D 02 42 AD F5 15 30 30 8D 03 42 EA EA
1FCCE2,390,8D 02 42 AD F5 15 30 30 8D 03 42 EA EA EA EA AD
1FCCE1,390,0A 8D 02 42 AD F5 15 30 30 8D 03 42 EA EA EA EA
1FCC83,390,BD E5 98 8D F6 15 BD A5 98 8D F5 15 A5 02 30 16
1FCDEF,390,6B 86 3A 84 3C 08 8B E2 10 AA A9 00 48 AB BD A5
1FCC91,390,30 16 0A 8D 02 42 AD F6 15 30 30 8D 03 42 EA EA
1FCC86,390,8D F6 15 BD A5 98 8D F5 15 A5 02 30 16 0A 8D 02
1FDAED,390,C2 20 B9 0C 00 95 0C B9 0E 00 95 0E B9 10 00 95
1FCC89,390,BD A5 98 8D F5 15 A5 02 30 16 0A 8D 02 42 AD F6
1FCC8F,390,A5 02 30 16 0A 8D 02 42 AD F6 15 30 30 8D 03 42
1FCC8C,390,8D F5 15 A5 02 30 16 0A 8D 02 42 AD F6 15 30 30
1FCD3D,390,30 16 0A 8D 02 42 AD F5 15 30 30 8D 03 42 EA EA
1FCCE8,390,30 30 8D 03 42 EA EA EA EA AD 17 42 4C 28 CD 49
1FCD87,390,8A 49 FF 1A 85 0A A5 08 30 16 0A 8D 02 42 AD F6
1FCDDA,390,18 65 0A 85 0A 89 80 F0 06 A9 FF 85 0B 80 02 64
1FCD86,390,AA 8A 49 FF 1A 85 0A A5 08 30 16 0A 8D 02 42 AD
1FCDD9,390,8A 18 65 0A 85 0A 89 80 F0 06 A9 FF 85 0B 80 02
1FDAFE,390,E2 20 6B B5 12 99 12 00 B5 13 99 13 00 B5 14 99
1FCDD8,390,AA 8A 18 65 0A 85 0A 89 80 F0 06 A9 FF 85 0B 80
1FCDA4,390,4C D8 CD 49 FF 1A 0A 8D 02 42 AD F6 15 30 07 8D
1FCDDD,390,85 0A 89 80 F0 06 A9 FF 85 0B 80 02 64 0B AB 28
1FCDE1,390,F0 06 A9 FF 85 0B 80 02 64 0B AB 28 FA 7A 6B 86
1FCDED,390,FA 7A 6B 86 3A 84 3C 08 8B E2 10 AA A9 00 48 AB
1FCDDF,390,89 80 F0 06 A9 FF 85 0B 80 02 64 0B AB 28 FA 7A
1FCDEC,390,28 FA 7A 6B 86 3A 84 3C 08 8B E2 10 AA A9 00 48
1FCDE9,390,64 0B AB 28 FA 7A 6B 86 3A 84 3C 08 8B E2 10 AA
1FCDEB,390,AB 28 FA 7A 6B 86 3A 84 3C 08 8B E2 10 AA A9 00
1FCDA1,390,AD 17 42 4C D8 CD 49 FF 1A 0A 8D 02 42 AD F6 15
1FCDDB,390,65 0A 85 0A 89 80 F0 06 A9 FF 85 0B 80 02 64 0B
1FCD9F,390,EA EA AD 17 42 4C D8 CD 49 FF 1A 0A 8D 02 42 AD
1FCD91,390,0A 8D 02 42 AD F6 15 30 30 8D 03 42 EA EA EA EA
1FCD8F,390,30 16 0A 8D 02 42 AD F6 15 30 30 8D 03 42 EA EA
1FCD9D,390,EA EA EA EA AD 17 42 4C D8 CD 49 FF 1A 0A 8D 02
1FDB14,390,95 12 B9 13 00 95 13 B9 14 00 95 14 6B C2 20 AD
1FCDA0,390,EA AD 17 42 4C D8 CD 49 FF 1A 0A 8D 02 42 AD F6
1FCD9A,390,8D 03 42 EA EA EA EA AD 17 42 4C D8 CD 49 FF 1A
1FCD8D,390,A5 08 30 16 0A 8D 02 42 AD F6 15 30 30 8D 03 42
1FCD9E,390,EA EA EA AD 17 42 4C D8 CD 49 FF 1A 0A 8D 02 42
1FCD88,390,49 FF 1A 85 0A A5 08 30 16 0A 8D 02 42 AD F6 15
1FDB1B,390,B9 14 00 95 14 6B C2 20 AD EC 14 38 ED F6 14 18
1FCD98,390,30 30 8D 03 42 EA EA EA EA AD 17 42 4C D8 CD 49
1FCD8B,390,85 0A A5 08 30 16 0A 8D 02 42 AD F6 15 30 30 8D
1FCD8A,390,1A 85 0A A5 08 30 16 0A 8D 02 42 AD F6 15 30 30
03B413,377,10 04 49 FF FF 1A 8D 52 12 68 CD 52 12 90 0E AD
03B408,377,AC 3A 12 C2 20 B5 10 38 F9 10 00 10 04 49 FF FF
03B41D,377,CD 52 12 90 0E AD 52 12 8E 3F 1F 8D 41 1F 80 03
03B420,377,90 0E AD 52 12 8E 3F 1F 8D 41 1F 80 03 C2 20 68
03B419,377,8D 52 12 68 CD 52 12 90 0E AD 52 12 8E 3F 1F 8D
03B41C,377,68 CD 52 12 90 0E AD 52 12 8E 3F 1F 8D 41 1F 80
03B410,377,F9 10 00 10 04 49 FF FF 1A 8D 52 12 68 CD 52 12
03B40D,377,B5 10 38 F9 10 00 10 04 49 FF FF 1A 8D 52 12 68
03B40F,377,38 F9 10 00 10 04 49 FF FF 1A 8D 52 12 68 CD 52
03B40B,377,C2 20 B5 10 38 F9 10 00 10 04 49 FF FF 1A 8D 52
03B9CD,364,AF E0 00 70 8D E7 15 AF E2 00 70 8D E9 15 E2 30
03B9CA,364,8D E5 15 AF E0 00 70 8D E7 15 AF E2 00 70 8D E9
03B9D1,364,8D E7 15 AF E2 00 70 8D E9 15 E2 30 6B A5 02 85
03B9D4,364,AF E2 00 70 8D E9 15 E2 30 6B A5 02 85 84 A5 03
03B982,364,8F 22 00 70 AD 33 16 8F 24 00 70 E2 20 C2 10 A9
03B9DD,364,6B A5 02 85 84 A5 03 85 85 A5 90 85 86 A5 91 85
03B9DB,364,E2 30 6B A5 02 85 84 A5 03 85 85 A5 90 85 86 A5
03B976,364,C2 20 AD 2F 16 8F 20 00 70 AD 31 16 8F 22 00 70
03B9C6,364,AF DE 00 70 8D E5 15 AF E0 00 70 8D E7 15 AF E2
03B9C3,364,8D E3 15 AF DE 00 70 8D E5 15 AF E0 00 70 8D E7
03B9BF,364,AF DC 00 70 8D E3 15 AF DE 00 70 8D E5 15 AF E0
03B9BC,364,8D E1 15 AF DC 00 70 8D E3 15 AF DE 00 70 8D E5
03B98F,364,C2 10 A9 01 A2 95 82 22 E3 4E 7E C2 20 AF D2 00
03B991,364,A9 01 A2 95 82 22 E3 4E 7E C2 20 AF D2 00 70 8D
03B993,364,A2 95 82 22 E3 4E 7E C2 20 AF D2 00 70 8D D9 15
03B989,364,8F 24 00 70 E2 20 C2 10 A9 01 A2 95 82 22 E3 4E
03B978,364,AD 2F 16 8F 20 00 70 AD 31 16 8F 22 00 70 AD 33
03B986,364,AD 33 16 8F 24 00 70 E2 20 C2 10 A9 01 A2 95 82
03B97F,364,AD 31 16 8F 22 00 70 AD 33 16 8F 24 00 70 E2 20
03B99A,364,C2 20 AF D2 00 70 8D D9 15 AF D4 00 70 8D DB 15
03B9A7,364,8D DB 15 AF D6 00 70 8D DD 15 AF D8 00 70 8D DF
03B9B5,364,8D DF 15 AF DA 00 70 8D E1 15 AF DC 00 70 8D E3
03B9B8,364,AF DA 00 70 8D E1 15 AF DC 00 70 8D E3 15 AF DE
03B99C,364,AF D2 00 70 8D D9 15 AF D4 00 70 8D DB 15 AF D6
03B9B1,364,AF D8 00 70 8D DF 15 AF DA 00 70 8D E1 15 AF DC
03B9AA,364,AF D6 00 70 8D DD 15 AF D8 00 70 8D DF 15 AF DA
03B9AE,364,8D DD 15 AF D8 00 70 8D DF 15 AF DA 00 70 8D E1
03B9A3,364,AF D4 00 70 8D DB 15 AF D6 00 70 8D DD 15 AF D8
03B9A0,364,8D D9 15 AF D4 00 70 8D DB 15 AF D6 00 70 8D DD
03B97B,364,8F 20 00 70 AD 31 16 8F 22 00 70 AD 33 16 8F 24
03B98D,364,E2 20 C2 10 A9 01 A2 95 82 22 E3 4E 7E C2 20 AF
03B9D8,364,8D E9 15 E2 30 6B A5 02 85 84 A5 03 85 85 A5 90
03B996,364,22 E3 4E 7E C2 20 AF D2 00 70 8D D9 15 AF D4 00
1FDC6B,360,B5 10 18 6D F6 14 95 10 E2 20 6B C2 20 B9 10 00
1FDC6E,360,6D F6 14 95 10 E2 20 6B C2 20 B9 10 00 18 6D F6
1FDC73,360,E2 20 6B C2 20 B9 10 00 18 6D F6 14 99 10 00 E2
1FDC69,360,C2 20 B5 10 18 6D F6 14 95 10 E2 20 6B C2 20 B9
1FDC71,360,95 10 E2 20 6B C2 20 B9 10 00 18 6D F6 14 99 10
1FDC75,360,6B C2 20 B9 10 00 18 6D F6 14 99 10 00 E2 20 6B
1FDC6D,360,18 6D F6 14 95 10 E2 20 6B C2 20 B9 10 00 18 6D
04A2BE,345,29 FB 95 1F B5 1F 29 FE 95 1F 6B B5 1F 09 04 95
04A2BC,345,B5 1F 29 FB 95 1F B5 1F 29 FE 95 1F 6B B5 1F 09
04A2C8,345,6B B5 1F 09 04 95 1F B4 1B B9 2E 00 29 80 D0 04
04A2C6,345,95 1F 6B B5 1F 09 04 95 1F B4 1B B9 2E 00 29 80
04A2C4,345,29 FE 95 1F 6B B5 1F 09 04 95 1F B4 1B B9 2E 00
04A2C0,345,95 1F B5 1F 29 FE 95 1F 6B B5 1F 09 04 95 1F B4
04A2C2,345,B5 1F 29 FE 95 1F 6B B5 1F 09 04 95 1F B4 1B B9
04A0A7,343,8C AD F0 BC FA 1C D0 04 5C 93 A1 04 B9 A1 A0 D0
04A099,343,AD AD F0 0D AD F0 F0 04 5C EE BD 1F B4 28 8C AD
04A09C,343,0D AD F0 F0 04 5C EE BD 1F B4 28 8C AD F0 BC FA
04A1D1,343,B5 1E 29 80 D0 04 5C F0 A1 04 B5 14 C9 80 6A 10
04A1D3,343,29 80 D0 04 5C F0 A1 04 B5 14 C9 80 6A 10 02 69
04A20F,343,D0 04 5C 19 A2 04 22 69 DC 1F B5 1E 29 20 D0 04
04A20D,343,29 10 D0 04 5C 19 A2 04 22 69 DC 1F B5 1E 29 20
04A1D5,343,D0 04 5C F0 A1 04 B5 14 C9 80 6A 10 02 69 00 C9
04A0AA,343,BC FA 1C D0 04 5C 93 A1 04 B9 A1 A0 D0 04 5C 93
04A09F,343,F0 04 5C EE BD 1F B4 28 8C AD F0 BC FA 1C D0 04
04A19E,343,5C D1 A1 04 B5 15 D5 0A 30 0B 38 F5 0B D5 0A 10
04A196,343,9C AE F0 60 B5 0B D0 04 5C D1 A1 04 B5 15 D5 0A
04A1D7,343,5C F0 A1 04 B5 14 C9 80 6A 10 02 69 00 C9 80 6A
04A24B,343,D0 04 5C AB A2 04 BD F5 1C D0 04 5C AB A2 04 C2
04A0A5,343,B4 28 8C AD F0 BC FA 1C D0 04 5C 93 A1 04 B9 A1
04A19A,343,B5 0B D0 04 5C D1 A1 04 B5 15 D5 0A 30 0B 38 F5
04A199,343,60 B5 0B D0 04 5C D1 A1 04 B5 15 D5 0A 30 0B 38
04A19C,343,D0 04 5C D1 A1 04 B5 15 D5 0A 30 0B 38 F5 0B D5
04A193,343,9C AD F0 9C AE F0 60 B5 0B D0 04 5C D1 A1 04 B5
04A24D,343,5C AB A2 04 BD F5 1C D0 04 5C AB A2 04 C2 20 A9
04A1F2,343,29 40 D0 04 5C 0B A2 04 B5 12 95 15 B5 1E 29 20
04A1F0,343,B5 1E 29 40 D0 04 5C 0B A2 04 B5 12 95 15 B5 1E
04A22C,343,29 02 D0 04 5C 47 A2 04 AD BD 15 18 6D 3C 12 29
04A22A,343,B5 1F 29 02 D0 04 5C 47 A2 04 AD BD 15 18 6D 3C
04A226,343,22 BB C7 1F B5 1F 29 02 D0 04 5C 47 A2 04 AD BD
04A22E,343,D0 04 5C 47 A2 04 AD BD 15 18 6D 3C 12 29 03 F0
04A0AD,343,D0 04 5C 93 A1 04 B9 A1 A0 D0 04 5C 93 A1 04 C8
04A230,343,5C 47 A2 04 AD BD 15 18 6D 3C 12 29 03 F0 04 5C
04A249,343,29 40 D0 04 5C AB A2 04 BD F5 1C D0 04 5C AB A2
04A247,343,B5 1D 29 40 D0 04 5C AB A2 04 BD F5 1C D0 04 5C
04A21D,343,D0 04 5C 26 A2 04 20 BF 84 22 BB C7 1F B5 1F 29
04A21B,343,29 20 D0 04 5C 26 A2 04 20 BF 84 22 BB C7 1F B5
04A2B4,343,5C BC A2 04 22 18 E1 09 B5 1F 29 FB 95 1F B5 1F
04A20B,343,B5 1E 29 10 D0 04 5C 19 A2 04 22 69 DC 1F B5 1E
04A2B2,343,D0 04 5C BC A2 04 22 18 E1 09 B5 1F 29 FB 95 1F
04A219,343,B5 1E 29 20 D0 04 5C 26 A2 04 20 BF 84 22 BB C7
04A2B0,343,29 40 D0 04 5C BC A2 04 22 18 E1 09 B5 1F 29 FB
04A2AE,343,B5 20 29 40 D0 04 5C BC A2 04 22 18 E1 09 B5 1F
04A1F4,343,D0 04 5C 0B A2 04 B5 12 95 15 B5 1E 29 20 F0 04
04A1F6,343,5C 0B A2 04 B5 12 95 15 B5 1E 29 20 F0 04 5C 0B
04A2AB,343,20 99 A0 B5 20 29 40 D0 04 5C BC A2 04 22 18 E1
1FCCEF,333,EA EA AD 17 42 4C 28 CD 49 FF 1A 0A 8D 02 42 AD
1FCCED,333,EA EA EA EA AD 17 42 4C 28 CD 49 FF 1A 0A 8D 02
1FCCF1,333,AD 17 42 4C 28 CD 49 FF 1A 0A 8D 02 42 AD F5 15
1FCCF0,333,EA AD 17 42 4C 28 CD 49 FF 1A 0A 8D 02 42 AD F5
1FCCEE,333,EA EA EA AD 17 42 4C 28 CD 49 FF 1A 0A 8D 02 42
1FCCF4,333,4C 28 CD 49 FF 1A 0A 8D 02 42 AD F5 15 30 07 8D
1FCCEA,333,8D 03 42 EA EA EA EA AD 17 42 4C 28 CD 49 FF 1A
02F52A,328,AD D2 14 89 01 D0 21 B9 2E 00 29 04 D0 1A B9 09
02F520,328,E2 20 B9 08 00 29 F7 99 08 00 AD D2 14 89 01 D0
02F52D,328,89 01 D0 21 B9 2E 00 29 04 D0 1A B9 09 00 29 08
02F527,328,99 08 00 AD D2 14 89 01 D0 21 B9 2E 00 29 04 D0
02F52F,328,D0 21 B9 2E 00 29 04 D0 1A B9 09 00 29 08 F0 13
02F525,328,29 F7 99 08 00 AD D2 14 89 01 D0 21 B9 2E 00 29
02F522,328,B9 08 00 29 F7 99 08 00 AD D2 14 89 01 D0 21 B9
7E52AF,290,8D 5E 12 B5 0C 85 6C B5 10 85 6E B5 0E 85 74 AD
7E52B8,290,85 6E B5 0E 85 74 AD FD 1E 8D FF 1E A4 78 8C 01
7E52AC,290,B9 CC 2E 8D 5E 12 B5 0C 85 6C B5 10 85 6E B5 0E
7E52A3,290,8D 5A 12 B9 CA 2E 8D 5C 12 B9 CC 2E 8D 5E 12 B5
7E52A9,290,8D 5C 12 B9 CC 2E 8D 5E 12 B5 0C 85 6C B5 10 85
7E4FCB,290,82 D2 02 A8 E2 20 9C FC 1E B9 02 00 F0 2A 3A 85
7E52A0,290,B9 C8 2E 8D 5A 12 B9 CA 2E 8D 5C 12 B9 CC 2E 8D
7E52BC,290,85 74 AD FD 1E 8D FF 1E A4 78 8C 01 1F 4C 82 57
7E52B2,290,B5 0C 85 6C B5 10 85 6E B5 0E 85 74 AD FD 1E 8D
7E52BA,290,B5 0E 85 74 AD FD 1E 8D FF 1E A4 78 8C 01 1F 4C
7E52B6,290,B5 10 85 6E B5 0E 85 74 AD FD 1E 8D FF 1E A4 78
7E52B4,290,85 6C B5 10 85 6E B5 0E 85 74 AD FD 1E 8D FF 1E
7E52A6,290,B9 CA 2E 8D 5C 12 B9 CC 2E 8D 5E 12 B5 0C 85 6C
7E5360,282,1A 38 ED 52 12 30 03 4C A6 53 BD C8 2E 18 6D 5A
7E535D,282,49 FF FF 1A 38 ED 52 12 30 03 4C A6 53 BD C8 2E
04A215,280,22 69 DC 1F B5 1E 29 20 D0 04 5C 26 A2 04 20 BF
04A183,272,C8 E2 20 68 3A F0 04 5C BD A0 04 AC AD F0 94 28
04A182,272,C8 C8 E2 20 68 3A F0 04 5C BD A0 04 AC AD F0 94
04A187,272,3A F0 04 5C BD A0 04 AC AD F0 94 28 9C AD F0 9C
04A0CC,272,7C CF A0 5B A1 38 A1 3C A1 40 A1 44 A1 48 A1 4C
04A181,272,C8 C8 C8 E2 20 68 3A F0 04 5C BD A0 04 AC AD F0
04A188,272,F0 04 5C BD A0 04 AC AD F0 94 28 9C AD F0 9C AE
04A184,272,E2 20 68 3A F0 04 5C BD A0 04 AC AD F0 94 28 9C
04A180,272,7A C8 C8 C8 E2 20 68 3A F0 04 5C BD A0 04 AC AD
04A17F,272,FA 7A C8 C8 C8 E2 20 68 3A F0 04 5C BD A0 04 AC
04A0C5,272,29 FF 00 0A AA E2 20 7C CF A0 5B A1 38 A1 3C A1
04A0C9,272,AA E2 20 7C CF A0 5B A1 38 A1 3C A1 40 A1 44 A1
04A0BD,272,48 5A DA B9 A3 A0 C2 20 29 FF 00 0A AA E2 20 7C
04A0CA,272,E2 20 7C CF A0 5B A1 38 A1 3C A1 40 A1 44 A1 48
04A0C0,272,B9 A3 A0 C2 20 29 FF 00 0A AA E2 20 7C CF A0 5B
04A0C3,272,C2 20 29 FF 00 0A AA E2 20 7C CF A0 5B A1 38 A1
04A0BF,272,DA B9 A3 A0 C2 20 29 FF 00 0A AA E2 20 7C CF A0
04A0BE,272,5A DA B9 A3 A0 C2 20 29 FF 00 0A AA E2 20 7C CF
04A0C8,272,0A AA E2 20 7C CF A0 5B A1 38 A1 3C A1 40 A1 44
04A186,272,68 3A F0 04 5C BD A0 04 AC AD F0 94 28 9C AD F0
03DDFC,270,D0 03 82 82 00 AA BF 88 DE 03 C9 FE FF D0 2C BF
03DDF9,270,C9 FF FF D0 03 82 82 00 AA BF 88 DE 03 C9 FE FF
03DDF5,270,BF 88 DE 03 C9 FF FF D0 03 82 82 00 AA BF 88 DE
03DDF4,270,DA BF 88 DE 03 C9 FF FF D0 03 82 82 00 AA BF 88
03BA3E,266,4A D0 FA 66 86 86 92 A2 00 A5 85 85 8B 10 0D A9
03BA3D,266,E8 4A D0 FA 66 86 86 92 A2 00 A5 85 85 8B 10 0D
03BA3B,266,66 86 E8 4A D0 FA 66 86 86 92 A2 00 A5 85 85 8B
03BA3F,266,D0 FA 66 86 86 92 A2 00 A5 85 85 8B 10 0D A9 00
04A12C,264,B5 1F 29 04 D0 04 5C 7F A1 04 80 23 A9 01 80 18
0484CB,264,85 7E B5 13 8D A9 15 B5 12 8D A8 15 22 A7 D5 1F
0484C9,264,B5 15 85 7E B5 13 8D A9 15 B5 12 8D A8 15 22 A7
0484CF,264,8D A9 15 B5 12 8D A8 15 22 A7 D5 1F 60 B5 15 85
04A130,264,D0 04 5C 7F A1 04 80 23 A9 01 80 18 A9 03 80 14
04A12B,264,DA B5 1F 29 04 D0 04 5C 7F A1 04 80 23 A9 01 80
0484CD,264,B5 13 8D A9 15 B5 12 8D A8 15 22 A7 D5 1F 60 B5
04A12E,264,29 04 D0 04 5C 7F A1 04 80 23 A9 01 80 18 A9 03
04A132,264,5C 7F A1 04 80 23 A9 01 80 18 A9 03 80 14 A9 07
0484DB,264,60 B5 15 85 7E B5 13 22 77 C1 1F C2 20 A5 02 95
0484C3,264,F0 04 5C DC 84 04 B5 15 85 7E B5 13 8D A9 15 B5
0484D7,264,22 A7 D5 1F 60 B5 15 85 7E B5 13 22 77 C1 1F C2
0484D4,264,8D A8 15 22 A7 D5 1F 60 B5 15 85 7E B5 13 22 77
0484C1,264,29 40 F0 04 5C DC 84 04 B5 15 85 7E B5 13 8D A9
0484D2,264,B5 12 8D A8 15 22 A7 D5 1F 60 B5 15 85 7E B5 13
04A12A,264,FA DA B5 1F 29 04 D0 04 5C 7F A1 04 80 23 A9 01
04A223,264,20 BF 84 22 BB C7 1F B5 1F 29 02 D0 04 5C 47 A2
04A191,264,94 28 9C AD F0 9C AE F0 60 B5 0B D0 04 5C D1 A1
04A18E,264,AC AD F0 94 28 9C AD F0 9C AE F0 60 B5 0B D0 04
04A0B3,264,B9 A1 A0 D0 04 5C 93 A1 04 C8 48 5A DA B9 A3 A0
0484BF,264,B5 1E 29 40 F0 04 5C DC 84 04 B5 15 85 7E B5 13
048484,264,D0 04 5C D1 83 04 F6 24 4C 9A A1 C2 20 F6 28 E2
04847F,264,20 4A A3 D5 24 D0 04 5C D1 83 04 F6 24 4C 9A A1
04A0B6,264,D0 04 5C 93 A1 04 C8 48 5A DA B9 A3 A0 C2 20 29
048482,264,D5 24 D0 04 5C D1 83 04 F6 24 4C 9A A1 C2 20 F6
04A0BC,264,C8 48 5A DA B9 A3 A0 C2 20 29 FF 00 0A AA E2 20
7E51E2,262,85 04 B9 05 00 85 08 85 0A B5 14 F0 03 20 D4 5A
7E51F4,262,A5 04 89 80 00 F0 05 09 00 FF 80 03 29 FF 00 85
7E51E9,262,85 0A B5 14 F0 03 20 D4 5A C2 20 A5 04 89 80 00
7E51EB,262,B5 14 F0 03 20 D4 5A C2 20 A5 04 89 80 00 F0 05
7E51ED,262,F0 03 20 D4 5A C2 20 A5 04 89 80 00 F0 05 09 00
7E51F6,262,89 80 00 F0 05 09 00 FF 80 03 29 FF 00 85 02 A5
7E51F2,262,C2 20 A5 04 89 80 00 F0 05 09 00 FF 80 03 29 FF
7E524C,262,B9 07 00 18 75 10 85 6E 80 1A C2 20 B9 03 00 18
7E5250,262,75 10 85 6E 80 1A C2 20 B9 03 00 18 75 0C 85 6C
7E5013,262,82 C7 01 89 20 F0 03 82 44 01 89 40 F0 03 82 C1
7E5248,262,75 0E 85 74 B9 07 00 18 75 10 85 6E 80 1A C2 20
7E524F,262,18 75 10 85 6E 80 1A C2 20 B9 03 00 18 75 0C 85
7E5236,262,F0 0D 84 F8 A8 A5 02 0A 88 D0 FC A4 F8 80 02 A5
7E5252,262,85 6E 80 1A C2 20 B9 03 00 18 75 0C 85 6C B9 05
7E5254,262,80 1A C2 20 B9 03 00 18 75 0C 85 6C B9 05 00 18
7E5205,262,A5 F6 29 0F 00 F0 0D 84 F8 A8 A5 02 0A 88 D0 FC
7E529A,262,82 31 FD E2 20 60 B9 C8 2E 8D 5A 12 B9 CA 2E 8D
7E5207,262,29 0F 00 F0 0D 84 F8 A8 A5 02 0A 88 D0 FC A4 F8
7E522F,262,85 02 A5 F6 29 0F 00 F0 0D 84 F8 A8 A5 02 0A 88
7E5203,262,85 02 A5 F6 29 0F 00 F0 0D 84 F8 A8 A5 02 0A 88
7E522C,262,29 FF 00 85 02 A5 F6 29 0F 00 F0 0D 84 F8 A8 A5
7E521C,262,75 0C 85 6C A5 0A 89 80 00 F0 05 09 00 FF 80 03
7E5245,262,A5 02 18 75 0E 85 74 B9 07 00 18 75 10 85 6E 80
7E5233,262,29 0F 00 F0 0D 84 F8 A8 A5 02 0A 88 D0 FC A4 F8
7E5247,262,18 75 0E 85 74 B9 07 00 18 75 10 85 6E 80 1A C2
7E51F9,262,F0 05 09 00 FF 80 03 29 FF 00 85 02 A5 F6 29 0F
7E5225,262,F0 05 09 00 FF 80 03 29 FF 00 85 02 A5 F6 29 0F
7E5220,262,A5 0A 89 80 00 F0 05 09 00 FF 80 03 29 FF 00 85
7E524A,262,85 74 B9 07 00 18 75 10 85 6E 80 1A C2 20 B9 03
7E520A,262,F0 0D 84 F8 A8 A5 02 0A 88 D0 FC A4 F8 80 02 A5
7E5222,262,89 80 00 F0 05 09 00 FF 80 03 29 FF 00 85 02 A5
7E5219,262,A5 02 18 75 0C 85 6C A5 0A 89 80 00 F0 05 09 00
7E521E,262,85 6C A5 0A 89 80 00 F0 05 09 00 FF 80 03 29 FF
7E521B,262,18 75 0C 85 6C A5 0A 89 80 00 F0 05 09 00 FF 80
7E51E0,262,85 02 85 04 B9 05 00 85 08 85 0A B5 14 F0 03 20
7E51E4,262,B9 05 00 85 08 85 0A B5 14 F0 03 20 D4 5A C2 20
7E5231,262,A5 F6 29 0F 00 F0 0D 84 F8 A8 A5 02 0A 88 D0 FC
7E51E7,262,85 08 85 0A B5 14 F0 03 20 D4 5A C2 20 A5 04 89
7E51DD,262,B9 03 00 85 02 85 04 B9 05 00 85 08 85 0A B5 14
1FCD46,260,30 30 8D 03 42 EA EA EA EA AD 17 42 4C 86 CD 49
03BA47,260,A5 85 85 8B 10 0D A9 00 38 E5 84 85 84 A9 00 E5
03BA5A,260,F0 0F E8 4A F0 06 66 84 E8 4A D0 FA 66 84 4C 82
1FCCA1,260,EA EA AD 17 42 4C DA CC 49 FF 1A 0A 8D 02 42 AD
1FCCA0,260,EA EA EA AD 17 42 4C DA CC 49 FF 1A 0A 8D 02 42
1FCD43,260,AD F5 15 30 30 8D 03 42 EA EA EA EA AD 17 42 4C
03BA31,260,A2 00 A5 87 F0 0C E8 4A F0 06 66 86 E8 4A D0 FA
1FCD40,260,8D 02 42 AD F5 15 30 30 8D 03 42 EA EA EA EA AD
1FCCA3,260,AD 17 42 4C DA CC 49 FF 1A 0A 8D 02 42 AD F6 15
1FCD3F,260,0A 8D 02 42 AD F5 15 30 30 8D 03 42 EA EA EA EA
1FCC9F,260,EA EA EA EA AD 17 42 4C DA CC 49 FF 1A 0A 8D 02
03BA45,260,A2 00 A5 85 85 8B 10 0D A9 00 38 E5 84 85 84 A9
1FCCA6,260,4C DA CC 49 FF 1A 0A 8D 02 42 AD F6 15 30 07 8D
1FCC94,260,8D 02 42 AD F6 15 30 30 8D 03 42 EA EA EA EA AD
1FCC97,260,AD F6 15 30 30 8D 03 42 EA EA EA EA AD 17 42 4C
1FCC93,260,0A 8D 02 42 AD F6 15 30 30 8D 03 42 EA EA EA EA
03BA4B,260,10 0D A9 00 38 E5 84 85 84 A9 00 E5 85 85 85 F0
1FCD39,260,64 05 A5 02 30 16 0A 8D 02 42 AD F5 15 30 30 8D
1FCC9A,260,30 30 8D 03 42 EA EA EA EA AD 17 42 4C DA CC 49
03BAE2,260,6B 10 03 82 F9 01 C2 30 A5 C1 29 FF 00 49 FF 00
1FCC9C,260,8D 03 42 EA EA EA EA AD 17 42 4C DA CC 49 FF 1A
03BA33,260,A5 87 F0 0C E8 4A F0 06 66 86 E8 4A D0 FA 66 86
03BA49,260,85 8B 10 0D A9 00 38 E5 84 85 84 A9 00 E5 85 85
03BA35,260,F0 0C E8 4A F0 06 66 86 E8 4A D0 FA 66 86 86 92
1FCCA2,260,EA AD 17 42 4C DA CC 49 FF 1A 0A 8D 02 42 AD F6
03BA43,260,86 92 A2 00 A5 85 85 8B 10 0D A9 00 38 E5 84 85
04848C,255,4C 9A A1 C2 20 F6 28 E2 20 4C 9A A1 B5 1E 09 20
04848A,255,F6 24 4C 9A A1 C2 20 F6 28 E2 20 4C 9A A1 B5 1E
02FCE9,252,DA 08 C2 20 A5 02 8F 62 00 70 A5 08 8F 2C 00 70
02FD0C,252,28 FA 60 20 13 FD 6B 08 E2 20 C2 10 DA E2 20 C2
02FD02,252,22 E3 4E 7E C2 20 AF 40 00 70 28 FA 60 20 13 FD
02FCFD,252,A9 01 A2 AA 81 22 E3 4E 7E C2 20 AF 40 00 70 28
02FD06,252,C2 20 AF 40 00 70 28 FA 60 20 13 FD 6B 08 E2 20
02FCEF,252,8F 62 00 70 A5 08 8F 2C 00 70 E2 20 C2 10 A9 01
02FCEA,252,08 C2 20 A5 02 8F 62 00 70 A5 08 8F 2C 00 70 E2
02FD0E,252,60 20 13 FD 6B 08 E2 20 C2 10 DA E2 20 C2 10 AD
02FCEB,252,C2 20 A5 02 8F 62 00 70 A5 08 8F 2C 00 70 E2 20
02FCE3,252,20 E9 FC C2 20 6B DA 08 C2 20 A5 02 8F 62 00 70
02FCED,252,A5 02 8F 62 00 70 A5 08 8F 2C 00 70 E2 20 C2 10
02FCFB,252,C2 10 A9 01 A2 AA 81 22 E3 4E 7E C2 20 AF 40 00
02FCFF,252,A2 AA 81 22 E3 4E 7E C2 20 AF 40 00 70 28 FA 60
02FCF5,252,8F 2C 00 70 E2 20 C2 10 A9 01 A2 AA 81 22 E3 4E
02FCE8,252,6B DA 08 C2 20 A5 02 8F 62 00 70 A5 08 8F 2C 00
02FD08,252,AF 40 00 70 28 FA 60 20 13 FD 6B 08 E2 20 C2 10
02FCF9,252,E2 20 C2 10 A9 01 A2 AA 81 22 E3 4E 7E C2 20 AF
02FCF3,252,A5 08 8F 2C 00 70 E2 20 C2 10 A9 01 A2 AA 81 22
02FCE6,252,C2 20 6B DA 08 C2 20 A5 02 8F 62 00 70 A5 08 8F
02FD0D,252,FA 60 20 13 FD 6B 08 E2 20 C2 10 DA E2 20 C2 10
03BA6D,247,30 13 D0 0B A5 CA 85 88 A5 CB 85 89 4C E2 BA CA
03BA6B,247,A5 84 30 13 D0 0B A5 CA 85 88 A5 CB 85 89 4C E2
1FD2A1,246,BF D6 1C 7E F0 08 E2 20 B5 1E 29 02 D0 3E E2 20
1FD297,246,29 10 F0 04 5C C2 D2 1F C2 20 BF D6 1C 7E F0 08
1FD299,246,F0 04 5C C2 D2 1F C2 20 BF D6 1C 7E F0 08 E2 20
1FD295,246,B5 09 29 10 F0 04 5C C2 D2 1F C2 20 BF D6 1C 7E
1FD2C0,246,E2 20 B5 09 29 EF 95 09 B5 1D 29 80 F0 19 BF D5
1FD29F,246,C2 20 BF D6 1C 7E F0 08 E2 20 B5 1E 29 02 D0 3E
1FD2AF,246,E2 20 BF D2 1C 7E 8D 46 12 C2 20 BF D0 1C 7E D0
1FD2BE,246,D0 4F E2 20 B5 09 29 EF 95 09 B5 1D 29 80 F0 19
1FD2B5,246,8D 46 12 C2 20 BF D0 1C 7E D0 4F E2 20 B5 09 29
1FD2B1,246,BF D2 1C 7E 8D 46 12 C2 20 BF D0 1C 7E D0 4F E2
1FD2B8,246,C2 20 BF D0 1C 7E D0 4F E2 20 B5 09 29 EF 95 09
1FD2BA,246,BF D0 1C 7E D0 4F E2 20 B5 09 29 EF 95 09 B5 1D
1FD2A5,246,F0 08 E2 20 B5 1E 29 02 D0 3E E2 20 BF D2 1C 7E
02FC55,236,E5 F1 85 F1 E5 F2 85 F2 E5 EF 85 EF 60 20 66 FC
02FC4A,236,20 4E FC 6B A5 EF 18 E5 F0 85 F0 E5 F1 85 F1 E5
02FC53,236,85 F0 E5 F1 85 F1 E5 F2 85 F2 E5 EF 85 EF 60 20
02FC5D,236,E5 EF 85 EF 60 20 66 FC 6B 64 68 64 69 64 67 A5
02FC50,236,18 E5 F0 85 F0 E5 F1 85 F1 E5 F2 85 F2 E5 EF 85
02FC51,236,E5 F0 85 F0 E5 F1 85 F1 E5 F2 85 F2 E5 EF 85 EF
02FC5B,236,85 F2 E5 EF 85 EF 60 20 66 FC 6B 64 68 64 69 64
02FC61,236,60 20 66 FC 6B 64 68 64 69 64 67 A5 65 30 23 0A
02FC4E,236,A5 EF 18 E5 F0 85 F0 E5 F1 85 F1 E5 F2 85 F2 E5
02FC57,236,85 F1 E5 F2 85 F2 E5 EF 85 EF 60 20 66 FC 6B 64
02FC4D,236,6B A5 EF 18 E5 F0 85 F0 E5 F1 85 F1 E5 F2 85 F2
02FC59,236,E5 F2 85 F2 E5 EF 85 EF 60 20 66 FC 6B 64 68 64
02FC5F,236,85 EF 60 20 66 FC 6B 64 68 64 69 64 67 A5 65 30
03B975,235,6B C2 20 AD 2F 16 8F 20 00 70 AD 31 16 8F 22 00
03B941,235,A5 02 8F 62 00 70 A5 08 8F 2C 00 70 A5 90 8F 2E
03B970,235,85 B7 28 7A FA 6B C2 20 AD 2F 16 8F 20 00 70 AD
03B972,235,28 7A FA 6B C2 20 AD 2F 16 8F 20 00 70 AD 31 16
03B93F,235,C2 30 A5 02 8F 62 00 70 A5 08 8F 2C 00 70 A5 90
03B949,235,8F 2C 00 70 A5 90 8F 2E 00 70 E2 20 A9 01 A2 3E
03B96C,235,AF 2A 00 70 85 B7 28 7A FA 6B C2 20 AD 2F 16 8F
03B957,235,A2 3E 82 22 E3 4E 7E C2 20 AF 26 00 70 85 B3 AF
03B947,235,A5 08 8F 2C 00 70 A5 90 8F 2E 00 70 E2 20 A9 01
03B95E,235,C2 20 AF 26 00 70 85 B3 AF 28 00 70 85 B5 AF 2A
03B953,235,E2 20 A9 01 A2 3E 82 22 E3 4E 7E C2 20 AF 26 00
03B974,235,FA 6B C2 20 AD 2F 16 8F 20 00 70 AD 31 16 8F 22
03B964,235,85 B3 AF 28 00 70 85 B5 AF 2A 00 70 85 B7 28 7A
03B955,235,A9 01 A2 3E 82 22 E3 4E 7E C2 20 AF 26 00 70 85
03B94F,235,8F 2E 00 70 E2 20 A9 01 A2 3E 82 22 E3 4E 7E C2
03B943,235,8F 62 00 70 A5 08 8F 2C 00 70 A5 90 8F 2E 00 70
03B95A,235,22 E3 4E 7E C2 20 AF 26 00 70 85 B3 AF 28 00 70
03B960,235,AF 26 00 70 85 B3 AF 28 00 70 85 B5 AF 2A 00 70
03B973,235,7A FA 6B C2 20 AD 2F 16 8F 20 00 70 AD 31 16 8F
03B93E,235,08 C2 30 A5 02 8F 62 00 70 A5 08 8F 2C 00 70 A5
03B96A,235,85 B5 AF 2A 00 70 85 B7 28 7A FA 6B C2 20 AD 2F
03B93D,235,5A 08 C2 30 A5 02 8F 62 00 70 A5 08 8F 2C 00 70
03B94D,235,A5 90 8F 2E 00 70 E2 20 A9 01 A2 3E 82 22 E3 4E
03B93C,235,DA 5A 08 C2 30 A5 02 8F 62 00 70 A5 08 8F 2C 00
03B966,235,AF 28 00 70 85 B5 AF 2A 00 70 85 B7 28 7A FA 6B
03BA38,230,4A F0 06 66 86 E8 4A D0 FA 66 86 86 92 A2 00 A5
03BA39,230,F0 06 66 86 E8 4A D0 FA 66 86 86 92 A2 00 A5 85
03BA41,230,66 86 86 92 A2 00 A5 85 85 8B 10 0D A9 00 38 E5
03BA37,230,E8 4A F0 06 66 86 E8 4A D0 FA 66 86 86 92 A2 00
1FCD4C,222,EA EA EA AD 17 42 4C 86 CD 49 FF 1A 0A 8D 02 42
1FCD48,222,8D 03 42 EA EA EA EA AD 17 42 4C 86 CD 49 FF 1A
1FCD4B,222,EA EA EA EA AD 17 42 4C 86 CD 49 FF 1A 0A 8D 02
1FCD4E,222,EA AD 17 42 4C 86 CD 49 FF 1A 0A 8D 02 42 AD F5
1FCD4D,222,EA EA AD 17 42 4C 86 CD 49 FF 1A 0A 8D 02 42 AD
1FCD4F,222,AD 17 42 4C 86 CD 49 FF 1A 0A 8D 02 42 AD F5 15
1FCD52,222,4C 86 CD 49 FF 1A 0A 8D 02 42 AD F5 15 30 07 8D
03EB19,212,C9 05 F0 05 AD FD 1F F0 0E C2 20 AF 2C 00 70 38
03EB31,212,60 60 60 60 60 7C 7D 62 62 7A 7B 61 61 7E 7F 63
03EB1B,212,F0 05 AD FD 1F F0 0E C2 20 AF 2C 00 70 38 E9 10
03EB20,212,F0 0E C2 20 AF 2C 00 70 38 E9 10 00 8F 2C 00 70
03EB30,212,28 60 60 60 60 60 7C 7D 62 62 7A 7B 61 61 7E 7F
03EB1D,212,AD FD 1F F0 0E C2 20 AF 2C 00 70 38 E9 10 00 8F
03EB0D,212,08 E2 20 AD 9C 18 89 80 D0 0B 29 7F C9 05 F0 05
03EB13,212,89 80 D0 0B 29 7F C9 05 F0 05 AD FD 1F F0 0E C2
03EB10,212,AD 9C 18 89 80 D0 0B 29 7F C9 05 F0 05 AD FD 1F
03EB0E,212,E2 20 AD 9C 18 89 80 D0 0B 29 7F C9 05 F0 05 AD
03EB15,212,D0 0B 29 7F C9 05 F0 05 AD FD 1F F0 0E C2 20 AF
03EB17,212,29 7F C9 05 F0 05 AD FD 1F F0 0E C2 20 AF 2C 00
03BA6F,211,D0 0B A5 CA 85 88 A5 CB 85 89 4C E2 BA CA 0A 10
03DE01,210,AA BF 88 DE 03 C9 FE FF D0 2C BF 8A DE 03 99 65
03DE02,210,BF 88 DE 03 C9 FE FF D0 2C BF 8A DE 03 99 65 12
03BA96,210,A6 84 BD D5 83 A6 86 38 FD D5 83 AA BD D5 82 85
03DE09,210,D0 2C BF 8A DE 03 99 65 12 BF 8C DE 03 99 69 12
03BAA7,210,BD D5 81 A6 8A 30 0B F0 0F 0A 26 89 CA D0 FA 4C
03BAAA,210,A6 8A 30 0B F0 0F 0A 26 89 CA D0 FA 4C BF BA 46
03BAA5,210,85 89 BD D5 81 A6 8A 30 0B F0 0F 0A 26 89 CA D0
03BAA2,210,BD D5 82 85 89 BD D5 81 A6 8A 30 0B F0 0F 0A 26
03BAC3,210,10 10 38 A5 CA E5 88 85 88 A5 CB E5 89 85 89 4C
03DE80,210,4C F4 DD 8C B1 15 FA 60 AE 01 B6 01 58 01 78 01
03BAAC,210,30 0B F0 0F 0A 26 89 CA D0 FA 4C BF BA 46 89 6A
1FC008,210,B4 00 BB D0 E1 FA 22 70 FB 0A B4 02 D0 0D B4 00
1FBFF4,210,D5 06 D0 02 74 06 DD DD 1C D0 03 9E DD 1C D5 1B
1FC00B,210,D0 E1 FA 22 70 FB 0A B4 02 D0 0D B4 00 8C 1F 12
1FBFFA,210,DD DD 1C D0 03 9E DD 1C D5 1B D0 02 74 1B B4 00
1FC002,210,D5 1B D0 02 74 1B B4 00 BB D0 E1 FA 22 70 FB 0A
1FBFFD,210,D0 03 9E DD 1C D5 1B D0 02 74 1B B4 00 BB D0 E1
03DE06,210,C9 FE FF D0 2C BF 8A DE 03 99 65 12 BF 8C DE 03
03DE7F,210,E8 4C F4 DD 8C B1 15 FA 60 AE 01 B6 01 58 01 78
03DE7D,210,FA E8 E8 4C F4 DD 8C B1 15 FA 60 AE 01 B6 01 58
03BA90,210,8A 38 E5 92 85 8A A6 84 BD D5 83 A6 86 38 FD D5
03BA94,210,85 8A A6 84 BD D5 83 A6 86 38 FD D5 83 AA BD D5
03BA86,210,90 08 CA 4A C5 84 B0 FA 85 86 8A 38 E5 92 85 8A
03BA82,210,A5 86 C5 84 90 08 CA 4A C5 84 B0 FA 85 86 8A 38
03BA84,210,C5 84 90 08 CA 4A C5 84 B0 FA 85 86 8A 38 E5 92
03DE7E,210,E8 E8 4C F4 DD 8C B1 15 FA 60 AE 01 B6 01 58 01
03BABF,210,85 88 24 8B 10 10 38 A5 CA E5 88 85 88 A5 CB E5
03BA9B,210,A6 86 38 FD D5 83 AA BD D5 82 85 89 BD D5 81 A6
03BAC1,210,24 8B 10 10 38 A5 CA E5 88 85 88 A5 CB E5 89 85
03BA98,210,BD D5 83 A6 86 38 FD D5 83 AA BD D5 82 85 89 BD
03BAA1,210,AA BD D5 82 85 89 BD D5 81 A6 8A 30 0B F0 0F 0A
03BA9D,210,38 FD D5 83 AA BD D5 82 85 89 BD D5 81 A6 8A 30
03BA9E,210,FD D5 83 AA BD D5 82 85 89 BD D5 81 A6 8A 30 0B
1FBFEE,210,D5 19 D0 02 74 19 D5 06 D0 02 74 06 DD DD 1C D0
03BA91,210,38 E5 92 85 8A A6 84 BD D5 83 A6 86 38 FD D5 83
1FC004,210,D0 02 74 1B B4 00 BB D0 E1 FA 22 70 FB 0A B4 02
03BA92,210,E5 92 85 8A A6 84 BD D5 83 A6 86 38 FD D5 83 AA
1FBFF0,210,D0 02 74 19 D5 06 D0 02 74 06 DD DD 1C D0 03 9E
1FBFF6,210,D0 02 74 06 DD DD 1C D0 03 9E DD 1C D5 1B D0 02
1FC00A,210,BB D0 E1 FA 22 70 FB 0A B4 02 D0 0D B4 00 8C 1F
7E3AF6,208,6B C2 10 A9 04 85 00 A6 4A AD 62 12 29 F7 8D 3A
7E3AF3,208,20 1B 40 6B C2 10 A9 04 85 00 A6 4A AD 62 12 29
7E3AF0,208,8D AE 18 20 1B 40 6B C2 10 A9 04 85 00 A6 4A AD
7E3AEE,208,A9 01 8D AE 18 20 1B 40 6B C2 10 A9 04 85 00 A6
03DE48,180,BF 8E DE 03 99 71 12 A5 3A 99 63 12 A5 3A 18 69
03DE75,180,A5 3A 18 69 10 00 85 3A FA E8 E8 4C F4 DD 8C B1
03DE7B,180,85 3A FA E8 E8 4C F4 DD 8C B1 15 FA 60 AE 01 B6
03DE74,180,A8 A5 3A 18 69 10 00 85 3A FA E8 E8 4C F4 DD 8C
03DE4F,180,A5 3A 99 63 12 A5 3A 18 69 08 00 99 67 12 A5 3A
03DE4C,180,99 71 12 A5 3A 99 63 12 A5 3A 18 69 08 00 99 67
03DE71,180,69 10 00 A8 A5 3A 18 69 10 00 85 3A FA E8 E8 4C
03DE45,180,99 6D 12 BF 8E DE 03 99 71 12 A5 3A 99 63 12 A5
03DE5D,180,A5 3A 18 69 00 08 99 6B 12 A5 3A 18 69 08 08 99
03DE70,180,18 69 10 00 A8 A5 3A 18 69 10 00 85 3A FA E8 E8
03DE78,180,69 10 00 85 3A FA E8 E8 4C F4 DD 8C B1 15 FA 60
03DE3E,180,99 69 12 BF 8C DE 03 99 6D 12 BF 8E DE 03 99 71
03DE77,180,18 69 10 00 85 3A FA E8 E8 4C F4 DD 8C B1 15 FA
03DE3A,180,BF 8A DE 03 99 69 12 BF 8C DE 03 99 6D 12 BF 8E
03DE37,180,99 65 12 BF 8A DE 03 99 69 12 BF 8C DE 03 99 6D
03DE6F,180,98 18 69 10 00 A8 A5 3A 18 69 10 00 85 3A FA E8
03DE41,180,BF 8C DE 03 99 6D 12 BF 8E DE 03 99 71 12 A5 3A
03DE63,180,99 6B 12 A5 3A 18 69 08 08 99 6F 12 98 18 69 10
03DE66,180,A5 3A 18 69 08 08 99 6F 12 98 18 69 10 00 A8 A5
03DE5A,180,99 67 12 A5 3A 18 69 00 08 99 6B 12 A5 3A 18 69
03DE60,180,69 00 08 99 6B 12 A5 3A 18 69 08 08 99 6F 12 98
03DE57,180,69 08 00 99 67 12 A5 3A 18 69 00 08 99 6B 12 A5
03DE5F,180,18 69 00 08 99 6B 12 A5 3A 18 69 08 08 99 6F 12
03DE56,180,18 69 08 00 99 67 12 A5 3A 18 69 00 08 99 6B 12
03DE54,180,A5 3A 18 69 08 00 99 67 12 A5 3A 18 69 00 08 99
03DE68,180,18 69 08 08 99 6F 12 98 18 69 10 00 A8 A5 3A 18
03DE6C,180,99 6F 12 98 18 69 10 00 A8 A5 3A 18 69 10 00 85
03DE51,180,99 63 12 A5 3A 18 69 08 00 99 67 12 A5 3A 18 69
03DE69,180,69 08 08 99 6F 12 98 18 69 10 00 A8 A5 3A 18 69
03BA80,161,85 84 A5 86 C5 84 90 08 CA 4A C5 84 B0 FA 85 86
03B425,160,8E 3F 1F 8D 41 1F 80 03 C2 20 68 B4 00 BB D0 94
03B42B,160,80 03 C2 20 68 B4 00 BB D0 94 AE 3F 1F D0 03 82
03B422,160,AD 52 12 8E 3F 1F 8D 41 1F 80 03 C2 20 68 B4 00
03B428,160,8D 41 1F 80 03 C2 20 68 B4 00 BB D0 94 AE 3F 1F
1FCD80,149,A9 00 38 ED 17 42 AA 8A 49 FF 1A 85 0A A5 08 30
1FCD83,149,ED 17 42 AA 8A 49 FF 1A 85 0A A5 08 30 16 0A 8D
1FCD82,149,38 ED 17 42 AA 8A 49 FF 1A 85 0A A5 08 30 16 0A
03BAD2,142,4C E2 BA 18 A5 88 65 CA 85 88 A5 89 65 CB 85 89
03BA4D,142,A9 00 38 E5 84 85 84 A9 00 E5 85 85 85 F0 0F E8
03BA52,142,85 84 A9 00 E5 85 85 85 F0 0F E8 4A F0 06 66 84
03BACC,142,A5 CB E5 89 85 89 4C E2 BA 18 A5 88 65 CA 85 88
03BA58,142,85 85 F0 0F E8 4A F0 06 66 84 E8 4A D0 FA 66 84
03BA4F,142,38 E5 84 85 84 A9 00 E5 85 85 85 F0 0F E8 4A F0
03BA50,142,E5 84 85 84 A9 00 E5 85 85 85 F0 0F E8 4A F0 06
03BAD0,142,85 89 4C E2 BA 18 A5 88 65 CA 85 88 A5 89 65 CB
03BA54,142,A9 00 E5 85 85 85 F0 0F E8 4A F0 06 66 84 E8 4A
03BAC6,142,A5 CA E5 88 85 88 A5 CB E5 89 85 89 4C E2 BA 18
03BAC8,142,E5 88 85 88 A5 CB E5 89 85 89 4C E2 BA 18 A5 88
03BACA,142,85 88 A5 CB E5 89 85 89 4C E2 BA 18 A5 88 65 CA
03BAC5,142,38 A5 CA E5 88 85 88 A5 CB E5 89 85 89 4C E2 BA
03BA56,142,E5 85 85 85 F0 0F E8 4A F0 06 66 84 E8 4A D0 FA
03BACE,142,E5 89 85 89 4C E2 BA 18 A5 88 65 CA 85 88 A5 89
0483D5,133,E2 20 C2 20 B5 28 18 69 02 00 95 28 E2 20 4C 5F
0483E1,133,E2 20 4C 5F 80 A9 00 95 24 E2 20 C2 20 F6 28 E2
0483D9,133,B5 28 18 69 02 00 95 28 E2 20 4C 5F 80 A9 00 95
0483DF,133,95 28 E2 20 4C 5F 80 A9 00 95 24 E2 20 C2 20 F6
0483DC,133,69 02 00 95 28 E2 20 4C 5F 80 A9 00 95 24 E2 20
0483E3,133,4C 5F 80 A9 00 95 24 E2 20 C2 20 F6 28 E2 20 4C
0483D7,133,C2 20 B5 28 18 69 02 00 95 28 E2 20 4C 5F 80 A9
0483DB,133,18 69 02 00 95 28 E2 20 4C 5F 80 A9 00 95 24 E2
03BC31,131,C9 00 80 6A 8D 47 16 AD 2B 16 C9 00 80 6A C9 00
03BB5C,131,6A C9 00 80 6A C9 00 80 6A C9 00 80 6A 8D 3B 16
03BB0C,131,85 08 A5 C1 29 00 FF 4A 4A 4A 4A 4A 4A 4A 4A E2
03BB44,131,85 90 E2 20 C2 20 AD 1D 16 C9 00 80 6A C9 00 80
03BB48,131,C2 20 AD 1D 16 C9 00 80 6A C9 00 80 6A C9 00 80
03BB38,131,C2 20 A5 B3 85 02 A5 B5 85 08 A5 B7 85 90 E2 20
7E4F86,131,48 AB AD FD 1E F0 17 A2 00 00 DA 20 A7 4F FA C2
03BB55,131,C9 00 80 6A C9 00 80 6A C9 00 80 6A C9 00 80 6A
03BC52,131,6A C9 00 80 6A 8D 49 16 AD 2D 16 C9 00 80 6A C9
0BEAA3,131,64 02 B5 31 85 09 64 08 AD E5 14 85 3A DA E2 10
03BB50,131,6A C9 00 80 6A C9 00 80 6A C9 00 80 6A C9 00 80
03BB46,131,E2 20 C2 20 AD 1D 16 C9 00 80 6A C9 00 80 6A C9
03BB3E,131,A5 B5 85 08 A5 B7 85 90 E2 20 C2 20 AD 1D 16 C9
0BDF8E,131,5C EB DF 0B C2 20 B5 0C 8D 1D 15 E2 20 C2 20 B5
03BB4D,131,C9 00 80 6A C9 00 80 6A C9 00 80 6A C9 00 80 6A
03BB4A,131,AD 1D 16 C9 00 80 6A C9 00 80 6A C9 00 80 6A C9
7E3BFD,131,8E 16 21 A2 CF 18 8E 02 43 A9 00 8D 04 43 A2 40
03BC4E,131,6A C9 00 80 6A C9 00 80 6A 8D 49 16 AD 2D 16 C9
03BC92,131,AD 3B 16 8F 42 01 70 AD 3D 16 8F 44 01 70 AD 3F
03BB3C,131,85 02 A5 B5 85 08 A5 B7 85 90 E2 20 C2 20 AD 1D
03BB77,131,C9 00 80 6A C9 00 80 6A C9 00 80 6A C9 00 80 6A
03BB69,131,8D 3B 16 AD 1F 16 C9 00 80 6A C9 00 80 6A C9 00
7E4F55,131,AE 1F 12 B5 1D 29 80 F0 04 5C 68 4F 7E A9 01 95
7E4F53,131,C2 10 AE 1F 12 B5 1D 29 80 F0 04 5C 68 4F 7E A9
7E3B9B,131,4A 4A 8D 38 30 20 1B 40 6B AD 12 1F D0 01 6B C2
0BDF2D,131,CD 71 15 E2 20 F0 06 30 04 5C 4B DF 0B C2 20 AD
1FDADB,131,B5 0C 99 0C 00 B5 0E 99 0E 00 B5 10 99 10 00 E2
03BC34,131,6A 8D 47 16 AD 2B 16 C9 00 80 6A C9 00 80 6A C9
7E4F51,131,E2 20 C2 10 AE 1F 12 B5 1D 29 80 F0 04 5C 68 4F
1FDADD,131,99 0C 00 B5 0E 99 0E 00 B5 10 99 10 00 E2 20 6B
03BC25,131,C9 00 80 6A C9 00 80 6A C9 00 80 6A C9 00 80 6A
03BCA3,131,8F 46 01 70 AD 47 16 8F 48 01 70 AD 49 16 8F 4A
03BC29,131,C9 00 80 6A C9 00 80 6A C9 00 80 6A 8D 47 16 AD
03BCA7,131,AD 47 16 8F 48 01 70 AD 49 16 8F 4A 01 70 AD 4B
0BBBEA,131,22 C8 D4 1F 80 06 B5 0C 22 DF D4 1F 8D F8 14 B5
03BB60,131,6A C9 00 80 6A C9 00 80 6A 8D 3B 16 AD 1F 16 C9
0BBBF6,131,8D F8 14 B5 0E 38 ED 8B 15 22 BA D4 1F 18 6D 8B
03BB28,131,4A 4A 4A 4A 4A 4A 4A E2 20 8D 4E 16 22 3C B9 03
03BC42,131,6A C9 00 80 6A C9 00 80 6A C9 00 80 6A C9 00 80
0BDC5D,131,F0 2F 38 ED 09 15 C9 00 30 08 C9 08 10 0A A9 08
0BDF2B,131,B5 0C CD 71 15 E2 20 F0 06 30 04 5C 4B DF 0B C2
0BBC0C,131,20 83 D0 6B E2 20 C2 10 AE 3A 12 C2 20 A9 25 BC
03BC9C,131,8F 44 01 70 AD 3F 16 8F 46 01 70 AD 47 16 8F 48
0BBBF9,131,B5 0E 38 ED 8B 15 22 BA D4 1F 18 6D 8B 15 8D FA
03BB6C,131,AD 1F 16 C9 00 80 6A C9 00 80 6A C9 00 80 6A C9
7E3B99,131,A5 45 4A 4A 8D 38 30 20 1B 40 6B AD 12 1F D0 01
0BBBFC,131,ED 8B 15 22 BA D4 1F 18 6D 8B 15 8D FA 14 E2 20
03BB6F,131,C9 00 80 6A C9 00 80 6A C9 00 80 6A C9 00 80 6A
03BCA0,131,AD 3F 16 8F 46 01 70 AD 47 16 8F 48 01 70 AD 49
03BCCE,131,E2 30 6B E2 20 C2 10 A9 01 A2 61 A8 22 E3 4E 7E
03BB34,131,22 3C B9 03 C2 20 A5 B3 85 02 A5 B5 85 08 A5 B7
7E4FA6,131,6B 86 78 BC C4 2E BB 86 76 B5 1D 29 80 F0 03 82
03BB2D,131,4A 4A E2 20 8D 4E 16 22 3C B9 03 C2 20 A5 B3 85
7E3C03,131,8E 02 43 A9 00 8D 04 43 A2 40 00 8E 05 43 A9 01
0BD0B2,131,AD DF 14 29 04 F0 04 5C EF D1 0B AD DF 14 29 01
0BD4E3,131,F0 04 5C 09 D5 0B C2 20 B5 0E CD 7B 15 E2 20 10
03BC65,131,C9 00 80 6A C9 00 80 6A C9 00 80 6A C9 00 80 6A
7E3C06,131,A9 00 8D 04 43 A2 40 00 8E 05 43 A9 01 8D 00 43
0BDF09,131,6A C9 00 80 6A 49 FF FF 1A 18 6D 05 15 8D 05 15
7E3C08,131,8D 04 43 A2 40 00 8E 05 43 A9 01 8D 00 43 A9 01
03BAEC,131,29 FF 00 49 FF 00 38 E9 80 07 85 02 A5 C5 29 FF
7E3D25,131,A6 4A A4 4C 86 4C 84 4A 64 00 6B E2 20 AD DF 1F
0BDF06,131,C9 00 80 6A C9 00 80 6A 49 FF FF 1A 18 6D 05 15
0BDF0D,131,6A 49 FF FF 1A 18 6D 05 15 8D 05 15 E2 20 B5 14
03BC80,131,A5 02 8F 62 00 70 A5 08 8F 2C 00 70 A5 90 8F 2E
0BDD2D,131,8D 36 12 E2 20 C2 20 A9 00 00 CD 32 12 F0 3A 38
0BD401,131,29 DF 95 1F 9C 97 15 9C 98 15 9C 99 15 C2 20 AD
03BC5D,131,C9 00 80 6A C9 00 80 6A C9 00 80 6A C9 00 80 6A
03BC7E,131,C2 20 A5 02 8F 62 00 70 A5 08 8F 2C 00 70 A5 90
0BDF0E,131,49 FF FF 1A 18 6D 05 15 8D 05 15 E2 20 B5 14 8D
03BC60,131,6A C9 00 80 6A C9 00 80 6A C9 00 80 6A C9 00 80
03BC82,131,8F 62 00 70 A5 08 8F 2C 00 70 A5 90 8F 2E 00 70
03BC61,131,C9 00 80 6A C9 00 80 6A C9 00 80 6A C9 00 80 6A
03BC86,131,A5 08 8F 2C 00 70 A5 90 8F 2E 00 70 AD 3B 16 8F
7E3E59,131,AD 19 42 8D 02 12 60 AD 18 42 8D 04 12 AD 19 42
7E500C,131,82 47 02 89 10 F0 03 82 C7 01 89 20 F0 03 82 44
0BD3A8,131,D0 04 5C FF D3 0B D6 22 22 4A FC 02 29 0F 8D 97
03BC75,131,C9 00 80 6A 8D 4B 16 E2 20 C2 20 A5 02 8F 62 00
03BC6D,131,C9 00 80 6A C9 00 80 6A C9 00 80 6A 8D 4B 16 E2
03BC6C,131,6A C9 00 80 6A C9 00 80 6A C9 00 80 6A 8D 4B 16
1FD4CE,131,C9 00 80 6A 85 3C C9 00 80 6A 18 65 3A 18 65 3C
7E3C0B,131,A2 40 00 8E 05 43 A9 01 8D 00 43 A9 01 8D 0B 42
1FD4D9,131,65 3A 18 65 3C 6B C9 00 80 6A 85 3A C9 00 80 6A
03BC70,131,6A C9 00 80 6A C9 00 80 6A 8D 4B 16 E2 20 C2 20
7E3CDA,131,8C B6 18 8C 22 43 20 45 41 20 30 3D A5 4B 4A 4A
0BD3A6,131,B5 22 D0 04 5C FF D3 0B D6 22 22 4A FC 02 29 0F
0BDEFD,131,6D 05 15 8D 05 15 AD 05 15 C9 00 80 6A C9 00 80
03BC68,131,6A C9 00 80 6A C9 00 80 6A C9 00 80 6A C9 00 80
0BDF03,131,AD 05 15 C9 00 80 6A C9 00 80 6A 49 FF FF 1A 18
0BDD34,131,A9 00 00 CD 32 12 F0 3A 38 ED 32 12 C9 00 00 30
03BC7C,131,E2 20 C2 20 A5 02 8F 62 00 70 A5 08 8F 2C 00 70
0BD088,131,B5 23 D0 04 5C B2 D0 0B AD D9 14 29 20 D0 04 5C
03BC69,131,C9 00 80 6A C9 00 80 6A C9 00 80 6A C9 00 80 6A
0BDF00,131,8D 05 15 AD 05 15 C9 00 80 6A C9 00 80 6A 49 FF
03BAE8,131,C2 30 A5 C1 29 FF 00 49 FF 00 38 E9 80 07 85 02
03BB2E,131,4A E2 20 8D 4E 16 22 3C B9 03 C2 20 A5 B3 85 02
03BC88,131,8F 2C 00 70 A5 90 8F 2E 00 70 AD 3B 16 8F 42 01
0BDF11,131,1A 18 6D 05 15 8D 05 15 E2 20 B5 14 8D C5 14 60
0BD33D,131,29 02 D0 04 5C A6 D3 0B AD F5 14 C9 02 D0 04 5C
03BB20,131,C2 20 A5 C5 29 00 FF 4A 4A 4A 4A 4A 4A 4A 4A E2
03BC8E,131,8F 2E 00 70 AD 3B 16 8F 42 01 70 AD 3D 16 8F 44
7E4FA4,131,28 AB 6B 86 78 BC C4 2E BB 86 76 B5 1D 29 80 F0
03BBE4,131,6A C9 00 80 6A C9 00 80 6A C9 00 80 6A 8D 43 16
03BB15,131,4A 4A 4A 4A 4A 4A E2 20 8D 4D 16 C2 20 A5 C5 29
03BB17,131,4A 4A 4A 4A E2 20 8D 4D 16 C2 20 A5 C5 29 00 FF
03BB14,131,4A 4A 4A 4A 4A 4A 4A E2 20 8D 4D 16 C2 20 A5 C5
03BC8C,131,A5 90 8F 2E 00 70 AD 3B 16 8F 42 01 70 AD 3D 16
7E3C00,131,A2 CF 18 8E 02 43 A9 00 8D 04 43 A2 40 00 8E 05
03BB24,131,29 00 FF 4A 4A 4A 4A 4A 4A 4A 4A E2 20 8D 4E 16
7E3B94,131,A9 02 8D BD 18 A5 45 4A 4A 8D 38 30 20 1B 40 6B
03BB2C,131,4A 4A 4A E2 20 8D 4E 16 22 3C B9 03 C2 20 A5 B3
7E3B96,131,8D BD 18 A5 45 4A 4A 8D 38 30 20 1B 40 6B AD 12
03BC06,131,6A C9 00 80 6A C9 00 80 6A C9 00 80 6A 8D 45 16
03BB2A,131,4A 4A 4A 4A 4A E2 20 8D 4E 16 22 3C B9 03 C2 20
0BDDBC,131,6D 2D 15 95 13 AD 37 12 95 14 B5 14 18 6D 09 15
0BDDB9,131,B5 13 18 6D 2D 15 95 13 AD 37 12 95 14 B5 14 18
03BB29,131,4A 4A 4A 4A 4A 4A E2 20 8D 4E 16 22 3C B9 03 C2
03BC5A,131,AD 2D 16 C9 00 80 6A C9 00 80 6A C9 00 80 6A C9
03BB0A,131,E5 C3 85 08 A5 C1 29 00 FF 4A 4A 4A 4A 4A 4A 4A
03BCAE,131,AD 49 16 8F 4A 01 70 AD 4B 16 8F 4C 01 70 E2 20
03BC64,131,6A C9 00 80 6A C9 00 80 6A C9 00 80 6A C9 00 80
03BAF3,131,E9 80 07 85 02 A5 C5 29 FF 00 49 FF 00 38 E9 80
0BDF19,131,E2 20 B5 14 8D C5 14 60 AD C9 1F 29 F3 8D C9 1F
0BDF1B,131,B5 14 8D C5 14 60 AD C9 1F 29 F3 8D C9 1F C2 20
03BB99,131,C9 00 80 6A C9 00 80 6A C9 00 80 6A C9 00 80 6A
03BAEF,131,49 FF 00 38 E9 80 07 85 02 A5 C5 29 FF 00 49 FF
0BDF16,131,8D 05 15 E2 20 B5 14 8D C5 14 60 AD C9 1F 29 F3
0BDF13,131,6D 05 15 8D 05 15 E2 20 B5 14 8D C5 14 60 AD C9
03BC38,131,AD 2B 16 C9 00 80 6A C9 00 80 6A C9 00 80 6A C9
0BDF1D,131,8D C5 14 60 AD C9 1F 29 F3 8D C9 1F C2 20 B5 0C
0BDF21,131,AD C9 1F 29 F3 8D C9 1F C2 20 B5 0C CD 71 15 E2
03BB04,131,85 90 A9 00 00 38 E5 C3 85 08 A5 C1 29 00 FF 4A
03BB06,131,A9 00 00 38 E5 C3 85 08 A5 C1 29 00 FF 4A 4A 4A
0BEB22,131,95 31 E2 20 AB 60 E2 20 AD D8 14 C2 20 29 18 00
0BDF20,131,60 AD C9 1F 29 F3 8D C9 1F C2 20 B5 0C CD 71 15
03BAFA,131,29 FF 00 49 FF 00 38 E9 80 07 85 90 A9 00 00 38
7E3B91,131,8D 3A 30 A9 02 8D BD 18 A5 45 4A 4A 8D 38 30 20
0BDF26,131,8D C9 1F C2 20 B5 0C CD 71 15 E2 20 F0 06 30 04
7E3B8F,131,09 08 8D 3A 30 A9 02 8D BD 18 A5 45 4A 4A 8D 38
0BD124,131,D5 33 F0 0C 30 06 38 E9 01 00 80 04 18 69 01 00
03BBFB,131,C9 00 80 6A C9 00 80 6A C9 00 80 6A C9 00 80 6A
7E4F4A,131,60 20 A7 4F 6B 8B 08 E2 20 C2 10 AE 1F 12 B5 1D
0BD0C8,131,C2 20 AD 9A 15 CD CD 18 F0 3A 38 ED CD 18 C9 00
0BD0CA,131,AD 9A 15 CD CD 18 F0 3A 38 ED CD 18 C9 00 00 30
03BC28,131,6A C9 00 80 6A C9 00 80 6A C9 00 80 6A 8D 47 16
0BD0CD,131,CD CD 18 F0 3A 38 ED CD 18 C9 00 00 30 0A C9 08
0BD0C2,131,F0 04 5C 11 D1 0B C2 20 AD 9A 15 CD CD 18 F0 3A
0BD0BD,131,AD DF 14 29 01 F0 04 5C 11 D1 0B C2 20 AD 9A 15
7E3BD2,131,8E 02 21 A2 63 12 8E 02 43 A9 00 8D 04 43 A2 48
0BD1EF,131,C2 20 A5 C5 8D FE 14 E2 20 60 20 FD D1 6B E2 20
7E3BD8,131,8E 02 43 A9 00 8D 04 43 A2 48 01 8E 05 43 A9 00
0BD0B7,131,F0 04 5C EF D1 0B AD DF 14 29 01 F0 04 5C 11 D1
0BD0D0,131,F0 3A 38 ED CD 18 C9 00 00 30 0A C9 08 00 10 0D
7E3BDD,131,8D 04 43 A2 48 01 8E 05 43 A9 00 8D 00 43 A9 01
0BD1CE,131,F0 04 5C EF D1 0B C2 20 B5 0C 8D F8 14 E2 20 C2
0BD10F,131,E2 20 C2 20 AD FC 14 18 6D F6 14 8D FC 14 E2 20
0BD111,131,C2 20 AD FC 14 18 6D F6 14 8D FC 14 E2 20 C2 20
0BDF71,131,D0 04 5C 87 DF 0B AD D9 14 29 FE 8D D9 14 AD DA
0BD10C,131,8D CD 18 E2 20 C2 20 AD FC 14 18 6D F6 14 8D FC
0BDF6F,131,29 18 D0 04 5C 87 DF 0B AD D9 14 29 FE 8D D9 14
03BB8B,131,8D 3D 16 AD 21 16 C9 00 80 6A C9 00 80 6A C9 00
0BD1D0,131,5C EF D1 0B C2 20 B5 0C 8D F8 14 E2 20 C2 20 B5
0BD1CC,131,C9 03 F0 04 5C EF D1 0B C2 20 B5 0C 8D F8 14 E2
0BD0B5,131,29 04 F0 04 5C EF D1 0B AD DF 14 29 01 F0 04 5C
0BD1F1,131,A5 C5 8D FE 14 E2 20 60 20 FD D1 6B E2 20 A9 01
7E3BE0,131,A2 48 01 8E 05 43 A9 00 8D 00 43 A9 01 8D 0B 42
7E3E31,131,AD 02 12 8D 01 12 AD 04 12 8D 03 12 AD 11 1F 29
7E4F87,131,AB AD FD 1E F0 17 A2 00 00 DA 20 A7 4F FA C2 20
7E3BCA,131,A9 04 8D 01 43 A2 00 00 8E 02 21 A2 63 12 8E 02
7E3BC8,131,E2 20 A9 04 8D 01 43 A2 00 00 8E 02 21 A2 63 12
0BDF56,131,5C 6B DF 0B C2 20 AD 73 15 95 0C E2 20 AD C9 1F
7E4F84,131,A9 7E 48 AB AD FD 1E F0 17 A2 00 00 DA 20 A7 4F
0BD6A7,131,5C C2 D6 0B C2 20 AD 32 12 49 FF FF 1A 38 E9 00
7E4F82,131,E2 20 A9 7E 48 AB AD FD 1E F0 17 A2 00 00 DA 20
0BDF73,131,5C 87 DF 0B AD D9 14 29 FE 8D D9 14 AD DA 14 29
7E3BCC,131,8D 01 43 A2 00 00 8E 02 21 A2 63 12 8E 02 43 A9
0BD083,131,A9 04 8D 45 1F B5 23 D0 04 5C B2 D0 0B AD D9 14
0BD1F8,131,60 20 FD D1 6B E2 20 A9 01 8F 28 1A 70 8F 29 1A
0BD1F6,131,E2 20 60 20 FD D1 6B E2 20 A9 01 8F 28 1A 70 8F
0BD1F3,131,8D FE 14 E2 20 60 20 FD D1 6B E2 20 A9 01 8F 28
7E3E2E,131,60 E2 20 AD 02 12 8D 01 12 AD 04 12 8D 03 12 AD
0BD08C,131,5C B2 D0 0B AD D9 14 29 20 D0 04 5C A2 D0 0B A9
0BDDC1,131,AD 37 12 95 14 B5 14 18 6D 09 15 95 14 B5 14 18
0BD085,131,8D 45 1F B5 23 D0 04 5C B2 D0 0B AD D9 14 29 20
7E3BCF,131,A2 00 00 8E 02 21 A2 63 12 8E 02 43 A9 00 8D 04
0BDF54,131,10 04 5C 6B DF 0B C2 20 AD 73 15 95 0C E2 20 AD
0BD113,131,AD FC 14 18 6D F6 14 8D FC 14 E2 20 C2 20 AD F6
1FDAE5,131,B5 10 99 10 00 E2 20 6B C2 20 B9 0C 00 95 0C B9
0BD15A,131,6D 13 15 8D FC 14 E2 20 B5 23 C9 0A F0 06 30 04
0BD159,131,18 6D 13 15 8D FC 14 E2 20 B5 23 C9 0A F0 06 30
03BC3B,131,C9 00 80 6A C9 00 80 6A C9 00 80 6A C9 00 80 6A
0BD145,131,30 0A C9 32 00 30 0D A9 32 00 80 08 C9 38 FF 10
0BD15D,131,8D FC 14 E2 20 B5 23 C9 0A F0 06 30 04 5C BD D1
0BD162,131,B5 23 C9 0A F0 06 30 04 5C BD D1 0B AD 0E 15 8D
0BD160,131,E2 20 B5 23 C9 0A F0 06 30 04 5C BD D1 0B AD 0E
0BD166,131,F0 06 30 04 5C BD D1 0B AD 0E 15 8D 0D 15 C2 20
0BD164,131,C9 0A F0 06 30 04 5C BD D1 0B AD 0E 15 8D 0D 15
0BD168,131,30 04 5C BD D1 0B AD 0E 15 8D 0D 15 C2 20 AD 13
0BD142,131,C9 00 00 30 0A C9 32 00 30 0D A9 32 00 80 08 C9
0BD13E,131,38 ED 13 15 C9 00 00 30 0A C9 32 00 30 0D A9 32
0BDD32,131,C2 20 A9 00 00 CD 32 12 F0 3A 38 ED 32 12 C9 00
0BDD30,131,E2 20 C2 20 A9 00 00 CD 32 12 F0 3A 38 ED 32 12
0BD126,131,F0 0C 30 06 38 E9 01 00 80 04 18 69 01 00 8D F6
0BD13F,131,ED 13 15 C9 00 00 30 0A C9 32 00 30 0D A9 32 00
0BD134,131,8D F6 14 E2 20 C2 20 AD FC 14 38 ED 13 15 C9 00
0BD139,131,C2 20 AD FC 14 38 ED 13 15 C9 00 00 30 0A C9 32
0BD137,131,E2 20 C2 20 AD FC 14 38 ED 13 15 C9 00 00 30 0A
0BD13B,131,AD FC 14 38 ED 13 15 C9 00 00 30 0A C9 32 00 30
0BD116,131,18 6D F6 14 8D FC 14 E2 20 C2 20 AD F6 14 D5 33
0BD16E,131,AD 0E 15 8D 0D 15 C2 20 AD 13 15 CD FC 14 F0 3A
0BD174,131,C2 20 AD 13 15 CD FC 14 F0 3A 38 ED FC 14 C9 00
0BD1C3,131,A9 02 22 0D D6 1F AD DD 14 C9 03 F0 04 5C EF D1
0BD1C0,131,8D C7 14 A9 02 22 0D D6 1F AD DD 14 C9 03 F0 04
7E3BD5,131,A2 63 12 8E 02 43 A9 00 8D 04 43 A2 48 01 8E 05
0BD11D,131,E2 20 C2 20 AD F6 14 D5 33 F0 0C 30 06 38 E9 01
0BD11A,131,8D FC 14 E2 20 C2 20 AD F6 14 D5 33 F0 0C 30 06
0BD117,131,6D F6 14 8D FC 14 E2 20 C2 20 AD F6 14 D5 33 F0
0BD1C5,131,22 0D D6 1F AD DD 14 C9 03 F0 04 5C EF D1 0B C2
0BD1C9,131,AD DD 14 C9 03 F0 04 5C EF D1 0B C2 20 B5 0C 8D
0BD171,131,8D 0D 15 C2 20 AD 13 15 CD FC 14 F0 3A 38 ED FC
0BD1BD,131,AD 0D 15 8D C7 14 A9 02 22 0D D6 1F AD DD 14 C9
0BD11F,131,C2 20 AD F6 14 D5 33 F0 0C 30 06 38 E9 01 00 80
0BD17C,131,F0 3A 38 ED FC 14 C9 00 00 30 0A C9 08 00 10 0D
0BD179,131,CD FC 14 F0 3A 38 ED FC 14 C9 00 00 30 0A C9 08
0BD176,131,AD 13 15 CD FC 14 F0 3A 38 ED FC 14 C9 00 00 30
7E3BDB,131,A9 00 8D 04 43 A2 48 01 8E 05 43 A9 00 8D 00 43
0BDF6C,131,AD D8 14 29 18 D0 04 5C 87 DF 0B AD D9 14 29 FE
0BD1B8,131,8D FC 14 E2 20 AD 0D 15 8D C7 14 A9 02 22 0D D6
0BDF6B,131,60 AD D8 14 29 18 D0 04 5C 87 DF 0B AD D9 14 29
0BD1BB,131,E2 20 AD 0D 15 8D C7 14 A9 02 22 0D D6 1F AD DD
7E4F4F,131,8B 08 E2 20 C2 10 AE 1F 12 B5 1D 29 80 F0 04 5C
7E3BE3,131,8E 05 43 A9 00 8D 00 43 A9 01 8D 0B 42 A9 80 8D
0BD68C,131,D0 04 5C A0 D6 0B C2 20 AD 32 12 18 69 00 03 8D
03BB7E,131,6A C9 00 80 6A C9 00 80 6A C9 00 80 6A 8D 3D 16
03BBDC,131,6A C9 00 80 6A C9 00 80 6A C9 00 80 6A C9 00 80
03BBD5,131,C9 00 80 6A C9 00 80 6A C9 00 80 6A C9 00 80 6A
03BBD2,131,AD 25 16 C9 00 80 6A C9 00 80 6A C9 00 80 6A C9
0BE9D0,131,E2 20 AD DF 14 29 08 F0 04 5C 56 EA 0B AD 02 12
7E4F27,131,09 18 8D 3A 30 8E 1E 30 20 46 4F E2 20 AD 30 30
7E4F24,131,AD 62 12 09 18 8D 3A 30 8E 1E 30 20 46 4F E2 20
03BB00,131,38 E9 80 07 85 90 A9 00 00 38 E5 C3 85 08 A5 C1
03BB16,131,4A 4A 4A 4A 4A E2 20 8D 4D 16 C2 20 A5 C5 29 00
03BBE5,131,C9 00 80 6A C9 00 80 6A C9 00 80 6A 8D 43 16 AD
03BBCF,131,8D 41 16 AD 25 16 C9 00 80 6A C9 00 80 6A C9 00
0BD3AA,131,5C FF D3 0B D6 22 22 4A FC 02 29 0F 8D 97 15 AD
1FDAD9,131,C2 20 B5 0C 99 0C 00 B5 0E 99 0E 00 B5 10 99 10
03BBB3,131,C9 00 80 6A C9 00 80 6A C9 00 80 6A C9 00 80 6A
03BBAD,131,8D 3F 16 AD 23 16 C9 00 80 6A C9 00 80 6A C9 00
03BBCE,131,6A 8D 41 16 AD 25 16 C9 00 80 6A C9 00 80 6A C9
1FDAE0,131,B5 0E 99 0E 00 B5 10 99 10 00 E2 20 6B C2 20 B9
7E4F21,131,8D 34 30 AD 62 12 09 18 8D 3A 30 8E 1E 30 20 46
03BBC2,131,6A C9 00 80 6A C9 00 80 6A C9 00 80 6A 8D 41 16
03BBC6,131,6A C9 00 80 6A C9 00 80 6A 8D 41 16 AD 25 16 C9
03BBA5,131,C9 00 80 6A C9 00 80 6A 8D 3F 16 AD 23 16 C9 00
03BBE8,131,6A C9 00 80 6A C9 00 80 6A 8D 43 16 AD 27 16 C9
7E4F29,131,8D 3A 30 8E 1E 30 20 46 4F E2 20 AD 30 30 29 20
7E3B9C,131,4A 8D 38 30 20 1B 40 6B AD 12 1F D0 01 6B C2 10
7E3B9D,131,8D 38 30 20 1B 40 6B AD 12 1F D0 01 6B C2 10 E2
03BBFF,131,C9 00 80 6A C9 00 80 6A C9 00 80 6A C9 00 80 6A
0BD121,131,AD F6 14 D5 33 F0 0C 30 06 38 E9 01 00 80 04 18
03BB7B,131,C9 00 80 6A C9 00 80 6A C9 00 80 6A C9 00 80 6A
7E4F46,131,22 4F 4F 7E 60 20 A7 4F 6B 8B 08 E2 20 C2 10 AE
03BC02,131,6A C9 00 80 6A C9 00 80 6A C9 00 80 6A C9 00 80
03BC0B,131,C9 00 80 6A C9 00 80 6A 8D 45 16 AD 29 16 C9 00
03BC03,131,C9 00 80 6A C9 00 80 6A C9 00 80 6A C9 00 80 6A
03BBE9,131,C9 00 80 6A C9 00 80 6A 8D 43 16 AD 27 16 C9 00
7E4F32,131,E2 20 AD 30 30 29 20 D0 F9 AD 62 12 8D 3A 30 22
03BBF7,131,C9 00 80 6A C9 00 80 6A C9 00 80 6A C9 00 80 6A
03BBF1,131,8D 43 16 AD 27 16 C9 00 80 6A C9 00 80 6A C9 00
03BCAA,131,8F 48 01 70 AD 49 16 8F 4A 01 70 AD 4B 16 8F 4C
03BBED,131,C9 00 80 6A 8D 43 16 AD 27 16 C9 00 80 6A C9 00
03BBFA,131,6A C9 00 80 6A C9 00 80 6A C9 00 80 6A C9 00 80
7E4F2C,131,8E 1E 30 20 46 4F E2 20 AD 30 30 29 20 D0 F9 AD
03BC4B,131,C9 00 80 6A C9 00 80 6A C9 00 80 6A 8D 49 16 AD
03BC99,131,AD 3D 16 8F 44 01 70 AD 3F 16 8F 46 01 70 AD 47
7E4F2F,131,20 46 4F E2 20 AD 30 30 29 20 D0 F9 AD 62 12 8D
7E3BE6,131,A9 00 8D 00 43 A9 01 8D 0B 42 A9 80 8D 15 21 A9
7E3CA2,131,A9 24 8D 21 21 AD CF 16 F0 0C A9 E0 8D 22 21 A9
7E3BFA,131,A2 A0 2F 8E 16 21 A2 CF 18 8E 02 43 A9 00 8D 04
7E3BA3,131,6B AD 12 1F D0 01 6B C2 10 E2 20 AD 37 21 AD 3C
7E3BA4,131,AD 12 1F D0 01 6B C2 10 E2 20 AD 37 21 AD 3C 21
0BD4DB,131,8D C9 1F AD E1 14 89 80 F0 04 5C 09 D5 0B C2 20
7E3BA7,131,D0 01 6B C2 10 E2 20 AD 37 21 AD 3C 21 EB AD 3C
1FD4C4,131,18 65 3A 6B C9 00 80 6A 85 3A C9 00 80 6A 85 3C
7E4F0C,131,AD C5 14 8F 22 2B 70 AD 0B 1F 8F 2A 1A 70 E2 20
7E4F0A,131,C2 30 AD C5 14 8F 22 2B 70 AD 0B 1F 8F 2A 1A 70
7E3DA8,131,D0 03 82 81 00 10 49 C9 FE F0 3B C9 FD F0 2F AD
1FD4CC,131,85 3A C9 00 80 6A 85 3C C9 00 80 6A 18 65 3A 18
7E4F0F,131,8F 22 2B 70 AD 0B 1F 8F 2A 1A 70 E2 20 A9 01 A2
0BD341,131,5C A6 D3 0B AD F5 14 C9 02 D0 04 5C A1 D3 0B 10
0BDF4B,131,C2 20 B5 0C CD 73 15 E2 20 10 04 5C 6B DF 0B C2
1FD4BA,131,C9 00 80 6A 85 3A C9 00 80 6A 18 65 3A 6B C9 00
0BDF52,131,E2 20 10 04 5C 6B DF 0B C2 20 AD 73 15 95 0C E2
7E3BE8,131,8D 00 43 A9 01 8D 0B 42 A9 80 8D 15 21 A9 18 8D
7E3BAA,131,C2 10 E2 20 AD 37 21 AD 3C 21 EB AD 3C 21 EB C2
0BD4DE,131,AD E1 14 89 80 F0 04 5C 09 D5 0B C2 20 B5 0E CD
0BDF4D,131,B5 0C CD 73 15 E2 20 10 04 5C 6B DF 0B C2 20 AD
0BDF4F,131,CD 73 15 E2 20 10 04 5C 6B DF 0B C2 20 AD 73 15
7E3BEB,131,A9 01 8D 0B 42 A9 80 8D 15 21 A9 18 8D 01 43 A2
03BB87,131,C9 00 80 6A 8D 3D 16 AD 21 16 C9 00 80 6A C9 00
0BDF34,131,30 04 5C 4B DF 0B C2 20 AD 71 15 95 0C E2 20 AD
1FD4D4,131,C9 00 80 6A 18 65 3A 18 65 3C 6B C9 00 80 6A 85
0BDF32,131,F0 06 30 04 5C 4B DF 0B C2 20 AD 71 15 95 0C E2
7E4F1C,131,A9 01 A2 1D AC 8D 34 30 AD 62 12 09 18 8D 3A 30
0BEB10,131,C9 00 80 6A 10 03 69 00 00 C9 00 80 6A 10 03 69
0BD08A,131,D0 04 5C B2 D0 0B AD D9 14 29 20 D0 04 5C A2 D0
7E3BF5,131,A9 18 8D 01 43 A2 A0 2F 8E 16 21 A2 CF 18 8E 02
7E3BF7,131,8D 01 43 A2 A0 2F 8E 16 21 A2 CF 18 8E 02 43 A9
7E4F1E,131,A2 1D AC 8D 34 30 AD 62 12 09 18 8D 3A 30 8E 1E
0BDF8C,131,F0 04 5C EB DF 0B C2 20 B5 0C 8D 1D 15 E2 20 C2
7E4F13,131,AD 0B 1F 8F 2A 1A 70 E2 20 A9 01 A2 1D AC 8D 34
0BDF87,131,AD DD 14 C9 03 F0 04 5C EB DF 0B C2 20 B5 0C 8D
7E3BF2,131,8D 15 21 A9 18 8D 01 43 A2 A0 2F 8E 16 21 A2 CF
7E3BA0,131,20 1B 40 6B AD 12 1F D0 01 6B C2 10 E2 20 AD 37
7E4F1A,131,E2 20 A9 01 A2 1D AC 8D 34 30 AD 62 12 09 18 8D
7E4F16,131,8F 2A 1A 70 E2 20 A9 01 A2 1D AC 8D 34 30 AD 62
03BB9C,131,6A C9 00 80 6A C9 00 80 6A C9 00 80 6A C9 00 80
7E3BED,131,8D 0B 42 A9 80 8D 15 21 A9 18 8D 01 43 A2 A0 2F
0BD0C0,131,29 01 F0 04 5C 11 D1 0B C2 20 AD 9A 15 CD CD 18
7E3BF0,131,A9 80 8D 15 21 A9 18 8D 01 43 A2 A0 2F 8E 16 21
0BBBEE,131,80 06 B5 0C 22 DF D4 1F 8D F8 14 B5 0E 38 ED 8B
1FDAE2,131,99 0E 00 B5 10 99 10 00 E2 20 6B C2 20 B9 0C 00
0BDE4C,131,18 6D 04 15 95 14 AD DC 14 29 10 D0 04 5C BB DE
0BDEF5,131,18 6D 07 15 8D 07 15 18 6D 05 15 8D 05 15 AD 05
0BD7DC,131,AD D8 14 29 02 D0 03 82 87 00 C2 20 A9 00 FE 8D
7E3CEC,131,09 50 8D 0B 21 20 99 40 20 1B 40 C2 20 AD 18 42
03BBB0,131,AD 23 16 C9 00 80 6A C9 00 80 6A C9 00 80 6A C9
03BBD9,131,C9 00 80 6A C9 00 80 6A C9 00 80 6A C9 00 80 6A
0BD7DF,131,29 02 D0 03 82 87 00 C2 20 A9 00 FE 8D 05 15 E2
0BD7E3,131,82 87 00 C2 20 A9 00 FE 8D 05 15 E2 20 C2 20 A9
0BD7E1,131,D0 03 82 87 00 C2 20 A9 00 FE 8D 05 15 E2 20 C2
0BDD3A,131,F0 3A 38 ED 32 12 C9 00 00 30 0A C9 08 00 10 0D
0BEB26,131,AB 60 E2 20 AD D8 14 C2 20 29 18 00 F0 37 89 08
0BDF36,131,5C 4B DF 0B C2 20 AD 71 15 95 0C E2 20 AD C9 1F
0BEAD5,131,85 65 22 62 FC 02 A5 66 85 08 A5 67 85 09 C2 30
03BBA4,131,6A C9 00 80 6A C9 00 80 6A 8D 3F 16 AD 23 16 C9
0BEB13,131,6A 10 03 69 00 00 C9 00 80 6A 10 03 69 00 00 95
7E51FB,131,09 00 FF 80 03 29 FF 00 85 02 A5 F6 29 0F 00 F0
0BD752,131,82 87 00 C2 20 A9 00 02 8D 05 15 E2 20 C2 20 A9
03BBA8,131,6A C9 00 80 6A 8D 3F 16 AD 23 16 C9 00 80 6A C9
0BDD90,131,AD 36 12 C9 00 00 30 0A C9 00 06 30 0D A9 00 06
03BB98,131,6A C9 00 80 6A C9 00 80 6A C9 00 80 6A C9 00 80
03BAF8,131,A5 C5 29 FF 00 49 FF 00 38 E9 80 07 85 90 A9 00
03BBA1,131,C9 00 80 6A C9 00 80 6A C9 00 80 6A 8D 3F 16 AD
03BB68,131,6A 8D 3B 16 AD 1F 16 C9 00 80 6A C9 00 80 6A C9
0BD750,131,D0 03 82 87 00 C2 20 A9 00 02 8D 05 15 E2 20 C2
0BDF30,131,E2 20 F0 06 30 04 5C 4B DF 0B C2 20 AD 71 15 95
03BBBA,131,6A C9 00 80 6A C9 00 80 6A C9 00 80 6A C9 00 80
7E3D2D,131,64 00 6B E2 20 AD DF 1F F0 19 AD 37 1F 8D 10 21
03BC07,131,C9 00 80 6A C9 00 80 6A C9 00 80 6A 8D 45 16 AD
03BBFE,131,6A C9 00 80 6A C9 00 80 6A C9 00 80 6A C9 00 80
0BD40B,131,9C 99 15 C2 20 AD 7B 15 8D 1D 15 E2 20 C2 20 AD
03BC0A,131,6A C9 00 80 6A C9 00 80 6A 8D 45 16 AD 29 16 C9
0BDEF9,131,8D 07 15 18 6D 05 15 8D 05 15 AD 05 15 C9 00 80
0BDEFC,131,18 6D 05 15 8D 05 15 AD 05 15 C9 00 80 6A C9 00
0BDEEC,131,C2 20 AD 05 15 49 FF FF 1A 18 6D 07 15 8D 07 15
0BDEF4,131,1A 18 6D 07 15 8D 07 15 18 6D 05 15 8D 05 15 AD
0BEB2F,131,29 18 00 F0 37 89 08 00 F0 14 89 10 00 D0 1E A9
0BDDB4,131,AD 35 12 95 13 B5 13 18 6D 2D 15 95 13 AD 37 12
03BBEC,131,6A C9 00 80 6A 8D 43 16 AD 27 16 C9 00 80 6A C9
03BBC7,131,C9 00 80 6A C9 00 80 6A 8D 41 16 AD 25 16 C9 00
03BBBF,131,C9 00 80 6A C9 00 80 6A C9 00 80 6A C9 00 80 6A
0BDF29,131,C2 20 B5 0C CD 71 15 E2 20 F0 06 30 04 5C 4B DF
0BDF12,131,18 6D 05 15 8D 05 15 E2 20 B5 14 8D C5 14 60 AD
0BDF24,131,29 F3 8D C9 1F C2 20 B5 0C CD 71 15 E2 20 F0 06
03BBD8,131,6A C9 00 80 6A C9 00 80 6A C9 00 80 6A C9 00 80
03BBCA,131,6A C9 00 80 6A 8D 41 16 AD 25 16 C9 00 80 6A C9
03BBE0,131,6A C9 00 80 6A C9 00 80 6A C9 00 80 6A C9 00 80
03BBDD,131,C9 00 80 6A C9 00 80 6A C9 00 80 6A C9 00 80 6A
0BDEE6,131,F0 04 5C 1B DF 0B C2 20 AD 05 15 49 FF FF 1A 18
0BD74E,131,89 04 D0 03 82 87 00 C2 20 A9 00 02 8D 05 15 E2
0BEB0B,131,10 03 69 00 00 C9 00 80 6A 10 03 69 00 00 C9 00
0BD6D5,131,D0 04 5C E3 D6 0B B9 1D 00 09 80 99 1D 00 AC 67
0BD6D0,131,AD E0 14 89 08 D0 04 5C E3 D6 0B B9 1D 00 09 80
0BEAD7,131,22 62 FC 02 A5 66 85 08 A5 67 85 09 C2 30 FA A5
03BB59,131,C9 00 80 6A C9 00 80 6A C9 00 80 6A C9 00 80 6A
03BB5D,131,C9 00 80 6A C9 00 80 6A C9 00 80 6A 8D 3B 16 AD
0BEADB,131,A5 66 85 08 A5 67 85 09 C2 30 FA A5 02 C9 00 80
0BD6D7,131,5C E3 D6 0B B9 1D 00 09 80 99 1D 00 AC 67 15 AD
03BB65,131,C9 00 80 6A 8D 3B 16 AD 1F 16 C9 00 80 6A C9 00
0BEADD,131,85 08 A5 67 85 09 C2 30 FA A5 02 C9 00 80 6A 10
03BBF4,131,AD 27 16 C9 00 80 6A C9 00 80 6A C9 00 80 6A C9
0BD6CA,131,F0 04 5C DB D6 0B AD E0 14 89 08 D0 04 5C E3 D6
0BD6C5,131,AD E0 14 89 04 F0 04 5C DB D6 0B AD E0 14 89 08
1FD612,131,ED C7 14 F0 23 10 03 49 FF 1A C5 3A 10 05 AD C7
1FD60F,131,B5 15 38 ED C7 14 F0 23 10 03 49 FF 1A C5 3A 10
1FD60D,131,85 3A B5 15 38 ED C7 14 F0 23 10 03 49 FF 1A C5
0BD6C8,131,89 04 F0 04 5C DB D6 0B AD E0 14 89 08 D0 04 5C
1FD615,131,F0 23 10 03 49 FF 1A C5 3A 10 05 AD C7 14 80 11
0BEAD3,131,A5 3A 85 65 22 62 FC 02 A5 66 85 08 A5 67 85 09
03BB54,131,6A C9 00 80 6A C9 00 80 6A C9 00 80 6A C9 00 80
0BD6C2,131,AC 65 15 AD E0 14 89 04 F0 04 5C DB D6 0B AD E0
03BB58,131,6A C9 00 80 6A C9 00 80 6A C9 00 80 6A C9 00 80
0BD74B,131,AD D8 14 89 04 D0 03 82 87 00 C2 20 A9 00 02 8D
03BB42,131,A5 B7 85 90 E2 20 C2 20 AD 1D 16 C9 00 80 6A C9
03BB72,131,6A C9 00 80 6A C9 00 80 6A C9 00 80 6A C9 00 80
0BD709,131,D0 04 5C 29 D7 0B C2 20 B5 0C 18 6D 8F 15 95 0C
0BD707,131,89 01 D0 04 5C 29 D7 0B C2 20 B5 0C 18 6D 8F 15
0BD704,131,AD E0 14 89 01 D0 04 5C 29 D7 0B C2 20 B5 0C 18
0BD6F8,131,5C 04 D7 0B B9 1D 00 09 80 99 1D 00 AD E0 14 89
0BD70B,131,5C 29 D7 0B C2 20 B5 0C 18 6D 8F 15 95 0C E2 20
0BD72C,131,89 02 D0 04 5C 4B D7 0B C2 20 B5 0C 18 6D 8F 15
0BD729,131,AD E0 14 89 02 D0 04 5C 4B D7 0B C2 20 B5 0C 18
0BD730,131,5C 4B D7 0B C2 20 B5 0C 18 6D 8F 15 95 0C E2 20
0BD72E,131,D0 04 5C 4B D7 0B C2 20 B5 0C 18 6D 8F 15 95 0C
0BD6E3,131,AC 67 15 AD E0 14 89 10 F0 04 5C FC D6 0B AD E0
0BD6F6,131,D0 04 5C 04 D7 0B B9 1D 00 09 80 99 1D 00 AD E0
0BD6F4,131,89 20 D0 04 5C 04 D7 0B B9 1D 00 09 80 99 1D 00
0BD6E9,131,89 10 F0 04 5C FC D6 0B AD E0 14 89 20 D0 04 5C
03BB73,131,C9 00 80 6A C9 00 80 6A C9 00 80 6A C9 00 80 6A
0BD6E6,131,AD E0 14 89 10 F0 04 5C FC D6 0B AD E0 14 89 20
0BEA14,131,29 FD 8D C9 1F AD 02 12 29 02 D0 04 5C 2F EA 0B
0BEAF1,131,C9 00 80 6A 10 03 69 00 00 C9 00 80 6A 10 03 69
03BB76,131,6A C9 00 80 6A C9 00 80 6A C9 00 80 6A C9 00 80
0BD6EB,131,F0 04 5C FC D6 0B AD E0 14 89 20 D0 04 5C 04 D7
0BD6F1,131,AD E0 14 89 20 D0 04 5C 04 D7 0B B9 1D 00 09 80
03BB82,131,6A C9 00 80 6A C9 00 80 6A 8D 3D 16 AD 21 16 C9
0BEACD,131,85 63 A5 09 85 64 A5 3A 85 65 22 62 FC 02 A5 66
03BC0E,131,6A C9 00 80 6A 8D 45 16 AD 29 16 C9 00 80 6A C9
03BC12,131,6A 8D 45 16 AD 29 16 C9 00 80 6A C9 00 80 6A C9
0BEB2D,131,C2 20 29 18 00 F0 37 89 08 00 F0 14 89 10 00 D0
0BD6D3,131,89 08 D0 04 5C E3 D6 0B B9 1D 00 09 80 99 1D 00
0BEB0A,131,6A 10 03 69 00 00 C9 00 80 6A 10 03 69 00 00 C9
03BC53,131,C9 00 80 6A 8D 49 16 AD 2D 16 C9 00 80 6A C9 00
0BD8B1,131,AD 64 19 C9 FF F0 04 5C 58 DC 0B AD D3 1F F0 04
02DA5F,131,22 0A 4F 7E 20 07 E2 E2 20 AD D3 1F F0 03 EE 12
0BD8B4,131,C9 FF F0 04 5C 58 DC 0B AD D3 1F F0 04 5C 58 DC
03BC4F,131,C9 00 80 6A C9 00 80 6A 8D 49 16 AD 2D 16 C9 00
0BD8B6,131,F0 04 5C 58 DC 0B AD D3 1F F0 04 5C 58 DC 0B AD
0BBBE8,131,B5 0C 22 C8 D4 1F 80 06 B5 0C 22 DF D4 1F 8D F8
0BD8A2,131,5C B1 D8 0B AD DA 14 29 FB 8D DA 14 82 C7 00 AD
0BD8A0,131,D0 04 5C B1 D8 0B AD DA 14 29 FB 8D DA 14 82 C7
03BBA0,131,6A C9 00 80 6A C9 00 80 6A C9 00 80 6A 8D 3F 16
03BB8A,131,6A 8D 3D 16 AD 21 16 C9 00 80 6A C9 00 80 6A C9
03BB86,131,6A C9 00 80 6A 8D 3D 16 AD 21 16 C9 00 80 6A C9
0BDC8E,131,8D 09 15 C2 20 A9 00 00 CD 34 12 F0 3A 38 ED 34
03BBA9,131,C9 00 80 6A 8D 3F 16 AD 23 16 C9 00 80 6A C9 00
0BD89B,131,AD DA 14 29 04 D0 04 5C B1 D8 0B AD DA 14 29 FB
0BEAA9,131,64 08 AD E5 14 85 3A DA E2 10 A5 02 85 63 A5 03
03BC4A,131,6A C9 00 80 6A C9 00 80 6A C9 00 80 6A 8D 49 16
0BD89E,131,29 04 D0 04 5C B1 D8 0B AD DA 14 29 FB 8D DA 14
03BB7F,131,C9 00 80 6A C9 00 80 6A C9 00 80 6A 8D 3D 16 AD
0BD8BC,131,AD D3 1F F0 04 5C 58 DC 0B AD D8 14 89 20 F0 04
03BC74,131,6A C9 00 80 6A 8D 4B 16 E2 20 C2 20 A5 02 8F 62
0BDC96,131,CD 34 12 F0 3A 38 ED 34 12 C9 00 00 30 0A C9 08
0BBBFF,131,22 BA D4 1F 18 6D 8B 15 8D FA 14 E2 20 20 83 D0
0BDDDE,131,AD 03 15 F0 04 5C 23 DE 0B A9 00 CD 04 15 F0 2F
7E3E48,131,7C 4B 3E 53 3E 60 3E 83 3E A8 3E AD 18 42 8D 04
0BDDC9,131,6D 09 15 95 14 B5 14 18 6D 06 15 95 14 B5 14 18
0BDDC6,131,B5 14 18 6D 09 15 95 14 B5 14 18 6D 06 15 95 14
0BDC93,131,A9 00 00 CD 34 12 F0 3A 38 ED 34 12 C9 00 00 30
03BCCA,131,8F 52 01 70 E2 30 6B E2 20 C2 10 A9 01 A2 61 A8
03BC95,131,8F 42 01 70 AD 3D 16 8F 44 01 70 AD 3F 16 8F 46
0BD8BF,131,F0 04 5C 58 DC 0B AD D8 14 89 20 F0 04 5C 58 DC
0BDDE9,131,CD 04 15 F0 2F 38 ED 04 15 C9 00 30 08 C9 08 10
7E526E,131,85 6E B9 0A 00 8D 5A 12 B9 0C 00 8D 5C 12 B9 0E
0BD8C5,131,AD D8 14 89 20 F0 04 5C 58 DC 0B AD 2B 15 F0 06
03BC78,131,6A 8D 4B 16 E2 20 C2 20 A5 02 8F 62 00 70 A5 08
0BBC0A,131,E2 20 20 83 D0 6B E2 20 C2 10 AE 3A 12 C2 20 A9
0BD33A,131,AD D9 14 29 02 D0 04 5C A6 D3 0B AD F5 14 C9 02
03BC3F,131,C9 00 80 6A C9 00 80 6A C9 00 80 6A C9 00 80 6A
0BD8CA,131,F0 04 5C 58 DC 0B AD 2B 15 F0 06 CE 2B 15 82 7D
0BD8C8,131,89 20 F0 04 5C 58 DC 0B AD 2B 15 F0 06 CE 2B 15
0BDE20,131,82 27 00 AD 03 15 18 6D 04 15 8D 04 15 AD 03 15
03BCBE,131,C2 10 AD 4D 16 8F 50 01 70 AD 4E 16 8F 52 01 70
03BC0F,131,C9 00 80 6A 8D 45 16 AD 29 16 C9 00 80 6A C9 00
03BB64,131,6A C9 00 80 6A 8D 3B 16 AD 1F 16 C9 00 80 6A C9
03BC47,131,C9 00 80 6A C9 00 80 6A C9 00 80 6A C9 00 80 6A
0BD871,131,5C 85 D8 0B D6 23 F0 04 5C 85 D8 0B AD D9 14 29
0BD86F,131,D0 04 5C 85 D8 0B D6 23 F0 04 5C 85 D8 0B AD D9
03BC24,131,6A C9 00 80 6A C9 00 80 6A C9 00 80 6A C9 00 80
0BD86D,131,B5 23 D0 04 5C 85 D8 0B D6 23 F0 04 5C 85 D8 0B
03BC2C,131,6A C9 00 80 6A C9 00 80 6A 8D 47 16 AD 2B 16 C9
0BDCE5,131,CD 36 12 F0 43 38 ED 36 12 C9 00 00 30 0A C9 10
0BDCE8,131,F0 43 38 ED 36 12 C9 00 00 30 0A C9 10 00 10 0D
0BDCE2,131,A9 00 00 CD 36 12 F0 43 38 ED 36 12 C9 00 00 30
03BC30,131,6A C9 00 80 6A 8D 47 16 AD 2B 16 C9 00 80 6A C9
03BAEA,131,A5 C1 29 FF 00 49 FF 00 38 E9 80 07 85 02 A5 C5
03BC21,131,C9 00 80 6A C9 00 80 6A C9 00 80 6A C9 00 80 6A
03BC1D,131,C9 00 80 6A C9 00 80 6A C9 00 80 6A C9 00 80 6A
03BC16,131,AD 29 16 C9 00 80 6A C9 00 80 6A C9 00 80 6A C9
02DA50,131,C2 30 AD FB 16 8F 9E 01 70 F0 04 22 E3 BA 03 22
03BC13,131,8D 45 16 AD 29 16 C9 00 80 6A C9 00 80 6A C9 00
03BC20,131,6A C9 00 80 6A C9 00 80 6A C9 00 80 6A C9 00 80
03BCD0,131,6B E2 20 C2 10 A9 01 A2 61 A8 22 E3 4E 7E E2 30
03BC19,131,C9 00 80 6A C9 00 80 6A C9 00 80 6A C9 00 80 6A
03BB94,131,6A C9 00 80 6A C9 00 80 6A C9 00 80 6A C9 00 80
0BDEC2,131,5C E1 DE 0B C2 20 AD 09 15 89 80 00 F0 05 09 00
03BC1C,131,6A C9 00 80 6A C9 00 80 6A C9 00 80 6A C9 00 80
03BB61,131,C9 00 80 6A C9 00 80 6A 8D 3B 16 AD 1F 16 C9 00
03BBE1,131,C9 00 80 6A C9 00 80 6A C9 00 80 6A C9 00 80 6A
03BAFD,131,49 FF 00 38 E9 80 07 85 90 A9 00 00 38 E5 C3 85
03BC3E,131,6A C9 00 80 6A C9 00 80 6A C9 00 80 6A C9 00 80
0BD88A,131,D0 04 5C 9B D8 0B AD D9 14 29 EF 8D D9 14 82 69
0BDCDA,131,B5 1E 29 FE 95 1E C2 20 A9 00 00 CD 36 12 F0 43
03BB40,131,85 08 A5 B7 85 90 E2 20 C2 20 AD 1D 16 C9 00 80
0BDCD8,131,E2 20 B5 1E 29 FE 95 1E C2 20 A9 00 00 CD 36 12
0BDCD5,131,8D 34 12 E2 20 B5 1E 29 FE 95 1E C2 20 A9 00 00
03BC43,131,C9 00 80 6A C9 00 80 6A C9 00 80 6A C9 00 80 6A
0BD88C,131,5C 9B D8 0B AD D9 14 29 EF 8D D9 14 82 69 00 AD
03BC46,131,6A C9 00 80 6A C9 00 80 6A C9 00 80 6A C9 00 80
0BDF8A,131,C9 03 F0 04 5C EB DF 0B C2 20 B5 0C 8D 1D 15 E2
0BDCDC,131,29 FE 95 1E C2 20 A9 00 00 CD 36 12 F0 43 38 ED
0BDCDE,131,95 1E C2 20 A9 00 00 CD 36 12 F0 43 38 ED 36 12
03BB22,131,A5 C5 29 00 FF 4A 4A 4A 4A 4A 4A 4A 4A E2 20 8D
03BB1D,131,8D 4D 16 C2 20 A5 C5 29 00 FF 4A 4A 4A 4A 4A 4A
03BB13,131,4A 4A 4A 4A 4A 4A 4A 4A E2 20 8D 4D 16 C2 20 A5
0BD888,131,29 10 D0 04 5C 9B D8 0B AD D9 14 29 EF 8D D9 14
0BD885,131,AD D9 14 29 10 D0 04 5C 9B D8 0B AD D9 14 29 EF
03BC35,131,8D 47 16 AD 2B 16 C9 00 80 6A C9 00 80 6A C9 00
03BB3A,131,A5 B3 85 02 A5 B5 85 08 A5 B7 85 90 E2 20 C2 20
0BDCE0,131,C2 20 A9 00 00 CD 36 12 F0 43 38 ED 36 12 C9 00
0BDEF6,131,6D 07 15 8D 07 15 18 6D 05 15 8D 05 15 AD 05 15
0BEACB,131,A5 08 85 63 A5 09 85 64 A5 3A 85 65 22 62 FC 02
0BD6A5,131,D0 04 5C C2 D6 0B C2 20 AD 32 12 49 FF FF 1A 38
7E4F88,131,AD FD 1E F0 17 A2 00 00 DA 20 A7 4F FA C2 20 8A
03BC56,131,6A 8D 49 16 AD 2D 16 C9 00 80 6A C9 00 80 6A C9
0BD68A,131,89 14 D0 04 5C A0 D6 0B C2 20 AD 32 12 18 69 00
0BD687,131,AD E0 14 89 14 D0 04 5C A0 D6 0B C2 20 AD 32 12
7E4F8B,131,F0 17 A2 00 00 DA 20 A7 4F FA C2 20 8A 18 69 0A
03BCB8,131,8F 4C 01 70 E2 20 C2 10 AD 4D 16 8F 50 01 70 AD
7E4F8D,131,A2 00 00 DA 20 A7 4F FA C2 20 8A 18 69 0A 00 AA
0BD4D6,131,AD C9 1F 29 FC 8D C9 1F AD E1 14 89 80 F0 04 5C
03BBBE,131,6A C9 00 80 6A C9 00 80 6A C9 00 80 6A C9 00 80
0BDE57,131,D0 04 5C BB DE 0B AD D8 14 29 18 D0 04 5C 7F DE
7E4F50,131,08 E2 20 C2 10 AE 1F 12 B5 1D 29 80 F0 04 5C 68
0BD46D,131,89 80 D0 04 5C D6 D4 0B C2 20 B5 31 E2 20 10 04
0BD457,131,B5 15 8D 0B 15 89 80 F0 07 A9 FF 8D 0C 15 80 03
0BD454,131,20 28 EB B5 15 8D 0B 15 89 80 F0 07 A9 FF 8D 0C
0BD451,131,8D E0 14 20 28 EB B5 15 8D 0B 15 89 80 F0 07 A9
0BD46F,131,D0 04 5C D6 D4 0B C2 20 B5 31 E2 20 10 04 5C D6
0BD459,131,8D 0B 15 89 80 F0 07 A9 FF 8D 0C 15 80 03 9C 0C
0BD45E,131,F0 07 A9 FF 8D 0C 15 80 03 9C 0C 15 AD E0 14 89
0BD45C,131,89 80 F0 07 A9 FF 8D 0C 15 80 03 9C 0C 15 AD E0
0BD46A,131,AD E0 14 89 80 D0 04 5C D6 D4 0B C2 20 B5 31 E2
0BD467,131,9C 0C 15 AD E0 14 89 80 D0 04 5C D6 D4 0B C2 20
0BD44E,131,2D E1 14 8D E0 14 20 28 EB B5 15 8D 0B 15 89 80
03BBB6,131,6A C9 00 80 6A C9 00 80 6A C9 00 80 6A C9 00 80
0BD4E5,131,5C 09 D5 0B C2 20 B5 0E CD 7B 15 E2 20 10 04 5C
0BD516,131,5C 2B D5 0B C2 20 AD 79 15 95 0E E2 20 AD C9 1F
0BD514,131,30 04 5C 2B D5 0B C2 20 AD 79 15 95 0E E2 20 AD
0BD512,131,F0 06 30 04 5C 2B D5 0B C2 20 AD 79 15 95 0E E2
0BD510,131,E2 20 F0 06 30 04 5C 2B D5 0B C2 20 AD 79 15 95
7E4101,131,A9 E0 8D 32 21 A9 07 8D 2D 21 9C 23 21 9C 24 21
7E414E,131,8E A9 18 8D A7 18 8D 32 43 E2 20 AD AB 18 49 01
7E411C,131,60 A9 BB 8D 23 21 A9 BB 8D 24 21 A9 0B 8D 25 21
7E415C,131,49 01 8D AB 18 28 60 0F 00 FF 01 10 EF 01 10 EF
0BD530,131,D0 04 5C 87 D6 0B AD D8 14 89 A0 F0 04 5C F5 D5
0BD4E1,131,89 80 F0 04 5C 09 D5 0B C2 20 B5 0E CD 7B 15 E2
0BD509,131,C2 20 B5 0E CD 79 15 E2 20 F0 06 30 04 5C 2B D5
0BEAAE,131,85 3A DA E2 10 A5 02 85 63 A5 03 85 64 A5 3A 85
0BBBE3,131,20 AA E8 C2 20 B5 0C 22 C8 D4 1F 80 06 B5 0C 22
0BDE55,131,29 10 D0 04 5C BB DE 0B AD D8 14 29 18 D0 04 5C
1FDAEC,131,6B C2 20 B9 0C 00 95 0C B9 0E 00 95 0E B9 10 00
03BB8E,131,AD 21 16 C9 00 80 6A C9 00 80 6A C9 00 80 6A C9
0BDE52,131,AD DC 14 29 10 D0 04 5C BB DE 0B AD D8 14 29 18
0BDE50,131,95 14 AD DC 14 29 10 D0 04 5C BB DE 0B AD D8 14
1FD611,131,38 ED C7 14 F0 23 10 03 49 FF 1A C5 3A 10 05 AD
0BDE4A,131,B5 14 18 6D 04 15 95 14 AD DC 14 29 10 D0 04 5C
0BDE4D,131,6D 04 15 95 14 AD DC 14 29 10 D0 04 5C BB DE 0B
7E415E,131,8D AB 18 28 60 0F 00 FF 01 10 EF 01 10 EF 01 10
0BD44B,131,AD E0 14 2D E1 14 8D E0 14 20 28 EB B5 15 8D 0B
0BD42E,131,10 04 5C 4B D4 0B C2 20 B5 0E CD 1D 15 E2 20 D0
7E3E56,131,8D 04 12 AD 19 42 8D 02 12 60 AD 18 42 8D 04 12
0BD52B,131,AD D2 14 89 20 D0 04 5C 87 D6 0B AD D8 14 89 A0
0BDEBB,131,AD DD 14 C9 03 F0 04 5C E1 DE 0B C2 20 AD 09 15
0BDEBE,131,C9 03 F0 04 5C E1 DE 0B C2 20 AD 09 15 89 80 00
03BBBB,131,C9 00 80 6A C9 00 80 6A C9 00 80 6A C9 00 80 6A
03BBB7,131,C9 00 80 6A C9 00 80 6A C9 00 80 6A C9 00 80 6A
03BBC3,131,C9 00 80 6A C9 00 80 6A C9 00 80 6A 8D 41 16 AD
03BCB5,131,AD 4B 16 8F 4C 01 70 E2 20 C2 10 AD 4D 16 8F 50
03BCB1,131,8F 4A 01 70 AD 4B 16 8F 4C 01 70 E2 20 C2 10 AD
1FD4D7,131,6A 18 65 3A 18 65 3C 6B C9 00 80 6A 85 3A C9 00
0BDEC0,131,F0 04 5C E1 DE 0B C2 20 AD 09 15 89 80 00 F0 05
0BD50B,131,B5 0E CD 79 15 E2 20 F0 06 30 04 5C 2B D5 0B C2
0BDEE1,131,AD D8 14 89 06 F0 04 5C 1B DF 0B C2 20 AD 05 15
0BDEEE,131,AD 05 15 49 FF FF 1A 18 6D 07 15 8D 07 15 18 6D
0BDEF1,131,49 FF FF 1A 18 6D 07 15 8D 07 15 18 6D 05 15 8D
0BD50D,131,CD 79 15 E2 20 F0 06 30 04 5C 2B D5 0B C2 20 AD
7E3DA4,131,60 AD B4 18 D0 03 82 81 00 10 49 C9 FE F0 3B C9
0BD4D9,131,29 FC 8D C9 1F AD E1 14 89 80 F0 04 5C 09 D5 0B
7E3DAA,131,82 81 00 10 49 C9 FE F0 3B C9 FD F0 2F AD B5 18
7E3E44,131,A9 00 EB AA 7C 4B 3E 53 3E 60 3E 83 3E A8 3E AD
7E3E5F,131,60 AD 18 42 8D 04 12 AD 19 42 29 C0 4A 4A 4A 4A
0BD430,131,5C 4B D4 0B C2 20 B5 0E CD 1D 15 E2 20 D0 04 5C
1FD4DB,131,18 65 3C 6B C9 00 80 6A 85 3A C9 00 80 6A 85 3C
0BDDE7,131,A9 00 CD 04 15 F0 2F 38 ED 04 15 C9 00 30 08 C9
0BD420,131,8D 1D 15 E2 20 C2 20 B5 0E CD 1D 15 E2 20 10 04
0BD41E,131,F5 31 8D 1D 15 E2 20 C2 20 B5 0E CD 1D 15 E2 20
0BD41D,131,38 F5 31 8D 1D 15 E2 20 C2 20 B5 0E CD 1D 15 E2
0BD41A,131,AD 1D 15 38 F5 31 8D 1D 15 E2 20 C2 20 B5 0E CD
0BD423,131,E2 20 C2 20 B5 0E CD 1D 15 E2 20 10 04 5C 4B D4
0BD427,131,B5 0E CD 1D 15 E2 20 10 04 5C 4B D4 0B C2 20 B5
0BD425,131,C2 20 B5 0E CD 1D 15 E2 20 10 04 5C 4B D4 0B C2
0BD42C,131,E2 20 10 04 5C 4B D4 0B C2 20 B5 0E CD 1D 15 E2
0BD429,131,CD 1D 15 E2 20 10 04 5C 4B D4 0B C2 20 B5 0E CD
0BDDE1,131,F0 04 5C 23 DE 0B A9 00 CD 04 15 F0 2F 38 ED 04
0BD418,131,C2 20 AD 1D 15 38 F5 31 8D 1D 15 E2 20 C2 20 B5
0BD413,131,8D 1D 15 E2 20 C2 20 AD 1D 15 38 F5 31 8D 1D 15
0BD405,131,9C 97 15 9C 98 15 9C 99 15 C2 20 AD 7B 15 8D 1D
0BD403,131,95 1F 9C 97 15 9C 98 15 9C 99 15 C2 20 AD 7B 15
7E414B,131,AD A9 18 8E A9 18 8D A7 18 8D 32 43 E2 20 AD AB
0BD416,131,E2 20 C2 20 AD 1D 15 38 F5 31 8D 1D 15 E2 20 C2
0BDE1D,131,8D 04 15 82 27 00 AD 03 15 18 6D 04 15 8D 04 15
03BCC3,131,8F 50 01 70 AD 4E 16 8F 52 01 70 E2 30 6B E2 20
0BD408,131,9C 98 15 9C 99 15 C2 20 AD 7B 15 8D 1D 15 E2 20
0BD410,131,AD 7B 15 8D 1D 15 E2 20 C2 20 AD 1D 15 38 F5 31
0BD40E,131,C2 20 AD 7B 15 8D 1D 15 E2 20 C2 20 AD 1D 15 38
0BEAC3,131,A5 66 85 02 A5 67 85 03 A5 08 85 63 A5 09 85 64
1FD4BD,131,6A 85 3A C9 00 80 6A 18 65 3A 6B C9 00 80 6A 85
1FD4C0,131,C9 00 80 6A 18 65 3A 6B C9 00 80 6A 85 3A C9 00
0BDD9B,131,30 0D A9 00 06 80 08 C9 00 FA 10 03 A9 00 FA 8D
03BB31,131,8D 4E 16 22 3C B9 03 C2 20 A5 B3 85 02 A5 B5 85
0BEA1E,131,D0 04 5C 2F EA 0B AD E1 14 29 01 D0 04 5C 37 EA
0BEA19,131,AD 02 12 29 02 D0 04 5C 2F EA 0B AD E1 14 29 01
0BDD98,131,C9 00 06 30 0D A9 00 06 80 08 C9 00 FA 10 03 A9
0BDD96,131,30 0A C9 00 06 30 0D A9 00 06 80 08 C9 00 FA 10
0BEAB7,131,A5 03 85 64 A5 3A 85 65 22 62 FC 02 A5 66 85 02
03BCC7,131,AD 4E 16 8F 52 01 70 E2 30 6B E2 20 C2 10 A9 01
03BB19,131,4A 4A E2 20 8D 4D 16 C2 20 A5 C5 29 00 FF 4A 4A
0BDD93,131,C9 00 00 30 0A C9 00 06 30 0D A9 00 06 80 08 C9
0BDDAA,131,8D 36 12 E2 20 AD 33 12 95 12 AD 35 12 95 13 B5
03BCC0,131,AD 4D 16 8F 50 01 70 AD 4E 16 8F 52 01 70 E2 30
0BDC5A,131,CD 09 15 F0 2F 38 ED 09 15 C9 00 30 08 C9 08 10
0BDDB7,131,95 13 B5 13 18 6D 2D 15 95 13 AD 37 12 95 14 B5
0BE9DD,131,AD 02 12 29 04 D0 04 5C F3 E9 0B AD E1 14 29 40
1FDAE7,131,99 10 00 E2 20 6B C2 20 B9 0C 00 95 0C B9 0E 00
0BDDB2,131,95 12 AD 35 12 95 13 B5 13 18 6D 2D 15 95 13 AD
0BDDAF,131,AD 33 12 95 12 AD 35 12 95 13 B5 13 18 6D 2D 15
02DA52,131,AD FB 16 8F 9E 01 70 F0 04 22 E3 BA 03 22 0A 4F
02DA4D,131,9C BD 18 C2 30 AD FB 16 8F 9E 01 70 F0 04 22 E3
0BDDAD,131,E2 20 AD 33 12 95 12 AD 35 12 95 13 B5 13 18 6D
02DA55,131,8F 9E 01 70 F0 04 22 E3 BA 03 22 0A 4F 7E 20 07
03BAF2,131,38 E9 80 07 85 02 A5 C5 29 FF 00 49 FF 00 38 E9
0BDD8C,131,95 15 C2 20 AD 36 12 C9 00 00 30 0A C9 00 06 30
0BEAB0,131,DA E2 10 A5 02 85 63 A5 03 85 64 A5 3A 85 65 22
03BB2F,131,E2 20 8D 4E 16 22 3C B9 03 C2 20 A5 B3 85 02 A5
03BB2B,131,4A 4A 4A 4A E2 20 8D 4E 16 22 3C B9 03 C2 20 A5
0BDD7E,131,B5 15 C9 14 B0 02 A9 14 C9 55 90 02 A9 55 95 15
0BD6A0,131,AD E0 14 89 28 D0 04 5C C2 D6 0B C2 20 AD 32 12
0BDD76,131,8D 32 12 E2 20 9C E0 14 B5 15 C9 14 B0 02 A9 14
0BDD79,131,E2 20 9C E0 14 B5 15 C9 14 B0 02 A9 14 C9 55 90
0BEABD,131,85 65 22 62 FC 02 A5 66 85 02 A5 67 85 03 A5 08
0BD6A3,131,89 28 D0 04 5C C2 D6 0B C2 20 AD 32 12 49 FF FF
0BDD8E,131,C2 20 AD 36 12 C9 00 00 30 0A C9 00 06 30 0D A9
03BB27,131,4A 4A 4A 4A 4A 4A 4A 4A E2 20 8D 4E 16 22 3C B9
0BDD82,131,B0 02 A9 14 C9 55 90 02 A9 55 95 15 C2 20 AD 36
0BDD88,131,90 02 A9 55 95 15 C2 20 AD 36 12 C9 00 00 30 0A
03BB09,131,38 E5 C3 85 08 A5 C1 29 00 FF 4A 4A 4A 4A 4A 4A
03BB01,131,E9 80 07 85 90 A9 00 00 38 E5 C3 85 08 A5 C1 29
0BDD80,131,C9 14 B0 02 A9 14 C9 55 90 02 A9 55 95 15 C2 20
03BB10,131,29 00 FF 4A 4A 4A 4A 4A 4A 4A 4A E2 20 8D 4D 16
0BDD86,131,C9 55 90 02 A9 55 95 15 C2 20 AD 36 12 C9 00 00
0BD68E,131,5C A0 D6 0B C2 20 AD 32 12 18 69 00 03 8D 32 12
03BB1A,131,4A E2 20 8D 4D 16 C2 20 A5 C5 29 00 FF 4A 4A 4A
03BB18,131,4A 4A 4A E2 20 8D 4D 16 C2 20 A5 C5 29 00 FF 4A
1FD4BE,131,85 3A C9 00 80 6A 18 65 3A 6B C9 00 80 6A 85 3A
02DA59,131,F0 04 22 E3 BA 03 22 0A 4F 7E 20 07 E2 E2 20 AD
02DA5B,131,22 E3 BA 03 22 0A 4F 7E 20 07 E2 E2 20 AD D3 1F
03BCBC,131,E2 20 C2 10 AD 4D 16 8F 50 01 70 AD 4E 16 8F 52
03BC2D,131,C9 00 80 6A C9 00 80 6A 8D 47 16 AD 2B 16 C9 00
03BB83,131,C9 00 80 6A C9 00 80 6A 8D 3D 16 AD 21 16 C9 00
7E5200,131,29 FF 00 85 02 A5 F6 29 0F 00 F0 0D 84 F8 A8 A5
03BB9D,131,C9 00 80 6A C9 00 80 6A C9 00 80 6A C9 00 80 6A
0BDDDC,131,95 14 AD 03 15 F0 04 5C 23 DE 0B A9 00 CD 04 15
03BB95,131,C9 00 80 6A C9 00 80 6A C9 00 80 6A C9 00 80 6A
7E5256,131,C2 20 B9 03 00 18 75 0C 85 6C B9 05 00 18 75 0E
03BB1B,131,E2 20 8D 4D 16 C2 20 A5 C5 29 00 FF 4A 4A 4A 4A
7E5258,131,B9 03 00 18 75 0C 85 6C B9 05 00 18 75 0E 85 74
7E51FE,131,80 03 29 FF 00 85 02 A5 F6 29 0F 00 F0 0D 84 F8
1FD4DC,131,65 3C 6B C9 00 80 6A 85 3A C9 00 80 6A 85 3C C9
1FD4C7,131,6B C9 00 80 6A 85 3A C9 00 80 6A 85 3C C9 00 80
1FD4C5,131,65 3A 6B C9 00 80 6A 85 3A C9 00 80 6A 85 3C C9
1FD4C3,131,6A 18 65 3A 6B C9 00 80 6A 85 3A C9 00 80 6A 85
1FD4DE,131,6B C9 00 80 6A 85 3A C9 00 80 6A 85 3C C9 00 80
1FD4C8,131,C9 00 80 6A 85 3A C9 00 80 6A 85 3C C9 00 80 6A
1FD4D1,131,6A 85 3C C9 00 80 6A 18 65 3A 18 65 3C 6B C9 00
1FD4CB,131,6A 85 3A C9 00 80 6A 85 3C C9 00 80 6A 18 65 3A
1FD4D8,131,18 65 3A 18 65 3C 6B C9 00 80 6A 85 3A C9 00 80
1FD4D2,131,85 3C C9 00 80 6A 18 65 3A 18 65 3C 6B C9 00 80
7E4FA5,131,AB 6B 86 78 BC C4 2E BB 86 76 B5 1D 29 80 F0 03
7E525B,131,18 75 0C 85 6C B9 05 00 18 75 0E 85 74 B9 07 00
7E525E,131,85 6C B9 05 00 18 75 0E 85 74 B9 07 00 18 75 10
03BC79,131,8D 4B 16 E2 20 C2 20 A5 02 8F 62 00 70 A5 08 8F
0BDDC8,131,18 6D 09 15 95 14 B5 14 18 6D 06 15 95 14 B5 14
0BDDCC,131,95 14 B5 14 18 6D 06 15 95 14 B5 14 18 6D 0A 15
0BDDCE,131,B5 14 18 6D 06 15 95 14 B5 14 18 6D 0A 15 95 14
03BB0E,131,A5 C1 29 00 FF 4A 4A 4A 4A 4A 4A 4A 4A E2 20 8D
0BDDBF,131,95 13 AD 37 12 95 14 B5 14 18 6D 09 15 95 14 B5
0BDDC4,131,95 14 B5 14 18 6D 09 15 95 14 B5 14 18 6D 06 15
0BDDBB,131,18 6D 2D 15 95 13 AD 37 12 95 14 B5 14 18 6D 09
7E3CFC,131,4D 01 12 2D 18 42 8D 09 12 20 2F 3E E2 20 AD 06
7E525C,131,75 0C 85 6C B9 05 00 18 75 0E 85 74 B9 07 00 18
0BDDD0,131,18 6D 06 15 95 14 B5 14 18 6D 0A 15 95 14 AD 03
7E526C,131,75 10 85 6E B9 0A 00 8D 5A 12 B9 0C 00 8D 5C 12
7E5264,131,75 0E 85 74 B9 07 00 18 75 10 85 6E B9 0A 00 8D
7E5263,131,18 75 0E 85 74 B9 07 00 18 75 10 85 6E B9 0A 00
7E5260,131,B9 05 00 18 75 0E 85 74 B9 07 00 18 75 10 85 6E
0BDDD1,131,6D 06 15 95 14 B5 14 18 6D 0A 15 95 14 AD 03 15
7E5266,131,85 74 B9 07 00 18 75 10 85 6E B9 0A 00 8D 5A 12
0BDDD4,131,95 14 B5 14 18 6D 0A 15 95 14 AD 03 15 F0 04 5C
0BDDD8,131,18 6D 0A 15 95 14 AD 03 15 F0 04 5C 23 DE 0B A9
7E526B,131,18 75 10 85 6E B9 0A 00 8D 5A 12 B9 0C 00 8D 5C
03BC71,131,C9 00 80 6A C9 00 80 6A 8D 4B 16 E2 20 C2 20 A5
7E3C0E,131,8E 05 43 A9 01 8D 00 43 A9 01 8D 0B 42 A9 22 8D
7E3D05,131,20 2F 3E E2 20 AD 06 12 8D 05 12 AD 08 12 8D 07
7E3C3D,131,8D 0B 42 AD 10 1F F0 2C 20 85 40 C9 33 B0 25 A9
0BEADF,131,A5 67 85 09 C2 30 FA A5 02 C9 00 80 6A 10 03 69
0BEAE1,131,85 09 C2 30 FA A5 02 C9 00 80 6A 10 03 69 00 00
0BEAE3,131,C2 30 FA A5 02 C9 00 80 6A 10 03 69 00 00 C9 00
7E3C40,131,AD 10 1F F0 2C 20 85 40 C9 33 B0 25 A9 22 8D 01
0BEAD1,131,85 64 A5 3A 85 65 22 62 FC 02 A5 66 85 08 A5 67
0BEA2F,131,AD C9 1F 29 FB 8D C9 1F AD 02 12 29 01 D0 04 5C
7E3C43,131,F0 2C 20 85 40 C9 33 B0 25 A9 22 8D 01 43 A9 00
0BEACF,131,A5 09 85 64 A5 3A 85 65 22 62 FC 02 A5 66 85 08
0BEAE5,131,FA A5 02 C9 00 80 6A 10 03 69 00 00 C9 00 80 6A
0BEAE8,131,C9 00 80 6A 10 03 69 00 00 C9 00 80 6A 10 03 69
0BEAF4,131,6A 10 03 69 00 00 C9 00 80 6A 10 03 69 00 00 95
03BBAC,131,6A 8D 3F 16 AD 23 16 C9 00 80 6A C9 00 80 6A C9
0BEAF5,131,10 03 69 00 00 C9 00 80 6A 10 03 69 00 00 95 2F
0BEAE6,131,A5 02 C9 00 80 6A 10 03 69 00 00 C9 00 80 6A 10
0BE8EF,131,60 20 3A D3 B5 15 85 7E B5 13 8D A9 15 B5 12 8D
0BEAEB,131,6A 10 03 69 00 00 C9 00 80 6A 10 03 69 00 00 C9
0BEAEC,131,10 03 69 00 00 C9 00 80 6A 10 03 69 00 00 C9 00
0BDD7B,131,9C E0 14 B5 15 C9 14 B0 02 A9 14 C9 55 90 02 A9
7E3C3B,131,A9 01 8D 0B 42 AD 10 1F F0 2C 20 85 40 C9 33 B0
0BE8EC,131,20 D0 E9 60 20 3A D3 B5 15 85 7E B5 13 8D A9 15
0BEAC9,131,85 03 A5 08 85 63 A5 09 85 64 A5 3A 85 65 22 62
0BDFEF,131,95 1E AD D8 14 89 40 F0 04 5C E2 E1 0B AD 64 19
0BE8D8,131,6D C7 14 95 31 E2 20 20 9A EA 22 BB C7 1F 20 21
0BE8DB,131,95 31 E2 20 20 9A EA 22 BB C7 1F 20 21 DF 20 6C
0BE8DD,131,E2 20 20 9A EA 22 BB C7 1F 20 21 DF 20 6C DF 20
0BE8D7,131,18 6D C7 14 95 31 E2 20 20 9A EA 22 BB C7 1F 20
0BE8D5,131,65 02 18 6D C7 14 95 31 E2 20 20 9A EA 22 BB C7
03BC57,131,8D 49 16 AD 2D 16 C9 00 80 6A C9 00 80 6A C9 00
0BEAB1,131,E2 10 A5 02 85 63 A5 03 85 64 A5 3A 85 65 22 62
0BDFEB,131,B5 1E 29 BF 95 1E AD D8 14 89 40 F0 04 5C E2 E1
0BEAB9,131,85 64 A5 3A 85 65 22 62 FC 02 A5 66 85 02 A5 67
0BEABB,131,A5 3A 85 65 22 62 FC 02 A5 66 85 02 A5 67 85 03
0BE8E6,131,20 21 DF 20 6C DF 20 D0 E9 60 20 3A D3 B5 15 85
0BE8E9,131,20 6C DF 20 D0 E9 60 20 3A D3 B5 15 85 7E B5 13
0BDFED,131,29 BF 95 1E AD D8 14 89 40 F0 04 5C E2 E1 0B AD
0BEAC5,131,85 02 A5 67 85 03 A5 08 85 63 A5 09 85 64 A5 3A
0BE8DF,131,20 9A EA 22 BB C7 1F 20 21 DF 20 6C DF 20 D0 E9
0BE8E2,131,22 BB C7 1F 20 21 DF 20 6C DF 20 D0 E9 60 20 3A
0BEABF,131,22 62 FC 02 A5 66 85 02 A5 67 85 03 A5 08 85 63
0BEAAB,131,AD E5 14 85 3A DA E2 10 A5 02 85 63 A5 03 85 64
0BEA20,131,5C 2F EA 0B AD E1 14 29 01 D0 04 5C 37 EA 0B AD
7E3CE0,131,20 45 41 20 30 3D A5 4B 4A 4A 4A 4A 09 50 8D 0B
7E3C30,131,A2 00 01 8E 05 43 A9 00 8D 00 43 A9 01 8D 0B 42
7E4145,131,08 C2 20 AE A7 18 AD A9 18 8E A9 18 8D A7 18 8D
0BEB24,131,E2 20 AB 60 E2 20 AD D8 14 C2 20 29 18 00 F0 37
0BBC04,131,6D 8B 15 8D FA 14 E2 20 20 83 D0 6B E2 20 C2 10
7E4148,131,AE A7 18 AD A9 18 8E A9 18 8D A7 18 8D 32 43 E2
7E4151,131,8D A7 18 8D 32 43 E2 20 AD AB 18 49 01 8D AB 18
7E3C33,131,8E 05 43 A9 00 8D 00 43 A9 01 8D 0B 42 AD 10 1F
7E4154,131,8D 32 43 E2 20 AD AB 18 49 01 8D AB 18 28 60 0F
0BEA37,131,AD 02 12 29 01 D0 04 5C 4D EA 0B AD E1 14 29 02
0BEB27,131,60 E2 20 AD D8 14 C2 20 29 18 00 F0 37 89 08 00
0BEB2A,131,AD D8 14 C2 20 29 18 00 F0 37 89 08 00 F0 14 89
7E3C2D,131,8D 04 43 A2 00 01 8E 05 43 A9 00 8D 00 43 A9 01
7E4111,131,9C 2A 21 A9 0C 8D 2B 21 9C 2E 21 60 A9 BB 8D 23
0BEB28,131,E2 20 AD D8 14 C2 20 29 18 00 F0 37 89 08 00 F0
7E4114,131,A9 0C 8D 2B 21 9C 2E 21 60 A9 BB 8D 23 21 A9 BB
7E4119,131,9C 2E 21 60 A9 BB 8D 23 21 A9 BB 8D 24 21 A9 0B
7E4116,131,8D 2B 21 9C 2E 21 60 A9 BB 8D 23 21 A9 BB 8D 24
0BEB32,131,F0 37 89 08 00 F0 14 89 10 00 D0 1E A9 01 00 8F
0BBC0F,131,6B E2 20 C2 10 AE 3A 12 C2 20 A9 25 BC 95 16 E2
7E4157,131,E2 20 AD AB 18 49 01 8D AB 18 28 60 0F 00 FF 01
0BEB19,131,C9 00 80 6A 10 03 69 00 00 95 31 E2 20 AB 60 E2
7E3CE3,131,20 30 3D A5 4B 4A 4A 4A 4A 09 50 8D 0B 21 20 99
0BEAFD,131,6A 10 03 69 00 00 95 2F A5 08 C9 00 80 6A 10 03
0BEAFE,131,10 03 69 00 00 95 2F A5 08 C9 00 80 6A 10 03 69
0BEB03,131,95 2F A5 08 C9 00 80 6A 10 03 69 00 00 C9 00 80
0BEAFA,131,C9 00 80 6A 10 03 69 00 00 95 2F A5 08 C9 00 80
0BEA16,131,8D C9 1F AD 02 12 29 02 D0 04 5C 2F EA 0B AD E1
0BD52E,131,89 20 D0 04 5C 87 D6 0B AD D8 14 89 A0 F0 04 5C
0BEA1C,131,29 02 D0 04 5C 2F EA 0B AD E1 14 29 01 D0 04 5C
0BEB1C,131,6A 10 03 69 00 00 95 31 E2 20 AB 60 E2 20 AD D8
0BEB05,131,A5 08 C9 00 80 6A 10 03 69 00 00 C9 00 80 6A 10
7E4161,131,28 60 0F 00 FF 01 10 EF 01 10 EF 01 10 EF 01 10
7E4159,131,AD AB 18 49 01 8D AB 18 28 60 0F 00 FF 01 10 EF
7E3C36,131,A9 00 8D 00 43 A9 01 8D 0B 42 AD 10 1F F0 2C 20
0BEB07,131,C9 00 80 6A 10 03 69 00 00 C9 00 80 6A 10 03 69
0BEB14,131,10 03 69 00 00 C9 00 80 6A 10 03 69 00 00 95 31
03BAF6,131,85 02 A5 C5 29 FF 00 49 FF 00 38 E9 80 07 85 90
7E3C38,131,8D 00 43 A9 01 8D 0B 42 AD 10 1F F0 2C 20 85 40
0BEA11,131,AD C9 1F 29 FD 8D C9 1F AD 02 12 29 02 D0 04 5C
0BBC03,131,18 6D 8B 15 8D FA 14 E2 20 20 83 D0 6B E2 20 C2
0BEAA7,131,85 09 64 08 AD E5 14 85 3A DA E2 10 A5 02 85 63
0BEAA5,131,B5 31 85 09 64 08 AD E5 14 85 3A DA E2 10 A5 02
7E3E42,131,0A EB A9 00 EB AA 7C 4B 3E 53 3E 60 3E 83 3E A8
03BB51,131,C9 00 80 6A C9 00 80 6A C9 00 80 6A C9 00 80 6A
7E3E40,131,29 03 0A EB A9 00 EB AA 7C 4B 3E 53 3E 60 3E 83
03BBF0,131,6A 8D 43 16 AD 27 16 C9 00 80 6A C9 00 80 6A C9
7E3E43,131,EB A9 00 EB AA 7C 4B 3E 53 3E 60 3E 83 3E A8 3E
7E3E46,131,EB AA 7C 4B 3E 53 3E 60 3E 83 3E A8 3E AD 18 42
0BD471,131,5C D6 D4 0B C2 20 B5 31 E2 20 10 04 5C D6 D4 0B
7E3E47,131,AA 7C 4B 3E 53 3E 60 3E 83 3E A8 3E AD 18 42 8D
7E3E53,131,AD 18 42 8D 04 12 AD 19 42 8D 02 12 60 AD 18 42
7E3CA7,131,AD CF 16 F0 0C A9 E0 8D 22 21 A9 7E 8D 22 21 80
7E3CA4,131,8D 21 21 AD CF 16 F0 0C A9 E0 8D 22 21 A9 7E 8D
0BE8AA,131,20 3A D3 B5 15 85 7E B5 13 8D A9 15 B5 12 8D A8
0BD3FF,131,B5 1F 29 DF 95 1F 9C 97 15 9C 98 15 9C 99 15 C2
0BE8AD,131,B5 15 85 7E B5 13 8D A9 15 B5 12 8D A8 15 22 A7
0BDF0A,131,C9 00 80 6A 49 FF FF 1A 18 6D 05 15 8D 05 15 E2
0BEA34,131,8D C9 1F AD 02 12 29 01 D0 04 5C 4D EA 0B AD E1
7E3CE6,131,A5 4B 4A 4A 4A 4A 09 50 8D 0B 21 20 99 40 20 1B
7E3CDD,131,8C 22 43 20 45 41 20 30 3D A5 4B 4A 4A 4A 4A 09
7E3E3D,131,AD 11 1F 29 03 0A EB A9 00 EB AA 7C 4B 3E 53 3E
7E4162,131,60 0F 00 FF 01 10 EF 01 10 EF 01 10 EF 01 10 EF
7E3CB8,131,A9 1F 8D 22 21 9C 22 21 AD BA 18 F0 0C AD BB 18
0BE1EE,131,AD DD 14 C9 03 F0 04 5C 14 E2 0B C2 20 AD 1D 15
0BDC91,131,C2 20 A9 00 00 CD 34 12 F0 3A 38 ED 34 12 C9 00
7E3CC3,131,F0 0C AD BB 18 8D 11 21 AD BC 18 8D 11 21 AE B6
7E3CBD,131,9C 22 21 AD BA 18 F0 0C AD BB 18 8D 11 21 AD BC
0BDEE4,131,89 06 F0 04 5C 1B DF 0B C2 20 AD 05 15 49 FF FF
7E3CC0,131,AD BA 18 F0 0C AD BB 18 8D 11 21 AD BC 18 8D 11
0BBC07,131,8D FA 14 E2 20 20 83 D0 6B E2 20 C2 10 AE 3A 12
0BEA3E,131,5C 4D EA 0B AD E1 14 29 02 D0 04 5C 55 EA 0B AD
0BEA3C,131,D0 04 5C 4D EA 0B AD E1 14 29 02 D0 04 5C 55 EA
7E3CBA,131,8D 22 21 9C 22 21 AD BA 18 F0 0C AD BB 18 8D 11
0BEA4D,131,AD C9 1F 29 F7 8D C9 1F 60 9C C9 1F 60 20 5E EA
0BE214,131,60 9C C9 1F AD 0E 1F D0 09 A9 01 8D 0E 1F 22 94
0BE1F1,131,C9 03 F0 04 5C 14 E2 0B C2 20 AD 1D 15 95 0C E2
7E3E5C,131,8D 02 12 60 AD 18 42 8D 04 12 AD 19 42 29 C0 4A
0BEA50,131,29 F7 8D C9 1F 60 9C C9 1F 60 20 5E EA 6B C2 20
0BE1F3,131,F0 04 5C 14 E2 0B C2 20 AD 1D 15 95 0C E2 20 C2
0BE1F5,131,5C 14 E2 0B C2 20 AD 1D 15 95 0C E2 20 C2 20 AD
0BEA55,131,60 9C C9 1F 60 20 5E EA 6B C2 20 A9 A1 AC 8D C7
0BEA52,131,8D C9 1F 60 9C C9 1F 60 20 5E EA 6B C2 20 A9 A1
0BDFF1,131,AD D8 14 89 40 F0 04 5C E2 E1 0B AD 64 19 C9 FF
7E3CD1,131,AE B6 18 AC B8 18 8E B8 18 8C B6 18 8C 22 43 20
7E3E3A,131,8D 03 12 AD 11 1F 29 03 0A EB A9 00 EB AA 7C 4B
0BEA9D,131,48 AB B5 2F 85 03 64 02 B5 31 85 09 64 08 AD E5
0BE8CD,131,6A 85 02 C9 00 80 6A 18 65 02 18 6D C7 14 95 31
0BEA9E,131,AB B5 2F 85 03 64 02 B5 31 85 09 64 08 AD E5 14
0BEA9F,131,B5 2F 85 03 64 02 B5 31 85 09 64 08 AD E5 14 85
0BEA9B,131,A9 00 48 AB B5 2F 85 03 64 02 B5 31 85 09 64 08
7E3E2F,131,E2 20 AD 02 12 8D 01 12 AD 04 12 8D 03 12 AD 11
0BEA9A,131,8B A9 00 48 AB B5 2F 85 03 64 02 B5 31 85 09 64
0BE8CA,131,C9 00 80 6A 85 02 C9 00 80 6A 18 65 02 18 6D C7
7E3CEE,131,8D 0B 21 20 99 40 20 1B 40 C2 20 AD 18 42 4D 01
0BE8CE,131,85 02 C9 00 80 6A 18 65 02 18 6D C7 14 95 31 E2
7E3CE9,131,4A 4A 4A 09 50 8D 0B 21 20 99 40 20 1B 40 C2 20
0BE8D3,131,6A 18 65 02 18 6D C7 14 95 31 E2 20 20 9A EA 22
0BE8D4,131,18 65 02 18 6D C7 14 95 31 E2 20 20 9A EA 22 BB
0BE8D0,131,C9 00 80 6A 18 65 02 18 6D C7 14 95 31 E2 20 20
0BDFF4,131,89 40 F0 04 5C E2 E1 0B AD 64 19 C9 FF F0 04 5C
0BDFF6,131,F0 04 5C E2 E1 0B AD 64 19 C9 FF F0 04 5C E2 E1
0BEAA1,131,85 03 64 02 B5 31 85 09 64 08 AD E5 14 85 3A DA
0BEA32,131,29 FB 8D C9 1F AD 02 12 29 01 D0 04 5C 4D EA 0B
0BE8AF,131,85 7E B5 13 8D A9 15 B5 12 8D A8 15 22 A7 D5 1F
0BE8C9,131,6A C9 00 80 6A 85 02 C9 00 80 6A 18 65 02 18 6D
0BE8C3,131,8D C7 14 C9 00 80 6A C9 00 80 6A 85 02 C9 00 80
7E3CEA,131,4A 4A 09 50 8D 0B 21 20 99 40 20 1B 40 C2 20 AD
7E3E37,131,AD 04 12 8D 03 12 AD 11 1F 29 03 0A EB A9 00 EB
0BE8B3,131,8D A9 15 B5 12 8D A8 15 22 A7 D5 1F C2 20 B5 31
7E3C71,131,AD 0D 1F F0 2C 20 85 40 C9 05 B0 25 A9 22 8D 01
7E3C74,131,F0 2C 20 85 40 C9 05 B0 25 A9 22 8D 01 43 A9 50
7E3CE8,131,4A 4A 4A 4A 09 50 8D 0B 21 20 99 40 20 1B 40 C2
0BE8B1,131,B5 13 8D A9 15 B5 12 8D A8 15 22 A7 D5 1F C2 20
7E3CD4,131,AC B8 18 8E B8 18 8C B6 18 8C 22 43 20 45 41 20
0BE8C6,131,C9 00 80 6A C9 00 80 6A 85 02 C9 00 80 6A 18 65
7E3CEB,131,4A 09 50 8D 0B 21 20 99 40 20 1B 40 C2 20 AD 18
0BE8B6,131,B5 12 8D A8 15 22 A7 D5 1F C2 20 B5 31 8D C7 14
7E3E34,131,8D 01 12 AD 04 12 8D 03 12 AD 11 1F 29 03 0A EB
0BE8C1,131,B5 31 8D C7 14 C9 00 80 6A C9 00 80 6A 85 02 C9
7E3CAA,131,F0 0C A9 E0 8D 22 21 A9 7E 8D 22 21 80 08 A9 1F
0BE8BF,131,C2 20 B5 31 8D C7 14 C9 00 80 6A C9 00 80 6A 85
0BE8B8,131,8D A8 15 22 A7 D5 1F C2 20 B5 31 8D C7 14 C9 00
0BE8BB,131,22 A7 D5 1F C2 20 B5 31 8D C7 14 C9 00 80 6A C9
7E3CD7,131,8E B8 18 8C B6 18 8C 22 43 20 45 41 20 30 3D A5
7E410E,131,9C 24 21 9C 2A 21 A9 0C 8D 2B 21 9C 2E 21 60 A9
0BEB1D,131,10 03 69 00 00 95 31 E2 20 AB 60 E2 20 AD D8 14
7E410B,131,9C 23 21 9C 24 21 9C 2A 21 A9 0C 8D 2B 21 9C 2E
7E3CF7,131,C2 20 AD 18 42 4D 01 12 2D 18 42 8D 09 12 20 2F
03BBCB,131,C9 00 80 6A 8D 41 16 AD 25 16 C9 00 80 6A C9 00
7E4146,131,C2 20 AE A7 18 AD A9 18 8E A9 18 8D A7 18 8D 32
0BDDEC,131,F0 2F 38 ED 04 15 C9 00 30 08 C9 08 10 0A A9 08
7E3C1B,131,A9 22 8D 01 43 A9 00 8D 21 21 A2 8B 17 8E 02 43
03BB7A,131,6A C9 00 80 6A C9 00 80 6A C9 00 80 6A C9 00 80
0BEB72,131,AF 86 31 7E 95 04 E2 20 AD DD 14 C9 03 F0 04 5C
7E3D35,131,F0 19 AD 37 1F 8D 10 21 AD 38 1F 8D 10 21 AD 39
7E3D2B,131,84 4A 64 00 6B E2 20 AD DF 1F F0 19 AD 37 1F 8D
0BD33F,131,D0 04 5C A6 D3 0B AD F5 14 C9 02 D0 04 5C A1 D3
7E3D2F,131,6B E2 20 AD DF 1F F0 19 AD 37 1F 8D 10 21 AD 38
7E3D32,131,AD DF 1F F0 19 AD 37 1F 8D 10 21 AD 38 1F 8D 10
7E3D30,131,E2 20 AD DF 1F F0 19 AD 37 1F 8D 10 21 AD 38 1F
7E3D29,131,86 4C 84 4A 64 00 6B E2 20 AD DF 1F F0 19 AD 37
03BB91,131,C9 00 80 6A C9 00 80 6A C9 00 80 6A C9 00 80 6A
7E3C1D,131,8D 01 43 A9 00 8D 21 21 A2 8B 17 8E 02 43 A9 00
0BE9E0,131,29 04 D0 04 5C F3 E9 0B AD E1 14 29 40 D0 04 5C
7E3CF4,131,20 1B 40 C2 20 AD 18 42 4D 01 12 2D 18 42 8D 09
0BE9E2,131,D0 04 5C F3 E9 0B AD E1 14 29 40 D0 04 5C FB E9
0BBBE6,131,C2 20 B5 0C 22 C8 D4 1F 80 06 B5 0C 22 DF D4 1F
0BE9E4,131,5C F3 E9 0B AD E1 14 29 40 D0 04 5C FB E9 0B AD
0BDDD9,131,6D 0A 15 95 14 AD 03 15 F0 04 5C 23 DE 0B A9 00
7E3D08,131,E2 20 AD 06 12 8D 05 12 AD 08 12 8D 07 12 AD 1A
0BE9D5,131,29 08 F0 04 5C 56 EA 0B AD 02 12 29 04 D0 04 5C
7E3D50,131,AD CB 16 F0 4F C2 20 AD C7 16 4A 4A 29 3E 00 AA
0BE9D7,131,F0 04 5C 56 EA 0B AD 02 12 29 04 D0 04 5C F3 E9
0BE9D2,131,AD DF 14 29 08 F0 04 5C 56 EA 0B AD 02 12 29 04
0BEAB3,131,A5 02 85 63 A5 03 85 64 A5 3A 85 65 22 62 FC 02
7E3D53,131,F0 4F C2 20 AD C7 16 4A 4A 29 3E 00 AA BF 07 8A
0BDD37,131,CD 32 12 F0 3A 38 ED 32 12 C9 00 00 30 0A C9 08
7E3D27,131,A4 4C 86 4C 84 4A 64 00 6B E2 20 AD DF 1F F0 19
0BEB76,131,95 04 E2 20 AD DD 14 C9 03 F0 04 5C 8E EB 0B C2
0BEB8E,131,60 00 01 02 03 04 04 05 05 05 04 04 03 02 01 00
7E3D0D,131,8D 05 12 AD 08 12 8D 07 12 AD 1A 42 8D 08 12 AD
7E3CF9,131,AD 18 42 4D 01 12 2D 18 42 8D 09 12 20 2F 3E E2
0BEAB5,131,85 63 A5 03 85 64 A5 3A 85 65 22 62 FC 02 A5 66
0BDC99,131,F0 3A 38 ED 34 12 C9 00 00 30 0A C9 08 00 10 0D
0BEAC7,131,A5 67 85 03 A5 08 85 63 A5 09 85 64 A5 3A 85 65
7E3C16,131,A9 01 8D 0B 42 A9 22 8D 01 43 A9 00 8D 21 21 A2
7E3CFF,131,2D 18 42 8D 09 12 20 2F 3E E2 20 AD 06 12 8D 05
7E3C11,131,A9 01 8D 00 43 A9 01 8D 0B 42 A9 22 8D 01 43 A9
7E3D0A,131,AD 06 12 8D 05 12 AD 08 12 8D 07 12 AD 1A 42 8D
1FDAEA,131,E2 20 6B C2 20 B9 0C 00 95 0C B9 0E 00 95 0E B9
7E3C13,131,8D 00 43 A9 01 8D 0B 42 A9 22 8D 01 43 A9 00 8D
7E3D02,131,8D 09 12 20 2F 3E E2 20 AD 06 12 8D 05 12 AD 08
7E3D22,131,20 A5 3D A6 4A A4 4C 86 4C 84 4A 64 00 6B E2 20
0BEB81,131,5C 8E EB 0B C2 20 A9 CC D2 95 04 E2 20 60 00 01
0BEB7D,131,C9 03 F0 04 5C 8E EB 0B C2 20 A9 CC D2 95 04 E2
0BEB78,131,E2 20 AD DD 14 C9 03 F0 04 5C 8E EB 0B C2 20 A9
7E3D1C,131,AD 1B 42 8D 06 12 20 A5 3D A6 4A A4 4C 86 4C 84
7E5268,131,B9 07 00 18 75 10 85 6E B9 0A 00 8D 5A 12 B9 0C
0BDDD6,131,B5 14 18 6D 0A 15 95 14 AD 03 15 F0 04 5C 23 DE
7E3D1F,131,8D 06 12 20 A5 3D A6 4A A4 4C 86 4C 84 4A 64 00
0BEB7F,131,F0 04 5C 8E EB 0B C2 20 A9 CC D2 95 04 E2 20 60
7E3D19,131,8D 08 12 AD 1B 42 8D 06 12 20 A5 3D A6 4A A4 4C
7E3D16,131,AD 1A 42 8D 08 12 AD 1B 42 8D 06 12 20 A5 3D A6
0BEB7A,131,AD DD 14 C9 03 F0 04 5C 8E EB 0B C2 20 A9 CC D2
7E3C18,131,8D 0B 42 A9 22 8D 01 43 A9 00 8D 21 21 A2 8B 17
7E3D10,131,AD 08 12 8D 07 12 AD 1A 42 8D 08 12 AD 1B 42 8D
7E3D13,131,8D 07 12 AD 1A 42 8D 08 12 AD 1B 42 8D 06 12 20
0BEB6E,131,8F 26 2B 70 AF 86 31 7E 95 04 E2 20 AD DD 14 C9
0BEA3A,131,29 01 D0 04 5C 4D EA 0B AD E1 14 29 02 D0 04 5C
0BDC58,131,A9 00 CD 09 15 F0 2F 38 ED 09 15 C9 00 30 08 C9
7E40F7,131,A9 02 8D 30 21 A9 50 8D 31 21 A9 E0 8D 32 21 A9
7E3DA5,131,AD B4 18 D0 03 82 81 00 10 49 C9 FE F0 3B C9 FD
7E409C,131,F0 59 E0 83 14 F0 7A B5 06 8D 31 21 B5 00 F0 05
7E3C20,131,A9 00 8D 21 21 A2 8B 17 8E 02 43 A9 00 8D 04 43
7E4099,131,AE A9 16 F0 59 E0 83 14 F0 7A B5 06 8D 31 21 B5
7E40FE,131,8D 31 21 A9 E0 8D 32 21 A9 07 8D 2D 21 9C 23 21
7E40F9,131,8D 30 21 A9 50 8D 31 21 A9 E0 8D 32 21 A9 07 8D
7E3C25,131,A2 8B 17 8E 02 43 A9 00 8D 04 43 A2 00 01 8E 05
0BE9FB,131,AD 02 12 29 08 D0 04 5C 11 EA 0B AD E1 14 29 80
0BE9FE,131,29 08 D0 04 5C 11 EA 0B AD E1 14 29 80 D0 04 5C
7E40FC,131,A9 50 8D 31 21 A9 E0 8D 32 21 A9 07 8D 2D 21 9C
0BE9F8,131,8D C9 1F AD 02 12 29 08 D0 04 5C 11 EA 0B AD E1
7E3C22,131,8D 21 21 A2 8B 17 8E 02 43 A9 00 8D 04 43 A2 00
7E4103,131,8D 32 21 A9 07 8D 2D 21 9C 23 21 9C 24 21 9C 2A
7E3C2B,131,A9 00 8D 04 43 A2 00 01 8E 05 43 A9 00 8D 00 43
0BE9F3,131,AD C9 1F 29 FE 8D C9 1F AD 02 12 29 08 D0 04 5C
0BEA00,131,D0 04 5C 11 EA 0B AD E1 14 29 80 D0 04 5C 19 EA
7E4106,131,A9 07 8D 2D 21 9C 23 21 9C 24 21 9C 2A 21 A9 0C
0BEB6B,131,A9 00 00 8F 26 2B 70 AF 86 31 7E 95 04 E2 20 AD
7E4108,131,8D 2D 21 9C 23 21 9C 24 21 9C 2A 21 A9 0C 8D 2B
0BBBFB,131,38 ED 8B 15 22 BA D4 1F 18 6D 8B 15 8D FA 14 E2
03BAE3,131,10 03 82 F9 01 C2 30 A5 C1 29 FF 00 49 FF 00 38
0BE9F6,131,29 FE 8D C9 1F AD 02 12 29 08 D0 04 5C 11 EA 0B
7E3C28,131,8E 02 43 A9 00 8D 04 43 A2 00 01 8E 05 43 A9 00
0BEA02,131,5C 11 EA 0B AD E1 14 29 80 D0 04 5C 19 EA 0B AD
7E3CF1,131,20 99 40 20 1B 40 C2 20 AD 18 42 4D 01 12 2D 18
02F588,130,AB C2 30 9C E7 1E AD 61 19 8F 20 02 70 A5 C3 8F
06835D,130,C2 20 AE A4 15 B5 0C 8D 0F 15 B5 0E 8D 11 15 B5
02F587,130,48 AB C2 30 9C E7 1E AD 61 19 8F 20 02 70 A5 C3
0BB040,130,22 11 DB 1F A9 DF 85 02 85 04 89 80 F0 06 A9 FF
0682CD,130,AD DC 14 8F A0 01 70 AD D8 14 29 40 D0 07 A9 FF
02FDD7,130,28 6B E2 20 AD C3 14 29 FD 8D C3 14 E2 20 C2 10
0682D4,130,AD D8 14 29 40 D0 07 A9 FF 8D AD 15 80 03 9C AD
06825E,130,C9 01 D0 2C AD D9 14 29 02 D0 04 5C 84 82 06 DA
0682A7,130,80 07 A9 04 09 80 9D E6 1C AD DC 14 29 10 D0 04
0BB33A,130,B5 10 18 6D C4 15 95 10 B5 0E 18 65 0A 95 0E E2
02FDE0,130,8D C3 14 E2 20 C2 10 4C D7 FD 08 E2 20 C2 10 DA
02F589,130,C2 30 9C E7 1E AD 61 19 8F 20 02 70 A5 C3 8F C8
02FDDE,130,29 FD 8D C3 14 E2 20 C2 10 4C D7 FD 08 E2 20 C2
02FBE3,130,AD C4 15 18 75 10 38 E5 C5 8F 2E 00 70 E2 20 AD
02DD68,130,60 C2 20 BF BC E0 02 29 FF 00 9B AA 7C 77 DD AD
0682D0,130,8F A0 01 70 AD D8 14 29 40 D0 07 A9 FF 8D AD 15
0682B0,130,AD DC 14 29 10 D0 04 5C CD 82 06 AD 6B 15 18 69
02DD65,130,9C D3 1F 60 C2 20 BF BC E0 02 29 FF 00 9B AA 7C
02F585,130,A9 7E 48 AB C2 30 9C E7 1E AD 61 19 8F 20 02 70
03DD58,130,D0 01 60 3A 8D BB 15 C2 20 AD BB 15 29 07 00 C9
02DD63,130,C2 10 9C D3 1F 60 C2 20 BF BC E0 02 29 FF 00 9B
068362,130,B5 0C 8D 0F 15 B5 0E 8D 11 15 B5 10 8D 13 15 E2
02F57F,130,28 6B 08 8B E2 20 A9 7E 48 AB C2 30 9C E7 1E AD
02DD55,130,E2 20 E2 20 AD C3 14 29 7F 8D C3 14 E2 20 C2 10
02F580,130,6B 08 8B E2 20 A9 7E 48 AB C2 30 9C E7 1E AD 61
06835F,130,AE A4 15 B5 0C 8D 0F 15 B5 0E 8D 11 15 B5 10 8D
02DD57,130,E2 20 AD C3 14 29 7F 8D C3 14 E2 20 C2 10 9C D3
02DD53,130,D0 14 E2 20 E2 20 AD C3 14 29 7F 8D C3 14 E2 20
06BBC1,130,C9 00 80 6A C9 00 80 6A 18 6D A0 16 8F B0 01 70
03DBF4,130,A9 18 11 9D 67 12 AD EE 16 29 FF 00 D0 03 A9 01
02F57E,130,AB 28 6B 08 8B E2 20 A9 7E 48 AB C2 30 9C E7 1E
02DD50,130,AE AD 16 D0 14 E2 20 E2 20 AD C3 14 29 7F 8D C3
068258,130,AE 3A 12 AD A2 15 C9 01 D0 2C AD D9 14 29 02 D0
068364,130,8D 0F 15 B5 0E 8D 11 15 B5 10 8D 13 15 E2 20 C2
06825B,130,AD A2 15 C9 01 D0 2C AD D9 14 29 02 D0 04 5C 84
02FDD9,130,E2 20 AD C3 14 29 FD 8D C3 14 E2 20 C2 10 4C D7
02DD59,130,AD C3 14 29 7F 8D C3 14 E2 20 C2 10 9C D3 1F 60
02F583,130,E2 20 A9 7E 48 AB C2 30 9C E7 1E AD 61 19 8F 20
02DD5E,130,8D C3 14 E2 20 C2 10 9C D3 1F 60 C2 20 BF BC E0
0682B3,130,29 10 D0 04 5C CD 82 06 AD 6B 15 18 69 04 8D 6B
02DD61,130,E2 20 C2 10 9C D3 1F 60 C2 20 BF BC E0 02 29 FF
0682D7,130,29 40 D0 07 A9 FF 8D AD 15 80 03 9C AD 15 C2 20
03DBE5,130,9D 65 12 A9 10 11 9D 63 12 A9 E2 20 9D 69 12 A9
03DD55,130,AD BB 15 D0 01 60 3A 8D BB 15 C2 20 AD BB 15 29
02F582,130,8B E2 20 A9 7E 48 AB C2 30 9C E7 1E AD 61 19 8F
03DD52,130,60 C2 20 AD BB 15 D0 01 60 3A 8D BB 15 C2 20 AD
02FDDB,130,AD C3 14 29 FD 8D C3 14 E2 20 C2 10 4C D7 FD 08
03DD53,130,C2 20 AD BB 15 D0 01 60 3A 8D BB 15 C2 20 AD BB
02F581,130,08 8B E2 20 A9 7E 48 AB C2 30 9C E7 1E AD 61 19
02DD5C,130,29 7F 8D C3 14 E2 20 C2 10 9C D3 1F 60 C2 20 BF
0682A4,130,9D E6 1C 80 07 A9 04 09 80 9D E6 1C AD DC 14 29
06BBA1,130,18 6D 9E 16 29 FF 01 8D 4F 19 9C 51 19 AD C9 18
0682D9,130,D0 07 A9 FF 8D AD 15 80 03 9C AD 15 C2 20 AD 9A
02FB7D,130,AD E1 15 8D 25 16 AD E3 15 8D 27 16 AD E5 15 8D
03DDB8,130,29 FF 00 F0 33 AC B1 15 8C B3 15 A9 20 30 85 3A
068292,130,69 01 30 03 18 69 04 29 7F C9 04 90 03 38 E9 04
02DB7E,130,CD 51 19 D0 01 60 8D 51 19 AA A0 00 00 B5 00 18
0682EF,130,F0 04 5C 5D 83 06 AD 64 19 C9 FF F0 04 5C 5D 83
02FAA7,130,A2 00 03 8E 38 12 A5 C1 95 0C A5 C3 95 0E A5 C5
02F59B,130,A2 F2 0E AC 1F 12 E2 20 8C 3C 12 B9 08 00 29 E1
02DB7A,130,BF 15 8C 00 CD 51 19 D0 01 60 8D 51 19 AA A0 00
0682ED,130,E2 20 F0 04 5C 5D 83 06 AD 64 19 C9 FF F0 04 5C
0BB05E,130,F0 06 A9 FF 85 0B 80 02 64 0B A9 00 85 90 8D C4
06BB62,130,AD C7 18 C9 00 80 6A C9 00 80 6A C9 00 80 6A C9
02F595,130,A5 C3 8F C8 00 70 A2 F2 0E AC 1F 12 E2 20 8C 3C
02DB87,130,AA A0 00 00 B5 00 18 6D 4F 19 99 CF 18 C8 C8 E8
068291,130,18 69 01 30 03 18 69 04 29 7F C9 04 90 03 38 E9
02F597,130,8F C8 00 70 A2 F2 0E AC 1F 12 E2 20 8C 3C 12 B9
0BB05C,130,89 80 F0 06 A9 FF 85 0B 80 02 64 0B A9 00 85 90
0682EA,130,CD CD 18 E2 20 F0 04 5C 5D 83 06 AD 64 19 C9 FF
02DB78,130,0A AA BF 15 8C 00 CD 51 19 D0 01 60 8D 51 19 AA
02DB75,130,29 07 00 0A AA BF 15 8C 00 CD 51 19 D0 01 60 8D
0682F8,130,C9 FF F0 04 5C 5D 83 06 AD D8 14 29 20 F0 04 5C
0682FA,130,F0 04 5C 5D 83 06 AD D8 14 29 20 F0 04 5C 5D 83
06829B,130,C9 04 90 03 38 E9 04 09 80 9D E6 1C 80 07 A9 04
03DDB3,130,C2 20 AD BA 15 29 FF 00 F0 33 AC B1 15 8C B3 15
0682F5,130,AD 64 19 C9 FF F0 04 5C 5D 83 06 AD D8 14 29 20
02F59E,130,AC 1F 12 E2 20 8C 3C 12 B9 08 00 29 E1 09 08 99
03BA28,130,85 74 A5 75 E5 CB 85 75 6B A2 00 A5 87 F0 0C E8
068300,130,AD D8 14 29 20 F0 04 5C 5D 83 06 AD DF 14 29 20
068305,130,F0 04 5C 5D 83 06 AD DF 14 29 20 F0 04 5C 5D 83
03DB61,130,D0 40 A2 00 00 8E B1 15 8E B3 15 8E B5 15 AD 64
068294,130,30 03 18 69 04 29 7F C9 04 90 03 38 E9 04 09 80
068303,130,29 20 F0 04 5C 5D 83 06 AD DF 14 29 20 F0 04 5C
02DB6F,130,AD 36 12 30 30 EB 29 07 00 0A AA BF 15 8C 00 CD
03DDB5,130,AD BA 15 29 FF 00 F0 33 AC B1 15 8C B3 15 A9 20
06829D,130,90 03 38 E9 04 09 80 9D E6 1C 80 07 A9 04 09 80
02FDE3,130,E2 20 C2 10 4C D7 FD 08 E2 20 C2 10 DA E2 20 C2
03E356,130,E2 20 AD CF 1F F0 26 AD 9A 18 C2 20 29 FF 00 A2
03DDBB,130,F0 33 AC B1 15 8C B3 15 A9 20 30 85 3A A2 00 00
02FD7E,130,1A F0 58 E2 20 C2 10 AD C3 14 09 02 8D C3 14 A2
02FD7B,130,AD 64 19 1A F0 58 E2 20 C2 10 AD C3 14 09 02 8D
02DB31,130,8D C7 14 C2 20 F0 11 A2 08 00 A9 83 14 6E C7 14
02FD7F,130,F0 58 E2 20 C2 10 AD C3 14 09 02 8D C3 14 A2 8B
02F58E,130,AD 61 19 8F 20 02 70 A5 C3 8F C8 00 70 A2 F2 0E
0682E5,130,C2 20 AD 9A 15 CD CD 18 E2 20 F0 04 5C 5D 83 06
03E9EA,130,08 E2 20 AD D2 14 29 42 F0 04 5C 0B EB 03 AD 9F
02FD79,130,C2 10 AD 64 19 1A F0 58 E2 20 C2 10 AD C3 14 09
02F58B,130,9C E7 1E AD 61 19 8F 20 02 70 A5 C3 8F C8 00 70
02FBD9,130,18 75 0E 38 E5 C3 8F 2C 00 70 AD C4 15 18 75 10
068299,130,29 7F C9 04 90 03 38 E9 04 09 80 9D E6 1C 80 07
068260,130,D0 2C AD D9 14 29 02 D0 04 5C 84 82 06 DA C2 20
02FDE5,130,C2 10 4C D7 FD 08 E2 20 C2 10 DA E2 20 C2 10 AD
02FD76,130,08 E2 20 C2 10 AD 64 19 1A F0 58 E2 20 C2 10 AD
06BB8C,130,AC CE 14 D0 10 C9 E8 00 30 03 A9 E8 00 C9 C8 FF
03E358,130,AD CF 1F F0 26 AD 9A 18 C2 20 29 FF 00 A2 A0 24
02F591,130,8F 20 02 70 A5 C3 8F C8 00 70 A2 F2 0E AC 1F 12
02FBBA,130,85 08 AD C4 15 85 90 E2 20 B5 13 22 F0 CD 1F C2
02DB9D,130,A9 01 00 8D 53 19 60 49 FF FF 1A EB 29 07 00 0A
03DB98,130,D0 03 20 08 DD 20 53 DD 20 A8 DB 6B 20 A8 DB 6B
0682A2,130,09 80 9D E6 1C 80 07 A9 04 09 80 9D E6 1C AD DC
02FDD8,130,6B E2 20 AD C3 14 29 FD 8D C3 14 E2 20 C2 10 4C
02FDE7,130,4C D7 FD 08 E2 20 C2 10 DA E2 20 C2 10 AD C3 14
06BB5C,130,5A 08 E2 10 C2 20 AD C7 18 C9 00 80 6A C9 00 80
03E9EB,130,E2 20 AD D2 14 29 42 F0 04 5C 0B EB 03 AD 9F 18
03E9FB,130,D0 03 82 D5 00 AD A0 18 C9 05 B0 03 82 D9 00 22
0682E7,130,AD 9A 15 CD CD 18 E2 20 F0 04 5C 5D 83 06 AD 64
03E9F0,130,29 42 F0 04 5C 0B EB 03 AD 9F 18 D0 03 82 D5 00
03E9ED,130,AD D2 14 29 42 F0 04 5C 0B EB 03 AD 9F 18 D0 03
02FBAA,130,E2 20 B5 12 22 84 CE 1F C2 20 A5 04 85 02 A5 0A
06828E,130,BD E6 1C 18 69 01 30 03 18 69 04 29 7F C9 04 90
03E9F8,130,AD 9F 18 D0 03 82 D5 00 AD A0 18 C9 05 B0 03 82
03E9F2,130,F0 04 5C 0B EB 03 AD 9F 18 D0 03 82 D5 00 AD A0
03E35B,130,F0 26 AD 9A 18 C2 20 29 FF 00 A2 A0 24 8E C7 14
02E20C,130,D0 01 60 C2 20 AD CB 1F 8F 28 00 70 E2 20 A9 01
068254,130,8F 24 2B 70 AE 3A 12 AD A2 15 C9 01 D0 2C AD D9
03B2A1,130,D0 10 AD DA 14 29 02 F0 09 AD D9 14 29 80 D0 0B
03B2A3,130,AD DA 14 29 02 F0 09 AD D9 14 29 80 D0 0B 80 12
03B29F,130,29 40 D0 10 AD DA 14 29 02 F0 09 AD D9 14 29 80
03B29C,130,AD D2 14 29 40 D0 10 AD DA 14 29 02 F0 09 AD D9
03E150,130,D0 01 60 10 01 4A 85 02 A9 C8 38 E5 02 C2 20 29
03E14E,130,29 FF D0 01 60 10 01 4A 85 02 A9 C8 38 E5 02 C2
03B2A6,130,29 02 F0 09 AD D9 14 29 80 D0 0B 80 12 A9 00 8D
03E152,130,60 10 01 4A 85 02 A9 C8 38 E5 02 C2 20 29 FF 00
0BB33C,130,18 6D C4 15 95 10 B5 0E 18 65 0A 95 0E E2 20 C2
03B2A8,130,F0 09 AD D9 14 29 80 D0 0B 80 12 A9 00 8D 41 21
0BB338,130,95 0C B5 10 18 6D C4 15 95 10 B5 0E 18 65 0A 95
0BB331,130,C2 20 B5 0C 18 65 04 95 0C B5 10 18 6D C4 15 95
0BB344,130,18 65 0A 95 0E E2 20 C2 20 B5 0C CD 73 15 E2 20
02FB34,130,8D 27 16 AD E5 15 8D 29 16 AD E7 15 8D 2B 16 AD
03B296,130,F0 04 5C B3 B2 03 AD D2 14 29 40 D0 10 AD DA 14
03E148,130,E2 20 AF 9A 01 70 29 FF D0 01 60 10 01 4A 85 02
03B287,130,20 8B B2 6B E2 20 C2 10 AE A4 15 B5 2E 29 04 F0
03B282,130,80 03 9C 42 21 20 8B B2 6B E2 20 C2 10 AE A4 15
03B27F,130,20 3C B3 80 03 9C 42 21 20 8B B2 6B E2 20 C2 10
02FB4E,130,8D 2F 16 AD 37 16 8D 31 16 AD 39 16 8D 33 16 E2
03E14A,130,AF 9A 01 70 29 FF D0 01 60 10 01 4A 85 02 A9 C8
03B28A,130,6B E2 20 C2 10 AE A4 15 B5 2E 29 04 F0 04 5C B3
03B28D,130,C2 10 AE A4 15 B5 2E 29 04 F0 04 5C B3 B2 03 AD
03B294,130,29 04 F0 04 5C B3 B2 03 AD D2 14 29 40 D0 10 AD
03B28B,130,E2 20 C2 10 AE A4 15 B5 2E 29 04 F0 04 5C B3 B2
03B292,130,B5 2E 29 04 F0 04 5C B3 B2 03 AD D2 14 29 40 D0
03B28F,130,AE A4 15 B5 2E 29 04 F0 04 5C B3 B2 03 AD D2 14
1FC048,130,A0 00 00 DA B5 2E 29 04 00 D0 44 B5 1E 29 01 00
1FC09D,130,28 6B B5 15 85 7E 8B 86 76 84 78 64 08 64 09 B5
03E18A,130,C2 20 9C C7 14 20 C5 E1 20 D7 E1 20 E9 E1 20 FB
0BB2EB,130,89 80 F0 06 A9 FF 85 05 80 02 64 05 A9 0D 85 08
0BB2ED,130,F0 06 A9 FF 85 05 80 02 64 05 A9 0D 85 08 85 0A
0BB2E9,130,85 04 89 80 F0 06 A9 FF 85 05 80 02 64 05 A9 0D
0BB2E5,130,A9 21 85 02 85 04 89 80 F0 06 A9 FF 85 05 80 02
0BB2E7,130,85 02 85 04 89 80 F0 06 A9 FF 85 05 80 02 64 05
0BB2E1,130,22 11 DB 1F A9 21 85 02 85 04 89 80 F0 06 A9 FF
0BB2F5,130,64 05 A9 0D 85 08 85 0A 89 80 F0 06 A9 FF 85 0B
0BB2F9,130,85 08 85 0A 89 80 F0 06 A9 FF 85 0B 80 02 64 0B
0BB2FD,130,89 80 F0 06 A9 FF 85 0B 80 02 64 0B A9 00 85 90
0BB2F7,130,A9 0D 85 08 85 0A 89 80 F0 06 A9 FF 85 0B 80 02
03B33C,130,C2 30 AE 1F 12 E2 20 B5 2A C9 FF D0 38 B5 1F 29
0BB2FB,130,85 0A 89 80 F0 06 A9 FF 85 0B 80 02 64 0B A9 00
1FC09E,130,6B B5 15 85 7E 8B 86 76 84 78 64 08 64 09 B5 13
03E1A1,130,F0 21 AD CD 1F 18 69 10 00 C9 40 00 D0 12 AD C7
7E4F45,130,6B 22 4F 4F 7E 60 20 A7 4F 6B 8B 08 E2 20 C2 10
03E18F,130,20 C5 E1 20 D7 E1 20 E9 E1 20 FB E1 AD BD 15 29
02FC47,130,E2 20 6B 20 4E FC 6B A5 EF 18 E5 F0 85 F0 E5 F1
03E18C,130,9C C7 14 20 C5 E1 20 D7 E1 20 E9 E1 20 FB E1 AD
0BB356,130,5C 6F B3 0B C2 20 AD 73 15 38 F5 0C 8D 8F 15 E2
0BB2DD,130,22 ED DA 1F 22 11 DB 1F A9 21 85 02 85 04 89 80
03E192,130,20 D7 E1 20 E9 E1 20 FB E1 AD BD 15 29 01 00 F0
7E4F3B,130,AD 62 12 8D 3A 30 22 F1 F4 02 6B 22 4F 4F 7E 60
03E19B,130,AD BD 15 29 01 00 F0 21 AD CD 1F 18 69 10 00 C9
03E195,130,20 E9 E1 20 FB E1 AD BD 15 29 01 00 F0 21 AD CD
7E4F41,130,22 F1 F4 02 6B 22 4F 4F 7E 60 20 A7 4F 6B 8B 08
7E4F3E,130,8D 3A 30 22 F1 F4 02 6B 22 4F 4F 7E 60 20 A7 4F
03B33E,130,AE 1F 12 E2 20 B5 2A C9 FF D0 38 B5 1F 29 08 D0
02FB63,130,C2 20 AD D9 15 8D 1D 16 AD DB 15 8D 1F 16 AD DD
03B27A,130,F0 08 20 BE B3 20 3C B3 80 03 9C 42 21 20 8B B2
0BB04C,130,F0 06 A9 FF 85 05 80 02 64 05 A9 0D 85 08 85 0A
02FC37,130,38 E9 70 00 8D F4 16 A5 74 38 E9 60 00 8D F6 16
02DB34,130,C2 20 F0 11 A2 08 00 A9 83 14 6E C7 14 B0 09 69
06BBD1,130,E2 20 28 7A 6B 08 07 06 05 E2 20 C2 10 DA A9 0D
02DAF4,130,8B A9 7E 48 AB 22 D5 81 06 22 42 ED 03 AE 1F 12
0BB10F,130,6B A9 02 8D 29 15 A9 01 8D 2A 15 B4 1B AD D9 14
02FC35,130,A5 72 38 E9 70 00 8D F4 16 A5 74 38 E9 60 00 8D
02DC42,130,7C 45 DC 8B DC A7 DC A7 DC 79 DC A7 DC 67 DC 55
0BB326,130,85 02 A5 0A 85 08 AD C4 15 85 90 C2 20 B5 0C 18
06BBBC,130,6A C9 00 80 6A C9 00 80 6A C9 00 80 6A 18 6D A0
02DA07,130,8D A6 15 AD 04 12 8D A7 15 22 26 F9 02 22 55 B2
03BA19,130,65 74 85 74 A5 CD 65 75 85 75 38 A5 74 E5 CA 85
02D990,130,3A 3A 3A 3A 8D BB 18 AD A4 16 29 FF 00 F0 40 C9
0BB0F4,130,5C 0F B1 0B AD E0 14 09 08 8D E0 14 AD DC 14 29
0BB0F0,130,E2 20 10 04 5C 0F B1 0B AD E0 14 09 08 8D E0 14
0BB0D4,130,CD 7D 15 E2 20 F0 06 30 04 5C E9 B0 0B AD E0 14
0BB0D7,130,E2 20 F0 06 30 04 5C E9 B0 0B AD E0 14 09 04 8D
0BB0D0,130,C2 20 B5 0E CD 7D 15 E2 20 F0 06 30 04 5C E9 B0
06BB79,130,C9 00 80 6A 8D C7 14 C9 00 80 6A 18 6D C7 14 49
0BB0F2,130,10 04 5C 0F B1 0B AD E0 14 09 08 8D E0 14 AD DC
0BB0D9,130,F0 06 30 04 5C E9 B0 0B AD E0 14 09 04 8D E0 14
0BB0DD,130,5C E9 B0 0B AD E0 14 09 04 8D E0 14 C2 20 B5 0E
0BB0ED,130,CD 7F 15 E2 20 10 04 5C 0F B1 0B AD E0 14 09 08
0BB0DB,130,30 04 5C E9 B0 0B AD E0 14 09 04 8D E0 14 C2 20
0BB0EB,130,B5 0E CD 7F 15 E2 20 10 04 5C 0F B1 0B AD E0 14
0BB0E9,130,C2 20 B5 0E CD 7F 15 E2 20 10 04 5C 0F B1 0B AD
03B27C,130,20 BE B3 20 3C B3 80 03 9C 42 21 20 8B B2 6B E2
03B255,130,E2 20 AD D3 14 29 08 F0 07 AD D9 14 29 80 D0 1F
03B257,130,AD D3 14 29 08 F0 07 AD D9 14 29 80 D0 1F AD D4
03B270,130,C9 0B F0 10 C9 0C F0 0C C9 0D F0 08 20 BE B3 20
02FB83,130,AD E3 15 8D 27 16 AD E5 15 8D 29 16 AD E7 15 8D
03B26E,130,F0 14 C9 0B F0 10 C9 0C F0 0C C9 0D F0 08 20 BE
03B26C,130,C9 0F F0 14 C9 0B F0 10 C9 0C F0 0C C9 0D F0 08
02FBB8,130,A5 0A 85 08 AD C4 15 85 90 E2 20 B5 13 22 F0 CD
1FC043,130,AE 1F 12 F0 55 A0 00 00 DA B5 2E 29 04 00 D0 44
03B272,130,F0 10 C9 0C F0 0C C9 0D F0 08 20 BE B3 20 3C B3
03B274,130,C9 0C F0 0C C9 0D F0 08 20 BE B3 20 3C B3 80 03
1FC046,130,F0 55 A0 00 00 DA B5 2E 29 04 00 D0 44 B5 1E 29
02FB80,130,8D 25 16 AD E3 15 8D 27 16 AD E5 15 8D 29 16 AD
03B278,130,C9 0D F0 08 20 BE B3 20 3C B3 80 03 9C 42 21 20
03B276,130,F0 0C C9 0D F0 08 20 BE B3 20 3C B3 80 03 9C 42
1FBDB0,130,6B 78 18 FB C2 30 A9 00 00 5B A2 FF 02 9A E2 30
03B26A,130,F0 18 C9 0F F0 14 C9 0B F0 10 C9 0C F0 0C C9 0D
03B265,130,AD D4 1F C9 10 F0 18 C9 0F F0 14 C9 0B F0 10 C9
1FC03E,130,C2 30 9C FD 1E AE 1F 12 F0 55 A0 00 00 DA B5 2E
03B25C,130,F0 07 AD D9 14 29 80 D0 1F AD D4 1F C9 10 F0 18
03B25A,130,29 08 F0 07 AD D9 14 29 80 D0 1F AD D4 1F C9 10
1FC03D,130,08 C2 30 9C FD 1E AE 1F 12 F0 55 A0 00 00 DA B5
03B268,130,C9 10 F0 18 C9 0F F0 14 C9 0B F0 10 C9 0C F0 0C
02FBE9,130,38 E5 C5 8F 2E 00 70 E2 20 AD DD 14 C9 03 F0 04
1FC040,130,9C FD 1E AE 1F 12 F0 55 A0 00 00 DA B5 2E 29 04
03B263,130,D0 1F AD D4 1F C9 10 F0 18 C9 0F F0 14 C9 0B F0
03B25E,130,AD D9 14 29 80 D0 1F AD D4 1F C9 10 F0 18 C9 0F
02FBD3,130,8F 62 00 70 A5 0A 18 75 0E 38 E5 C3 8F 2C 00 70
03B261,130,29 80 D0 1F AD D4 1F C9 10 F0 18 C9 0F F0 14 C9
03DDF0,130,60 AC B1 15 DA BF 88 DE 03 C9 FF FF D0 03 82 82
0BB2FF,130,F0 06 A9 FF 85 0B 80 02 64 0B A9 00 85 90 8D C4
0BB30D,130,8D C4 15 89 80 F0 07 A9 FF 8D C5 15 80 03 9C C5
0681F3,130,5C FC 81 06 A9 FF 8D C6 14 AD D5 14 29 10 D0 04
02F4D8,130,08 20 81 F5 E2 20 C2 10 E2 20 A9 01 A2 7F B1 22
02E20E,130,60 C2 20 AD CB 1F 8F 28 00 70 E2 20 A9 01 A2 8B
0BB071,130,F0 07 A9 FF 8D C5 15 80 03 9C C5 15 B5 14 22 78
02DD4E,130,C2 30 AE AD 16 D0 14 E2 20 E2 20 AD C3 14 29 7F
06BB85,130,6D C7 14 49 FF FF 1A AC CE 14 D0 10 C9 E8 00 30
02F4D9,130,20 81 F5 E2 20 C2 10 E2 20 A9 01 A2 7F B1 22 E3
02F4DE,130,C2 10 E2 20 A9 01 A2 7F B1 22 E3 4E 7E E2 20 C2
02F4E4,130,A2 7F B1 22 E3 4E 7E E2 20 C2 10 28 6B 08 8B E2
02F4DC,130,E2 20 C2 10 E2 20 A9 01 A2 7F B1 22 E3 4E 7E E2
02F4E2,130,A9 01 A2 7F B1 22 E3 4E 7E E2 20 C2 10 28 6B 08
02F4E0,130,E2 20 A9 01 A2 7F B1 22 E3 4E 7E E2 20 C2 10 28
02F4E7,130,22 E3 4E 7E E2 20 C2 10 28 6B 08 8B E2 20 A9 7E
03E203,130,60 EE C7 14 A9 80 00 4C 0D E2 18 6D CD 1F AA AC
02E207,130,E2 20 AD D2 1F D0 01 60 C2 20 AD CB 1F 8F 28 00
03B438,130,D0 03 82 6D 00 EC 68 1F F0 03 82 65 00 BF E8 1C
03B43D,130,EC 68 1F F0 03 82 65 00 BF E8 1C 7E 29 FF 00 F0
06BBBD,130,C9 00 80 6A C9 00 80 6A C9 00 80 6A 18 6D A0 16
03B435,130,AE 3F 1F D0 03 82 6D 00 EC 68 1F F0 03 82 65 00
02E209,130,AD D2 1F D0 01 60 C2 20 AD CB 1F 8F 28 00 70 E2
02DB29,130,28 6B 9C C8 14 AD C3 14 8D C7 14 C2 20 F0 11 A2
02DC95,130,B5 0C 8F 2C 00 70 E2 20 A9 06 A2 87 FB 22 E3 4E
02FB92,130,8D 2B 16 AD E9 15 8D 2D 16 E2 20 08 C2 30 AE 3A
03B440,130,F0 03 82 65 00 BF E8 1C 7E 29 FF 00 F0 03 82 62
06BBB9,130,C9 00 80 6A C9 00 80 6A C9 00 80 6A C9 00 80 6A
0681E9,130,8D C6 14 AD DD 14 C9 03 F0 04 5C FC 81 06 A9 FF
03E1FB,130,AD C9 1F 89 08 00 D0 01 60 EE C7 14 A9 80 00 4C
02F4EB,130,E2 20 C2 10 28 6B 08 8B E2 20 A9 7E 48 AB C2 10
02F4EF,130,28 6B 08 8B E2 20 A9 7E 48 AB C2 10 A2 F2 0E AC
02DA42,130,22 10 DC 02 AD BD 18 C9 02 D0 F9 9C BD 18 C2 30
0BB0D2,130,B5 0E CD 7D 15 E2 20 F0 06 30 04 5C E9 B0 0B AD
068203,130,5C 48 82 06 AD BD 15 29 03 F0 04 5C 19 82 06 22
0681FF,130,29 10 D0 04 5C 48 82 06 AD BD 15 29 03 F0 04 5C
02DA33,130,E2 20 AD BD 18 F0 FB AD 15 1F F0 03 20 A3 DA 22
03DB73,130,D0 1B AF 1C 02 70 F0 15 20 4E E0 20 B5 E0 20 DD
0BB087,130,A5 0A 85 08 AD C4 15 85 90 C2 20 B5 0C 18 65 04
06824B,130,AC 6D 15 22 D9 DA 1F A9 0F 8F 24 2B 70 AE 3A 12
02DA85,130,AD A6 16 C9 3C 90 12 AD A7 16 8D A8 16 9C A7 16
068248,130,AE A4 15 AC 6D 15 22 D9 DA 1F A9 0F 8F 24 2B 70
068252,130,A9 0F 8F 24 2B 70 AE 3A 12 AD A2 15 C9 01 D0 2C
06824E,130,22 D9 DA 1F A9 0F 8F 24 2B 70 AE 3A 12 AD A2 15
02F4ED,130,C2 10 28 6B 08 8B E2 20 A9 7E 48 AB C2 10 A2 F2
06BB69,130,C9 00 80 6A C9 00 80 6A C9 00 80 6A C9 00 80 6A
02F4FE,130,AC 1F 12 E2 20 B9 20 00 29 08 D0 6C C2 20 B9 04
02F4F2,130,8B E2 20 A9 7E 48 AB C2 10 A2 F2 0E AC 1F 12 E2
02F4F3,130,E2 20 A9 7E 48 AB C2 10 A2 F2 0E AC 1F 12 E2 20
02F4F1,130,08 8B E2 20 A9 7E 48 AB C2 10 A2 F2 0E AC 1F 12
02F4F0,130,6B 08 8B E2 20 A9 7E 48 AB C2 10 A2 F2 0E AC 1F
03B9F8,130,85 73 A5 08 85 84 A5 09 85 85 A5 90 85 86 A5 91
02F4F5,130,A9 7E 48 AB C2 10 A2 F2 0E AC 1F 12 E2 20 B9 20
02F4F7,130,48 AB C2 10 A2 F2 0E AC 1F 12 E2 20 B9 20 00 29
02F4FB,130,A2 F2 0E AC 1F 12 E2 20 B9 20 00 29 08 D0 6C C2
02D9F5,130,AD 7C 17 89 01 F0 03 82 03 00 20 EC DA E2 20 AD
02F4F9,130,C2 10 A2 F2 0E AC 1F 12 E2 20 B9 20 00 29 08 D0
02F4F8,130,AB C2 10 A2 F2 0E AC 1F 12 E2 20 B9 20 00 29 08
0BB309,130,A9 00 85 90 8D C4 15 89 80 F0 07 A9 FF 8D C5 15
0681E0,130,5C E7 81 06 9C C9 1F A9 00 8D C6 14 AD DD 14 C9
03E1F1,130,60 EE C7 14 A9 C0 00 4C 0D E2 AD C9 1F 89 08 00
0BB34B,130,C2 20 B5 0C CD 73 15 E2 20 10 04 5C 6F B3 0B C2
0BB34D,130,B5 0C CD 73 15 E2 20 10 04 5C 6F B3 0B C2 20 AD
0BB349,130,E2 20 C2 20 B5 0C CD 73 15 E2 20 10 04 5C 6F B3
0BB345,130,65 0A 95 0E E2 20 C2 20 B5 0C CD 73 15 E2 20 10
0BB347,130,95 0E E2 20 C2 20 B5 0C CD 73 15 E2 20 10 04 5C
0BB342,130,B5 0E 18 65 0A 95 0E E2 20 C2 20 B5 0C CD 73 15
0BB34F,130,CD 73 15 E2 20 10 04 5C 6F B3 0B C2 20 AD 73 15
0BB354,130,10 04 5C 6F B3 0B C2 20 AD 73 15 38 F5 0C 8D 8F
0BB373,130,CD 7D 15 E2 20 F0 06 30 04 5C 88 B3 0B AD E0 14
0BB352,130,E2 20 10 04 5C 6F B3 0B C2 20 AD 73 15 38 F5 0C
0BB371,130,B5 0E CD 7D 15 E2 20 F0 06 30 04 5C 88 B3 0B AD
0BB36F,130,C2 20 B5 0E CD 7D 15 E2 20 F0 06 30 04 5C 88 B3
0BB376,130,E2 20 F0 06 30 04 5C 88 B3 0B AD E0 14 09 10 8D
0BB340,130,95 10 B5 0E 18 65 0A 95 0E E2 20 C2 20 B5 0C CD
0BB336,130,65 04 95 0C B5 10 18 6D C4 15 95 10 B5 0E 18 65
0BB312,130,F0 07 A9 FF 8D C5 15 80 03 9C C5 15 B5 14 22 78
1FD273,130,82 BA 00 B5 2E 29 FB FF 95 2E B5 0C 8D 15 15 B5
0BB310,130,89 80 F0 07 A9 FF 8D C5 15 80 03 9C C5 15 B5 14
03B34F,130,5C 81 B3 03 B5 20 29 02 F0 04 5C 81 B3 03 C2 20
0BB33D,130,6D C4 15 95 10 B5 0E 18 65 0A 95 0E E2 20 C2 20
0BB324,130,A5 04 85 02 A5 0A 85 08 AD C4 15 85 90 C2 20 B5
0BB32F,130,85 90 C2 20 B5 0C 18 65 04 95 0C B5 10 18 6D C4
0BB335,130,18 65 04 95 0C B5 10 18 6D C4 15 95 10 B5 0E 18
0BB32A,130,85 08 AD C4 15 85 90 C2 20 B5 0C 18 65 04 95 0C
0BB333,130,B5 0C 18 65 04 95 0C B5 10 18 6D C4 15 95 10 B5
06BBAE,130,AD C9 18 38 ED 2C 15 C9 00 80 6A C9 00 80 6A C9
0681DE,130,D0 04 5C E7 81 06 9C C9 1F A9 00 8D C6 14 AD DD
0BB378,130,F0 06 30 04 5C 88 B3 0B AD E0 14 09 10 8D E0 14
0BB37C,130,5C 88 B3 0B AD E0 14 09 10 8D E0 14 C2 20 B5 0E
03E1CD,130,60 EE C7 14 A9 00 00 4C 0D E2 AD C9 1F 89 02 00
03E1DA,130,89 02 00 D0 01 60 EE C7 14 A9 40 00 4C 0D E2 AD
06BB7D,130,8D C7 14 C9 00 80 6A 18 6D C7 14 49 FF FF 1A AC
03E1C8,130,89 01 00 D0 01 60 EE C7 14 A9 00 00 4C 0D E2 AD
03E1CB,130,D0 01 60 EE C7 14 A9 00 00 4C 0D E2 AD C9 1F 89
02D96B,130,22 5C BB 06 20 54 DB C2 30 AD FE 14 8D C7 16 AD
03E1DF,130,60 EE C7 14 A9 40 00 4C 0D E2 AD C9 1F 89 04 00
0681D5,130,E2 20 C2 10 AD DF 14 29 08 D0 04 5C E7 81 06 9C
03E1EF,130,D0 01 60 EE C7 14 A9 C0 00 4C 0D E2 AD C9 1F 89
03E1E9,130,AD C9 1F 89 04 00 D0 01 60 EE C7 14 A9 C0 00 4C
0681D9,130,AD DF 14 29 08 D0 04 5C E7 81 06 9C C9 1F A9 00
0681D7,130,C2 10 AD DF 14 29 08 D0 04 5C E7 81 06 9C C9 1F
0BB37A,130,30 04 5C 88 B3 0B AD E0 14 09 10 8D E0 14 C2 20
03EB0B,130,28 6B 08 E2 20 AD 9C 18 89 80 D0 0B 29 7F C9 05
03E1C4,130,60 AD C9 1F 89 01 00 D0 01 60 EE C7 14 A9 00 00
03B3C3,130,A9 FF 7F 9C 3F 1F B4 04 C0 C0 C7 D0 03 82 E6 00
03B3C6,130,9C 3F 1F B4 04 C0 C0 C7 D0 03 82 E6 00 C0 B0 D9
03B3C0,130,AE 1F 12 A9 FF 7F 9C 3F 1F B4 04 C0 C0 C7 D0 03
03B3BE,130,C2 30 AE 1F 12 A9 FF 7F 9C 3F 1F B4 04 C0 C0 C7
03E1C5,130,AD C9 1F 89 01 00 D0 01 60 EE C7 14 A9 00 00 4C
0BB388,130,C2 20 B5 0E CD 7F 15 E2 20 10 04 5C AE B3 0B AD
0BB38C,130,CD 7F 15 E2 20 10 04 5C AE B3 0B AD E0 14 09 20
02DB4F,130,60 20 54 DB 6B C2 30 9C 53 19 AD 56 19 29 FF 00
0BB38A,130,B5 0E CD 7F 15 E2 20 10 04 5C AE B3 0B AD E0 14
0BB391,130,10 04 5C AE B3 0B AD E0 14 09 20 8D E0 14 AD DC
0BB38F,130,E2 20 10 04 5C AE B3 0B AD E0 14 09 20 8D E0 14
03DBFA,130,AD EE 16 29 FF 00 D0 03 A9 01 00 3A 85 02 A9 E3
03DC3A,130,9D 6F 12 A9 CB 20 9D 65 12 A9 CC 20 9D 69 12 A9
02DD4B,130,9C D2 1F C2 30 AE AD 16 D0 14 E2 20 E2 20 AD C3
02FB4B,130,AD 35 16 8D 2F 16 AD 37 16 8D 31 16 AD 39 16 8D
02FBCB,130,A5 04 18 75 0C 38 E5 C1 8F 62 00 70 A5 0A 18 75
03BA30,130,6B A2 00 A5 87 F0 0C E8 4A F0 06 66 86 E8 4A D0
03BA2E,130,85 75 6B A2 00 A5 87 F0 0C E8 4A F0 06 66 86 E8
06BB80,130,C9 00 80 6A 18 6D C7 14 49 FF FF 1A AC CE 14 D0
03BA2C,130,E5 CB 85 75 6B A2 00 A5 87 F0 0C E8 4A F0 06 66
02DA3D,130,F0 03 20 A3 DA 22 10 DC 02 AD BD 18 C9 02 D0 F9
06BBA8,130,8D 4F 19 9C 51 19 AD C9 18 38 ED 2C 15 C9 00 80
02FBBC,130,AD C4 15 85 90 E2 20 B5 13 22 F0 CD 1F C2 20 A5
02FBC9,130,C2 20 A5 04 18 75 0C 38 E5 C1 8F 62 00 70 A5 0A
02FBBF,130,85 90 E2 20 B5 13 22 F0 CD 1F C2 20 A5 04 18 75
02FBC5,130,22 F0 CD 1F C2 20 A5 04 18 75 0C 38 E5 C1 8F 62
06BBA5,130,29 FF 01 8D 4F 19 9C 51 19 AD C9 18 38 ED 2C 15
03DBB3,130,AE B1 15 9E 63 12 E8 E8 3A 3A 10 F7 60 E2 20 E2
02FBCD,130,18 75 0C 38 E5 C1 8F 62 00 70 A5 0A 18 75 0E 38
02DA2F,130,22 3D C0 1F E2 20 AD BD 18 F0 FB AD 15 1F F0 03
02DA24,130,22 C7 F6 02 22 5A DB 03 20 04 DD 22 3D C0 1F E2
03BA1F,130,65 75 85 75 38 A5 74 E5 CA 85 74 A5 75 E5 CB 85
03BA1B,130,85 74 A5 CD 65 75 85 75 38 A5 74 E5 CA 85 74 A5
02DA20,130,22 D8 F4 02 22 C7 F6 02 22 5A DB 03 20 04 DD 22
02FC3B,130,8D F4 16 A5 74 38 E9 60 00 8D F6 16 E2 20 6B 20
03BA2A,130,A5 75 E5 CB 85 75 6B A2 00 A5 87 F0 0C E8 4A F0
02DA28,130,22 5A DB 03 20 04 DD 22 3D C0 1F E2 20 AD BD 18
03BA24,130,A5 74 E5 CA 85 74 A5 75 E5 CB 85 75 6B A2 00 A5
02FBCE,130,75 0C 38 E5 C1 8F 62 00 70 A5 0A 18 75 0E 38 E5
03BA23,130,38 A5 74 E5 CA 85 74 A5 75 E5 CB 85 75 6B A2 00
03BA26,130,E5 CA 85 74 A5 75 E5 CB 85 75 6B A2 00 A5 87 F0
02DA2C,130,20 04 DD 22 3D C0 1F E2 20 AD BD 18 F0 FB AD 15
03BA17,130,A5 CC 65 74 85 74 A5 CD 65 75 85 75 38 A5 74 E5
03DBB1,130,30 0D AE B1 15 9E 63 12 E8 E8 3A 3A 10 F7 60 E2
03DBAE,130,ED B1 15 30 0D AE B1 15 9E 63 12 E8 E8 3A 3A 10
06BB8B,130,1A AC CE 14 D0 10 C9 E8 00 30 03 A9 E8 00 C9 C8
02DA82,130,EE A7 16 AD A6 16 C9 3C 90 12 AD A7 16 8D A8 16
02DA7F,130,8D A6 16 EE A7 16 AD A6 16 C9 3C 90 12 AD A7 16
02DA7C,130,6D A5 16 8D A6 16 EE A7 16 AD A6 16 C9 3C 90 12
03DBA3,130,6B 20 A8 DB 6B C2 20 A9 48 01 38 ED B1 15 30 0D
02DA7B,130,18 6D A5 16 8D A6 16 EE A7 16 AD A6 16 C9 3C 90
02FBA8,130,85 90 E2 20 B5 12 22 84 CE 1F C2 20 A5 04 85 02
06BB88,130,49 FF FF 1A AC CE 14 D0 10 C9 E8 00 30 03 A9 E8
02DA8A,130,90 12 AD A7 16 8D A8 16 9C A7 16 AD A6 16 38 E9
03DBA0,130,20 A8 DB 6B 20 A8 DB 6B C2 20 A9 48 01 38 ED B1
03DB9D,130,20 53 DD 20 A8 DB 6B 20 A8 DB 6B C2 20 A9 48 01
02FBA5,130,A9 F4 01 85 90 E2 20 B5 12 22 84 CE 1F C2 20 A5
02DA88,130,C9 3C 90 12 AD A7 16 8D A8 16 9C A7 16 AD A6 16
02FBB6,130,85 02 A5 0A 85 08 AD C4 15 85 90 E2 20 B5 13 22
02DA78,130,AD A6 16 18 6D A5 16 8D A6 16 EE A7 16 AD A6 16
02FBAC,130,B5 12 22 84 CE 1F C2 20 A5 04 85 02 A5 0A 85 08
03DBA8,130,C2 20 A9 48 01 38 ED B1 15 30 0D AE B1 15 9E 63
02FBAE,130,22 84 CE 1F C2 20 A5 04 85 02 A5 0A 85 08 AD C4
03DBAA,130,A9 48 01 38 ED B1 15 30 0D AE B1 15 9E 63 12 E8
02FBB4,130,A5 04 85 02 A5 0A 85 08 AD C4 15 85 90 E2 20 B5
02FBB2,130,C2 20 A5 04 85 02 A5 0A 85 08 AD C4 15 85 90 E2
02DA75,130,8D E5 14 AD A6 16 18 6D A5 16 8D A6 16 EE A7 16
02DA63,130,20 07 E2 E2 20 AD D3 1F F0 03 EE 12 1F E2 20 AD
02DA68,130,AD D3 1F F0 03 EE 12 1F E2 20 AD 00 12 8D E5 14
06BB8F,130,D0 10 C9 E8 00 30 03 A9 E8 00 C9 C8 FF 10 03 A9
02DA66,130,E2 20 AD D3 1F F0 03 EE 12 1F E2 20 AD 00 12 8D
02DA70,130,E2 20 AD 00 12 8D E5 14 AD A6 16 18 6D A5 16 8D
02DA6B,130,F0 03 EE 12 1F E2 20 AD 00 12 8D E5 14 AD A6 16
02FBA3,130,64 08 A9 F4 01 85 90 E2 20 B5 12 22 84 CE 1F C2
03BA16,130,18 A5 CC 65 74 85 74 A5 CD 65 75 85 75 38 A5 74
03BA14,130,85 75 18 A5 CC 65 74 85 74 A5 CD 65 75 85 75 38
06BBB5,130,C9 00 80 6A C9 00 80 6A C9 00 80 6A C9 00 80 6A
02D9E5,130,22 21 DB 02 E2 20 C2 10 AD D3 1F D0 03 EE 12 1F
02D9DF,130,20 34 DC 20 BD DC 22 21 DB 02 E2 20 C2 10 AD D3
02FBD7,130,A5 0A 18 75 0E 38 E5 C3 8F 2C 00 70 AD C4 15 18
06BBB8,130,6A C9 00 80 6A C9 00 80 6A C9 00 80 6A C9 00 80
02FBDA,130,75 0E 38 E5 C3 8F 2C 00 70 AD C4 15 18 75 10 38
03B9E0,130,85 84 A5 03 85 85 A5 90 85 86 A5 91 85 87 22 31
03B9E4,130,85 85 A5 90 85 86 A5 91 85 87 22 31 BA 03 A5 88
03B9EA,130,A5 91 85 87 22 31 BA 03 A5 88 85 72 A5 89 85 73
03B9E2,130,A5 03 85 85 A5 90 85 86 A5 91 85 87 22 31 BA 03
02D9F0,130,D0 03 EE 12 1F AD 7C 17 89 01 F0 03 82 03 00 20
02D9ED,130,AD D3 1F D0 03 EE 12 1F AD 7C 17 89 01 F0 03 82
03B9E8,130,85 86 A5 91 85 87 22 31 BA 03 A5 88 85 72 A5 89
02D9F2,130,EE 12 1F AD 7C 17 89 01 F0 03 82 03 00 20 EC DA
02FBDC,130,38 E5 C3 8F 2C 00 70 AD C4 15 18 75 10 38 E5 C5
02FBDF,130,8F 2C 00 70 AD C4 15 18 75 10 38 E5 C5 8F 2E 00
02FBEC,130,8F 2E 00 70 E2 20 AD DD 14 C9 03 F0 04 5C 0D FC
02FBEA,130,E5 C5 8F 2E 00 70 E2 20 AD DD 14 C9 03 F0 04 5C
02DB20,130,60 08 E2 20 C2 10 20 2B DB 28 6B 9C C8 14 AD C3
06BBD3,130,28 7A 6B 08 07 06 05 E2 20 C2 10 DA A9 0D 8D F6
02FBF0,130,E2 20 AD DD 14 C9 03 F0 04 5C 0D FC 02 C2 20 AF
02FBDD,130,E5 C3 8F 2C 00 70 AD C4 15 18 75 10 38 E5 C5 8F
03DBE2,130,A9 BD 20 9D 65 12 A9 10 11 9D 63 12 A9 E2 20 9D
02FBE7,130,75 10 38 E5 C5 8F 2E 00 70 E2 20 AD DD 14 C9 03
06BBC5,130,C9 00 80 6A 18 6D A0 16 8F B0 01 70 E2 20 28 7A
06BBCA,130,6D A0 16 8F B0 01 70 E2 20 28 7A 6B 08 07 06 05
03DBDD,130,C2 30 AE B1 15 A9 BD 20 9D 65 12 A9 10 11 9D 63
03DBDF,130,AE B1 15 A9 BD 20 9D 65 12 A9 10 11 9D 63 12 A9
02DA1C,130,22 CC F6 02 22 D8 F4 02 22 C7 F6 02 22 5A DB 03
03B9EC,130,85 87 22 31 BA 03 A5 88 85 72 A5 89 85 73 A5 08
02FBD1,130,E5 C1 8F 62 00 70 A5 0A 18 75 0E 38 E5 C3 8F 2C
02DA10,130,22 26 F9 02 22 55 B2 03 22 EE F6 02 22 CC F6 02
03BA0A,130,22 31 BA 03 A5 88 85 74 A5 89 85 75 18 A5 CC 65
03BA08,130,85 87 22 31 BA 03 A5 88 85 74 A5 89 85 75 18 A5
03BA04,130,85 86 A5 91 85 87 22 31 BA 03 A5 88 85 74 A5 89
03BA06,130,A5 91 85 87 22 31 BA 03 A5 88 85 74 A5 89 85 75
02DA0A,130,AD 04 12 8D A7 15 22 26 F9 02 22 55 B2 03 22 EE
02DAF8,130,AB 22 D5 81 06 22 42 ED 03 AE 1F 12 9C 4A 12 22
03BA0E,130,A5 88 85 74 A5 89 85 75 18 A5 CC 65 74 85 74 A5
06BBB1,130,38 ED 2C 15 C9 00 80 6A C9 00 80 6A C9 00 80 6A
02DA14,130,22 55 B2 03 22 EE F6 02 22 CC F6 02 22 D8 F4 02
03BA12,130,A5 89 85 75 18 A5 CC 65 74 85 74 A5 CD 65 75 85
03BA10,130,85 74 A5 89 85 75 18 A5 CC 65 74 85 74 A5 CD 65
02DA18,130,22 EE F6 02 22 CC F6 02 22 D8 F4 02 22 C7 F6 02
03B9EE,130,22 31 BA 03 A5 88 85 72 A5 89 85 73 A5 08 85 84
03BA02,130,A5 90 85 86 A5 91 85 87 22 31 BA 03 A5 88 85 74
03B9FE,130,A5 09 85 85 A5 90 85 86 A5 91 85 87 22 31 BA 03
03B9F4,130,85 72 A5 89 85 73 A5 08 85 84 A5 09 85 85 A5 90
03B9F6,130,A5 89 85 73 A5 08 85 84 A5 09 85 85 A5 90 85 86
02D9FA,130,F0 03 82 03 00 20 EC DA E2 20 AD 02 12 8D A6 15
02D9F8,130,89 01 F0 03 82 03 00 20 EC DA E2 20 AD 02 12 8D
03B9F2,130,A5 88 85 72 A5 89 85 73 A5 08 85 84 A5 09 85 85
03BA00,130,85 85 A5 90 85 86 A5 91 85 87 22 31 BA 03 A5 88
02D9FF,130,20 EC DA E2 20 AD 02 12 8D A6 15 AD 04 12 8D A7
03B9FA,130,A5 08 85 84 A5 09 85 85 A5 90 85 86 A5 91 85 87
02DA04,130,AD 02 12 8D A6 15 AD 04 12 8D A7 15 22 26 F9 02
02FBD0,130,38 E5 C1 8F 62 00 70 A5 0A 18 75 0E 38 E5 C3 8F
03B9FC,130,85 84 A5 09 85 85 A5 90 85 86 A5 91 85 87 22 31
02DA02,130,E2 20 AD 02 12 8D A6 15 AD 04 12 8D A7 15 22 26
06BBD4,130,7A 6B 08 07 06 05 E2 20 C2 10 DA A9 0D 8D F6 1F
02D97F,130,AE 38 12 B5 0C C9 00 80 6A C9 00 80 6A C9 00 80
02FBA0,130,AE 3A 12 64 08 A9 F4 01 85 90 E2 20 B5 12 22 84
02FB1F,130,AD DD 15 8D 21 16 AD DF 15 8D 23 16 AD E1 15 8D
02DB21,130,08 E2 20 C2 10 20 2B DB 28 6B 9C C8 14 AD C3 14
02DB1F,130,AB 60 08 E2 20 C2 10 20 2B DB 28 6B 9C C8 14 AD
03DB66,130,8E B1 15 8E B3 15 8E B5 15 AD 64 19 1A D0 1B AF
02FB1C,130,8D 1F 16 AD DD 15 8D 21 16 AD DF 15 8D 23 16 AD
02FB19,130,AD DB 15 8D 1F 16 AD DD 15 8D 21 16 AD DF 15 8D
02DB22,130,E2 20 C2 10 20 2B DB 28 6B 9C C8 14 AD C3 14 8D
02DB24,130,C2 10 20 2B DB 28 6B 9C C8 14 AD C3 14 8D C7 14
02DB2A,130,6B 9C C8 14 AD C3 14 8D C7 14 C2 20 F0 11 A2 08
02FB22,130,8D 21 16 AD DF 15 8D 23 16 AD E1 15 8D 25 16 AD
02FB28,130,8D 23 16 AD E1 15 8D 25 16 AD E3 15 8D 27 16 AD
02FB25,130,AD DF 15 8D 23 16 AD E1 15 8D 25 16 AD E3 15 8D
02FB6B,130,AD DB 15 8D 1F 16 AD DD 15 8D 21 16 AD DF 15 8D
03DB63,130,A2 00 00 8E B1 15 8E B3 15 8E B5 15 AD 64 19 1A
02FB6E,130,8D 1F 16 AD DD 15 8D 21 16 AD DF 15 8D 23 16 AD
02DB15,130,80 08 B4 00 22 DC BF 1F 80 F3 AB 60 08 E2 20 C2
02FB0B,130,E2 20 22 76 B9 03 C2 20 AD D9 15 8D 1D 16 AD DB
02FB74,130,8D 21 16 AD DF 15 8D 23 16 AD E1 15 8D 25 16 AD
02FB08,130,8D 33 16 E2 20 22 76 B9 03 C2 20 AD D9 15 8D 1D
03DB6F,130,AD 64 19 1A D0 1B AF 1C 02 70 F0 15 20 4E E0 20
02FB07,130,1A 8D 33 16 E2 20 22 76 B9 03 C2 20 AD D9 15 8D
02FB16,130,8D 1D 16 AD DB 15 8D 1F 16 AD DD 15 8D 21 16 AD
02FB0D,130,22 76 B9 03 C2 20 AD D9 15 8D 1D 16 AD DB 15 8D
03DB69,130,8E B3 15 8E B5 15 AD 64 19 1A D0 1B AF 1C 02 70
02FB13,130,AD D9 15 8D 1D 16 AD DB 15 8D 1F 16 AD DD 15 8D
03DB6C,130,8E B5 15 AD 64 19 1A D0 1B AF 1C 02 70 F0 15 20
03B9E6,130,A5 90 85 86 A5 91 85 87 22 31 BA 03 A5 88 85 72
02FB11,130,C2 20 AD D9 15 8D 1D 16 AD DB 15 8D 1F 16 AD DD
02FB04,130,49 FF FF 1A 8D 33 16 E2 20 22 76 B9 03 C2 20 AD
02FB2B,130,AD E1 15 8D 25 16 AD E3 15 8D 27 16 AD E5 15 8D
02DB2E,130,AD C3 14 8D C7 14 C2 20 F0 11 A2 08 00 A9 83 14
02FB49,130,C2 20 AD 35 16 8D 2F 16 AD 37 16 8D 31 16 AD 39
02FB5D,130,E2 30 22 76 B9 03 C2 20 AD D9 15 8D 1D 16 AD DB
02DB49,130,A9 00 00 8D A9 16 60 20 54 DB 6B C2 30 9C 53 19
02FB46,130,8D 2D 16 C2 20 AD 35 16 8D 2F 16 AD 37 16 8D 31
02DB5F,130,D0 01 60 AD F3 16 29 FF 00 D0 05 A9 00 00 80 05
02FB5F,130,22 76 B9 03 C2 20 AD D9 15 8D 1D 16 AD DB 15 8D
02DB4C,130,8D A9 16 60 20 54 DB 6B C2 30 9C 53 19 AD 56 19
02DB59,130,AD 56 19 29 FF 00 D0 01 60 AD F3 16 29 FF 00 D0
02FB51,130,AD 37 16 8D 31 16 AD 39 16 8D 33 16 E2 30 22 76
02FB5A,130,8D 33 16 E2 30 22 76 B9 03 C2 20 AD D9 15 8D 1D
02DB56,130,9C 53 19 AD 56 19 29 FF 00 D0 01 60 AD F3 16 29
02FB57,130,AD 39 16 8D 33 16 E2 30 22 76 B9 03 C2 20 AD D9
03DC28,130,9D 63 12 A9 20 B7 9D 67 12 A9 28 B7 9D 6B 12 A9
03DC52,130,9D 71 12 8A 18 69 10 00 8D B1 15 60 08 C2 20 64
02DB62,130,AD F3 16 29 FF 00 D0 05 A9 00 00 80 05 AD 36 12
03DB5C,130,C2 10 AD 0F 1F D0 40 A2 00 00 8E B1 15 8E B3 15
02DB36,130,F0 11 A2 08 00 A9 83 14 6E C7 14 B0 09 69 08 00
03DD08,130,E2 20 AD B7 15 29 FF F0 41 3A 8D B7 15 AD BD 15
02FB68,130,8D 1D 16 AD DB 15 8D 1F 16 AD DD 15 8D 21 16 AD
02FB2E,130,8D 25 16 AD E3 15 8D 27 16 AD E5 15 8D 29 16 AD
02FB31,130,AD E3 15 8D 27 16 AD E5 15 8D 29 16 AD E7 15 8D
02FB43,130,AD E9 15 8D 2D 16 C2 20 AD 35 16 8D 2F 16 AD 37
02FB37,130,AD E5 15 8D 29 16 AD E7 15 8D 2B 16 AD E9 15 8D
02FB3D,130,AD E7 15 8D 2B 16 AD E9 15 8D 2D 16 C2 20 AD 35
02DB65,130,29 FF 00 D0 05 A9 00 00 80 05 AD 36 12 30 30 EB
02DB68,130,D0 05 A9 00 00 80 05 AD 36 12 30 30 EB 29 07 00
02FB40,130,8D 2B 16 AD E9 15 8D 2D 16 C2 20 AD 35 16 8D 2F
03DB5E,130,AD 0F 1F D0 40 A2 00 00 8E B1 15 8E B3 15 8E B5
03DB9A,130,20 08 DD 20 53 DD 20 A8 DB 6B 20 A8 DB 6B C2 20
02FB01,130,AD 39 16 49 FF FF 1A 8D 33 16 E2 20 22 76 B9 03
02FAFE,130,8D 31 16 AD 39 16 49 FF FF 1A 8D 33 16 E2 20 22
02FB8F,130,AD E7 15 8D 2B 16 AD E9 15 8D 2D 16 E2 20 08 C2
02FAB3,130,95 0E A5 C5 95 10 E2 20 AD CC 15 29 01 D0 04 5C
02FAB1,130,A5 C3 95 0E A5 C5 95 10 E2 20 AD CC 15 29 01 D0
03DB8A,130,20 8A E1 20 B3 DD 20 56 E3 E2 20 AD D3 1F D0 03
02FAAF,130,95 0C A5 C3 95 0E A5 C5 95 10 E2 20 AD CC 15 29
06BB74,130,6A C9 00 80 6A C9 00 80 6A 8D C7 14 C9 00 80 6A
02FAB5,130,A5 C5 95 10 E2 20 AD CC 15 29 01 D0 04 5C EB FA
03DB87,130,20 48 E1 20 8A E1 20 B3 DD 20 56 E3 E2 20 AD D3
02FB8C,130,8D 29 16 AD E7 15 8D 2B 16 AD E9 15 8D 2D 16 E2
02FAB7,130,95 10 E2 20 AD CC 15 29 01 D0 04 5C EB FA 02 AC
02FABE,130,29 01 D0 04 5C EB FA 02 AC A0 15 C2 20 22 3E D0
02FAB9,130,E2 20 AD CC 15 29 01 D0 04 5C EB FA 02 AC A0 15
02FABB,130,AD CC 15 29 01 D0 04 5C EB FA 02 AC A0 15 C2 20
02FAC0,130,D0 04 5C EB FA 02 AC A0 15 C2 20 22 3E D0 1F 49
06BB75,130,C9 00 80 6A C9 00 80 6A 8D C7 14 C9 00 80 6A 18
02FAAA,130,8E 38 12 A5 C1 95 0C A5 C3 95 0E A5 C5 95 10 E2
02FB9D,130,08 C2 30 AE 3A 12 64 08 A9 F4 01 85 90 E2 20 B5
03DB95,130,AD D3 1F D0 03 20 08 DD 20 53 DD 20 A8 DB 6B 20
02DA9E,130,6B 20 A3 DA 6B AD BD 18 C9 02 D0 F9 78 A5 00 64
02DBA0,130,8D 53 19 60 49 FF FF 1A EB 29 07 00 0A AA BF 15
02FB9E,130,C2 30 AE 3A 12 64 08 A9 F4 01 85 90 E2 20 B5 12
03DB8D,130,20 B3 DD 20 56 E3 E2 20 AD D3 1F D0 03 20 08 DD
02FB9B,130,E2 20 08 C2 30 AE 3A 12 64 08 A9 F4 01 85 90 E2
02FAA5,130,C2 30 A2 00 03 8E 38 12 A5 C1 95 0C A5 C3 95 0E
02FB95,130,AD E9 15 8D 2D 16 E2 20 08 C2 30 AE 3A 12 64 08
02FB98,130,8D 2D 16 E2 20 08 C2 30 AE 3A 12 64 08 A9 F4 01
03DB90,130,20 56 E3 E2 20 AD D3 1F D0 03 20 08 DD 20 53 DD
06BB83,130,6A 18 6D C7 14 49 FF FF 1A AC CE 14 D0 10 C9 E8
02FB77,130,AD DF 15 8D 23 16 AD E1 15 8D 25 16 AD E3 15 8D
06BB6D,130,C9 00 80 6A C9 00 80 6A C9 00 80 6A C9 00 80 6A
03DB81,130,20 DD DB 20 20 DC 20 48 E1 20 8A E1 20 B3 DD 20
02FAF4,130,8D 2F 16 AD 37 16 49 FF FF 1A 8D 31 16 AD 39 16
02DAF7,130,48 AB 22 D5 81 06 22 42 ED 03 AE 1F 12 9C 4A 12
02FAF3,130,1A 8D 2F 16 AD 37 16 49 FF FF 1A 8D 31 16 AD 39
02FAF0,130,49 FF FF 1A 8D 2F 16 AD 37 16 49 FF FF 1A 8D 31
02DB79,130,AA BF 15 8C 00 CD 51 19 D0 01 60 8D 51 19 AA A0
03DB72,130,1A D0 1B AF 1C 02 70 F0 15 20 4E E0 20 B5 E0 20
02FAF7,130,AD 37 16 49 FF FF 1A 8D 31 16 AD 39 16 49 FF FF
02DCEB,130,A9 70 8D 04 43 A2 A0 02 8E 05 43 9C 00 43 A9 01
02FAFD,130,1A 8D 31 16 AD 39 16 49 FF FF 1A 8D 33 16 E2 20
02DAF9,130,22 D5 81 06 22 42 ED 03 AE 1F 12 9C 4A 12 22 6B
02DAFD,130,22 42 ED 03 AE 1F 12 9C 4A 12 22 6B D2 1F AD 4A
02FAFA,130,49 FF FF 1A 8D 31 16 AD 39 16 49 FF FF 1A 8D 33
06BBB2,130,ED 2C 15 C9 00 80 6A C9 00 80 6A C9 00 80 6A C9
02FB89,130,AD E5 15 8D 29 16 AD E7 15 8D 2B 16 AD E9 15 8D
02FAED,130,AD 35 16 49 FF FF 1A 8D 2F 16 AD 37 16 49 FF FF
02FB7A,130,8D 23 16 AD E1 15 8D 25 16 AD E3 15 8D 27 16 AD
03DB7E,130,20 B5 E0 20 DD DB 20 20 DC 20 48 E1 20 8A E1 20
06BB65,130,C9 00 80 6A C9 00 80 6A C9 00 80 6A C9 00 80 6A
02FD77,130,E2 20 C2 10 AD 64 19 1A F0 58 E2 20 C2 10 AD C3
02DB88,130,A0 00 00 B5 00 18 6D 4F 19 99 CF 18 C8 C8 E8 E8
02FB86,130,8D 27 16 AD E5 15 8D 29 16 AD E7 15 8D 2B 16 AD
02FAEB,130,C2 20 AD 35 16 49 FF FF 1A 8D 2F 16 AD 37 16 49
03DB7B,130,20 4E E0 20 B5 E0 20 DD DB 20 20 DC 20 48 E1 20
03DB79,130,F0 15 20 4E E0 20 B5 E0 20 DD DB 20 20 DC 20 48
06BB5D,130,08 E2 10 C2 20 AD C7 18 C9 00 80 6A C9 00 80 6A
02DD11,130,8F B8 01 70 AF BA 01 70 F0 14 AF BC 01 70 3A 3A
06BB5E,130,E2 10 C2 20 AD C7 18 C9 00 80 6A C9 00 80 6A C9
06BB60,130,C2 20 AD C7 18 C9 00 80 6A C9 00 80 6A C9 00 80
068367,130,B5 0E 8D 11 15 B5 10 8D 13 15 E2 20 C2 20 B5 33
03DBF1,130,9D 69 12 A9 18 11 9D 67 12 AD EE 16 29 FF 00 D0
03DBF7,130,9D 67 12 AD EE 16 29 FF 00 D0 03 A9 01 00 3A 85
02E402,130,F0 C1 C9 0A 00 D0 03 82 B6 00 EE D8 16 E2 20 A9
06BBAB,130,9C 51 19 AD C9 18 38 ED 2C 15 C9 00 80 6A C9 00
02E3FF,130,AD D4 1F F0 C1 C9 0A 00 D0 03 82 B6 00 EE D8 16
02DB5C,130,29 FF 00 D0 01 60 AD F3 16 29 FF 00 D0 05 A9 00
02E3FD,130,C2 20 AD D4 1F F0 C1 C9 0A 00 D0 03 82 B6 00 EE
06BBC4,130,6A C9 00 80 6A 18 6D A0 16 8F B0 01 70 E2 20 28
06BB84,130,18 6D C7 14 49 FF FF 1A AC CE 14 D0 10 C9 E8 00
02DCF6,130,9C 00 43 A9 01 8D 0B 42 AF 11 42 00 58 60 E2 20
02DCE2,130,8D 01 43 A2 22 02 8E 02 43 A9 70 8D 04 43 A2 A0
02D954,130,AD 00 12 8D A5 16 9C 00 12 A5 00 D0 FC 9C 12 1F
02DCE5,130,A2 22 02 8E 02 43 A9 70 8D 04 43 A2 A0 02 8E 05
02DCED,130,8D 04 43 A2 A0 02 8E 05 43 9C 00 43 A9 01 8D 0B
03DBAD,130,38 ED B1 15 30 0D AE B1 15 9E 63 12 E8 E8 3A 3A
02DCE0,130,A9 80 8D 01 43 A2 22 02 8E 02 43 A9 70 8D 04 43
02E3F9,130,22 EA E9 03 C2 20 AD D4 1F F0 C1 C9 0A 00 D0 03
02E3F1,130,22 B0 BD 1F 22 50 D9 02 22 EA E9 03 C2 20 AD D4
02DD0B,130,B5 2A 10 02 A9 00 8F B8 01 70 AF BA 01 70 F0 14
02DD08,130,AE 69 15 B5 2A 10 02 A9 00 8F B8 01 70 AF BA 01
02DD0D,130,10 02 A9 00 8F B8 01 70 AF BA 01 70 F0 14 AF BC
03DD0F,130,F0 41 3A 8D B7 15 AD BD 15 29 07 C9 03 F0 34 90
02DD15,130,AF BA 01 70 F0 14 AF BC 01 70 3A 3A 10 06 A9 00
02E3F5,130,22 50 D9 02 22 EA E9 03 C2 20 AD D4 1F F0 C1 C9
02DB72,130,30 30 EB 29 07 00 0A AA BF 15 8C 00 CD 51 19 D0
02E3ED,130,22 76 FD 02 22 B0 BD 1F 22 50 D9 02 22 EA E9 03
02DD02,130,58 60 E2 20 C2 10 AE 69 15 B5 2A 10 02 A9 00 8F
02DD06,130,C2 10 AE 69 15 B5 2A 10 02 A9 00 8F B8 01 70 AF
02DD03,130,60 E2 20 C2 10 AE 69 15 B5 2A 10 02 A9 00 8F B8
02DD04,130,E2 20 C2 10 AE 69 15 B5 2A 10 02 A9 00 8F B8 01
02FC33,130,C2 20 A5 72 38 E9 70 00 8D F4 16 A5 74 38 E9 60
02DCDA,130,8E 81 21 9C 83 21 A9 80 8D 01 43 A2 22 02 8E 02
02DCD6,130,78 AE B8 18 8E 81 21 9C 83 21 A9 80 8D 01 43 A2
02DC9F,130,A2 87 FB 22 E3 4E 7E 60 A5 C1 8F C6 00 70 E2 20
02DC9B,130,E2 20 A9 06 A2 87 FB 22 E3 4E 7E 60 A5 C1 8F C6
068527,130,D0 04 5C 8E 85 06 AD D8 14 29 18 D0 04 5C 4C 85
068525,130,29 10 D0 04 5C 8E 85 06 AD D8 14 29 18 D0 04 5C
02DCA2,130,22 E3 4E 7E 60 A5 C1 8F C6 00 70 E2 20 A9 06 A2
068522,130,AD DC 14 29 10 D0 04 5C 8E 85 06 AD D8 14 29 18
02DC97,130,8F 2C 00 70 E2 20 A9 06 A2 87 FB 22 E3 4E 7E 60
02DC92,130,AE 3A 12 B5 0C 8F 2C 00 70 E2 20 A9 06 A2 87 FB
03E201,130,D0 01 60 EE C7 14 A9 80 00 4C 0D E2 18 6D CD 1F
02D99A,130,29 FF 00 F0 40 C9 01 00 F0 1D AD A2 16 18 6D 03
02D9E9,130,E2 20 C2 10 AD D3 1F D0 03 EE 12 1F AD 7C 17 89
02FC18,130,AF 26 00 70 85 02 AF 28 00 70 8F 08 00 00 AF 2A
02FC49,130,6B 20 4E FC 6B A5 EF 18 E5 F0 85 F0 E5 F1 85 F1
02DCD7,130,AE B8 18 8E 81 21 9C 83 21 A9 80 8D 01 43 A2 22
068520,130,C2 10 AD DC 14 29 10 D0 04 5C 8E 85 06 AD D8 14
06851B,130,8D C3 14 E2 20 C2 10 AD DC 14 29 10 D0 04 5C 8E
0684DA,130,AD 29 15 F0 35 AD 2A 15 C9 00 D0 04 5C FA 84 06
0684DD,130,F0 35 AD 2A 15 C9 00 D0 04 5C FA 84 06 AD 29 15
02DCBD,130,E2 30 AD 37 21 AE 3C 21 AD 3C 21 29 01 D0 F3 E0
02DCD4,130,C2 10 78 AE B8 18 8E 81 21 9C 83 21 A9 80 8D 01
03DD0A,130,AD B7 15 29 FF F0 41 3A 8D B7 15 AD BD 15 29 07
06851E,130,E2 20 C2 10 AD DC 14 29 10 D0 04 5C 8E 85 06 AD
068514,130,E2 20 AD C3 14 29 BF 8D C3 14 E2 20 C2 10 AD DC
02DA3A,130,AD 15 1F F0 03 20 A3 DA 22 10 DC 02 AD BD 18 C9
068519,130,29 BF 8D C3 14 E2 20 C2 10 AD DC 14 29 10 D0 04
068516,130,AD C3 14 29 BF 8D C3 14 E2 20 C2 10 AD DC 14 29
02DCA6,130,60 A5 C1 8F C6 00 70 E2 20 A9 06 A2 E6 FB 22 E3
0BB393,130,5C AE B3 0B AD E0 14 09 20 8D E0 14 AD DC 14 29
03E198,130,20 FB E1 AD BD 15 29 01 00 F0 21 AD CD 1F 18 69
02DD19,130,F0 14 AF BC 01 70 3A 3A 10 06 A9 00 8F BA 01 70
02E3D3,130,D0 18 AD D5 14 29 10 D0 11 AD DF 14 29 20 D0 0A
02F6D3,130,6B AE EB 1E AC EF 1E BF F1 F7 02 99 0B 18 CE EB
02DD44,130,60 20 49 DD 6B E2 20 9C D2 1F C2 30 AE AD 16 D0
02F6D1,130,D0 01 6B AE EB 1E AC EF 1E BF F1 F7 02 99 0B 18
02F6CE,130,AC EF 1E D0 01 6B AE EB 1E AC EF 1E BF F1 F7 02
06836C,130,B5 10 8D 13 15 E2 20 C2 20 B5 33 8D EC 14 E2 20
02F6CC,130,C2 30 AC EF 1E D0 01 6B AE EB 1E AC EF 1E BF F1
03DC0B,130,18 65 02 9D 6D 12 A9 20 11 9D 6B 12 8A 18 69 0C
068371,130,E2 20 C2 20 B5 33 8D EC 14 E2 20 AD D2 14 89 02
06BB78,130,6A C9 00 80 6A 8D C7 14 C9 00 80 6A 18 6D C7 14
06836E,130,8D 13 15 E2 20 C2 20 B5 33 8D EC 14 E2 20 AD D2
068375,130,B5 33 8D EC 14 E2 20 AD D2 14 89 02 D0 04 5C DA
02FBC1,130,E2 20 B5 13 22 F0 CD 1F C2 20 A5 04 18 75 0C 38
068373,130,C2 20 B5 33 8D EC 14 E2 20 AD D2 14 89 02 D0 04
068377,130,8D EC 14 E2 20 AD D2 14 89 02 D0 04 5C DA 84 06
02F6CB,130,60 C2 30 AC EF 1E D0 01 6B AE EB 1E AC EF 1E BF
02DCDD,130,9C 83 21 A9 80 8D 01 43 A2 22 02 8E 02 43 A9 70
03DC06,130,85 02 A9 E3 20 18 65 02 9D 6D 12 A9 20 11 9D 6B
02F6BD,130,AD E7 1E 8F B6 01 70 AB 28 60 20 CB F6 6B 60 C2
068369,130,8D 11 15 B5 10 8D 13 15 E2 20 C2 20 B5 33 8D EC
06BBD5,130,6B 08 07 06 05 E2 20 C2 10 DA A9 0D 8D F6 1F A2
02DD49,130,E2 20 9C D2 1F C2 30 AE AD 16 D0 14 E2 20 E2 20
02F6CA,130,6B 60 C2 30 AC EF 1E D0 01 6B AE EB 1E AC EF 1E
02F6C0,130,8F B6 01 70 AB 28 60 20 CB F6 6B 60 C2 30 AC EF
02F6C4,130,AB 28 60 20 CB F6 6B 60 C2 30 AC EF 1E D0 01 6B
02F6C7,130,20 CB F6 6B 60 C2 30 AC EF 1E D0 01 6B AE EB 1E
02DC17,130,A2 CB B0 22 E3 4E 7E 28 6B 08 E2 20 C2 10 A9 01
02F6C6,130,60 20 CB F6 6B 60 C2 30 AC EF 1E D0 01 6B AE EB
02F6C5,130,28 60 20 CB F6 6B 60 C2 30 AC EF 1E D0 01 6B AE
03DC46,130,9D 69 12 A9 CD 20 9D 6D 12 A9 CE 20 9D 71 12 8A
02DA72,130,AD 00 12 8D E5 14 AD A6 16 18 6D A5 16 8D A6 16
02FC26,130,AF 2A 00 70 85 90 E2 30 22 DE B9 03 28 C2 20 A5
02E3C5,130,E2 20 E2 20 AD E9 1F D0 1F AD D8 14 89 20 D0 18
03DC34,130,9D 6B 12 A9 30 B7 9D 6F 12 A9 CB 20 9D 65 12 A9
02FC3E,130,A5 74 38 E9 60 00 8D F6 16 E2 20 6B 20 4E FC 6B
02DD2F,130,AF BC 01 70 C9 28 F0 0D AF BC 01 70 1A 8F BC 01
02DC3C,130,D0 01 60 AE E4 1F 7C 45 DC 8B DC A7 DC A7 DC 79
02DC39,130,29 FF 00 D0 01 60 AE E4 1F 7C 45 DC 8B DC A7 DC
0BB31B,130,9C C5 15 B5 14 22 78 CC 1F A5 04 85 02 A5 0A 85
02E3C7,130,E2 20 AD E9 1F D0 1F AD D8 14 89 20 D0 18 AD D5
02E3D1,130,89 20 D0 18 AD D5 14 29 10 D0 11 AD DF 14 29 20
03DC37,130,A9 30 B7 9D 6F 12 A9 CB 20 9D 65 12 A9 CC 20 9D
02E3CE,130,AD D8 14 89 20 D0 18 AD D5 14 29 10 D0 11 AD DF
02E3C9,130,AD E9 1F D0 1F AD D8 14 89 20 D0 18 AD D5 14 29
02E3CC,130,D0 1F AD D8 14 89 20 D0 18 AD D5 14 29 10 D0 11
06837A,130,E2 20 AD D2 14 89 02 D0 04 5C DA 84 06 C2 20 A9
02DD33,130,C9 28 F0 0D AF BC 01 70 1A 8F BC 01 70 29 0F F0
02DD35,130,F0 0D AF BC 01 70 1A 8F BC 01 70 29 0F F0 00 60
02F6F0,130,AD D9 14 29 80 F0 01 6B AD F3 1E D0 01 6B 3A 8D
02F6F3,130,29 80 F0 01 6B AD F3 1E D0 01 6B 3A 8D F3 1E C2
06837F,130,89 02 D0 04 5C DA 84 06 C2 20 A9 00 00 CD C7 18
06837C,130,AD D2 14 89 02 D0 04 5C DA 84 06 C2 20 A9 00 00
02F6EE,130,E2 20 AD D9 14 29 80 F0 01 6B AD F3 1E D0 01 6B
02DC36,130,AD 55 19 29 FF 00 D0 01 60 AE E4 1F 7C 45 DC 8B
068381,130,D0 04 5C DA 84 06 C2 20 A9 00 00 CD C7 18 F0 3A
068383,130,5C DA 84 06 C2 20 A9 00 00 CD C7 18 F0 3A 38 ED
02F6FD,130,6B 3A 8D F3 1E C2 30 AE 17 1F AC 19 1F AD 13 1F
02F6F5,130,F0 01 6B AD F3 1E D0 01 6B 3A 8D F3 1E C2 30 AE
02F6FB,130,D0 01 6B 3A 8D F3 1E C2 30 AE 17 1F AC 19 1F AD
02F6F8,130,AD F3 1E D0 01 6B 3A 8D F3 1E C2 30 AE 17 1F AC
02FBF9,130,5C 0D FC 02 C2 20 AF 2C 00 70 18 69 32 00 8F 2C
02DC8E,130,8F C6 00 70 AE 3A 12 B5 0C 8F 2C 00 70 E2 20 A9
02DC8B,130,AD 36 12 8F C6 00 70 AE 3A 12 B5 0C 8F 2C 00 70
03DC19,130,69 0C 00 8D B1 15 60 C2 30 AE B1 15 A9 18 B7 9D
02D96F,130,20 54 DB C2 30 AD FE 14 8D C7 16 AD BA 18 F0 18
02FC22,130,8F 08 00 00 AF 2A 00 70 85 90 E2 30 22 DE B9 03
02D968,130,20 49 DD 22 5C BB 06 20 54 DB C2 30 AD FE 14 8D
03DC1C,130,8D B1 15 60 C2 30 AE B1 15 A9 18 B7 9D 63 12 A9
02DCFB,130,8D 0B 42 AF 11 42 00 58 60 E2 20 C2 10 AE 69 15
03DC18,130,18 69 0C 00 8D B1 15 60 C2 30 AE B1 15 A9 18 B7
02D972,130,C2 30 AD FE 14 8D C7 16 AD BA 18 F0 18 AE 38 12
02FC1C,130,85 02 AF 28 00 70 8F 08 00 00 AF 2A 00 70 85 90
02FC1E,130,AF 28 00 70 8F 08 00 00 AF 2A 00 70 85 90 E2 30
02DC1E,130,28 6B 08 E2 20 C2 10 A9 01 A2 E2 B0 22 E3 4E 7E
02FBC3,130,B5 13 22 F0 CD 1F C2 20 A5 04 18 75 0C 38 E5 C1
02D974,130,AD FE 14 8D C7 16 AD BA 18 F0 18 AE 38 12 B5 0C
03DC14,130,9D 6B 12 8A 18 69 0C 00 8D B1 15 60 C2 30 AE B1
02D966,130,85 00 20 49 DD 22 5C BB 06 20 54 DB C2 30 AD FE
02D964,130,A9 02 85 00 20 49 DD 22 5C BB 06 20 54 DB C2 30
02D957,130,8D A5 16 9C 00 12 A5 00 D0 FC 9C 12 1F A9 02 85
02D95A,130,9C 00 12 A5 00 D0 FC 9C 12 1F A9 02 85 00 20 49
02FC2C,130,E2 30 22 DE B9 03 28 C2 20 A5 72 38 E9 70 00 8D
02FC2E,130,22 DE B9 03 28 C2 20 A5 72 38 E9 70 00 8D F4 16
02DCF9,130,A9 01 8D 0B 42 AF 11 42 00 58 60 E2 20 C2 10 AE
03DC1F,130,60 C2 30 AE B1 15 A9 18 B7 9D 63 12 A9 20 B7 9D
02FC2A,130,85 90 E2 30 22 DE B9 03 28 C2 20 A5 72 38 E9 70
03DC22,130,AE B1 15 A9 18 B7 9D 63 12 A9 20 B7 9D 67 12 A9
03DC20,130,C2 30 AE B1 15 A9 18 B7 9D 63 12 A9 20 B7 9D 67
02D95D,130,A5 00 D0 FC 9C 12 1F A9 02 85 00 20 49 DD 22 5C
02D961,130,9C 12 1F A9 02 85 00 20 49 DD 22 5C BB 06 20 54
02D95F,130,D0 FC 9C 12 1F A9 02 85 00 20 49 DD 22 5C BB 06
02D952,130,C2 10 AD 00 12 8D A5 16 9C 00 12 A5 00 D0 FC 9C
02FB3A,130,8D 29 16 AD E7 15 8D 2B 16 AD E9 15 8D 2D 16 C2
03DC11,130,A9 20 11 9D 6B 12 8A 18 69 0C 00 8D B1 15 60 C2
02D993,130,3A 8D BB 18 AD A4 16 29 FF 00 F0 40 C9 01 00 F0
02D994,130,8D BB 18 AD A4 16 29 FF 00 F0 40 C9 01 00 F0 1D
02D992,130,3A 3A 8D BB 18 AD A4 16 29 FF 00 F0 40 C9 01 00
03DC05,130,3A 85 02 A9 E3 20 18 65 02 9D 6D 12 A9 20 11 9D
02D991,130,3A 3A 3A 8D BB 18 AD A4 16 29 FF 00 F0 40 C9 01
02D98F,130,6A 3A 3A 3A 3A 8D BB 18 AD A4 16 29 FF 00 F0 40
02D997,130,AD A4 16 29 FF 00 F0 40 C9 01 00 F0 1D AD A2 16
03DBFD,130,29 FF 00 D0 03 A9 01 00 3A 85 02 A9 E3 20 18 65
06BBC9,130,18 6D A0 16 8F B0 01 70 E2 20 28 7A 6B 08 07 06
03DC00,130,D0 03 A9 01 00 3A 85 02 A9 E3 20 18 65 02 9D 6D
06BBCD,130,8F B0 01 70 E2 20 28 7A 6B 08 07 06 05 E2 20 C2
02FAAD,130,A5 C1 95 0C A5 C3 95 0E A5 C5 95 10 E2 20 AD CC
02D99D,130,F0 40 C9 01 00 F0 1D AD A2 16 18 6D 03 17 C9 F4
02DC1A,130,22 E3 4E 7E 28 6B 08 E2 20 C2 10 A9 01 A2 E2 B0
02FC0D,130,A9 01 A2 3E 82 22 E3 4E 7E C2 20 AF 26 00 70 85
02D98B,130,6A C9 00 80 6A 3A 3A 3A 3A 8D BB 18 AD A4 16 29
02DC15,130,A9 01 A2 CB B0 22 E3 4E 7E 28 6B 08 E2 20 C2 10
02D984,130,C9 00 80 6A C9 00 80 6A C9 00 80 6A 3A 3A 3A 3A
02D982,130,B5 0C C9 00 80 6A C9 00 80 6A C9 00 80 6A 3A 3A
02FC16,130,C2 20 AF 26 00 70 85 02 AF 28 00 70 8F 08 00 00
03DC0E,130,9D 6D 12 A9 20 11 9D 6B 12 8A 18 69 0C 00 8D B1
02D98C,130,C9 00 80 6A 3A 3A 3A 3A 8D BB 18 AD A4 16 29 FF
03DC0C,130,65 02 9D 6D 12 A9 20 11 9D 6B 12 8A 18 69 0C 00
02D987,130,6A C9 00 80 6A C9 00 80 6A 3A 3A 3A 3A 8D BB 18
02FC0F,130,A2 3E 82 22 E3 4E 7E C2 20 AF 26 00 70 85 02 AF
02DC13,130,C2 10 A9 01 A2 CB B0 22 E3 4E 7E 28 6B 08 E2 20
02DC11,130,E2 20 C2 10 A9 01 A2 CB B0 22 E3 4E 7E 28 6B 08
02D988,130,C9 00 80 6A C9 00 80 6A 3A 3A 3A 3A 8D BB 18 AD
03DC40,130,9D 65 12 A9 CC 20 9D 69 12 A9 CD 20 9D 6D 12 A9
03BA21,130,85 75 38 A5 74 E5 CA 85 74 A5 75 E5 CB 85 75 6B
03DC2B,130,A9 20 B7 9D 67 12 A9 28 B7 9D 6B 12 A9 30 B7 9D
0BB3AE,130,6B A9 02 8D 29 15 A9 01 8D 2A 15 B4 1B AD D9 14
02D9EB,130,C2 10 AD D3 1F D0 03 EE 12 1F AD 7C 17 89 01 F0
0BB2DA,130,AC 3A 12 22 ED DA 1F 22 11 DB 1F A9 21 85 02 85
06BB71,130,C9 00 80 6A C9 00 80 6A C9 00 80 6A 8D C7 14 C9
02FBF7,130,F0 04 5C 0D FC 02 C2 20 AF 2C 00 70 18 69 32 00
06BB70,130,6A C9 00 80 6A C9 00 80 6A C9 00 80 6A 8D C7 14
03E19E,130,29 01 00 F0 21 AD CD 1F 18 69 10 00 C9 40 00 D0
02FC12,130,22 E3 4E 7E C2 20 AF 26 00 70 85 02 AF 28 00 70
02DB84,130,8D 51 19 AA A0 00 00 B5 00 18 6D 4F 19 99 CF 18
03E1DD,130,D0 01 60 EE C7 14 A9 40 00 4C 0D E2 AD C9 1F 89
02D97D,130,F0 18 AE 38 12 B5 0C C9 00 80 6A C9 00 80 6A C9
02FBF5,130,C9 03 F0 04 5C 0D FC 02 C2 20 AF 2C 00 70 18 69
03E0C6,130,28 60 C2 20 AD F4 16 85 72 AD F6 16 85 74 C2 20
03DC56,130,18 69 10 00 8D B1 15 60 08 C2 20 64 02 64 08 64
06BB6C,130,6A C9 00 80 6A C9 00 80 6A C9 00 80 6A C9 00 80
03DD0D,130,29 FF F0 41 3A 8D B7 15 AD BD 15 29 07 C9 03 F0
02DAEC,130,EE BD 15 D0 03 EE BE 15 8B A9 7E 48 AB 22 D5 81
02DAEF,130,D0 03 EE BE 15 8B A9 7E 48 AB 22 D5 81 06 22 42
02DB81,130,D0 01 60 8D 51 19 AA A0 00 00 B5 00 18 6D 4F 19
03E0C7,130,60 C2 20 AD F4 16 85 72 AD F6 16 85 74 C2 20 AE
03E08D,130,F0 22 AD BD 15 29 07 C9 03 90 19 C2 20 A5 3A 9D
06BB68,130,6A C9 00 80 6A C9 00 80 6A C9 00 80 6A C9 00 80
02DAF5,130,A9 7E 48 AB 22 D5 81 06 22 42 ED 03 AE 1F 12 9C
02DB2B,130,9C C8 14 AD C3 14 8D C7 14 C2 20 F0 11 A2 08 00
02D977,130,8D C7 16 AD BA 18 F0 18 AE 38 12 B5 0C C9 00 80
02DB01,130,AE 1F 12 9C 4A 12 22 6B D2 1F AD 4A 12 D0 07 B4
02DC9D,130,A9 06 A2 87 FB 22 E3 4E 7E 60 A5 C1 8F C6 00 70
1FCD5F,130,30 07 8D 03 42 EA 4C 80 CD 49 FF 1A 8D 03 42 EA
02D950,130,E2 20 C2 10 AD 00 12 8D A5 16 9C 00 12 A5 00 D0
02DB54,130,C2 30 9C 53 19 AD 56 19 29 FF 00 D0 01 60 AD F3
0BAE41,130,9C C5 15 B5 14 22 78 CC 1F A5 04 85 02 A5 0A 85
03DC3D,130,A9 CB 20 9D 65 12 A9 CC 20 9D 69 12 A9 CD 20 9D
03B9DE,130,A5 02 85 84 A5 03 85 85 A5 90 85 86 A5 91 85 87
03DC43,130,A9 CC 20 9D 69 12 A9 CD 20 9D 6D 12 A9 CE 20 9D
02DCF3,130,8E 05 43 9C 00 43 A9 01 8D 0B 42 AF 11 42 00 58
02F938,130,F0 04 5C A5 FA 02 E2 10 C2 20 AD 97 15 89 80 00
02F936,130,29 02 F0 04 5C A5 FA 02 E2 10 C2 20 AD 97 15 89
02FC41,130,E9 60 00 8D F6 16 E2 20 6B 20 4E FC 6B A5 EF 18
02DC3F,130,AE E4 1F 7C 45 DC 8B DC A7 DC A7 DC 79 DC A7 DC
02DA0D,130,8D A7 15 22 26 F9 02 22 55 B2 03 22 EE F6 02 22
02FC40,130,38 E9 60 00 8D F6 16 E2 20 6B 20 4E FC 6B A5 EF
02DC34,130,C2 30 AD 55 19 29 FF 00 D0 01 60 AE E4 1F 7C 45
02FC38,130,E9 70 00 8D F4 16 A5 74 38 E9 60 00 8D F6 16 E2
02DB74,130,EB 29 07 00 0A AA BF 15 8C 00 CD 51 19 D0 01 60
02F933,130,AD CC 15 29 02 F0 04 5C A5 FA 02 E2 10 C2 20 AD
02F928,130,AD C8 1F F0 06 9C C7 18 9C C8 18 AD CC 15 29 02
06858E,130,22 4A FC 02 6B B5 2E 09 10 95 2E A9 FF 95 2A A9
03DC57,130,69 10 00 8D B1 15 60 08 C2 20 64 02 64 08 64 90
03DC5D,130,60 08 C2 20 64 02 64 08 64 90 64 04 64 0A 9C C4
02DCF0,130,A2 A0 02 8E 05 43 9C 00 43 A9 01 8D 0B 42 AF 11
03ED5B,130,38 ED 03 17 30 04 8D FD 16 6B 08 E2 20 8B 20 6F
02F92B,130,F0 06 9C C7 18 9C C8 18 AD CC 15 29 02 F0 04 5C
068592,130,6B B5 2E 09 10 95 2E A9 FF 95 2A A9 08 95 2B C2
03DC4F,130,A9 CE 20 9D 71 12 8A 18 69 10 00 8D B1 15 60 08
02FB65,130,AD D9 15 8D 1D 16 AD DB 15 8D 1F 16 AD DD 15 8D
06BBC0,130,6A C9 00 80 6A C9 00 80 6A 18 6D A0 16 8F B0 01
02F926,130,E2 20 AD C8 1F F0 06 9C C7 18 9C C8 18 AD CC 15
02FB71,130,AD DD 15 8D 21 16 AD DF 15 8D 23 16 AD E1 15 8D
02FB54,130,8D 31 16 AD 39 16 8D 33 16 E2 30 22 76 B9 03 C2
03EB0C,130,6B 08 E2 20 AD 9C 18 89 80 D0 0B 29 7F C9 05 F0
1FCCA9,130,49 FF 1A 0A 8D 02 42 AD F6 15 30 07 8D 03 42 EA
7E3B3C,130,20 1B 40 6B C2 10 AD 0F 1F F0 06 A9 18 85 00 80
03ED42,130,C2 30 AE 3A 12 B5 10 38 ED 01 17 8D 03 17 B5 10
7E3B14,130,A2 00 2C 8E 02 43 A9 70 8D 04 43 A2 00 2A 8E 05
0BB04E,130,A9 FF 85 05 80 02 64 05 A9 0D 85 08 85 0A 89 80
03ED44,130,AE 3A 12 B5 10 38 ED 01 17 8D 03 17 B5 10 8D 01
0BAE71,130,6B B4 1B AD D9 14 29 02 F0 04 5C A1 AE 0B C0 00
0BB050,130,85 05 80 02 64 05 A9 0D 85 08 85 0A 89 80 F0 06
0681EC,130,AD DD 14 C9 03 F0 04 5C FC 81 06 A9 FF 8D C6 14
03E0B8,130,C2 10 AD DD 14 C9 03 D0 05 AD AD 15 D0 02 28 60
0BB048,130,85 04 89 80 F0 06 A9 FF 85 05 80 02 64 05 A9 0D
1FCDF0,130,86 3A 84 3C 08 8B E2 10 AA A9 00 48 AB BD A5 98
1FCDF2,130,84 3C 08 8B E2 10 AA A9 00 48 AB BD A5 98 8D C8
0BB04A,130,89 80 F0 06 A9 FF 85 05 80 02 64 05 A9 0D 85 08
7E3B17,130,8E 02 43 A9 70 8D 04 43 A2 00 2A 8E 05 43 A9 01
0BB046,130,85 02 85 04 89 80 F0 06 A9 FF 85 05 80 02 64 05
0BB044,130,A9 DF 85 02 85 04 89 80 F0 06 A9 FF 85 05 80 02
1FCDF4,130,08 8B E2 10 AA A9 00 48 AB BD A5 98 8D C8 15 BD
0BAE6F,130,E2 20 6B B4 1B AD D9 14 29 02 F0 04 5C A1 AE 0B
03ED47,130,B5 10 38 ED 01 17 8D 03 17 B5 10 8D 01 17 AE FF
03ED50,130,B5 10 8D 01 17 AE FF 16 AD FD 16 38 ED 03 17 30
03ED4D,130,8D 03 17 B5 10 8D 01 17 AE FF 16 AD FD 16 38 ED
0BAE6B,130,65 0A 95 0E E2 20 6B B4 1B AD D9 14 29 02 F0 04
0BAE6A,130,18 65 0A 95 0E E2 20 6B B4 1B AD D9 14 29 02 F0
0681EF,130,C9 03 F0 04 5C FC 81 06 A9 FF 8D C6 14 AD D5 14
7E3B40,130,C2 10 AD 0F 1F F0 06 A9 18 85 00 80 04 A9 06 85
0BB052,130,80 02 64 05 A9 0D 85 08 85 0A 89 80 F0 06 A9 FF
0BB05A,130,85 0A 89 80 F0 06 A9 FF 85 0B 80 02 64 0B A9 00
7E3B3F,130,6B C2 10 AD 0F 1F F0 06 A9 18 85 00 80 04 A9 06
03ED4A,130,ED 01 17 8D 03 17 B5 10 8D 01 17 AE FF 16 AD FD
03ED49,130,38 ED 01 17 8D 03 17 B5 10 8D 01 17 AE FF 16 AD
0BB058,130,85 08 85 0A 89 80 F0 06 A9 FF 85 0B 80 02 64 0B
0BB056,130,A9 0D 85 08 85 0A 89 80 F0 06 A9 FF 85 0B 80 02
0BAE6D,130,95 0E E2 20 6B B4 1B AD D9 14 29 02 F0 04 5C A1
7E3B11,130,8E 16 21 A2 00 2C 8E 02 43 A9 70 8D 04 43 A2 00
7E3B0E,130,8D 01 43 8E 16 21 A2 00 2C 8E 02 43 A9 70 8D 04
0BB03C,130,22 ED DA 1F 22 11 DB 1F A9 DF 85 02 85 04 89 80
1FCDF6,130,E2 10 AA A9 00 48 AB BD A5 98 8D C8 15 BD E5 98
1FCE16,130,22 62 FC 02 A5 66 8D C4 15 A5 67 8D C5 15 A5 90
1FCE1A,130,A5 66 8D C4 15 A5 67 8D C5 15 A5 90 85 63 A5 91
1FCE1C,130,8D C4 15 A5 67 8D C5 15 A5 90 85 63 A5 91 85 64
1FCE14,130,85 65 22 62 FC 02 A5 66 8D C4 15 A5 67 8D C5 15
1FCE0F,130,85 64 AD C8 15 85 65 22 62 FC 02 A5 66 8D C4 15
1FCE11,130,AD C8 15 85 65 22 62 FC 02 A5 66 8D C4 15 A5 67
1FCE0D,130,A5 03 85 64 AD C8 15 85 65 22 62 FC 02 A5 66 8D
1FCE1F,130,A5 67 8D C5 15 A5 90 85 63 A5 91 85 64 AD C9 15
1FCE24,130,A5 90 85 63 A5 91 85 64 AD C9 15 85 65 22 62 FC
1FCE2C,130,AD C9 15 85 65 22 62 FC 02 A5 66 18 6D C4 15 8D
1FCE2F,130,85 65 22 62 FC 02 A5 66 18 6D C4 15 8D C4 15 A5
1FCE21,130,8D C5 15 A5 90 85 63 A5 91 85 64 AD C9 15 85 65
1FCE2A,130,85 64 AD C9 15 85 65 22 62 FC 02 A5 66 18 6D C4
1FCE26,130,85 63 A5 91 85 64 AD C9 15 85 65 22 62 FC 02 A5
1FCE28,130,A5 91 85 64 AD C9 15 85 65 22 62 FC 02 A5 66 18
1FCDF5,130,8B E2 10 AA A9 00 48 AB BD A5 98 8D C8 15 BD E5
0682B5,130,D0 04 5C CD 82 06 AD 6B 15 18 69 04 8D 6B 15 AD
1FCE09,130,A5 02 85 63 A5 03 85 64 AD C8 15 85 65 22 62 FC
1FCDFB,130,48 AB BD A5 98 8D C8 15 BD E5 98 8D C9 15 A5 02
1FCDFC,130,AB BD A5 98 8D C8 15 BD E5 98 8D C9 15 A5 02 85
1FCDFD,130,BD A5 98 8D C8 15 BD E5 98 8D C9 15 A5 02 85 63
1FCDF9,130,A9 00 48 AB BD A5 98 8D C8 15 BD E5 98 8D C9 15
1FCDF8,130,AA A9 00 48 AB BD A5 98 8D C8 15 BD E5 98 8D C9
7E3B1A,130,A9 70 8D 04 43 A2 00 2A 8E 05 43 A9 01 8D 00 43
1FCE0B,130,85 63 A5 03 85 64 AD C8 15 85 65 22 62 FC 02 A5
03DC08,130,A9 E3 20 18 65 02 9D 6D 12 A9 20 11 9D 6B 12 8A
1FCE00,130,8D C8 15 BD E5 98 8D C9 15 A5 02 85 63 A5 03 85
0681F1,130,F0 04 5C FC 81 06 A9 FF 8D C6 14 AD D5 14 29 10
1FCE06,130,8D C9 15 A5 02 85 63 A5 03 85 64 AD C8 15 85 65
7E3B39,130,8D BD 18 20 1B 40 6B C2 10 AD 0F 1F F0 06 A9 18
1FCE03,130,BD E5 98 8D C9 15 A5 02 85 63 A5 03 85 64 AD C8
0681E7,130,A9 00 8D C6 14 AD DD 14 C9 03 F0 04 5C FC 81 06
0BB039,130,AC 3A 12 22 ED DA 1F 22 11 DB 1F A9 DF 85 02 85
1FCE31,130,22 62 FC 02 A5 66 18 6D C4 15 8D C4 15 A5 67 6D
03ED52,130,8D 01 17 AE FF 16 AD FD 16 38 ED 03 17 30 04 8D
0BAE68,130,B5 0E 18 65 0A 95 0E E2 20 6B B4 1B AD D9 14 29
7E3B56,130,69 00 15 AA E2 20 AD 62 12 29 F7 8D 3A 30 A9 80
7E3B55,130,18 69 00 15 AA E2 20 AD 62 12 29 F7 8D 3A 30 A9
7E3B53,130,A5 4A 18 69 00 15 AA E2 20 AD 62 12 29 F7 8D 3A
0BB089,130,85 08 AD C4 15 85 90 C2 20 B5 0C 18 65 04 95 0C
03E1D7,130,AD C9 1F 89 02 00 D0 01 60 EE C7 14 A9 40 00 4C
03DC5A,130,8D B1 15 60 08 C2 20 64 02 64 08 64 90 64 04 64
03ED55,130,AE FF 16 AD FD 16 38 ED 03 17 30 04 8D FD 16 6B
0BAE44,130,B5 14 22 78 CC 1F A5 04 85 02 A5 0A 85 08 AD C4
0BAE46,130,22 78 CC 1F A5 04 85 02 A5 0A 85 08 AD C4 15 85
03E0B4,130,60 08 E2 20 C2 10 AD DD 14 C9 03 D0 05 AD AD 15
0BB083,130,A5 04 85 02 A5 0A 85 08 AD C4 15 85 90 C2 20 B5
7E3B51,130,C2 20 A5 4A 18 69 00 15 AA E2 20 AD 62 12 29 F7
0BB085,130,85 02 A5 0A 85 08 AD C4 15 85 90 C2 20 B5 0C 18
03DC49,130,A9 CD 20 9D 6D 12 A9 CE 20 9D 71 12 8A 18 69 10
7E3B4F,130,85 00 C2 20 A5 4A 18 69 00 15 AA E2 20 AD 62 12
0BAE4A,130,A5 04 85 02 A5 0A 85 08 AD C4 15 85 90 C2 20 B5
7E3B59,130,AA E2 20 AD 62 12 29 F7 8D 3A 30 A9 80 8D 15 21
0BAE36,130,89 80 F0 07 A9 FF 8D C5 15 80 03 9C C5 15 B5 14
7E3B5C,130,AD 62 12 29 F7 8D 3A 30 A9 80 8D 15 21 A9 18 8D
0BAE2D,130,64 0B A9 00 85 90 8D C4 15 89 80 F0 07 A9 FF 8D
0BB092,130,B5 0C 18 65 04 95 0C B5 10 18 6D C4 15 95 10 B5
06BBC8,130,6A 18 6D A0 16 8F B0 01 70 E2 20 28 7A 6B 08 07
03E1EC,130,89 04 00 D0 01 60 EE C7 14 A9 C0 00 4C 0D E2 AD
0BB094,130,18 65 04 95 0C B5 10 18 6D C4 15 95 10 B5 0E 18
0BAE38,130,F0 07 A9 FF 8D C5 15 80 03 9C C5 15 B5 14 22 78
7E3AFD,130,A6 4A AD 62 12 29 F7 8D 3A 30 A9 80 8D 15 21 A9
0BAE2F,130,A9 00 85 90 8D C4 15 89 80 F0 07 A9 FF 8D C5 15
7E3B5A,130,E2 20 AD 62 12 29 F7 8D 3A 30 A9 80 8D 15 21 A9
0BB08B,130,AD C4 15 85 90 C2 20 B5 0C 18 65 04 95 0C B5 10
0BB090,130,C2 20 B5 0C 18 65 04 95 0C B5 10 18 6D C4 15 95
0BAE33,130,8D C4 15 89 80 F0 07 A9 FF 8D C5 15 80 03 9C C5
0BB08E,130,85 90 C2 20 B5 0C 18 65 04 95 0C B5 10 18 6D C4
0BAE31,130,85 90 8D C4 15 89 80 F0 07 A9 FF 8D C5 15 80 03
7E3B0C,130,A9 18 8D 01 43 8E 16 21 A2 00 2C 8E 02 43 A9 70
7E3B4D,130,A9 06 85 00 C2 20 A5 4A 18 69 00 15 AA E2 20 AD
0BAE4E,130,A5 0A 85 08 AD C4 15 85 90 C2 20 B5 0C 18 65 04
03E0B6,130,E2 20 C2 10 AD DD 14 C9 03 D0 05 AD AD 15 D0 02
0BB06C,130,8D C4 15 89 80 F0 07 A9 FF 8D C5 15 80 03 9C C5
7E3B07,130,A9 80 8D 15 21 A9 18 8D 01 43 8E 16 21 A2 00 2C
0BAE60,130,B5 10 18 6D C4 15 95 10 B5 0E 18 65 0A 95 0E E2
0BAE5E,130,95 0C B5 10 18 6D C4 15 95 10 B5 0E 18 65 0A 95
03B386,130,60 E2 20 B5 20 09 02 95 20 C2 20 AD F8 14 38 F5
7E3B04,130,8D 3A 30 A9 80 8D 15 21 A9 18 8D 01 43 8E 16 21
0BB06A,130,85 90 8D C4 15 89 80 F0 07 A9 FF 8D C5 15 80 03
0BB068,130,A9 00 85 90 8D C4 15 89 80 F0 07 A9 FF 8D C5 15
7E3B42,130,AD 0F 1F F0 06 A9 18 85 00 80 04 A9 06 85 00 C2
0BAE66,130,95 10 B5 0E 18 65 0A 95 0E E2 20 6B B4 1B AD D9
0BAE62,130,18 6D C4 15 95 10 B5 0E 18 65 0A 95 0E E2 20 6B
0BB066,130,64 0B A9 00 85 90 8D C4 15 89 80 F0 07 A9 FF 8D
7E3B09,130,8D 15 21 A9 18 8D 01 43 8E 16 21 A2 00 2C 8E 02
0BAE63,130,6D C4 15 95 10 B5 0E 18 65 0A 95 0E E2 20 6B B4
0BAE4C,130,85 02 A5 0A 85 08 AD C4 15 85 90 C2 20 B5 0C 18
0BAE5C,130,65 04 95 0C B5 10 18 6D C4 15 95 10 B5 0E 18 65
7E3B45,130,F0 06 A9 18 85 00 80 04 A9 06 85 00 C2 20 A5 4A
03DC2E,130,9D 67 12 A9 28 B7 9D 6B 12 A9 30 B7 9D 6F 12 A9
0BAE52,130,AD C4 15 85 90 C2 20 B5 0C 18 65 04 95 0C B5 10
0BB07D,130,B5 14 22 78 CC 1F A5 04 85 02 A5 0A 85 08 AD C4
0BAE50,130,85 08 AD C4 15 85 90 C2 20 B5 0C 18 65 04 95 0C
0BB320,130,22 78 CC 1F A5 04 85 02 A5 0A 85 08 AD C4 15 85
7E3AFF,130,AD 62 12 29 F7 8D 3A 30 A9 80 8D 15 21 A9 18 8D
0BAE5B,130,18 65 04 95 0C B5 10 18 6D C4 15 95 10 B5 0E 18
03DB84,130,20 20 DC 20 48 E1 20 8A E1 20 B3 DD 20 56 E3 E2
0BAE55,130,85 90 C2 20 B5 0C 18 65 04 95 0C B5 10 18 6D C4
7E3B02,130,29 F7 8D 3A 30 A9 80 8D 15 21 A9 18 8D 01 43 8E
0BAE59,130,B5 0C 18 65 04 95 0C B5 10 18 6D C4 15 95 10 B5
0BB07A,130,9C C5 15 B5 14 22 78 CC 1F A5 04 85 02 A5 0A 85
03DC17,130,8A 18 69 0C 00 8D B1 15 60 C2 30 AE B1 15 A9 18
03E0B5,130,08 E2 20 C2 10 AD DD 14 C9 03 D0 05 AD AD 15 D0
0BAE57,130,C2 20 B5 0C 18 65 04 95 0C B5 10 18 6D C4 15 95
0BB095,130,65 04 95 0C B5 10 18 6D C4 15 95 10 B5 0E 18 65
7E3B1C,130,8D 04 43 A2 00 2A 8E 05 43 A9 01 8D 00 43 A9 01
1FCE37,130,18 6D C4 15 8D C4 15 A5 67 6D C5 15 8D C5 15 A5
1FCED5,130,A5 67 6D C5 15 8D C5 15 A5 90 85 63 A5 91 85 64
1FCED7,130,6D C5 15 8D C5 15 A5 90 85 63 A5 91 85 64 AD C8
1FCEDA,130,8D C5 15 A5 90 85 63 A5 91 85 64 AD C8 15 85 65
1FCED2,130,8D C4 15 A5 67 6D C5 15 8D C5 15 A5 90 85 63 A5
1FCECF,130,6D C4 15 8D C4 15 A5 67 6D C5 15 8D C5 15 A5 90
0BB32C,130,AD C4 15 85 90 C2 20 B5 0C 18 65 04 95 0C B5 10
1FCECE,130,18 6D C4 15 8D C4 15 A5 67 6D C5 15 8D C5 15 A5
03DB75,130,AF 1C 02 70 F0 15 20 4E E0 20 B5 E0 20 DD DB 20
1FCEDF,130,85 63 A5 91 85 64 AD C8 15 85 65 22 62 FC 02 A5
1FCF1A,130,6B DA 5A 22 AB D0 1F C2 20 A5 02 18 65 04 85 02
02DBA3,130,60 49 FF FF 1A EB 29 07 00 0A AA BF 15 8C 00 CD
1FCEDD,130,A5 90 85 63 A5 91 85 64 AD C8 15 85 65 22 62 FC
1FCEE5,130,AD C8 15 85 65 22 62 FC 02 A5 66 85 0A A5 67 85
1FCEE1,130,A5 91 85 64 AD C8 15 85 65 22 62 FC 02 A5 66 85
1FCEE3,130,85 64 AD C8 15 85 65 22 62 FC 02 A5 66 85 0A A5
1FCEE8,130,85 65 22 62 FC 02 A5 66 85 0A A5 67 85 0B A5 08
1FCECC,130,A5 66 18 6D C4 15 8D C4 15 A5 67 6D C5 15 8D C5
1FCEC6,130,85 65 22 62 FC 02 A5 66 18 6D C4 15 8D C4 15 A5
03DBEB,130,9D 63 12 A9 E2 20 9D 69 12 A9 18 11 9D 67 12 AD
1FCEB3,130,8D C4 15 A5 67 8D C5 15 A5 90 85 63 A5 91 85 64
7E3B34,130,8D 3A 30 A9 01 8D BD 18 20 1B 40 6B C2 10 AD 0F
1FCEB1,130,A5 66 8D C4 15 A5 67 8D C5 15 A5 90 85 63 A5 91
0BB0AC,130,B5 0C CD 71 15 E2 20 F0 06 30 04 5C D0 B0 0B C2
7E3B37,130,A9 01 8D BD 18 20 1B 40 6B C2 10 AD 0F 1F F0 06
1FCEC8,130,22 62 FC 02 A5 66 18 6D C4 15 8D C4 15 A5 67 6D
1FCEB6,130,A5 67 8D C5 15 A5 90 85 63 A5 91 85 64 AD C9 15
1FCEBB,130,A5 90 85 63 A5 91 85 64 AD C9 15 85 65 22 62 FC
1FCEC3,130,AD C9 15 85 65 22 62 FC 02 A5 66 18 6D C4 15 8D
03DC31,130,A9 28 B7 9D 6B 12 A9 30 B7 9D 6F 12 A9 CB 20 9D
1FCEB8,130,8D C5 15 A5 90 85 63 A5 91 85 64 AD C9 15 85 65
1FCEC1,130,85 64 AD C9 15 85 65 22 62 FC 02 A5 66 18 6D C4
1FCEBD,130,85 63 A5 91 85 64 AD C9 15 85 65 22 62 FC 02 A5
1FCEBF,130,A5 91 85 64 AD C9 15 85 65 22 62 FC 02 A5 66 18
1FCEAD,130,22 62 FC 02 A5 66 8D C4 15 A5 67 8D C5 15 A5 90
1FCEEA,130,22 62 FC 02 A5 66 85 0A A5 67 85 0B A5 08 85 63
1FCF18,130,A6 3A 6B DA 5A 22 AB D0 1F C2 20 A5 02 18 65 04
7E3B2A,130,A9 01 8D 0B 42 AD 62 12 09 08 8D 3A 30 A9 01 8D
1FCEFC,130,85 64 AD C9 15 85 65 22 62 FC 02 A5 66 38 E5 0A
03E0BD,130,C9 03 D0 05 AD AD 15 D0 02 28 60 C2 20 AD F4 16
1FCF09,130,38 E5 0A 85 0A A5 67 E5 0B 85 0B AB 28 A4 3C A6
1FCEF8,130,85 63 A5 09 85 64 AD C9 15 85 65 22 62 FC 02 A5
1FCEFA,130,A5 09 85 64 AD C9 15 85 65 22 62 FC 02 A5 66 38
1FCF0A,130,E5 0A 85 0A A5 67 E5 0B 85 0B AB 28 A4 3C A6 3A
03E06C,130,C2 20 A5 3A 9D 63 12 A9 BC 20 9D 65 12 A5 3A 38
03E0BF,130,D0 05 AD AD 15 D0 02 28 60 C2 20 AD F4 16 85 72
7E3B25,130,A9 01 8D 00 43 A9 01 8D 0B 42 AD 62 12 09 08 8D
7E3B22,130,8E 05 43 A9 01 8D 00 43 A9 01 8D 0B 42 AD 62 12
1FCEFE,130,AD C9 15 85 65 22 62 FC 02 A5 66 38 E5 0A 85 0A
1FCF03,130,22 62 FC 02 A5 66 38 E5 0A 85 0A A5 67 E5 0B 85
7E3B27,130,8D 00 43 A9 01 8D 0B 42 AD 62 12 09 08 8D 3A 30
1FCF01,130,85 65 22 62 FC 02 A5 66 38 E5 0A 85 0A A5 67 E5
06BBA2,130,6D 9E 16 29 FF 01 8D 4F 19 9C 51 19 AD C9 18 38
7E3B2C,130,8D 0B 42 AD 62 12 09 08 8D 3A 30 A9 01 8D BD 18
1FCEF4,130,85 0B A5 08 85 63 A5 09 85 64 AD C9 15 85 65 22
03E0BA,130,AD DD 14 C9 03 D0 05 AD AD 15 D0 02 28 60 C2 20
1FCF16,130,A4 3C A6 3A 6B DA 5A 22 AB D0 1F C2 20 A5 02 18
1FCF15,130,28 A4 3C A6 3A 6B DA 5A 22 AB D0 1F C2 20 A5 02
1FCEEE,130,A5 66 85 0A A5 67 85 0B A5 08 85 63 A5 09 85 64
7E3B32,130,09 08 8D 3A 30 A9 01 8D BD 18 20 1B 40 6B C2 10
02DCE8,130,8E 02 43 A9 70 8D 04 43 A2 A0 02 8E 05 43 9C 00
1FCEF6,130,A5 08 85 63 A5 09 85 64 AD C9 15 85 65 22 62 FC
1FCEF0,130,85 0A A5 67 85 0B A5 08 85 63 A5 09 85 64 AD C9
7E3B2F,130,AD 62 12 09 08 8D 3A 30 A9 01 8D BD 18 20 1B 40
1FCF0E,130,A5 67 E5 0B 85 0B AB 28 A4 3C A6 3A 6B DA 5A 22
1FCF0C,130,85 0A A5 67 E5 0B 85 0B AB 28 A4 3C A6 3A 6B DA
1FCF14,130,AB 28 A4 3C A6 3A 6B DA 5A 22 AB D0 1F C2 20 A5
1FCF10,130,E5 0B 85 0B AB 28 A4 3C A6 3A 6B DA 5A 22 AB D0
1FCF12,130,85 0B AB 28 A4 3C A6 3A 6B DA 5A 22 AB D0 1F C2
1FCEF2,130,A5 67 85 0B A5 08 85 63 A5 09 85 64 AD C9 15 85
1FCE35,130,A5 66 18 6D C4 15 8D C4 15 A5 67 6D C5 15 8D C5
1FCEAB,130,85 65 22 62 FC 02 A5 66 8D C4 15 A5 67 8D C5 15
1FCEA6,130,85 64 AD C8 15 85 65 22 62 FC 02 A5 66 8D C4 15
1FCE61,130,85 63 A5 03 85 64 AD C9 15 85 65 22 62 FC 02 A5
1FCE63,130,A5 03 85 64 AD C9 15 85 65 22 62 FC 02 A5 66 38
02FC44,130,8D F6 16 E2 20 6B 20 4E FC 6B A5 EF 18 E5 F0 85
02FC32,130,28 C2 20 A5 72 38 E9 70 00 8D F4 16 A5 74 38 E9
1FCE5D,130,85 05 A5 02 85 63 A5 03 85 64 AD C9 15 85 65 22
1FCE5F,130,A5 02 85 63 A5 03 85 64 AD C9 15 85 65 22 62 FC
1FCE5B,130,A5 67 85 05 A5 02 85 63 A5 03 85 64 AD C9 15 85
1FCE65,130,85 64 AD C9 15 85 65 22 62 FC 02 A5 66 38 E5 04
1FCE6A,130,85 65 22 62 FC 02 A5 66 38 E5 04 85 04 A5 67 E5
1FCE73,130,E5 04 85 04 A5 67 E5 05 85 05 AB 28 A4 3C A6 3A
1FCE75,130,85 04 A5 67 E5 05 85 05 AB 28 A4 3C A6 3A 6B 86
1FCE67,130,AD C9 15 85 65 22 62 FC 02 A5 66 38 E5 04 85 04
1FCE72,130,38 E5 04 85 04 A5 67 E5 05 85 05 AB 28 A4 3C A6
1FCE6C,130,22 62 FC 02 A5 66 38 E5 04 85 04 A5 67 E5 05 85
1FCE70,130,A5 66 38 E5 04 85 04 A5 67 E5 05 85 05 AB 28 A4
1FCE77,130,A5 67 E5 05 85 05 AB 28 A4 3C A6 3A 6B 86 3A 84
1FCE59,130,85 04 A5 67 85 05 A5 02 85 63 A5 03 85 64 AD C9
03BA1D,130,A5 CD 65 75 85 75 38 A5 74 E5 CA 85 74 A5 75 E5
02DB26,130,20 2B DB 28 6B 9C C8 14 AD C3 14 8D C7 14 C2 20
1FCE40,130,6D C5 15 8D C5 15 A5 90 85 63 A5 91 85 64 AD C8
1FCE43,130,8D C5 15 A5 90 85 63 A5 91 85 64 AD C8 15 85 65
1FCE3E,130,A5 67 6D C5 15 8D C5 15 A5 90 85 63 A5 91 85 64
1FCE38,130,6D C4 15 8D C4 15 A5 67 6D C5 15 8D C5 15 A5 90
1FCE3B,130,8D C4 15 A5 67 6D C5 15 8D C5 15 A5 90 85 63 A5
1FCE57,130,A5 66 85 04 A5 67 85 05 A5 02 85 63 A5 03 85 64
03DB5A,130,E2 20 C2 10 AD 0F 1F D0 40 A2 00 00 8E B1 15 8E
1FCE48,130,85 63 A5 91 85 64 AD C8 15 85 65 22 62 FC 02 A5
1FCE51,130,85 65 22 62 FC 02 A5 66 85 04 A5 67 85 05 A5 02
1FCE53,130,22 62 FC 02 A5 66 85 04 A5 67 85 05 A5 02 85 63
1FCE46,130,A5 90 85 63 A5 91 85 64 AD C8 15 85 65 22 62 FC
1FCE4E,130,AD C8 15 85 65 22 62 FC 02 A5 66 85 04 A5 67 85
1FCE4A,130,A5 91 85 64 AD C8 15 85 65 22 62 FC 02 A5 66 85
1FCE4C,130,85 64 AD C8 15 85 65 22 62 FC 02 A5 66 85 04 A5
1FCEA8,130,AD C8 15 85 65 22 62 FC 02 A5 66 8D C4 15 A5 67
03DBEE,130,A9 E2 20 9D 69 12 A9 18 11 9D 67 12 AD EE 16 29
1FCE7B,130,85 05 AB 28 A4 3C A6 3A 6B 86 3A 84 3C 08 8B E2
1FCE94,130,BD A5 98 8D C8 15 BD E5 98 8D C9 15 A5 08 85 63
1FCE97,130,8D C8 15 BD E5 98 8D C9 15 A5 08 85 63 A5 09 85
0BB06F,130,89 80 F0 07 A9 FF 8D C5 15 80 03 9C C5 15 B5 14
1FCE93,130,AB BD A5 98 8D C8 15 BD E5 98 8D C9 15 A5 08 85
1FCE90,130,A9 00 48 AB BD A5 98 8D C8 15 BD E5 98 8D C9 15
1FCE92,130,48 AB BD A5 98 8D C8 15 BD E5 98 8D C9 15 A5 08
1FCE8F,130,AA A9 00 48 AB BD A5 98 8D C8 15 BD E5 98 8D C9
0BB30B,130,85 90 8D C4 15 89 80 F0 07 A9 FF 8D C5 15 80 03
1FCE9D,130,8D C9 15 A5 08 85 63 A5 09 85 64 AD C8 15 85 65
1FCEA2,130,85 63 A5 09 85 64 AD C8 15 85 65 22 62 FC 02 A5
1FCEA4,130,A5 09 85 64 AD C8 15 85 65 22 62 FC 02 A5 66 8D
1FCE9A,130,BD E5 98 8D C9 15 A5 08 85 63 A5 09 85 64 AD C8
1FCEA0,130,A5 08 85 63 A5 09 85 64 AD C8 15 85 65 22 62 FC
7E3B1F,130,A2 00 2A 8E 05 43 A9 01 8D 00 43 A9 01 8D 0B 42
0681DC,130,29 08 D0 04 5C E7 81 06 9C C9 1F A9 00 8D C6 14
1FCE79,130,E5 05 85 05 AB 28 A4 3C A6 3A 6B 86 3A 84 3C 08
1FCE8E,130,1A AA A9 00 48 AB BD A5 98 8D C8 15 BD E5 98 8D
1FCE8A,130,E2 10 49 FF 1A AA A9 00 48 AB BD A5 98 8D C8 15
0BB31E,130,B5 14 22 78 CC 1F A5 04 85 02 A5 0A 85 08 AD C4
1FCE7F,130,A4 3C A6 3A 6B 86 3A 84 3C 08 8B E2 10 49 FF 1A
03DC4C,130,9D 6D 12 A9 CE 20 9D 71 12 8A 18 69 10 00 8D B1
03DC25,130,A9 18 B7 9D 63 12 A9 20 B7 9D 67 12 A9 28 B7 9D
1FCE7D,130,AB 28 A4 3C A6 3A 6B 86 3A 84 3C 08 8B E2 10 49
1FCE7E,130,28 A4 3C A6 3A 6B 86 3A 84 3C 08 8B E2 10 49 FF
1FCE8C,130,49 FF 1A AA A9 00 48 AB BD A5 98 8D C8 15 BD E5
1FCE81,130,A6 3A 6B 86 3A 84 3C 08 8B E2 10 49 FF 1A AA A9
1FCE83,130,6B 86 3A 84 3C 08 8B E2 10 49 FF 1A AA A9 00 48
1FCE88,130,08 8B E2 10 49 FF 1A AA A9 00 48 AB BD A5 98 8D
1FCE89,130,8B E2 10 49 FF 1A AA A9 00 48 AB BD A5 98 8D C8
03DC55,130,8A 18 69 10 00 8D B1 15 60 08 C2 20 64 02 64 08
068201,130,D0 04 5C 48 82 06 AD BD 15 29 03 F0 04 5C 19 82
1FCE84,130,86 3A 84 3C 08 8B E2 10 49 FF 1A AA A9 00 48 AB
1FCE86,130,84 3C 08 8B E2 10 49 FF 1A AA A9 00 48 AB BD A5
0BAE25,130,F0 06 A9 FF 85 0B 80 02 64 0B A9 00 85 90 8D C4
1FCF07,130,A5 66 38 E5 0A 85 0A A5 67 E5 0B 85 0B AB 28 A4
0BAE23,130,89 80 F0 06 A9 FF 85 0B 80 02 64 0B A9 00 85 90
1FCCB8,130,EA 4C D4 CC 49 FF 1A 8D 03 42 EA EA EA EA AD 17
1FCCB9,130,4C D4 CC 49 FF 1A 8D 03 42 EA EA EA EA AD 17 42
7E3B84,130,8D 00 43 A9 01 8D 0B 42 AD 62 12 09 08 8D 3A 30
1FCCB5,130,8D 03 42 EA 4C D4 CC 49 FF 1A 8D 03 42 EA EA EA
1FCCB3,130,30 07 8D 03 42 EA 4C D4 CC 49 FF 1A 8D 03 42 EA
0BB0B7,130,5C D0 B0 0B C2 20 AD 71 15 38 F5 0C 8D 8F 15 E2
02DCFE,130,AF 11 42 00 58 60 E2 20 C2 10 AE 69 15 B5 2A 10
1FCD37,130,80 02 64 05 A5 02 30 16 0A 8D 02 42 AD F5 15 30
0BB0B3,130,F0 06 30 04 5C D0 B0 0B C2 20 AD 71 15 38 F5 0C
1FCD33,130,A9 FF 85 05 80 02 64 05 A5 02 30 16 0A 8D 02 42
0681FC,130,AD D5 14 29 10 D0 04 5C 48 82 06 AD BD 15 29 03
0BB0B5,130,30 04 5C D0 B0 0B C2 20 AD 71 15 38 F5 0C 8D 8F
7E3B87,130,A9 01 8D 0B 42 AD 62 12 09 08 8D 3A 30 A9 02 8D
1FCD35,130,85 05 80 02 64 05 A5 02 30 16 0A 8D 02 42 AD F5
7E3AF9,130,A9 04 85 00 A6 4A AD 62 12 29 F7 8D 3A 30 A9 80
0BB0B1,130,E2 20 F0 06 30 04 5C D0 B0 0B C2 20 AD 71 15 38
7E3B82,130,A9 01 8D 00 43 A9 01 8D 0B 42 AD 62 12 09 08 8D
03DBBF,130,60 E2 20 E2 20 A9 00 8F 00 21 00 A9 00 EA EA EA
7E3B74,130,8E 02 43 A9 70 8D 04 43 A2 00 2A 8E 05 43 A9 01
1FCCAD,130,8D 02 42 AD F6 15 30 07 8D 03 42 EA 4C D4 CC 49
7E3B77,130,A9 70 8D 04 43 A2 00 2A 8E 05 43 A9 01 8D 00 43
1FCCAC,130,0A 8D 02 42 AD F6 15 30 07 8D 03 42 EA 4C D4 CC
7E3B71,130,A2 00 56 8E 02 43 A9 70 8D 04 43 A2 00 2A 8E 05
03DB93,130,E2 20 AD D3 1F D0 03 20 08 DD 20 53 DD 20 A8 DB
06BB7C,130,6A 8D C7 14 C9 00 80 6A 18 6D C7 14 49 FF FF 1A
03DBE8,130,A9 10 11 9D 63 12 A9 E2 20 9D 69 12 A9 18 11 9D
02FBF2,130,AD DD 14 C9 03 F0 04 5C 0D FC 02 C2 20 AF 2C 00
0BB0A1,130,B5 0E 18 65 0A 95 0E E2 20 C2 20 B5 0C CD 71 15
7E3B7F,130,8E 05 43 A9 01 8D 00 43 A9 01 8D 0B 42 AD 62 12
7E3B79,130,8D 04 43 A2 00 2A 8E 05 43 A9 01 8D 00 43 A9 01
0BB09F,130,95 10 B5 0E 18 65 0A 95 0E E2 20 C2 20 B5 0C CD
7E3B7C,130,A2 00 2A 8E 05 43 A9 01 8D 00 43 A9 01 8D 0B 42
1FCCB0,130,AD F6 15 30 07 8D 03 42 EA 4C D4 CC 49 FF 1A 8D
1FCCAB,130,1A 0A 8D 02 42 AD F6 15 30 07 8D 03 42 EA 4C D4
03ED5C,130,ED 03 17 30 04 8D FD 16 6B 08 E2 20 8B 20 6F ED
03ED5F,130,30 04 8D FD 16 6B 08 E2 20 8B 20 6F ED AB 28 6B
02DC1F,130,6B 08 E2 20 C2 10 A9 01 A2 E2 B0 22 E3 4E 7E 28
03E04E,130,C2 20 A9 E1 B6 85 3A AE B1 15 AC AF 15 F0 54 E2
0BB097,130,95 0C B5 10 18 6D C4 15 95 10 B5 0E 18 65 0A 95
03E050,130,A9 E1 B6 85 3A AE B1 15 AC AF 15 F0 54 E2 20 AD
02DC10,130,08 E2 20 C2 10 A9 01 A2 CB B0 22 E3 4E 7E 28 6B
0BB0A4,130,65 0A 95 0E E2 20 C2 20 B5 0C CD 71 15 E2 20 F0
0BB307,130,64 0B A9 00 85 90 8D C4 15 89 80 F0 07 A9 FF 8D
0BB0AE,130,CD 71 15 E2 20 F0 06 30 04 5C D0 B0 0B C2 20 AD
0BB328,130,A5 0A 85 08 AD C4 15 85 90 C2 20 B5 0C 18 65 04
1FCCD6,130,38 ED 17 42 AA 86 04 A5 08 30 16 0A 8D 02 42 AD
02FBE6,130,18 75 10 38 E5 C5 8F 2E 00 70 E2 20 AD DD 14 C9
1FCCD4,130,A9 00 38 ED 17 42 AA 86 04 A5 08 30 16 0A 8D 02
02D97A,130,AD BA 18 F0 18 AE 38 12 B5 0C C9 00 80 6A C9 00
0BB07F,130,22 78 CC 1F A5 04 85 02 A5 0A 85 08 AD C4 15 85
0BB0A6,130,95 0E E2 20 C2 20 B5 0C CD 71 15 E2 20 F0 06 30
7E3B89,130,8D 0B 42 AD 62 12 09 08 8D 3A 30 A9 02 8D BD 18
03E053,130,85 3A AE B1 15 AC AF 15 F0 54 E2 20 AD CA 1F F0
03E058,130,AC AF 15 F0 54 E2 20 AD CA 1F F0 08 CE CA 1F 88
7E3AF7,130,C2 10 A9 04 85 00 A6 4A AD 62 12 29 F7 8D 3A 30
03E08A,130,AD CA 1F F0 22 AD BD 15 29 07 C9 03 90 19 C2 20
0BB0AA,130,C2 20 B5 0C CD 71 15 E2 20 F0 06 30 04 5C D0 B0
02D9E2,130,20 BD DC 22 21 DB 02 E2 20 C2 10 AD D3 1F D0 03
7E3B8C,130,AD 62 12 09 08 8D 3A 30 A9 02 8D BD 18 A5 45 4A
0BB0A3,130,18 65 0A 95 0E E2 20 C2 20 B5 0C CD 71 15 E2 20
03E055,130,AE B1 15 AC AF 15 F0 54 E2 20 AD CA 1F F0 08 CE
03E088,130,E2 20 AD CA 1F F0 22 AD BD 15 29 07 C9 03 90 19
03ED58,130,AD FD 16 38 ED 03 17 30 04 8D FD 16 6B 08 E2 20
03E05B,130,F0 54 E2 20 AD CA 1F F0 08 CE CA 1F 88 D0 02 80
0BB0A8,130,E2 20 C2 20 B5 0C CD 71 15 E2 20 F0 06 30 04 5C
03E05D,130,E2 20 AD CA 1F F0 08 CE CA 1F 88 D0 02 80 1C C2
03E062,130,F0 08 CE CA 1F 88 D0 02 80 1C C2 20 A5 3A 9D 63
03E05F,130,AD CA 1F F0 08 CE CA 1F 88 D0 02 80 1C C2 20 A5
1FCD55,130,49 FF 1A 0A 8D 02 42 AD F5 15 30 07 8D 03 42 EA
1FCCD7,130,ED 17 42 AA 86 04 A5 08 30 16 0A 8D 02 42 AD F5
0BAE0B,130,A9 00 85 02 85 04 89 80 F0 06 A9 FF 85 05 80 02
0BB09B,130,18 6D C4 15 95 10 B5 0E 18 65 0A 95 0E E2 20 C2
7E3AFB,130,85 00 A6 4A AD 62 12 29 F7 8D 3A 30 A9 80 8D 15
7E3B6B,130,8D 01 43 8E 16 21 A2 00 56 8E 02 43 A9 70 8D 04
0BAE1D,130,A9 00 85 08 85 0A 89 80 F0 06 A9 FF 85 0B 80 02
7E3B61,130,8D 3A 30 A9 80 8D 15 21 A9 18 8D 01 43 8E 16 21
0BAE0D,130,85 02 85 04 89 80 F0 06 A9 FF 85 05 80 02 64 05
0BAE1B,130,64 05 A9 00 85 08 85 0A 89 80 F0 06 A9 FF 85 0B
7E3B6E,130,8E 16 21 A2 00 56 8E 02 43 A9 70 8D 04 43 A2 00
1FCD5C,130,AD F5 15 30 07 8D 03 42 EA 4C 80 CD 49 FF 1A 8D
1FCD59,130,8D 02 42 AD F5 15 30 07 8D 03 42 EA 4C 80 CD 49
0BAE00,130,AC 3A 12 22 ED DA 1F 22 11 DB 1F A9 00 85 02 85
7E3B5F,130,29 F7 8D 3A 30 A9 80 8D 15 21 A9 18 8D 01 43 8E
0BAE07,130,22 11 DB 1F A9 00 85 02 85 04 89 80 F0 06 A9 FF
7E3B64,130,A9 80 8D 15 21 A9 18 8D 01 43 8E 16 21 A2 00 56
7E3B66,130,8D 15 21 A9 18 8D 01 43 8E 16 21 A2 00 56 8E 02
7E3B69,130,A9 18 8D 01 43 8E 16 21 A2 00 56 8E 02 43 A9 70
0BAE03,130,22 ED DA 1F 22 11 DB 1F A9 00 85 02 85 04 89 80
03E0B1,130,8E B1 15 60 08 E2 20 C2 10 AD DD 14 C9 03 D0 05
0BAE11,130,89 80 F0 06 A9 FF 85 05 80 02 64 05 A9 00 85 08
0BB09C,130,6D C4 15 95 10 B5 0E 18 65 0A 95 0E E2 20 C2 20
0BAE1F,130,85 08 85 0A 89 80 F0 06 A9 FF 85 0B 80 02 64 0B
0BB099,130,B5 10 18 6D C4 15 95 10 B5 0E 18 65 0A 95 0E E2
0BAE0F,130,85 04 89 80 F0 06 A9 FF 85 05 80 02 64 05 A9 00
03E1FE,130,89 08 00 D0 01 60 EE C7 14 A9 80 00 4C 0D E2 18
1FCD58,130,0A 8D 02 42 AD F5 15 30 07 8D 03 42 EA 4C 80 CD
03E383,130,60 AD C7 14 9D 63 12 A9 C0 24 9D 65 12 AD C7 14
0BAE13,130,F0 06 A9 FF 85 05 80 02 64 05 A9 00 85 08 85 0A
0BAE21,130,85 0A 89 80 F0 06 A9 FF 85 0B 80 02 64 0B A9 00
1FCD57,130,1A 0A 8D 02 42 AD F5 15 30 07 8D 03 42 EA 4C 80
03EB56,126,65 02 69 C0 B9 8F 18 00 70 A9 06 00 8F 26 00 70
1FD03C,126,FA 6B DA 5A 22 AB D0 1F C2 20 AD 52 12 85 08 B9
03EA05,126,B0 03 82 D9 00 22 4A FC 02 29 1F D0 04 A9 04 80
03ED61,126,8D FD 16 6B 08 E2 20 8B 20 6F ED AB 28 6B E2 20
1FD02B,126,85 02 B9 10 00 38 F5 10 85 08 22 E3 FC 02 C2 30
03EB5F,126,A9 06 00 8F 26 00 70 A9 98 00 8F 28 00 70 E2 20
1FD025,126,B9 0C 00 38 F5 0C 85 02 B9 10 00 38 F5 10 85 08
03EB7D,126,60 37 02 37 02 63 02 8F 02 BB 02 ED 02 1F 03 1F
1FD029,126,F5 0C 85 02 B9 10 00 38 F5 10 85 08 22 E3 FC 02
03EB6D,126,E2 20 A9 01 A2 5B D1 22 E3 4E 7E C2 20 C2 10 28
03EB78,126,C2 20 C2 10 28 60 37 02 37 02 63 02 8F 02 BB 02
1FD023,126,C2 20 B9 0C 00 38 F5 0C 85 02 B9 10 00 38 F5 10
03EA03,126,C9 05 B0 03 82 D9 00 22 4A FC 02 29 1F D0 04 A9
1FD031,126,F5 10 85 08 22 E3 FC 02 C2 30 7A FA 6B DA 5A 22
03EB4D,126,29 FF 00 EB 85 02 46 02 0A 65 02 69 C0 B9 8F 18
03EB4B,126,C2 20 29 FF 00 EB 85 02 46 02 0A 65 02 69 C0 B9
03EB4A,126,08 C2 20 29 FF 00 EB 85 02 46 02 0A 65 02 69 C0
1FD022,126,5A C2 20 B9 0C 00 38 F5 0C 85 02 B9 10 00 38 F5
1FD02D,126,B9 10 00 38 F5 10 85 08 22 E3 FC 02 C2 30 7A FA
03EB58,126,69 C0 B9 8F 18 00 70 A9 06 00 8F 26 00 70 A9 98
03EB69,126,8F 28 00 70 E2 20 A9 01 A2 5B D1 22 E3 4E 7E C2
1FD028,126,38 F5 0C 85 02 B9 10 00 38 F5 10 85 08 22 E3 FC
03EB62,126,8F 26 00 70 A9 98 00 8F 28 00 70 E2 20 A9 01 A2
1FD035,126,22 E3 FC 02 C2 30 7A FA 6B DA 5A 22 AB D0 1F C2
03EA00,126,AD A0 18 C9 05 B0 03 82 D9 00 22 4A FC 02 29 1F
1FD033,126,85 08 22 E3 FC 02 C2 30 7A FA 6B DA 5A 22 AB D0
03EB7C,126,28 60 37 02 37 02 63 02 8F 02 BB 02 ED 02 1F 03
03EB7A,126,C2 10 28 60 37 02 37 02 63 02 8F 02 BB 02 ED 02
1FD039,126,C2 30 7A FA 6B DA 5A 22 AB D0 1F C2 20 AD 52 12
03EB53,126,46 02 0A 65 02 69 C0 B9 8F 18 00 70 A9 06 00 8F
1FD030,126,38 F5 10 85 08 22 E3 FC 02 C2 30 7A FA 6B DA 5A
03EB55,126,0A 65 02 69 C0 B9 8F 18 00 70 A9 06 00 8F 26 00
1FD03D,126,6B DA 5A 22 AB D0 1F C2 20 AD 52 12 85 08 B9 0E
03EB5B,126,8F 18 00 70 A9 06 00 8F 26 00 70 A9 98 00 8F 28
03EB74,126,22 E3 4E 7E C2 20 C2 10 28 60 37 02 37 02 63 02
03EB66,126,A9 98 00 8F 28 00 70 E2 20 A9 01 A2 5B D1 22 E3
1FD021,126,DA 5A C2 20 B9 0C 00 38 F5 0C 85 02 B9 10 00 38
03EB50,126,EB 85 02 46 02 0A 65 02 69 C0 B9 8F 18 00 70 A9
03ED64,126,6B 08 E2 20 8B 20 6F ED AB 28 6B E2 20 AD F6 1F
03EB6F,126,A9 01 A2 5B D1 22 E3 4E 7E C2 20 C2 10 28 60 37
1FD03B,126,7A FA 6B DA 5A 22 AB D0 1F C2 20 AD 52 12 85 08
03EB71,126,A2 5B D1 22 E3 4E 7E C2 20 C2 10 28 60 37 02 37
03EB51,126,85 02 46 02 0A 65 02 69 C0 B9 8F 18 00 70 A9 06
03B445,125,BF E8 1C 7E 29 FF 00 F0 03 82 62 00 BF E9 1C 7E
03B449,125,29 FF 00 F0 03 82 62 00 BF E9 1C 7E 29 FF 00 8D
03B44C,125,F0 03 82 62 00 BF E9 1C 7E 29 FF 00 8D 3F 1F AC
03BA89,120,4A C5 84 B0 FA 85 86 8A 38 E5 92 85 8A A6 84 BD
03BA8E,120,85 86 8A 38 E5 92 85 8A A6 84 BD D5 83 A6 86 38
03BA88,120,CA 4A C5 84 B0 FA 85 86 8A 38 E5 92 85 8A A6 84
03BA8A,120,C5 84 B0 FA 85 86 8A 38 E5 92 85 8A A6 84 BD D5
03BA8C,120,B0 FA 85 86 8A 38 E5 92 85 8A A6 84 BD D5 83 A6
7E571A,113,1A 38 ED 52 12 30 03 4C 82 57 BD C8 2E 18 6D 5A
7E5717,113,49 FF FF 1A 38 ED 52 12 30 03 4C 82 57 BD C8 2E
1FCD61,111,8D 03 42 EA 4C 80 CD 49 FF 1A 8D 03 42 EA EA EA
1FCD64,111,EA 4C 80 CD 49 FF 1A 8D 03 42 EA EA EA EA AD 17
1FCD65,111,4C 80 CD 49 FF 1A 8D 03 42 EA EA EA EA AD 17 42
03EA67,106,A9 52 00 8F 62 00 70 A9 A9 00 8F 2C 00 70 8A 8F
03EA3F,106,C2 30 A9 53 00 8F 62 00 70 A9 AA 00 8F 2C 00 70
03EA88,106,AD FD 1F F0 44 29 7F 85 02 AD 9C 18 C2 20 29 7F
03EAD1,106,E2 20 80 36 AD A0 18 3A 30 30 8D A0 18 20 4A EB
03EA44,106,8F 62 00 70 A9 AA 00 8F 2C 00 70 8A 8F A6 00 70
03EAD3,106,80 36 AD A0 18 3A 30 30 8D A0 18 20 4A EB 80 28
03EA48,106,A9 AA 00 8F 2C 00 70 8A 8F A6 00 70 20 0D EB E2
03EA34,106,D0 06 A9 64 22 E5 B7 03 AE 9D 18 C2 30 A9 53 00
03EA65,106,C2 30 A9 52 00 8F 62 00 70 A9 A9 00 8F 2C 00 70
03EA62,106,AE 9D 18 C2 30 A9 52 00 8F 62 00 70 A9 A9 00 8F
03EA6A,106,8F 62 00 70 A9 A9 00 8F 2C 00 70 8A 8F A6 00 70
03EA41,106,A9 53 00 8F 62 00 70 A9 AA 00 8F 2C 00 70 8A 8F
03EA75,106,8A 8F A6 00 70 20 0D EB E2 20 A9 01 A2 29 B5 22
03EA8B,106,F0 44 29 7F 85 02 AD 9C 18 C2 20 29 7F 00 A8 E2
03EA76,106,8F A6 00 70 20 0D EB E2 20 A9 01 A2 29 B5 22 E3
03EA6E,106,A9 A9 00 8F 2C 00 70 8A 8F A6 00 70 20 0D EB E2
03EA71,106,8F 2C 00 70 8A 8F A6 00 70 20 0D EB E2 20 A9 01
03EA10,106,D0 04 A9 04 80 18 29 01 85 02 AD 9F 18 C9 1E B0
03EA81,106,A2 29 B5 22 E3 4E 7E AD FD 1F F0 44 29 7F 85 02
03EA4B,106,8F 2C 00 70 8A 8F A6 00 70 20 0D EB E2 20 A9 01
03EA3C,106,AE 9D 18 C2 30 A9 53 00 8F 62 00 70 A9 AA 00 8F
03EA5B,106,A2 EE B4 22 E3 4E 7E AE 9D 18 C2 30 A9 52 00 8F
03EA59,106,A9 01 A2 EE B4 22 E3 4E 7E AE 9D 18 C2 30 A9 52
03EA7F,106,A9 01 A2 29 B5 22 E3 4E 7E AD FD 1F F0 44 29 7F
03EA7D,106,E2 20 A9 01 A2 29 B5 22 E3 4E 7E AD FD 1F F0 44
03EA57,106,E2 20 A9 01 A2 EE B4 22 E3 4E 7E AE 9D 18 C2 30
03EA31,106,CE 9F 18 D0 06 A9 64 22 E5 B7 03 AE 9D 18 C2 30
03EA2E,106,20 4A EB CE 9F 18 D0 06 A9 64 22 E5 B7 03 AE 9D
03EA54,106,20 0D EB E2 20 A9 01 A2 EE B4 22 E3 4E 7E AE 9D
03EA0E,106,29 1F D0 04 A9 04 80 18 29 01 85 02 AD 9F 18 C9
03EA5E,106,22 E3 4E 7E AE 9D 18 C2 30 A9 52 00 8F 62 00 70
03EA84,106,22 E3 4E 7E AD FD 1F F0 44 29 7F 85 02 AD 9C 18
03EA0A,106,22 4A FC 02 29 1F D0 04 A9 04 80 18 29 01 85 02
03EA50,106,8F A6 00 70 20 0D EB E2 20 A9 01 A2 EE B4 22 E3
03EA4F,106,8A 8F A6 00 70 20 0D EB E2 20 A9 01 A2 EE B4 22
03EA7A,106,20 0D EB E2 20 A9 01 A2 29 B5 22 E3 4E 7E AD FD
1FD63A,105,38 6B C5 3A D0 04 5C 29 DA 1F 38 E5 3A C9 00 00
1FD63B,105,6B C5 3A D0 04 5C 29 DA 1F 38 E5 3A C9 00 00 30
03EA28,104,0A 18 69 05 65 02 20 4A EB CE 9F 18 D0 06 A9 64
03EA16,104,29 01 85 02 AD 9F 18 C9 1E B0 02 64 02 AD 9C 18
03EA1A,104,AD 9F 18 C9 1E B0 02 64 02 AD 9C 18 29 7F 0A 18
03EA29,104,18 69 05 65 02 20 4A EB CE 9F 18 D0 06 A9 64 22
03EA1D,104,C9 1E B0 02 64 02 AD 9C 18 29 7F 0A 18 69 05 65
03EA2A,104,69 05 65 02 20 4A EB CE 9F 18 D0 06 A9 64 22 E5
03EA26,104,29 7F 0A 18 69 05 65 02 20 4A EB CE 9F 18 D0 06
03EA23,104,AD 9C 18 29 7F 0A 18 69 05 65 02 20 4A EB CE 9F
03EA1F,104,B0 02 64 02 AD 9C 18 29 7F 0A 18 69 05 65 02 20
03EA2C,104,65 02 20 4A EB CE 9F 18 D0 06 A9 64 22 E5 B7 03
03EA18,104,85 02 AD 9F 18 C9 1E B0 02 64 02 AD 9C 18 29 7F
0BD1A5,94,6A 10 03 69 00 00 C9 00 80 6A 10 03 69 00 00 18
0BD17E,94,38 ED FC 14 C9 00 00 30 0A C9 08 00 10 0D A9 08
0BD185,94,30 0A C9 08 00 10 0D A9 08 00 80 08 C9 F8 FF 30
0BD1B4,94,18 6D FC 14 8D FC 14 E2 20 AD 0D 15 8D C7 14 A9
0BD17F,94,ED FC 14 C9 00 00 30 0A C9 08 00 10 0D A9 08 00
0BD1AB,94,C9 00 80 6A 10 03 69 00 00 18 6D FC 14 8D FC 14
0BD19D,94,10 03 69 00 00 C9 00 80 6A 10 03 69 00 00 C9 00
0BD1B5,94,6D FC 14 8D FC 14 E2 20 AD 0D 15 8D C7 14 A9 02
0BD199,94,C9 00 80 6A 10 03 69 00 00 C9 00 80 6A 10 03 69
0BD182,94,C9 00 00 30 0A C9 08 00 10 0D A9 08 00 80 08 C9
0BD1AE,94,6A 10 03 69 00 00 18 6D FC 14 8D FC 14 E2 20 AD
0BD1A6,94,10 03 69 00 00 C9 00 80 6A 10 03 69 00 00 18 6D
0BD19C,94,6A 10 03 69 00 00 C9 00 80 6A 10 03 69 00 00 C9
0BD1AF,94,10 03 69 00 00 18 6D FC 14 8D FC 14 E2 20 AD 0D
0BD1A2,94,C9 00 80 6A 10 03 69 00 00 C9 00 80 6A 10 03 69
0998FE,90,10 F7 A2 07 00 BD 4D 17 9D 8F A0 BD 45 17 9D 97
0998F7,90,BD 05 17 9D 62 A0 CA 10 F7 A2 07 00 BD 4D 17 9D
0998FD,90,CA 10 F7 A2 07 00 BD 4D 17 9D 8F A0 BD 45 17 9D
0998FA,90,9D 62 A0 CA 10 F7 A2 07 00 BD 4D 17 9D 8F A0 BD
1FDA28,89,6B A5 3A 38 6B C2 20 A9 5F F4 9F D0 1C 7E E2 20
1FDA27,89,18 6B A5 3A 38 6B C2 20 A9 5F F4 9F D0 1C 7E E2
1FDA25,89,A5 3A 18 6B A5 3A 38 6B C2 20 A9 5F F4 9F D0 1C
7E5C13,82,EA EA EA EA AF 17 42 00 4C 55 5C 49 FF 1A 0A 8F
7E5AD7,82,E2 10 AA BF AC 5C 7E 8D F6 15 BF 6C 5C 7E 8D F5
7E5C03,82,30 19 0A 8F 02 42 00 AD F6 15 30 36 8F 03 42 00
7E5B44,82,8F 02 42 00 AD F5 15 30 36 8F 03 42 00 EA EA EA
7E5B96,82,65 04 85 04 89 80 F0 06 A9 FF 85 05 80 02 64 05
7E5B3F,82,A5 08 30 19 0A 8F 02 42 00 AD F5 15 30 36 8F 03
1FC5D0,82,ED 17 42 AA 85 08 C9 00 10 02 C6 09 C2 10 A6 76
1FC5CC,82,EA A9 00 38 ED 17 42 AA 85 08 C9 00 10 02 C6 09
1FC5CD,82,A9 00 38 ED 17 42 AA 85 08 C9 00 10 02 C6 09 C2
7E51EF,82,20 D4 5A C2 20 A5 04 89 80 00 F0 05 09 00 FF 80
7E5C5A,82,85 0A 89 80 F0 06 A9 FF 85 0B 80 02 64 0B 28 FA
7E5AD4,82,5A DA 08 E2 10 AA BF AC 5C 7E 8D F6 15 BF 6C 5C
1FC5C8,82,8D 03 42 EA EA A9 00 38 ED 17 42 AA 85 08 C9 00
1FC5CF,82,38 ED 17 42 AA 85 08 C9 00 10 02 C6 09 C2 10 A6
7E5B94,82,8A 18 65 04 85 04 89 80 F0 06 A9 FF 85 05 80 02
7E5B41,82,30 19 0A 8F 02 42 00 AD F5 15 30 36 8F 03 42 00
7E5C06,82,8F 02 42 00 AD F6 15 30 36 8F 03 42 00 EA EA EA
7E5AD5,82,DA 08 E2 10 AA BF AC 5C 7E 8D F6 15 BF 6C 5C 7E
7E5AD6,82,08 E2 10 AA BF AC 5C 7E 8D F6 15 BF 6C 5C 7E 8D
7E5AE5,82,8D F5 15 A5 02 30 19 0A 8F 02 42 00 AD F6 15 30
7E5C14,82,EA EA EA AF 17 42 00 4C 55 5C 49 FF 1A 0A 8F 02
7E5C68,82,28 FA 7A 60 00 03 06 09 0C 0F 12 15 18 1B 1E 21
0BD187,82,C9 08 00 10 0D A9 08 00 80 08 C9 F8 FF 30 03 A9
7E5C6A,82,7A 60 00 03 06 09 0C 0F 12 15 18 1B 1E 21 24 27
0BD151,82,C9 38 FF 10 03 A9 38 FF 18 6D 13 15 8D FC 14 E2
7E5BFC,82,49 FF 1A 85 0A A5 08 30 19 0A 8F 02 42 00 AD F6
7E5C69,82,FA 7A 60 00 03 06 09 0C 0F 12 15 18 1B 1E 21 24
7E5C17,82,AF 17 42 00 4C 55 5C 49 FF 1A 0A 8F 02 42 00 AD
7E5C55,82,AA 8A 18 65 0A 85 0A 89 80 F0 06 A9 FF 85 0B 80
7E5BFA,82,AA 8A 49 FF 1A 85 0A A5 08 30 19 0A 8F 02 42 00
7E5B3C,82,AA 86 04 A5 08 30 19 0A 8F 02 42 00 AD F5 15 30
7E5ADE,82,8D F6 15 BF 6C 5C 7E 8D F5 15 A5 02 30 19 0A 8F
7E5C5E,82,F0 06 A9 FF 85 0B 80 02 64 0B 28 FA 7A 60 00 03
7E5C57,82,18 65 0A 85 0A 89 80 F0 06 A9 FF 85 0B 80 02 64
7E5B4B,82,30 36 8F 03 42 00 EA EA EA EA AF 17 42 00 4C 93
7E5B9C,82,F0 06 A9 FF 85 05 80 02 64 05 A5 02 30 19 0A 8F
7E5B48,82,AD F5 15 30 36 8F 03 42 00 EA EA EA EA AF 17 42
7E5C1B,82,4C 55 5C 49 FF 1A 0A 8F 02 42 00 AD F6 15 30 08
7E5C05,82,0A 8F 02 42 00 AD F6 15 30 36 8F 03 42 00 EA EA
02F5B7,82,5C B2 F6 02 B9 09 00 89 01 C2 20 F0 05 A9 98 3A
7E5C15,82,EA EA AF 17 42 00 4C 55 5C 49 FF 1A 0A 8F 02 42
7E5BA6,82,A5 02 30 19 0A 8F 02 42 00 AD F5 15 30 36 8F 03
7E5C0D,82,30 36 8F 03 42 00 EA EA EA EA AF 17 42 00 4C 55
7E5C0A,82,AD F6 15 30 36 8F 03 42 00 EA EA EA EA AF 17 42
7E5AD9,82,AA BF AC 5C 7E 8D F6 15 BF 6C 5C 7E 8D F5 15 A5
7E5C5C,82,89 80 F0 06 A9 FF 85 0B 80 02 64 0B 28 FA 7A 60
7E5C01,82,A5 08 30 19 0A 8F 02 42 00 AD F6 15 30 36 8F 03
7E5C16,82,EA AF 17 42 00 4C 55 5C 49 FF 1A 0A 8F 02 42 00
7E5B95,82,18 65 04 85 04 89 80 F0 06 A9 FF 85 05 80 02 64
1FC5CB,82,EA EA A9 00 38 ED 17 42 AA 85 08 C9 00 10 02 C6
7E5C58,82,65 0A 85 0A 89 80 F0 06 A9 FF 85 0B 80 02 64 0B
7E5BFB,82,8A 49 FF 1A 85 0A A5 08 30 19 0A 8F 02 42 00 AD
7E5BA8,82,30 19 0A 8F 02 42 00 AD F5 15 30 36 8F 03 42 00
7E5B3D,82,86 04 A5 08 30 19 0A 8F 02 42 00 AD F5 15 30 36
1FC5C7,82,1A 8D 03 42 EA EA A9 00 38 ED 17 42 AA 85 08 C9
7E5AEA,82,30 19 0A 8F 02 42 00 AD F6 15 30 36 8F 03 42 00
7E5C66,82,64 0B 28 FA 7A 60 00 03 06 09 0C 0F 12 15 18 1B
7E5ADA,82,BF AC 5C 7E 8D F6 15 BF 6C 5C 7E 8D F5 15 A5 02
1FC5C5,82,49 FF 1A 8D 03 42 EA EA A9 00 38 ED 17 42 AA 85
0BD18A,82,10 0D A9 08 00 80 08 C9 F8 FF 30 03 A9 F8 FF C9
7E5AE8,82,A5 02 30 19 0A 8F 02 42 00 AD F6 15 30 36 8F 03
0BD154,82,10 03 A9 38 FF 18 6D 13 15 8D FC 14 E2 20 B5 23
7E5B93,82,AA 8A 18 65 04 85 04 89 80 F0 06 A9 FF 85 05 80
7E5C56,82,8A 18 65 0A 85 0A 89 80 F0 06 A9 FF 85 0B 80 02
7E5BFF,82,85 0A A5 08 30 19 0A 8F 02 42 00 AD F6 15 30 36
7E5C6B,82,60 00 03 06 09 0C 0F 12 15 18 1B 1E 21 24 27 2A
7E5B9A,82,89 80 F0 06 A9 FF 85 05 80 02 64 05 A5 02 30 19
7E5B43,82,0A 8F 02 42 00 AD F5 15 30 36 8F 03 42 00 EA EA
7E5BFE,82,1A 85 0A A5 08 30 19 0A 8F 02 42 00 AD F6 15 30
7E5B98,82,85 04 89 80 F0 06 A9 FF 85 05 80 02 64 05 A5 02
7E5AE1,82,BF 6C 5C 7E 8D F5 15 A5 02 30 19 0A 8F 02 42 00
7E5C0F,82,8F 03 42 00 EA EA EA EA AF 17 42 00 4C 55 5C 49
03DD5A,80,60 3A 8D BB 15 C2 20 AD BB 15 29 07 00 C9 03 00
0682B7,79,5C CD 82 06 AD 6B 15 18 69 04 8D 6B 15 AD 6C 15
0682E2,79,9C AD 15 C2 20 AD 9A 15 CD CD 18 E2 20 F0 04 5C
04A0AF,79,5C 93 A1 04 B9 A1 A0 D0 04 5C 93 A1 04 C8 48 5A
04A21F,79,5C 26 A2 04 20 BF 84 22 BB C7 1F B5 1F 29 02 D0
068307,79,5C 5D 83 06 AD DF 14 29 20 F0 04 5C 5D 83 06 AD
068529,79,5C 8E 85 06 AD D8 14 29 18 D0 04 5C 4C 85 06 DA
02FAE3,78,AD CB 18 8D 39 16 E2 20 C2 20 AD 35 16 49 FF FF
1FD114,78,6B C2 20 B9 0C 00 38 F5 0C 85 02 10 06 A9 00 00
02FAE6,78,8D 39 16 E2 20 C2 20 AD 35 16 49 FF FF 1A 8D 2F
02FADD,78,8D 37 16 8D C9 18 AD CB 18 8D 39 16 E2 20 C2 20
02FAD9,78,22 21 D0 1F 8D 37 16 8D C9 18 AD CB 18 8D 39 16
02FAE0,78,8D C9 18 AD CB 18 8D 39 16 E2 20 C2 20 AD 35 16
1FD051,78,85 02 22 E3 FC 02 C2 30 7A FA 6B DA 5A 22 92 CF
1FD04F,78,F5 0E 85 02 22 E3 FC 02 C2 30 7A FA 6B DA 5A 22
1FD059,78,7A FA 6B DA 5A 22 92 CF 1F C2 20 AD 52 12 85 08
1FD05A,78,FA 6B DA 5A 22 92 CF 1F C2 20 AD 52 12 85 08 AD
1FD057,78,C2 30 7A FA 6B DA 5A 22 92 CF 1F C2 20 AD 52 12
02FAC9,78,C2 20 22 3E D0 1F 49 FF FF 1A 8D 35 16 8D C7 18
02FACB,78,22 3E D0 1F 49 FF FF 1A 8D 35 16 8D C7 18 22 21
0BDFF8,78,5C E2 E1 0B AD 64 19 C9 FF F0 04 5C E2 E1 0B AD
02FAC6,78,AC A0 15 C2 20 22 3E D0 1F 49 FF FF 1A 8D 35 16
02FACF,78,49 FF FF 1A 8D 35 16 8D C7 18 22 21 D0 1F 8D 37
02FAD3,78,8D 35 16 8D C7 18 22 21 D0 1F 8D 37 16 8D C9 18
1FD05B,78,6B DA 5A 22 92 CF 1F C2 20 AD 52 12 85 08 AD 0A
02FAD2,78,1A 8D 35 16 8D C7 18 22 21 D0 1F 8D 37 16 8D C9
02FAD6,78,8D C7 18 22 21 D0 1F 8D 37 16 8D C9 18 AD CB 18
1FD0F1,78,6D 52 12 85 02 0A 0A 85 08 A5 02 C9 00 80 6A 18
1FD10F,78,8D 52 12 E2 20 6B C2 20 B9 0C 00 38 F5 0C 85 02
1FD03F,78,5A 22 AB D0 1F C2 20 AD 52 12 85 08 B9 0E 00 38
02FAE9,78,E2 20 C2 20 AD 35 16 49 FF FF 1A 8D 2F 16 AD 37
1FD0F4,78,85 02 0A 0A 85 08 A5 02 C9 00 80 6A 18 65 08 C9
1FD0F6,78,0A 0A 85 08 A5 02 C9 00 80 6A 18 65 08 C9 00 80
1FD0DD,78,18 65 02 0A 8D 52 12 A5 08 C5 02 30 04 A5 08 80
1FD0F0,78,18 6D 52 12 85 02 0A 0A 85 08 A5 02 C9 00 80 6A
1FD0C7,78,85 08 C2 20 A5 02 C9 00 80 6A 85 02 A5 08 C9 00
1FD10E,78,6A 8D 52 12 E2 20 6B C2 20 B9 0C 00 38 F5 0C 85
0BD8CC,78,5C 58 DC 0B AD 2B 15 F0 06 CE 2B 15 82 7D 03 B5
1FD0C1,78,10 04 49 FF FF 1A 85 08 C2 20 A5 02 C9 00 80 6A
1FD0BF,78,F5 10 10 04 49 FF FF 1A 85 08 C2 20 A5 02 C9 00
1FD0BB,78,B9 10 00 38 F5 10 10 04 49 FF FF 1A 85 08 C2 20
1FD03E,78,DA 5A 22 AB D0 1F C2 20 AD 52 12 85 08 B9 0E 00
1FD0F8,78,85 08 A5 02 C9 00 80 6A 18 65 08 C9 00 80 6A C9
1FD0D9,78,85 08 A5 08 18 65 02 0A 8D 52 12 A5 08 C5 02 30
1FD0BE,78,38 F5 10 10 04 49 FF FF 1A 85 08 C2 20 A5 02 C9
1FD0D1,78,85 02 A5 08 C9 00 80 6A 85 08 A5 08 18 65 02 0A
1FD0B9,78,85 02 B9 10 00 38 F5 10 10 04 49 FF FF 1A 85 08
1FD0C9,78,C2 20 A5 02 C9 00 80 6A 85 02 A5 08 C9 00 80 6A
1FD0CD,78,C9 00 80 6A 85 02 A5 08 C9 00 80 6A 85 08 A5 08
1FD0D5,78,C9 00 80 6A 85 08 A5 08 18 65 02 0A 8D 52 12 A5
1FD0D3,78,A5 08 C9 00 80 6A 85 08 A5 08 18 65 02 0A 8D 52
1FD0E1,78,8D 52 12 A5 08 C5 02 30 04 A5 08 80 02 A5 02 18
1FD0D8,78,6A 85 08 A5 08 18 65 02 0A 8D 52 12 A5 08 C5 02
1FD0FF,78,6A 18 65 08 C9 00 80 6A C9 00 80 6A C9 00 80 6A
1FD0DB,78,A5 08 18 65 02 0A 8D 52 12 A5 08 C5 02 30 04 A5
1FD0CB,78,A5 02 C9 00 80 6A 85 02 A5 08 C9 00 80 6A 85 08
1FD0E4,78,A5 08 C5 02 30 04 A5 08 80 02 A5 02 18 6D 52 12
1FD0E6,78,C5 02 30 04 A5 08 80 02 A5 02 18 6D 52 12 85 02
1FD0D0,78,6A 85 02 A5 08 C9 00 80 6A 85 08 A5 08 18 65 02
0BD532,78,5C 87 D6 0B AD D8 14 89 A0 F0 04 5C F5 D5 0B AD
1FD0DE,78,65 02 0A 8D 52 12 A5 08 C5 02 30 04 A5 08 80 02
0BDE59,78,5C BB DE 0B AD D8 14 29 18 D0 04 5C 7F DE 0B DA
1FD0E8,78,30 04 A5 08 80 02 A5 02 18 6D 52 12 85 02 0A 0A
1FD112,78,E2 20 6B C2 20 B9 0C 00 38 F5 0C 85 02 10 06 A9
1FD0B3,78,10 04 49 FF FF 1A 85 02 B9 10 00 38 F5 10 10 04
1FD0F7,78,0A 85 08 A5 02 C9 00 80 6A 18 65 08 C9 00 80 6A
1FD0B1,78,F5 0C 10 04 49 FF FF 1A 85 02 B9 10 00 38 F5 10
1FD100,78,18 65 08 C9 00 80 6A C9 00 80 6A C9 00 80 6A 8D
1FD053,78,22 E3 FC 02 C2 30 7A FA 6B DA 5A 22 92 CF 1F C2
1FD10B,78,C9 00 80 6A 8D 52 12 E2 20 6B C2 20 B9 0C 00 38
1FD04B,78,B9 0E 00 38 F5 0E 85 02 22 E3 FC 02 C2 30 7A FA
1FD049,78,85 08 B9 0E 00 38 F5 0E 85 02 22 E3 FC 02 C2 30
1FD101,78,65 08 C9 00 80 6A C9 00 80 6A C9 00 80 6A 8D 52
1FD107,78,C9 00 80 6A C9 00 80 6A 8D 52 12 E2 20 6B C2 20
1FD04E,78,38 F5 0E 85 02 22 E3 FC 02 C2 30 7A FA 6B DA 5A
1FD106,78,6A C9 00 80 6A C9 00 80 6A 8D 52 12 E2 20 6B C2
1FD103,78,C9 00 80 6A C9 00 80 6A C9 00 80 6A 8D 52 12 E2
0BE1E2,78,80 0A A9 03 8D 26 15 A9 01 8D 27 15 AD DD 14 C9
1FD0E0,78,0A 8D 52 12 A5 08 C5 02 30 04 A5 08 80 02 A5 02
1FD046,78,AD 52 12 85 08 B9 0E 00 38 F5 0E 85 02 22 E3 FC
1FD044,78,C2 20 AD 52 12 85 08 B9 0E 00 38 F5 0E 85 02 22
1FD10A,78,6A C9 00 80 6A 8D 52 12 E2 20 6B C2 20 B9 0C 00
1FD0AD,78,B9 0C 00 38 F5 0C 10 04 49 FF FF 1A 85 02 B9 10
1FD0AB,78,C2 20 B9 0C 00 38 F5 0C 10 04 49 FF FF 1A 85 02
1FD040,78,22 AB D0 1F C2 20 AD 52 12 85 08 B9 0E 00 38 F5
1FD0FA,78,A5 02 C9 00 80 6A 18 65 08 C9 00 80 6A C9 00 80
1FD0B0,78,38 F5 0C 10 04 49 FF FF 1A 85 02 B9 10 00 38 F5
02F93A,78,5C A5 FA 02 E2 10 C2 20 AD 97 15 89 80 00 F0 05
1FD0FC,78,C9 00 80 6A 18 65 08 C9 00 80 6A C9 00 80 6A C9
03B4B3,77,E2 20 8D 42 21 60 C2 20 BF E9 1C 7E 29 FF 00 8D
03B4B5,77,8D 42 21 60 C2 20 BF E9 1C 7E 29 FF 00 8D 3F 1F
03B44E,77,82 62 00 BF E9 1C 7E 29 FF 00 8D 3F 1F AC 38 12
03B4B8,77,60 C2 20 BF E9 1C 7E 29 FF 00 8D 3F 1F 8E 68 1F
7E5377,72,E5 6C 10 04 49 FF FF 1A 38 ED 52 12 30 03 4C A6
7E5385,72,4C A6 53 BD CA 2E 18 6D 5C 12 8D 52 12 A5 3C 38
7E5383,72,30 03 4C A6 53 BD CA 2E 18 6D 5C 12 8D 52 12 A5
04A358,72,B4 28 BB BF 00 A4 04 7A FA 60 DA 5A B4 28 BB BF
04A357,72,5A B4 28 BB BF 00 A4 04 7A FA 60 DA 5A B4 28 BB
04A35A,72,BB BF 00 A4 04 7A FA 60 DA 5A B4 28 BB BF 01 A4
04A356,72,DA 5A B4 28 BB BF 00 A4 04 7A FA 60 DA 5A B4 28
7E5380,72,ED 52 12 30 03 4C A6 53 BD CA 2E 18 6D 5C 12 8D
7E5379,72,10 04 49 FF FF 1A 38 ED 52 12 30 03 4C A6 53 BD
7E536E,72,6D 5A 12 8D 52 12 A5 3A 38 E5 6C 10 04 49 FF FF
7E536D,72,18 6D 5A 12 8D 52 12 A5 3A 38 E5 6C 10 04 49 FF
04A35B,72,BF 00 A4 04 7A FA 60 DA 5A B4 28 BB BF 01 A4 04
7E537F,72,38 ED 52 12 30 03 4C A6 53 BD CA 2E 18 6D 5C 12
7E536A,72,BD C8 2E 18 6D 5A 12 8D 52 12 A5 3A 38 E5 6C 10
04A35F,72,7A FA 60 DA 5A B4 28 BB BF 01 A4 04 7A FA 60 DA
04A360,72,FA 60 DA 5A B4 28 BB BF 01 A4 04 7A FA 60 DA 5A
7E5376,72,38 E5 6C 10 04 49 FF FF 1A 38 ED 52 12 30 03 4C
04A361,72,60 DA 5A B4 28 BB BF 01 A4 04 7A FA 60 DA 5A B4
7E5374,72,A5 3A 38 E5 6C 10 04 49 FF FF 1A 38 ED 52 12 30
7E5371,72,8D 52 12 A5 3A 38 E5 6C 10 04 49 FF FF 1A 38 ED
1FD0EC,71,80 02 A5 02 18 6D 52 12 85 02 0A 0A 85 08 A5 02
1FD0EA,71,A5 08 80 02 A5 02 18 6D 52 12 85 02 0A 0A 85 08
03BAD6,68,A5 88 65 CA 85 88 A5 89 65 CB 85 89 6B 10 03 82
03BADA,68,85 88 A5 89 65 CB 85 89 6B 10 03 82 F9 01 C2 30
03BAD5,68,18 A5 88 65 CA 85 88 A5 89 65 CB 85 89 6B 10 03
03BADC,68,A5 89 65 CB 85 89 6B 10 03 82 F9 01 C2 30 A5 C1
03B337,68,60 8D 42 21 60 C2 30 AE 1F 12 E2 20 B5 2A C9 FF
03BAD8,68,65 CA 85 88 A5 89 65 CB 85 89 6B 10 03 82 F9 01
03B2CD,68,89 01 D0 08 A9 C0 80 0E A9 C0 80 0A A9 00 80 06
03BADE,68,65 CB 85 89 6B 10 03 82 F9 01 C2 30 A5 C1 29 FF
03B2CF,68,D0 08 A9 C0 80 0E A9 C0 80 0A A9 00 80 06 C9 02
03B2EE,68,F0 3C C2 30 AE 3A 12 B5 0C AA 38 ED 46 1F 8E 46
03B2D3,68,80 0E A9 C0 80 0A A9 00 80 06 C9 02 F0 F4 A9 80
03B2EC,68,89 30 F0 3C C2 30 AE 3A 12 B5 0C AA 38 ED 46 1F
03B331,68,8D 41 21 8D E3 1F 60 8D 42 21 60 C2 30 AE 1F 12
03B32E,68,AD C7 14 8D 41 21 8D E3 1F 60 8D 42 21 60 C2 30
03B32C,68,E2 20 AD C7 14 8D 41 21 8D E3 1F 60 8D 42 21 60
03B2D1,68,A9 C0 80 0E A9 C0 80 0A A9 00 80 06 C9 02 F0 F4
03B334,68,8D E3 1F 60 8D 42 21 60 C2 30 AE 1F 12 E2 20 B5
03B2E6,68,8D C7 14 AD 04 12 89 30 F0 3C C2 30 AE 3A 12 B5
03B2E9,68,AD 04 12 89 30 F0 3C C2 30 AE 3A 12 B5 0C AA 38
03B2C8,68,D0 13 AD C4 18 89 01 D0 08 A9 C0 80 0E A9 C0 80
03B2B1,68,80 12 A9 00 8D 41 21 8D E3 1F 60 A9 4B 8D 41 21
03B2C5,68,AD CB 16 D0 13 AD C4 18 89 01 D0 08 A9 C0 80 0E
03B2AF,68,D0 0B 80 12 A9 00 8D 41 21 8D E3 1F 60 A9 4B 8D
03B2AA,68,AD D9 14 29 80 D0 0B 80 12 A9 00 8D 41 21 8D E3
03B2AD,68,29 80 D0 0B 80 12 A9 00 8D 41 21 8D E3 1F 60 A9
03B2E3,68,0D 45 1F 8D C7 14 AD 04 12 89 30 F0 3C C2 30 AE
03B2CA,68,AD C4 18 89 01 D0 08 A9 C0 80 0E A9 C0 80 0A A9
03BAE0,68,85 89 6B 10 03 82 F9 01 C2 30 A5 C1 29 FF 00 49
03E1A3,65,AD CD 1F 18 69 10 00 C9 40 00 D0 12 AD C7 14 F0
03E1AD,65,D0 12 AD C7 14 F0 0A E2 20 A9 8A 22 E5 B7 03 C2
03E1AA,65,C9 40 00 D0 12 AD C7 14 F0 0A E2 20 A9 8A 22 E5
03E1A7,65,69 10 00 C9 40 00 D0 12 AD C7 14 F0 0A E2 20 A9
03E1C1,65,8D CD 1F 60 AD C9 1F 89 01 00 D0 01 60 EE C7 14
03E1A6,65,18 69 10 00 C9 40 00 D0 12 AD C7 14 F0 0A E2 20
04A211,63,5C 19 A2 04 22 69 DC 1F B5 1E 29 20 D0 04 5C 26
03B2BB,62,60 A9 4B 8D 41 21 8D E3 1F 60 AD CB 16 D0 13 AD
03B2B5,62,8D 41 21 8D E3 1F 60 A9 4B 8D 41 21 8D E3 1F 60
03B2B8,62,8D E3 1F 60 A9 4B 8D 41 21 8D E3 1F 60 AD CB 16
03B2B3,62,A9 00 8D 41 21 8D E3 1F 60 A9 4B 8D 41 21 8D E3
0B90AB,60,C9 1E F0 04 5C B8 90 0B A9 A1 9D E8 1C A9 32 8D
0B909D,60,F0 04 5C A8 90 0B A9 81 9D E8 1C AD 54 15 C9 1E
0B90C0,60,F0 04 5C E3 BB 0B C2 20 A9 DB 90 95 16 E2 20 A9
03DE83,60,8C B1 15 FA 60 AE 01 B6 01 58 01 78 01 70 01 02
0B90AD,60,F0 04 5C B8 90 0B A9 A1 9D E8 1C A9 32 8D 0E 15
0B90A8,60,AD 54 15 C9 1E F0 04 5C B8 90 0B A9 A1 9D E8 1C
0B90BD,60,CE 53 15 F0 04 5C E3 BB 0B C2 20 A9 DB 90 95 16
03DDFE,60,82 82 00 AA BF 88 DE 03 C9 FE FF D0 2C BF 8A DE
0B90B8,60,A9 32 8D 0E 15 CE 53 15 F0 04 5C E3 BB 0B C2 20
03DDF1,60,AC B1 15 DA BF 88 DE 03 C9 FF FF D0 03 82 82 00
03DE86,60,FA 60 AE 01 B6 01 58 01 78 01 70 01 02 01 FF FF
0B90BA,60,8D 0E 15 CE 53 15 F0 04 5C E3 BB 0B C2 20 A9 DB
0B9098,60,AD 54 15 C9 14 F0 04 5C A8 90 0B A9 81 9D E8 1C
0B909B,60,C9 14 F0 04 5C A8 90 0B A9 81 9D E8 1C AD 54 15
0B908B,60,C9 0C F0 04 5C 98 90 0B A9 91 9D E8 1C AD 54 15
0B908D,60,F0 04 5C 98 90 0B A9 91 9D E8 1C AD 54 15 C9 14
0B9088,60,AD 54 15 C9 0C F0 04 5C 98 90 0B A9 91 9D E8 1C
0B9085,60,EE 54 15 AD 54 15 C9 0C F0 04 5C 98 90 0B A9 91
03DE87,60,60 AE 01 B6 01 58 01 78 01 70 01 02 01 FF FF AE
0B908F,59,5C 98 90 0B A9 91 9D E8 1C AD 54 15 C9 14 F0 04
0B90C2,59,5C E3 BB 0B C2 20 A9 DB 90 95 16 E2 20 A9 0B 95
0B90AF,59,5C B8 90 0B A9 A1 9D E8 1C A9 32 8D 0E 15 CE 53
0B909F,59,5C A8 90 0B A9 81 9D E8 1C AD 54 15 C9 1E F0 04
1FCD1A,57,49 FF 1A 8D 03 42 EA EA A9 00 38 ED 17 42 AA 8A
1FCD25,57,ED 17 42 AA 8A 18 65 04 85 04 89 80 F0 06 A9 FF
1FCD1D,57,8D 03 42 EA EA A9 00 38 ED 17 42 AA 8A 18 65 04
1FCD24,57,38 ED 17 42 AA 8A 18 65 04 85 04 89 80 F0 06 A9
1FCD21,57,EA A9 00 38 ED 17 42 AA 8A 18 65 04 85 04 89 80
1FCD20,57,EA EA A9 00 38 ED 17 42 AA 8A 18 65 04 85 04 89
1FCD22,57,A9 00 38 ED 17 42 AA 8A 18 65 04 85 04 89 80 F0
1FCD1C,57,1A 8D 03 42 EA EA A9 00 38 ED 17 42 AA 8A 18 65
0BD9A0,53,9C C7 14 9C C8 14 AD 02 12 29 03 D0 04 5C CF D9
0BD998,53,89 20 F0 04 5C 58 DC 0B 9C C7 14 9C C8 14 AD 02
0BD995,53,AD D8 14 89 20 F0 04 5C 58 DC 0B 9C C7 14 9C C8
0BE086,53,AD 02 12 29 40 D0 04 5C E4 E1 0B CE 27 15 F0 04
0BDA52,53,29 02 D0 04 5C 95 DA 0B AD E1 14 89 80 F0 0F C2
0BD55D,53,29 04 D0 04 5C 73 D5 0B C2 20 AD C7 18 38 E9 00
0BDA54,53,D0 04 5C 95 DA 0B AD E1 14 89 80 F0 0F C2 20 B5
0BDA31,53,8D 1D 15 E2 20 C2 20 AD 1D 15 38 E9 1E 00 8D 1D
0BD8D0,53,AD 2B 15 F0 06 CE 2B 15 82 7D 03 B5 23 F0 04 5C
0BD9A6,53,AD 02 12 29 03 D0 04 5C CF D9 0B AD 09 15 C9 80
0BD593,53,E2 20 C2 20 AD 1F 15 38 E9 2C 01 8D 1F 15 E2 20
0BDA36,53,C2 20 AD 1D 15 38 E9 1E 00 8D 1D 15 E2 20 AD E0
0BDA38,53,AD 1D 15 38 E9 1E 00 8D 1D 15 E2 20 AD E0 14 89
0BE1E9,53,A9 01 8D 27 15 AD DD 14 C9 03 F0 04 5C 14 E2 0B
0BD646,53,F0 3A 38 ED C9 18 C9 00 00 30 0A C9 08 00 10 0D
0BD58D,53,AD 73 15 8D 1F 15 E2 20 C2 20 AD 1F 15 38 E9 2C
0BD9EF,53,6A C9 00 80 6A 10 03 69 00 00 18 6D C7 14 49 FF
0BE023,53,D0 04 5C 86 E0 0B AD A7 15 29 80 F0 04 5C 86 E0
0BD597,53,AD 1F 15 38 E9 2C 01 8D 1F 15 E2 20 C2 20 B5 0C
0BD9F0,53,C9 00 80 6A 10 03 69 00 00 18 6D C7 14 49 FF FF
0BD541,53,AD 02 12 29 08 D0 04 5C 5A D5 0B C2 20 AD C7 18
0BE1E6,53,8D 26 15 A9 01 8D 27 15 AD DD 14 C9 03 F0 04 5C
0BD589,53,E2 20 C2 20 AD 73 15 8D 1F 15 E2 20 C2 20 AD 1F
0BDA24,53,18 6D 1D 15 95 0C E2 20 C2 20 AD 7B 15 8D 1D 15
0BD9EB,53,6A C9 00 80 6A C9 00 80 6A 10 03 69 00 00 18 6D
0BD9F3,53,6A 10 03 69 00 00 18 6D C7 14 49 FF FF 1A 8D 1D
0BD5F7,53,A9 00 00 CD C7 18 F0 3A 38 ED C7 18 C9 00 00 30
0BD5D6,53,10 04 5C F5 D5 0B AD 02 12 29 01 D0 04 5C F5 D5
0BD5D1,53,CD 1F 15 E2 20 10 04 5C F5 D5 0B AD 02 12 29 01
0BD5D4,53,E2 20 10 04 5C F5 D5 0B AD 02 12 29 01 D0 04 5C
0BD5B0,53,5C CD D5 0B AD 02 12 29 02 D0 04 5C CD D5 0B C2
0BD5FA,53,CD C7 18 F0 3A 38 ED C7 18 C9 00 00 30 0A C9 08
0BD9E4,53,C9 00 80 6A C9 00 80 6A C9 00 80 6A C9 00 80 6A
0BD9EC,53,C9 00 80 6A C9 00 80 6A 10 03 69 00 00 18 6D C7
0BD5FD,53,F0 3A 38 ED C7 18 C9 00 00 30 0A C9 08 00 10 0D
0BD643,53,CD C9 18 F0 3A 38 ED C9 18 C9 00 00 30 0A C9 08
0BDB23,53,AD 03 15 F0 04 5C 7D DB 0B AD 02 15 D0 04 5C 6D
0BD640,53,A9 00 00 CD C9 18 F0 3A 38 ED C9 18 C9 00 00 30
0BD59B,53,E9 2C 01 8D 1F 15 E2 20 C2 20 B5 0C CD 1D 15 E2
0BD5AE,53,30 04 5C CD D5 0B AD 02 12 29 02 D0 04 5C CD D5
0BD5AA,53,E2 20 F0 06 30 04 5C CD D5 0B AD 02 12 29 02 D0
0BD5A1,53,E2 20 C2 20 B5 0C CD 1D 15 E2 20 F0 06 30 04 5C
0BDA95,53,AD E0 14 89 02 F0 04 5C E6 DA 0B AD 02 12 29 01
0BD8D3,53,F0 06 CE 2B 15 82 7D 03 B5 23 F0 04 5C 95 D9 0B
0BD59E,53,8D 1F 15 E2 20 C2 20 B5 0C CD 1D 15 E2 20 F0 06
0BD9E7,53,6A C9 00 80 6A C9 00 80 6A C9 00 80 6A 10 03 69
0BD9F9,53,18 6D C7 14 49 FF FF 1A 8D 1D 15 E2 20 AD D9 14
0BD5A3,53,C2 20 B5 0C CD 1D 15 E2 20 F0 06 30 04 5C CD D5
0BDA22,53,B5 0C 18 6D 1D 15 95 0C E2 20 C2 20 AD 7B 15 8D
0BDB74,53,5C 7D DB 0B A9 03 8D 02 15 AD E2 14 29 FD 8D E2
0BD5A5,53,B5 0C CD 1D 15 E2 20 F0 06 30 04 5C CD D5 0B AD
0BD5A7,53,CD 1D 15 E2 20 F0 06 30 04 5C CD D5 0B AD 02 12
0BDA0B,53,D0 04 5C 20 DA 0B C2 20 B5 0C 38 ED 1D 15 95 0C
0BDA09,53,29 08 D0 04 5C 20 DA 0B C2 20 B5 0C 38 ED 1D 15
0BD9E8,53,C9 00 80 6A C9 00 80 6A C9 00 80 6A 10 03 69 00
0BD8E7,53,C9 28 B0 03 82 A7 00 AD 04 12 29 40 D0 04 5C 62
0BD586,53,8D 1D 15 E2 20 C2 20 AD 73 15 8D 1F 15 E2 20 C2
0BD59A,53,38 E9 2C 01 8D 1F 15 E2 20 C2 20 B5 0C CD 1D 15
0BE00A,53,F0 04 5C E2 E1 0B CE 28 15 F0 04 5C 86 E0 0B A9
0BD965,53,29 80 D0 04 5C 95 D9 0B AD 04 12 29 40 F0 04 5C
0BD595,53,C2 20 AD 1F 15 38 E9 2C 01 8D 1F 15 E2 20 C2 20
0BD590,53,8D 1F 15 E2 20 C2 20 AD 1F 15 38 E9 2C 01 8D 1F
0BE001,53,F0 04 5C E2 E1 0B AD D3 1F F0 04 5C E2 E1 0B CE
0BDB0F,53,D0 04 5C 23 DB 0B C2 20 AD 32 12 38 E9 00 02 8D
0BD5AC,53,F0 06 30 04 5C CD D5 0B AD 02 12 29 02 D0 04 5C
0BD5CD,53,C2 20 B5 0C CD 1F 15 E2 20 10 04 5C F5 D5 0B AD
0BDBEA,53,AD 04 12 29 20 D0 04 5C FD DB 0B AD E2 14 09 01
0BD5F5,53,C2 20 A9 00 00 CD C7 18 F0 3A 38 ED C7 18 C9 00
0BE025,53,5C 86 E0 0B AD A7 15 29 80 F0 04 5C 86 E0 0B A9
0BD5D8,53,5C F5 D5 0B AD 02 12 29 01 D0 04 5C F5 D5 0B C2
0BD5CF,53,B5 0C CD 1F 15 E2 20 10 04 5C F5 D5 0B AD 02 12
0BE013,53,F0 04 5C 86 E0 0B A9 01 8D 28 15 AD 04 12 29 80
0BDBC4,53,29 10 D0 04 5C EA DB 0B AD E2 14 09 02 8D E2 14
0BD58B,53,C2 20 AD 73 15 8D 1F 15 E2 20 C2 20 AD 1F 15 38
0BDA49,53,F0 04 5C 95 DA 0B AD 02 12 29 02 D0 04 5C 95 DA
0BD9DB,53,6A C9 00 80 6A C9 00 80 6A C9 00 80 6A C9 00 80
0BD573,53,C2 20 AD 71 15 8D 1D 15 E2 20 C2 20 AD 1D 15 18
0BD546,53,D0 04 5C 5A D5 0B C2 20 AD C7 18 18 69 00 FF 8D
0BDA98,53,89 02 F0 04 5C E6 DA 0B AD 02 12 29 01 D0 04 5C
0BD9D7,53,6A C9 00 80 6A C9 00 80 6A C9 00 80 6A C9 00 80
0BD548,53,5C 5A D5 0B C2 20 AD C7 18 18 69 00 FF 8D C7 18
0BDFFF,53,C9 FF F0 04 5C E2 E1 0B AD D3 1F F0 04 5C E2 E1
0BD575,53,AD 71 15 8D 1D 15 E2 20 C2 20 AD 1D 15 18 69 2C
0BDFFC,53,AD 64 19 C9 FF F0 04 5C E2 E1 0B AD D3 1F F0 04
0BD583,53,69 2C 01 8D 1D 15 E2 20 C2 20 AD 73 15 8D 1F 15
0BDAA0,53,AD 02 12 29 01 D0 04 5C E6 DA 0B AD E1 14 89 80
0BDA4F,53,AD 02 12 29 02 D0 04 5C 95 DA 0B AD E1 14 89 80
0BDBB5,53,5C C1 DB 0B AD E2 14 29 FE 8D E2 14 AD 04 12 29
0BDB2C,53,AD 02 15 D0 04 5C 6D DB 0B CE 02 15 AD 04 12 29
0BDB31,53,5C 6D DB 0B CE 02 15 AD 04 12 29 30 D0 04 5C 7D
0BDAA3,53,29 01 D0 04 5C E6 DA 0B AD E1 14 89 80 F0 0F C2
0BDAA5,53,D0 04 5C E6 DA 0B AD E1 14 89 80 F0 0F C2 20 B5
0BD561,53,5C 73 D5 0B C2 20 AD C7 18 38 E9 00 FF 8D C7 18
0BD578,53,8D 1D 15 E2 20 C2 20 AD 1D 15 18 69 2C 01 8D 1D
0BD57B,53,E2 20 C2 20 AD 1D 15 18 69 2C 01 8D 1D 15 E2 20
0BD55F,53,D0 04 5C 73 D5 0B C2 20 AD C7 18 38 E9 00 FF 8D
0BD8E9,53,B0 03 82 A7 00 AD 04 12 29 40 D0 04 5C 62 D9 0B
0BD55A,53,AD 02 12 29 04 D0 04 5C 73 D5 0B C2 20 AD C7 18
0BD544,53,29 08 D0 04 5C 5A D5 0B C2 20 AD C7 18 18 69 00
0BD57D,53,C2 20 AD 1D 15 18 69 2C 01 8D 1D 15 E2 20 C2 20
0BE019,53,A9 01 8D 28 15 AD 04 12 29 80 D0 04 5C 86 E0 0B
0BDB2F,53,D0 04 5C 6D DB 0B CE 02 15 AD 04 12 29 30 D0 04
0BD8DB,53,B5 23 F0 04 5C 95 D9 0B AF BC 01 70 C9 28 B0 03
0BD57F,53,AD 1D 15 18 69 2C 01 8D 1D 15 E2 20 C2 20 AD 73
0BD8DD,53,F0 04 5C 95 D9 0B AF BC 01 70 C9 28 B0 03 82 A7
0BD8E3,53,AF BC 01 70 C9 28 B0 03 82 A7 00 AD 04 12 29 40
0BD582,53,18 69 2C 01 8D 1D 15 E2 20 C2 20 AD 73 15 8D 1F
0BE010,53,CE 28 15 F0 04 5C 86 E0 0B A9 01 8D 28 15 AD 04
0BD9DF,53,6A C9 00 80 6A C9 00 80 6A C9 00 80 6A C9 00 80
0BD539,53,89 A0 F0 04 5C F5 D5 0B AD 02 12 29 08 D0 04 5C
0BDA25,53,6D 1D 15 95 0C E2 20 C2 20 AD 7B 15 8D 1D 15 E2
0BE007,53,AD D3 1F F0 04 5C E2 E1 0B CE 28 15 F0 04 5C 86
0BD639,53,8D C7 18 E2 20 C2 20 A9 00 00 CD C9 18 F0 3A 38
0BDAEB,53,F0 04 5C 23 DB 0B AD 02 12 29 08 D0 04 5C 0A DB
0BDA2E,53,AD 7B 15 8D 1D 15 E2 20 C2 20 AD 1D 15 38 E9 1E
0BDA28,53,95 0C E2 20 C2 20 AD 7B 15 8D 1D 15 E2 20 C2 20
0BD53B,53,F0 04 5C F5 D5 0B AD 02 12 29 08 D0 04 5C 5A D5
0BE1EB,53,8D 27 15 AD DD 14 C9 03 F0 04 5C 14 E2 0B C2 20
0BD63C,53,E2 20 C2 20 A9 00 00 CD C9 18 F0 3A 38 ED C9 18
0BD8EE,53,AD 04 12 29 40 D0 04 5C 62 D9 0B AD 02 12 29 80
0BE1E4,53,A9 03 8D 26 15 A9 01 8D 27 15 AD DD 14 C9 03 F0
0BD8F5,53,5C 62 D9 0B AD 02 12 29 80 F0 04 5C 62 D9 0B AD
0BDAF6,53,D0 04 5C 0A DB 0B C2 20 AD 32 12 18 69 00 02 8D
0BD63E,53,C2 20 A9 00 00 CD C9 18 F0 3A 38 ED C9 18 C9 00
0BDAE9,53,89 80 F0 04 5C 23 DB 0B AD 02 12 29 08 D0 04 5C
0BD536,53,AD D8 14 89 A0 F0 04 5C F5 D5 0B AD 02 12 29 08
0BDE8F,53,FA C9 80 6A 10 02 69 00 8D F2 14 B5 14 18 6D F2
0BDAE6,53,AD D8 14 89 80 F0 04 5C 23 DB 0B AD 02 12 29 08
0BDC00,53,29 02 D0 04 5C 58 DC 0B AD E2 14 29 01 D0 04 5C
0BD9CF,53,C2 20 AD 36 12 C9 00 80 6A C9 00 80 6A C9 00 80
0BDC02,53,D0 04 5C 58 DC 0B AD E2 14 29 01 D0 04 5C 30 DC
0BDBEF,53,D0 04 5C FD DB 0B AD E2 14 09 01 8D E2 14 AD E2
0BD9AD,53,5C CF D9 0B AD 09 15 C9 80 6A C9 80 6A C9 80 6A
0BDE89,53,E2 20 BF 8F EB 0B FA C9 80 6A 10 02 69 00 8D F2
0BDBC8,53,5C EA DB 0B AD E2 14 09 02 8D E2 14 AD A7 15 29
0BDBC6,53,D0 04 5C EA DB 0B AD E2 14 09 02 8D E2 14 AD A7
0BDAA7,53,5C E6 DA 0B AD E1 14 89 80 F0 0F C2 20 B5 0E CD
0BDB85,53,AD 04 12 29 20 D0 04 5C AE DB 0B AD E2 14 09 02
0BD9D4,53,C9 00 80 6A C9 00 80 6A C9 00 80 6A C9 00 80 6A
0BDBC1,53,AD 04 12 29 10 D0 04 5C EA DB 0B AD E2 14 09 02
0BD9D8,53,C9 00 80 6A C9 00 80 6A C9 00 80 6A C9 00 80 6A
0BDC04,53,5C 58 DC 0B AD E2 14 29 01 D0 04 5C 30 DC 0B AD
0BDBB3,53,D0 04 5C C1 DB 0B AD E2 14 29 FE 8D E2 14 AD 04
0BDB82,53,8D E2 14 AD 04 12 29 20 D0 04 5C AE DB 0B AD E2
0BD9D1,53,AD 36 12 C9 00 80 6A C9 00 80 6A C9 00 80 6A C9
0BDEAE,53,C9 1C F0 04 5C BB DE 0B A9 00 8D F0 14 AD DD 14
0BDE9C,53,18 6D F2 14 95 14 AD F0 14 18 69 01 8D F0 14 AD
0BD9AB,53,D0 04 5C CF D9 0B AD 09 15 C9 80 6A C9 80 6A C9
0BD9A9,53,29 03 D0 04 5C CF D9 0B AD 09 15 C9 80 6A C9 80
0BD8F3,53,D0 04 5C 62 D9 0B AD 02 12 29 80 F0 04 5C 62 D9
0BD962,53,AD 02 12 29 80 D0 04 5C 95 D9 0B AD 04 12 29 40
0BD967,53,D0 04 5C 95 D9 0B AD 04 12 29 40 F0 04 5C 95 D9
0BDE97,53,8D F2 14 B5 14 18 6D F2 14 95 14 AD F0 14 18 69
0BD8F1,53,29 40 D0 04 5C 62 D9 0B AD 02 12 29 80 F0 04 5C
0BD682,53,8D C9 18 E2 20 AD E0 14 89 14 D0 04 5C A0 D6 0B
0BD685,53,E2 20 AD E0 14 89 14 D0 04 5C A0 D6 0B C2 20 AD
0BDB8A,53,D0 04 5C AE DB 0B AD E2 14 09 02 8D E2 14 AD A7
0BDAF1,53,AD 02 12 29 08 D0 04 5C 0A DB 0B C2 20 AD 32 12
0BD969,53,5C 95 D9 0B AD 04 12 29 40 F0 04 5C 95 D9 0B AD
0BDAF8,53,5C 0A DB 0B C2 20 AD 32 12 18 69 00 02 8D 32 12
0BD9A3,53,9C C8 14 AD 02 12 29 03 D0 04 5C CF D9 0B AD 09
0BDAF4,53,29 08 D0 04 5C 0A DB 0B C2 20 AD 32 12 18 69 00
0BDEB0,53,F0 04 5C BB DE 0B A9 00 8D F0 14 AD DD 14 C9 03
0BDB8C,53,5C AE DB 0B AD E2 14 09 02 8D E2 14 AD A7 15 29
0BDBB1,53,29 10 D0 04 5C C1 DB 0B AD E2 14 29 FE 8D E2 14
0BD99A,53,F0 04 5C 58 DC 0B 9C C7 14 9C C8 14 AD 02 12 29
0BDE9A,53,B5 14 18 6D F2 14 95 14 AD F0 14 18 69 01 8D F0
0BDBAE,53,AD 04 12 29 10 D0 04 5C C1 DB 0B AD E2 14 29 FE
0BDB88,53,29 20 D0 04 5C AE DB 0B AD E2 14 09 02 8D E2 14
0BDEAB,53,AD F0 14 C9 1C F0 04 5C BB DE 0B A9 00 8D F0 14
0BDA9A,53,F0 04 5C E6 DA 0B AD 02 12 29 01 D0 04 5C E6 DA
0BDEA6,53,69 01 8D F0 14 AD F0 14 C9 1C F0 04 5C BB DE 0B
0BD9F4,53,10 03 69 00 00 18 6D C7 14 49 FF FF 1A 8D 1D 15
0BDE9D,53,6D F2 14 95 14 AD F0 14 18 69 01 8D F0 14 AD F0
0BDEA5,53,18 69 01 8D F0 14 AD F0 14 C9 1C F0 04 5C BB DE
0BDB72,53,D0 04 5C 7D DB 0B A9 03 8D 02 15 AD E2 14 29 FD
0BDA2C,53,C2 20 AD 7B 15 8D 1D 15 E2 20 C2 20 AD 1D 15 38
0BDA2A,53,E2 20 C2 20 AD 7B 15 8D 1D 15 E2 20 C2 20 AD 1D
0BDA34,53,E2 20 C2 20 AD 1D 15 38 E9 1E 00 8D 1D 15 E2 20
0BDA3B,53,38 E9 1E 00 8D 1D 15 E2 20 AD E0 14 89 01 F0 04
0BDEA0,53,95 14 AD F0 14 18 69 01 8D F0 14 AD F0 14 C9 1C
0BD9FD,53,49 FF FF 1A 8D 1D 15 E2 20 AD D9 14 29 08 D0 04
0BDA04,53,E2 20 AD D9 14 29 08 D0 04 5C 20 DA 0B C2 20 B5
0BDA06,53,AD D9 14 29 08 D0 04 5C 20 DA 0B C2 20 B5 0C 38
0BDB7D,53,AD E2 14 29 FD 8D E2 14 AD 04 12 29 20 D0 04 5C
0BD9FA,53,6D C7 14 49 FF FF 1A 8D 1D 15 E2 20 AD D9 14 29
0BDA01,53,8D 1D 15 E2 20 AD D9 14 29 08 D0 04 5C 20 DA 0B
0BDA00,53,1A 8D 1D 15 E2 20 AD D9 14 29 08 D0 04 5C 20 DA
0BDA20,53,C2 20 B5 0C 18 6D 1D 15 95 0C E2 20 C2 20 AD 7B
0BDEA2,53,AD F0 14 18 69 01 8D F0 14 AD F0 14 C9 1C F0 04
0BD9DC,53,C9 00 80 6A C9 00 80 6A C9 00 80 6A C9 00 80 6A
0BDE93,53,10 02 69 00 8D F2 14 B5 14 18 6D F2 14 95 14 AD
0BDE60,53,29 18 D0 04 5C 7F DE 0B DA C2 20 AD F0 14 29 FF
0BDA44,53,AD E0 14 89 01 F0 04 5C 95 DA 0B AD 02 12 29 02
0BDB11,53,5C 23 DB 0B C2 20 AD 32 12 38 E9 00 02 8D 32 12
0BD9E0,53,C9 00 80 6A C9 00 80 6A C9 00 80 6A C9 00 80 6A
0BE021,53,29 80 D0 04 5C 86 E0 0B AD A7 15 29 80 F0 04 5C
0BE01E,53,AD 04 12 29 80 D0 04 5C 86 E0 0B AD A7 15 29 80
0BDA47,53,89 01 F0 04 5C 95 DA 0B AD 02 12 29 02 D0 04 5C
0BE01B,53,8D 28 15 AD 04 12 29 80 D0 04 5C 86 E0 0B AD A7
0BDA56,53,5C 95 DA 0B AD E1 14 89 80 F0 0F C2 20 B5 0E CD
0BDE5D,53,AD D8 14 29 18 D0 04 5C 7F DE 0B DA C2 20 AD F0
0BD9E3,53,6A C9 00 80 6A C9 00 80 6A C9 00 80 6A C9 00 80
0BE089,53,29 40 D0 04 5C E4 E1 0B CE 27 15 F0 04 5C E2 E1
0BDA3C,53,E9 1E 00 8D 1D 15 E2 20 AD E0 14 89 01 F0 04 5C
0BDE62,53,D0 04 5C 7F DE 0B DA C2 20 AD F0 14 29 FF 00 AA
0BE08D,53,5C E4 E1 0B CE 27 15 F0 04 5C E2 E1 0B A9 02 8D
0BDEA8,53,8D F0 14 AD F0 14 C9 1C F0 04 5C BB DE 0B A9 00
0BDE64,53,5C 7F DE 0B DA C2 20 AD F0 14 29 FF 00 AA E2 20
0BDA3F,53,8D 1D 15 E2 20 AD E0 14 89 01 F0 04 5C 95 DA 0B
0BE08B,53,D0 04 5C E4 E1 0B CE 27 15 F0 04 5C E2 E1 0B A9
0BDA42,53,E2 20 AD E0 14 89 01 F0 04 5C 95 DA 0B AD 02 12
0BDBFD,53,AD E2 14 29 02 D0 04 5C 58 DC 0B AD E2 14 29 01
0BDA0D,53,5C 20 DA 0B C2 20 B5 0C 38 ED 1D 15 95 0C E2 20
0BDE85,53,29 FF 00 AA E2 20 BF 8F EB 0B FA C9 80 6A 10 02
0BDE82,53,AD F0 14 29 FF 00 AA E2 20 BF 8F EB 0B FA C9 80
0BDE88,53,AA E2 20 BF 8F EB 0B FA C9 80 6A 10 02 69 00 8D
0BDB70,53,29 30 D0 04 5C 7D DB 0B A9 03 8D 02 15 AD E2 14
0BDB0A,53,AD 02 12 29 04 D0 04 5C 23 DB 0B C2 20 AD 32 12
0BDBED,53,29 20 D0 04 5C FD DB 0B AD E2 14 09 01 8D E2 14
0BDB6D,53,AD 04 12 29 30 D0 04 5C 7D DB 0B A9 03 8D 02 15
0BDE92,53,6A 10 02 69 00 8D F2 14 B5 14 18 6D F2 14 95 14
0BDB26,53,F0 04 5C 7D DB 0B AD 02 15 D0 04 5C 6D DB 0B CE
0BDB0D,53,29 04 D0 04 5C 23 DB 0B C2 20 AD 32 12 38 E9 00
0BDB80,53,29 FD 8D E2 14 AD 04 12 29 20 D0 04 5C AE DB 0B
0BDBF1,53,5C FD DB 0B AD E2 14 09 01 8D E2 14 AD E2 14 29
0BDE8B,53,BF 8F EB 0B FA C9 80 6A 10 02 69 00 8D F2 14 B5
0BDE90,53,C9 80 6A 10 02 69 00 8D F2 14 B5 14 18 6D F2 14
0BDE80,53,C2 20 AD F0 14 29 FF 00 AA E2 20 BF 8F EB 0B FA
0BDE7F,53,DA C2 20 AD F0 14 29 FF 00 AA E2 20 BF 8F EB 0B
02F9C8,52,9C 33 16 E2 20 22 76 B9 03 C2 20 AD D9 15 8D 1D
078095,52,C2 20 B9 10 00 DD 10 00 E2 20 30 04 5C 0C 81 07
02F9E2,52,8D 21 16 AD DF 15 8D 23 16 AD E1 15 8D 25 16 AD
07809A,52,DD 10 00 E2 20 30 04 5C 0C 81 07 B5 1E 29 10 F0
02FA9D,52,85 C5 A5 B8 65 C6 85 C6 C2 30 A2 00 03 8E 38 12
078097,52,B9 10 00 DD 10 00 E2 20 30 04 5C 0C 81 07 B5 1E
02FA9B,52,65 C5 85 C5 A5 B8 65 C6 85 C6 C2 30 A2 00 03 8E
078117,52,8D A8 15 22 A7 D5 1F 22 BB C7 1F 22 69 DC 1F D6
02FA57,52,8D 27 16 AD E5 15 8D 29 16 AD E7 15 8D 2B 16 AD
02FA0B,52,64 08 AD CD 18 49 FF FF 1A 85 90 E2 20 22 3C B9
07812A,52,5C 32 81 07 22 01 D5 1F 6B 5C 5F F4 06 B5 1E 09
02F9E5,52,AD DF 15 8D 23 16 AD E1 15 8D 25 16 AD E3 15 8D
07811E,52,22 BB C7 1F 22 69 DC 1F D6 0A F0 04 5C 32 81 07
02F9C2,52,8D 2F 16 9C 31 16 9C 33 16 E2 20 22 76 B9 03 C2
07809D,52,E2 20 30 04 5C 0C 81 07 B5 1E 29 10 F0 04 5C E9
02FA92,52,A5 B6 65 C4 85 C4 18 A5 B7 65 C5 85 C5 A5 B8 65
02F9DC,52,8D 1F 16 AD DD 15 8D 21 16 AD DF 15 8D 23 16 AD
02FA74,52,A5 B7 85 90 E2 20 22 3C B9 03 18 A5 B3 65 C1 85
02F9A0,52,AD CB 18 38 ED 36 12 8D 39 16 E2 20 AD F3 16 D0
02F942,52,AD 97 15 89 80 00 F0 05 09 00 FF 80 03 29 FF 00
02F9DF,52,AD DD 15 8D 21 16 AD DF 15 8D 23 16 AD E1 15 8D
02F956,52,18 6D E8 14 85 C1 AD 98 15 89 80 00 F0 05 09 00
02FA9F,52,A5 B8 65 C6 85 C6 C2 30 A2 00 03 8E 38 12 A5 C1
0BDEB2,52,5C BB DE 0B A9 00 8D F0 14 AD DD 14 C9 03 F0 04
02F987,52,6D FC 14 18 6D 00 15 85 C5 AD C7 18 8D 35 16 AD
02F9D3,52,AD D9 15 8D 1D 16 AD DB 15 8D 1F 16 AD DD 15 8D
02F9C5,52,9C 31 16 9C 33 16 E2 20 22 76 B9 03 C2 20 AD D9
02FA85,52,A5 B4 65 C2 85 C2 18 A5 B5 65 C3 85 C3 A5 B6 65
078092,52,AC 3A 12 C2 20 B9 10 00 DD 10 00 E2 20 30 04 5C
02F9EB,52,AD E1 15 8D 25 16 AD E3 15 8D 27 16 AD E5 15 8D
02F962,52,F0 05 09 00 FF 80 03 29 FF 00 18 6D FA 14 18 6D
07809F,52,30 04 5C 0C 81 07 B5 1E 29 10 F0 04 5C E9 80 07
078110,52,B5 13 8D A9 15 B5 12 8D A8 15 22 A7 D5 1F 22 BB
02F9B7,52,E2 20 C2 20 AD 35 16 49 FF FF 1A 8D 2F 16 9C 31
02F9B9,52,C2 20 AD 35 16 49 FF FF 1A 8D 2F 16 9C 31 16 9C
02F9FD,52,AD E7 15 8D 2B 16 AD E9 15 8D 2D 16 64 02 64 08
02FA72,52,85 08 A5 B7 85 90 E2 20 22 3C B9 03 18 A5 B3 65
02F983,52,29 FF 00 18 6D FC 14 18 6D 00 15 85 C5 AD C7 18
02F9D9,52,AD DB 15 8D 1F 16 AD DD 15 8D 21 16 AD DF 15 8D
02FA76,52,85 90 E2 20 22 3C B9 03 18 A5 B3 65 C1 85 C1 A5
02F98A,52,18 6D 00 15 85 C5 AD C7 18 8D 35 16 AD C9 18 38
02F98B,52,6D 00 15 85 C5 AD C7 18 8D 35 16 AD C9 18 38 ED
02F96C,52,18 6D FA 14 18 6D EA 14 85 C3 AD 99 15 89 80 00
02F979,52,89 80 00 F0 05 09 00 FF 80 03 29 FF 00 18 6D FC
02FA83,52,85 C1 A5 B4 65 C2 85 C2 18 A5 B5 65 C3 85 C3 A5
078132,52,6B 5C 5F F4 06 B5 1E 09 01 95 1E A9 1E 95 0A C2
02F953,52,6D F8 14 18 6D E8 14 85 C1 AD 98 15 89 80 00 F0
02F976,52,AD 99 15 89 80 00 F0 05 09 00 FF 80 03 29 FF 00
02FA66,52,AD E9 15 8D 2D 16 A5 B3 85 02 A5 B5 85 08 A5 B7
02F971,52,6D EA 14 85 C3 AD 99 15 89 80 00 F0 05 09 00 FF
02FA70,52,A5 B5 85 08 A5 B7 85 90 E2 20 22 3C B9 03 18 A5
02F970,52,18 6D EA 14 85 C3 AD 99 15 89 80 00 F0 05 09 00
02F9BE,52,49 FF FF 1A 8D 2F 16 9C 31 16 9C 33 16 E2 20 22
02F9D6,52,8D 1D 16 AD DB 15 8D 1F 16 AD DD 15 8D 21 16 AD
02F993,52,8D 35 16 AD C9 18 38 ED 2C 15 8D 37 16 AD CB 18
02FA81,52,65 C1 85 C1 A5 B4 65 C2 85 C2 18 A5 B5 65 C3 85
07811A,52,22 A7 D5 1F 22 BB C7 1F 22 69 DC 1F D6 0A F0 04
02FA99,52,A5 B7 65 C5 85 C5 A5 B8 65 C6 85 C6 C2 30 A2 00
02F9CB,52,E2 20 22 76 B9 03 C2 20 AD D9 15 8D 1D 16 AD DB
02F999,52,38 ED 2C 15 8D 37 16 AD CB 18 38 ED 36 12 8D 39
02F95C,52,AD 98 15 89 80 00 F0 05 09 00 FF 80 03 29 FF 00
02F9EE,52,8D 25 16 AD E3 15 8D 27 16 AD E5 15 8D 29 16 AD
02F990,52,AD C7 18 8D 35 16 AD C9 18 38 ED 2C 15 8D 37 16
02F9CD,52,22 76 B9 03 C2 20 AD D9 15 8D 1D 16 AD DB 15 8D
02F945,52,89 80 00 F0 05 09 00 FF 80 03 29 FF 00 18 6D F8
02F98E,52,85 C5 AD C7 18 8D 35 16 AD C9 18 38 ED 2C 15 8D
078122,52,22 69 DC 1F D6 0A F0 04 5C 32 81 07 22 01 D5 1F
02F996,52,AD C9 18 38 ED 2C 15 8D 37 16 AD CB 18 38 ED 36
02F9D1,52,C2 20 AD D9 15 8D 1D 16 AD DB 15 8D 1F 16 AD DD
078128,52,F0 04 5C 32 81 07 22 01 D5 1F 6B 5C 5F F4 06 B5
02F99A,52,ED 2C 15 8D 37 16 AD CB 18 38 ED 36 12 8D 39 16
02FA96,52,85 C4 18 A5 B7 65 C5 85 C5 A5 B8 65 C6 85 C6 C2
02F9C1,52,1A 8D 2F 16 9C 31 16 9C 33 16 E2 20 22 76 B9 03
02FA90,52,85 C3 A5 B6 65 C4 85 C4 18 A5 B7 65 C5 85 C5 A5
02F9F4,52,8D 27 16 AD E5 15 8D 29 16 AD E7 15 8D 2B 16 AD
078112,52,8D A9 15 B5 12 8D A8 15 22 A7 D5 1F 22 BB C7 1F
02F93E,52,E2 10 C2 20 AD 97 15 89 80 00 F0 05 09 00 FF 80
02FA98,52,18 A5 B7 65 C5 85 C5 A5 B8 65 C6 85 C6 C2 30 A2
02F974,52,85 C3 AD 99 15 89 80 00 F0 05 09 00 FF 80 03 29
02F940,52,C2 20 AD 97 15 89 80 00 F0 05 09 00 FF 80 03 29
02F96D,52,6D FA 14 18 6D EA 14 85 C3 AD 99 15 89 80 00 F0
02FA34,52,C2 20 AD D9 15 8D 1D 16 AD DB 15 8D 1F 16 AD DD
02FA63,52,8D 2B 16 AD E9 15 8D 2D 16 A5 B3 85 02 A5 B5 85
02FA36,52,AD D9 15 8D 1D 16 AD DB 15 8D 1F 16 AD DD 15 8D
02FA30,52,22 76 B9 03 C2 20 AD D9 15 8D 1D 16 AD DB 15 8D
02FA6C,52,A5 B3 85 02 A5 B5 85 08 A5 B7 85 90 E2 20 22 3C
02FA28,52,8D 31 16 9C 33 16 E2 20 22 76 B9 03 C2 20 AD D9
02FA24,52,49 FF FF 1A 8D 31 16 9C 33 16 E2 20 22 76 B9 03
02FA69,52,8D 2D 16 A5 B3 85 02 A5 B5 85 08 A5 B7 85 90 E2
02FA2B,52,9C 33 16 E2 20 22 76 B9 03 C2 20 AD D9 15 8D 1D
02FA2E,52,E2 20 22 76 B9 03 C2 20 AD D9 15 8D 1D 16 AD DB
02FA94,52,65 C4 85 C4 18 A5 B7 65 C5 85 C5 A5 B8 65 C6 85
02FA6E,52,85 02 A5 B5 85 08 A5 B7 85 90 E2 20 22 3C B9 03
02FA27,52,1A 8D 31 16 9C 33 16 E2 20 22 76 B9 03 C2 20 AD
02FA42,52,AD DD 15 8D 21 16 AD DF 15 8D 23 16 AD E1 15 8D
02F94F,52,29 FF 00 18 6D F8 14 18 6D E8 14 85 C1 AD 98 15
02FA5A,52,AD E5 15 8D 29 16 AD E7 15 8D 2B 16 AD E9 15 8D
02F952,52,18 6D F8 14 18 6D E8 14 85 C1 AD 98 15 89 80 00
02FA4B,52,8D 23 16 AD E1 15 8D 25 16 AD E3 15 8D 27 16 AD
02F969,52,29 FF 00 18 6D FA 14 18 6D EA 14 85 C3 AD 99 15
02F957,52,6D E8 14 85 C1 AD 98 15 89 80 00 F0 05 09 00 FF
02F95A,52,85 C1 AD 98 15 89 80 00 F0 05 09 00 FF 80 03 29
02FA51,52,8D 25 16 AD E3 15 8D 27 16 AD E5 15 8D 29 16 AD
02FA54,52,AD E3 15 8D 27 16 AD E5 15 8D 29 16 AD E7 15 8D
02FA39,52,8D 1D 16 AD DB 15 8D 1F 16 AD DD 15 8D 21 16 AD
02FA45,52,8D 21 16 AD DF 15 8D 23 16 AD E1 15 8D 25 16 AD
078115,52,B5 12 8D A8 15 22 A7 D5 1F 22 BB C7 1F 22 69 DC
02FA3C,52,AD DB 15 8D 1F 16 AD DD 15 8D 21 16 AD DF 15 8D
02FA48,52,AD DF 15 8D 23 16 AD E1 15 8D 25 16 AD E3 15 8D
02FA4E,52,AD E1 15 8D 25 16 AD E3 15 8D 27 16 AD E5 15 8D
02FAC2,52,5C EB FA 02 AC A0 15 C2 20 22 3E D0 1F 49 FF FF
02F948,52,F0 05 09 00 FF 80 03 29 FF 00 18 6D F8 14 18 6D
078126,52,D6 0A F0 04 5C 32 81 07 22 01 D5 1F 6B 5C 5F F4
02FA3F,52,8D 1F 16 AD DD 15 8D 21 16 AD DF 15 8D 23 16 AD
02F9F1,52,AD E3 15 8D 27 16 AD E5 15 8D 29 16 AD E7 15 8D
02FA8E,52,65 C3 85 C3 A5 B6 65 C4 85 C4 18 A5 B7 65 C5 85
02FA78,52,E2 20 22 3C B9 03 18 A5 B3 65 C1 85 C1 A5 B4 65
02FA10,52,49 FF FF 1A 85 90 E2 20 22 3C B9 03 C2 20 9C 2F
02FA09,52,64 02 64 08 AD CD 18 49 FF FF 1A 85 90 E2 20 22
02F986,52,18 6D FC 14 18 6D 00 15 85 C5 AD C7 18 8D 35 16
02FA06,52,8D 2D 16 64 02 64 08 AD CD 18 49 FF FF 1A 85 90
02FA13,52,1A 85 90 E2 20 22 3C B9 03 C2 20 9C 2F 16 AD 37
02FA8C,52,A5 B5 65 C3 85 C3 A5 B6 65 C4 85 C4 18 A5 B7 65
02F9BB,52,AD 35 16 49 FF FF 1A 8D 2F 16 9C 31 16 9C 33 16
02F97C,52,F0 05 09 00 FF 80 03 29 FF 00 18 6D FC 14 18 6D
02FA14,52,85 90 E2 20 22 3C B9 03 C2 20 9C 2F 16 AD 37 16
07810C,52,B5 15 85 7E B5 13 8D A9 15 B5 12 8D A8 15 22 A7
02FA0D,52,AD CD 18 49 FF FF 1A 85 90 E2 20 22 3C B9 03 C2
02F9F7,52,AD E5 15 8D 29 16 AD E7 15 8D 2B 16 AD E9 15 8D
02FA5D,52,8D 29 16 AD E7 15 8D 2B 16 AD E9 15 8D 2D 16 A5
02F9AC,52,AD F3 16 D0 06 8D 3A 16 8D 39 16 E2 20 C2 20 AD
02F9FA,52,8D 29 16 AD E7 15 8D 2B 16 AD E9 15 8D 2D 16 64
02FA00,52,8D 2B 16 AD E9 15 8D 2D 16 64 02 64 08 AD CD 18
02FAA1,52,65 C6 85 C6 C2 30 A2 00 03 8E 38 12 A5 C1 95 0C
02FA03,52,AD E9 15 8D 2D 16 64 02 64 08 AD CD 18 49 FF FF
02FA21,52,AD 37 16 49 FF FF 1A 8D 31 16 9C 33 16 E2 20 22
02F9AF,52,D0 06 8D 3A 16 8D 39 16 E2 20 C2 20 AD 35 16 49
02FA89,52,85 C2 18 A5 B5 65 C3 85 C3 A5 B6 65 C4 85 C4 18
02FA18,52,22 3C B9 03 C2 20 9C 2F 16 AD 37 16 49 FF FF 1A
02FA7A,52,22 3C B9 03 18 A5 B3 65 C1 85 C1 A5 B4 65 C2 85
02FA7E,52,18 A5 B3 65 C1 85 C1 A5 B4 65 C2 85 C2 18 A5 B5
02F99D,52,8D 37 16 AD CB 18 38 ED 36 12 8D 39 16 E2 20 AD
02F9E8,52,8D 23 16 AD E1 15 8D 25 16 AD E3 15 8D 27 16 AD
02FA60,52,AD E7 15 8D 2B 16 AD E9 15 8D 2D 16 A5 B3 85 02
02FA1C,52,C2 20 9C 2F 16 AD 37 16 49 FF FF 1A 8D 31 16 9C
02FA1E,52,9C 2F 16 AD 37 16 49 FF FF 1A 8D 31 16 9C 33 16
02FA8B,52,18 A5 B5 65 C3 85 C3 A5 B6 65 C4 85 C4 18 A5 B7
02FA16,52,E2 20 22 3C B9 03 C2 20 9C 2F 16 AD 37 16 49 FF
02F9A3,52,38 ED 36 12 8D 39 16 E2 20 AD F3 16 D0 06 8D 3A
02F9AA,52,E2 20 AD F3 16 D0 06 8D 3A 16 8D 39 16 E2 20 C2
02FA87,52,65 C2 85 C2 18 A5 B5 65 C3 85 C3 A5 B6 65 C4 85
02FA7F,52,A5 B3 65 C1 85 C1 A5 B4 65 C2 85 C2 18 A5 B5 65
02FAA3,52,85 C6 C2 30 A2 00 03 8E 38 12 A5 C1 95 0C A5 C3
07810E,52,85 7E B5 13 8D A9 15 B5 12 8D A8 15 22 A7 D5 1F
02F9A7,52,8D 39 16 E2 20 AD F3 16 D0 06 8D 3A 16 8D 39 16
02F9A4,52,ED 36 12 8D 39 16 E2 20 AD F3 16 D0 06 8D 3A 16
02F95F,52,89 80 00 F0 05 09 00 FF 80 03 29 FF 00 18 6D FA
0682C8,51,69 08 8D 6C 15 AD DC 14 8F A0 01 70 AD D8 14 29
068331,51,D0 04 5C 5D 83 06 AD A6 15 29 20 F0 04 5C 5D 83
068326,51,F0 04 5C 5D 83 06 AD 02 12 29 20 D0 04 5C 5D 83
068574,51,C2 20 AD E6 14 C9 48 00 E2 20 F0 04 5C 8E 85 06
06832C,51,AD 02 12 29 20 D0 04 5C 5D 83 06 AD A6 15 29 20
0682DD,51,8D AD 15 80 03 9C AD 15 C2 20 AD 9A 15 CD CD 18
0682E0,51,80 03 9C AD 15 C2 20 AD 9A 15 CD CD 18 E2 20 F0
0682DB,51,A9 FF 8D AD 15 80 03 9C AD 15 C2 20 AD 9A 15 CD
06830B,51,AD DF 14 29 20 F0 04 5C 5D 83 06 AD DF 14 29 08
068321,51,AE 3A 12 B5 23 F0 04 5C 5D 83 06 AD 02 12 29 20
06831B,51,F0 04 5C 5D 83 06 AE 3A 12 B5 23 F0 04 5C 5D 83
06830E,51,29 20 F0 04 5C 5D 83 06 AD DF 14 29 08 F0 04 5C
068319,51,29 08 F0 04 5C 5D 83 06 AE 3A 12 B5 23 F0 04 5C
068310,51,F0 04 5C 5D 83 06 AD DF 14 29 08 F0 04 5C 5D 83
068316,51,AD DF 14 29 08 F0 04 5C 5D 83 06 AE 3A 12 B5 23
068333,51,5C 5D 83 06 AD A6 15 29 20 F0 04 5C 5D 83 06 A9
0682CA,51,8D 6C 15 AD DC 14 8F A0 01 70 AD D8 14 29 40 D0
0682C4,51,AD 6C 15 18 69 08 8D 6C 15 AD DC 14 8F A0 01 70
02E3DF,51,29 20 D0 0A AD 01 12 89 10 F0 03 20 97 EF 22 76
06832F,51,29 20 D0 04 5C 5D 83 06 AD A6 15 29 20 F0 04 5C
0682BB,51,AD 6B 15 18 69 04 8D 6B 15 AD 6C 15 18 69 08 8D
02E3E3,51,AD 01 12 89 10 F0 03 20 97 EF 22 76 FD 02 22 B0
02E3E1,51,D0 0A AD 01 12 89 10 F0 03 20 97 EF 22 76 FD 02
0682C7,51,18 69 08 8D 6C 15 AD DC 14 8F A0 01 70 AD D8 14
02E3DC,51,AD DF 14 29 20 D0 0A AD 01 12 89 10 F0 03 20 97
02E3D8,51,29 10 D0 11 AD DF 14 29 20 D0 0A AD 01 12 89 10
0682C1,51,8D 6B 15 AD 6C 15 18 69 08 8D 6C 15 AD DC 14 8F
02E3DA,51,D0 11 AD DF 14 29 20 D0 0A AD 01 12 89 10 F0 03
0682BF,51,69 04 8D 6B 15 AD 6C 15 18 69 08 8D 6C 15 AD DC
0682BE,51,18 69 04 8D 6B 15 AD 6C 15 18 69 08 8D 6C 15 AD
02E3D5,51,AD D5 14 29 10 D0 11 AD DF 14 29 20 D0 0A AD 01
068576,51,AD E6 14 C9 48 00 E2 20 F0 04 5C 8E 85 06 C2 20
068324,51,B5 23 F0 04 5C 5D 83 06 AD 02 12 29 20 D0 04 5C
06854D,51,C2 20 AD E6 14 AA BF DA BA 06 FA C9 00 80 6A 10
06856F,51,8D E6 14 E2 20 C2 20 AD E6 14 C9 48 00 E2 20 F0
068530,51,29 18 D0 04 5C 4C 85 06 DA C2 20 AD E6 14 AA BF
068532,51,D0 04 5C 4C 85 06 DA C2 20 AD E6 14 AA BF DA BA
06852D,51,AD D8 14 29 18 D0 04 5C 4C 85 06 DA C2 20 AD E6
068579,51,C9 48 00 E2 20 F0 04 5C 8E 85 06 C2 20 A9 00 00
06854C,51,DA C2 20 AD E6 14 AA BF DA BA 06 FA C9 00 80 6A
06857C,51,E2 20 F0 04 5C 8E 85 06 C2 20 A9 00 00 8D E6 14
02E3E6,51,89 10 F0 03 20 97 EF 22 76 FD 02 22 B0 BD 1F 22
068534,51,5C 4C 85 06 DA C2 20 AD E6 14 AA BF DA BA 06 FA
06855C,51,10 03 69 00 00 8D EA 14 E2 20 C2 20 AD E6 14 18
068552,51,AA BF DA BA 06 FA C9 00 80 6A 10 03 69 00 00 8D
06854F,51,AD E6 14 AA BF DA BA 06 FA C9 00 80 6A 10 03 69
06856B,51,18 69 02 00 8D E6 14 E2 20 C2 20 AD E6 14 C9 48
068553,51,BF DA BA 06 FA C9 00 80 6A 10 03 69 00 00 8D EA
068558,51,C9 00 80 6A 10 03 69 00 00 8D EA 14 E2 20 C2 20
068557,51,FA C9 00 80 6A 10 03 69 00 00 8D EA 14 E2 20 C2
06855B,51,6A 10 03 69 00 00 8D EA 14 E2 20 C2 20 AD E6 14
02E3E8,51,F0 03 20 97 EF 22 76 FD 02 22 B0 BD 1F 22 50 D9
068572,51,E2 20 C2 20 AD E6 14 C9 48 00 E2 20 F0 04 5C 8E
06BB91,51,C9 E8 00 30 03 A9 E8 00 C9 C8 FF 10 03 A9 C8 FF
068566,51,C2 20 AD E6 14 18 69 02 00 8D E6 14 E2 20 C2 20
068564,51,E2 20 C2 20 AD E6 14 18 69 02 00 8D E6 14 E2 20
068568,51,AD E6 14 18 69 02 00 8D E6 14 E2 20 C2 20 AD E6
06857E,51,F0 04 5C 8E 85 06 C2 20 A9 00 00 8D E6 14 E2 20
068561,51,8D EA 14 E2 20 C2 20 AD E6 14 18 69 02 00 8D E6
06856C,51,69 02 00 8D E6 14 E2 20 C2 20 AD E6 14 C9 48 00
06BB94,51,30 03 A9 E8 00 C9 C8 FF 10 03 A9 C8 FF 18 6D 9E
06BB99,51,C9 C8 FF 10 03 A9 C8 FF 18 6D 9E 16 29 FF 01 8D
06BB9C,51,10 03 A9 C8 FF 18 6D 9E 16 29 FF 01 8D 4F 19 9C
1FD91D,50,6A 10 02 69 00 C9 80 6A 10 02 69 00 C9 80 6A 10
1FD91B,50,C9 80 6A 10 02 69 00 C9 80 6A 10 02 69 00 C9 80
1FD8FF,50,38 E5 3A C9 00 30 08 C9 10 10 0A A9 10 80 06 C9
03BA77,50,85 89 4C E2 BA CA 0A 10 FC 85 84 A5 86 C5 84 90
03DD5F,50,C2 20 AD BB 15 29 07 00 C9 03 00 B0 01 60 AD E0
03DD61,50,AD BB 15 29 07 00 C9 03 00 B0 01 60 AD E0 1F 29
03BA71,50,A5 CA 85 88 A5 CB 85 89 4C E2 BA CA 0A 10 FC 85
1FD8F7,50,C5 3A D0 04 5C 29 DA 1F 38 E5 3A C9 00 30 08 C9
03DD5C,50,8D BB 15 C2 20 AD BB 15 29 07 00 C9 03 00 B0 01
03DD6A,50,B0 01 60 AD E0 1F 29 FF 00 D0 26 AC B1 15 8C B3
03DD67,50,C9 03 00 B0 01 60 AD E0 1F 29 FF 00 D0 26 AC B1
068580,50,5C 8E 85 06 C2 20 A9 00 00 8D E6 14 E2 20 22 4A
1FD900,50,E5 3A C9 00 30 08 C9 10 10 0A A9 10 80 06 C9 F0
1FD917,50,10 02 69 00 C9 80 6A 10 02 69 00 C9 80 6A 10 02
03BA79,50,4C E2 BA CA 0A 10 FC 85 84 A5 86 C5 84 90 08 CA
1FD904,50,30 08 C9 10 10 0A A9 10 80 06 C9 F0 30 02 A9 F0
03DD64,50,29 07 00 C9 03 00 B0 01 60 AD E0 1F 29 FF 00 D0
1FD916,50,6A 10 02 69 00 C9 80 6A 10 02 69 00 C9 80 6A 10
1FD922,50,C9 80 6A 10 02 69 00 C9 80 6A 10 02 69 00 18 65
03BA75,50,A5 CB 85 89 4C E2 BA CA 0A 10 FC 85 84 A5 86 C5
1FD930,50,18 65 3A 85 3A 82 ED 00 C5 3A D0 04 5C 29 DA 1F
1FD929,50,C9 80 6A 10 02 69 00 18 65 3A 85 3A 82 ED 00 C5
1FD933,50,85 3A 82 ED 00 C5 3A D0 04 5C 29 DA 1F 38 E5 3A
1FD924,50,6A 10 02 69 00 C9 80 6A 10 02 69 00 18 65 3A 85
1FD935,50,82 ED 00 C5 3A D0 04 5C 29 DA 1F 38 E5 3A C9 00
1FD92B,50,6A 10 02 69 00 18 65 3A 85 3A 82 ED 00 C5 3A D0
1FD8F9,50,D0 04 5C 29 DA 1F 38 E5 3A C9 00 30 08 C9 10 10
1FD914,50,C9 80 6A 10 02 69 00 C9 80 6A 10 02 69 00 C9 80
1FD902,50,C9 00 30 08 C9 10 10 0A A9 10 80 06 C9 F0 30 02
1FD925,50,10 02 69 00 C9 80 6A 10 02 69 00 18 65 3A 85 3A
1FD92C,50,10 02 69 00 18 65 3A 85 3A 82 ED 00 C5 3A D0 04
1FD91E,50,10 02 69 00 C9 80 6A 10 02 69 00 C9 80 6A 10 02
03DD5B,50,3A 8D BB 15 C2 20 AD BB 15 29 07 00 C9 03 00 B0
1FD931,50,65 3A 85 3A 82 ED 00 C5 3A D0 04 5C 29 DA 1F 38
03BA73,50,85 88 A5 CB 85 89 4C E2 BA CA 0A 10 FC 85 84 A5
0BD14A,49,30 0D A9 32 00 80 08 C9 38 FF 10 03 A9 38 FF 18
0BD147,49,C9 32 00 30 0D A9 32 00 80 08 C9 38 FF 10 03 A9
03B479,48,C9 FA 00 90 21 C9 8A 02 90 16 C9 7E 04 90 0B C9
1FCFA6,48,AD C4 15 38 F5 10 85 08 30 06 18 6D 52 12 80 06
1FCFAA,48,F5 10 85 08 30 06 18 6D 52 12 80 06 38 AD 52 12
1FCFAC,48,85 08 30 06 18 6D 52 12 80 06 38 AD 52 12 E5 08
1FCFB0,48,18 6D 52 12 80 06 38 AD 52 12 E5 08 8D 52 12 E2
1FCFBF,48,E2 20 6B C2 20 A5 04 38 F5 0C 85 02 10 06 A9 00
1FCFBC,48,8D 52 12 E2 20 6B C2 20 A5 04 38 F5 0C 85 02 10
1FCF94,48,A5 04 38 F5 0C 85 02 10 06 A9 00 00 38 E5 02 8D
03B468,48,AA BF 25 B5 03 29 FF 00 0D 3F 1F 8D 3F 1F AD 41
1FCFC1,48,6B C2 20 A5 04 38 F5 0C 85 02 10 06 A9 00 00 38
1FCFB1,48,6D 52 12 80 06 38 AD 52 12 E5 08 8D 52 12 E2 20
1FCFAE,48,30 06 18 6D 52 12 80 06 38 AD 52 12 E5 08 8D 52
1FCF96,48,38 F5 0C 85 02 10 06 A9 00 00 38 E5 02 8D 52 12
03B455,48,29 FF 00 8D 3F 1F AC 38 12 22 21 D0 1F EB C2 20
1FCF97,48,F5 0C 85 02 10 06 A9 00 00 38 E5 02 8D 52 12 AD
1FCFA3,48,8D 52 12 AD C4 15 38 F5 10 85 08 30 06 18 6D 52
03B470,48,0D 3F 1F 8D 3F 1F AD 41 1F C9 FA 00 90 21 C9 8A
03B463,48,C2 20 29 FF 00 AA BF 25 B5 03 29 FF 00 0D 3F 1F
03B47C,48,90 21 C9 8A 02 90 16 C9 7E 04 90 0B C9 4E 0C B0
03B462,48,EB C2 20 29 FF 00 AA BF 25 B5 03 29 FF 00 0D 3F
03B469,48,BF 25 B5 03 29 FF 00 0D 3F 1F 8D 3F 1F AD 41 1F
1FCF9B,48,10 06 A9 00 00 38 E5 02 8D 52 12 AD C4 15 38 F5
03B4A9,48,60 E2 20 9C 42 21 8E 68 1F 60 E2 20 8D 42 21 60
03B451,48,BF E9 1C 7E 29 FF 00 8D 3F 1F AC 38 12 22 21 D0
03B465,48,29 FF 00 AA BF 25 B5 03 29 FF 00 0D 3F 1F 8D 3F
03B473,48,8D 3F 1F AD 41 1F C9 FA 00 90 21 C9 8A 02 90 16
03B476,48,AD 41 1F C9 FA 00 90 21 C9 8A 02 90 16 C9 7E 04
03B4A6,48,8D 42 21 60 E2 20 9C 42 21 8E 68 1F 60 E2 20 8D
03B45E,48,22 21 D0 1F EB C2 20 29 FF 00 AA BF 25 B5 03 29
03B46D,48,29 FF 00 0D 3F 1F 8D 3F 1F AD 41 1F C9 FA 00 90
1FCF92,48,C2 20 A5 04 38 F5 0C 85 02 10 06 A9 00 00 38 E5
03B45B,48,AC 38 12 22 21 D0 1F EB C2 20 29 FF 00 AA BF 25
1FCF99,48,85 02 10 06 A9 00 00 38 E5 02 8D 52 12 AD C4 15
03B49F,48,E2 20 A9 00 0D 3F 1F 8D 42 21 60 E2 20 9C 42 21
1FCFB4,48,80 06 38 AD 52 12 E5 08 8D 52 12 E2 20 6B C2 20
1FCFA9,48,38 F5 10 85 08 30 06 18 6D 52 12 80 06 38 AD 52
03B4A1,48,A9 00 0D 3F 1F 8D 42 21 60 E2 20 9C 42 21 8E 68
03B458,48,8D 3F 1F AC 38 12 22 21 D0 1F EB C2 20 29 FF 00
03B4A3,48,0D 3F 1F 8D 42 21 60 E2 20 9C 42 21 8E 68 1F 60
04A086,46,29 FF 00 89 80 00 F0 04 18 69 4A 1C 18 6D 59 17
04A092,46,18 6D 59 17 A8 28 60 AD AD F0 0D AD F0 F0 04 5C
04A08C,46,F0 04 18 69 4A 1C 18 6D 59 17 A8 28 60 AD AD F0
04A084,46,C2 20 29 FF 00 89 80 00 F0 04 18 69 4A 1C 18 6D
04A089,46,89 80 00 F0 04 18 69 4A 1C 18 6D 59 17 A8 28 60
04A083,46,08 C2 20 29 FF 00 89 80 00 F0 04 18 69 4A 1C 18
04A093,46,6D 59 17 A8 28 60 AD AD F0 0D AD F0 F0 04 5C EE
04A098,46,60 AD AD F0 0D AD F0 F0 04 5C EE BD 1F B4 28 8C
04A096,46,A8 28 60 AD AD F0 0D AD F0 F0 04 5C EE BD 1F B4
04A097,46,28 60 AD AD F0 0D AD F0 F0 04 5C EE BD 1F B4 28
0BD128,45,30 06 38 E9 01 00 80 04 18 69 01 00 8D F6 14 E2
0BD130,45,18 69 01 00 8D F6 14 E2 20 C2 20 AD FC 14 38 ED
0BD131,45,69 01 00 8D F6 14 E2 20 C2 20 AD FC 14 38 ED 13
048922,44,AD 5B 17 CD 59 17 D0 04 5C 62 89 04 38 ED 59 17
048925,44,CD 59 17 D0 04 5C 62 89 04 38 ED 59 17 C9 00 30
048556,44,18 75 0C 95 0C 4C D5 83 20 4A A3 C2 20 89 80 00
048557,44,75 0C 95 0C 4C D5 83 20 4A A3 C2 20 89 80 00 F0
048928,44,D0 04 5C 62 89 04 38 ED 59 17 C9 00 30 08 C9 08
7E5B53,44,EA EA AF 17 42 00 4C 93 5B 49 FF 1A 0A 8F 02 42
048549,44,89 80 00 F0 05 09 00 FF 80 03 29 FF 00 18 75 0C
048913,44,8E 59 17 20 56 A3 20 83 A0 B9 00 00 8D 59 17 AD
04854C,44,F0 05 09 00 FF 80 03 29 FF 00 18 75 0C 95 0C 4C
7E5B51,44,EA EA EA EA AF 17 42 00 4C 93 5B 49 FF 1A 0A 8F
048547,44,C2 20 89 80 00 F0 05 09 00 FF 80 03 29 FF 00 18
048571,44,75 0E 95 0E 4C D5 83 20 4A A3 C2 20 89 80 00 F0
04891F,44,8D 59 17 AD 5B 17 CD 59 17 D0 04 5C 62 89 04 38
0AFA55,44,18 79 A5 A0 CD A1 F0 F0 1C B9 A1 A0 A8 D0 EB 60
04855B,44,4C D5 83 20 4A A3 C2 20 89 80 00 F0 05 09 00 FF
048566,44,F0 05 09 00 FF 80 03 29 FF 00 18 75 0E 95 0E 4C
048544,44,20 4A A3 C2 20 89 80 00 F0 05 09 00 FF 80 03 29
048570,44,18 75 0E 95 0E 4C D5 83 20 4A A3 C2 20 89 80 00
048575,44,4C D5 83 20 4A A3 C2 20 89 80 00 F0 05 09 00 FF
048573,44,95 0E 4C D5 83 20 4A A3 C2 20 89 80 00 F0 05 09
048559,44,95 0C 4C D5 83 20 4A A3 C2 20 89 80 00 F0 05 09
04890D,44,20 4A A3 8D 5B 17 8E 59 17 20 56 A3 20 83 A0 B9
048919,44,20 83 A0 B9 00 00 8D 59 17 AD 5B 17 CD 59 17 D0
04891C,44,B9 00 00 8D 59 17 AD 5B 17 CD 59 17 D0 04 5C 62
048563,44,89 80 00 F0 05 09 00 FF 80 03 29 FF 00 18 75 0E
04855E,44,20 4A A3 C2 20 89 80 00 F0 05 09 00 FF 80 03 29
048568,44,09 00 FF 80 03 29 FF 00 18 75 0E 95 0E 4C D5 83
048561,44,C2 20 89 80 00 F0 05 09 00 FF 80 03 29 FF 00 18
0AFA62,44,D0 EB 60 BD A5 A0 18 79 A5 A0 9D A5 A0 8E A1 F0
04856B,44,80 03 29 FF 00 18 75 0E 95 0E 4C D5 83 20 4A A3
048916,44,20 56 A3 20 83 A0 B9 00 00 8D 59 17 AD 5B 17 CD
0AFA52,44,F0 11 98 18 79 A5 A0 CD A1 F0 F0 1C B9 A1 A0 A8
0AFA59,44,CD A1 F0 F0 1C B9 A1 A0 A8 D0 EB 60 BD A5 A0 18
7E5B55,44,AF 17 42 00 4C 93 5B 49 FF 1A 0A 8F 02 42 00 AD
048910,44,8D 5B 17 8E 59 17 20 56 A3 20 83 A0 B9 00 00 8D
0AFA56,44,79 A5 A0 CD A1 F0 F0 1C B9 A1 A0 A8 D0 EB 60 BD
0AFA54,44,98 18 79 A5 A0 CD A1 F0 F0 1C B9 A1 A0 A8 D0 EB
7E5B54,44,EA AF 17 42 00 4C 93 5B 49 FF 1A 0A 8F 02 42 00
7E5B59,44,4C 93 5B 49 FF 1A 0A 8F 02 42 00 AD F5 15 30 08
7E5B52,44,EA EA EA AF 17 42 00 4C 93 5B 49 FF 1A 0A 8F 02
0AFA4F,44,CC A3 F0 F0 11 98 18 79 A5 A0 CD A1 F0 F0 1C B9
0AFA5C,44,F0 1C B9 A1 A0 A8 D0 EB 60 BD A5 A0 18 79 A5 A0
0AFA5E,44,B9 A1 A0 A8 D0 EB 60 BD A5 A0 18 79 A5 A0 9D A5
7E5B4D,44,8F 03 42 00 EA EA EA EA AF 17 42 00 4C 93 5B 49
0AFA61,44,A8 D0 EB 60 BD A5 A0 18 79 A5 A0 9D A5 A0 8E A1
04895A,42,6D 59 17 8D 59 17 80 04 5C 6F 89 04 AD 59 17 99
048947,42,10 02 69 00 C9 80 6A 10 02 69 00 C9 80 6A 10 02
048952,42,C9 80 6A 10 02 69 00 18 6D 59 17 8D 59 17 80 04
04892E,42,38 ED 59 17 C9 00 30 08 C9 08 10 0A A9 08 80 06
048959,42,18 6D 59 17 8D 59 17 80 04 5C 6F 89 04 AD 59 17
048955,42,10 02 69 00 18 6D 59 17 8D 59 17 80 04 5C 6F 89
048954,42,6A 10 02 69 00 18 6D 59 17 8D 59 17 80 04 5C 6F
04894B,42,C9 80 6A 10 02 69 00 C9 80 6A 10 02 69 00 18 6D
04894E,42,10 02 69 00 C9 80 6A 10 02 69 00 18 6D 59 17 8D
04894D,42,6A 10 02 69 00 C9 80 6A 10 02 69 00 18 6D 59 17
04895D,42,8D 59 17 80 04 5C 6F 89 04 AD 59 17 99 00 00 4C
048960,42,80 04 5C 6F 89 04 AD 59 17 99 00 00 4C 9A A1 AD
048946,42,6A 10 02 69 00 C9 80 6A 10 02 69 00 C9 80 6A 10
048934,42,30 08 C9 08 10 0A A9 08 80 06 C9 F8 30 02 A9 F8
048944,42,C9 80 6A 10 02 69 00 C9 80 6A 10 02 69 00 C9 80
04896C,42,4C 9A A1 AD 59 17 99 00 00 4C C0 83 C2 20 20 4A
048932,42,C9 00 30 08 C9 08 10 0A A9 08 80 06 C9 F8 30 02
048966,42,AD 59 17 99 00 00 4C 9A A1 AD 59 17 99 00 00 4C
04892F,42,ED 59 17 C9 00 30 08 C9 08 10 0A A9 08 80 06 C9
048969,42,99 00 00 4C 9A A1 AD 59 17 99 00 00 4C C0 83 C2
7E5BA2,41,80 02 64 05 A5 02 30 19 0A 8F 02 42 00 AD F5 15
7E5B08,41,0A 8F 02 42 00 AD F6 15 30 08 8F 03 42 00 EA 4C
7E5BC7,41,8F 02 42 00 AD F5 15 30 08 8F 03 42 00 EA 4C F3
7E5BAA,41,0A 8F 02 42 00 AD F5 15 30 36 8F 03 42 00 EA EA
7E5B37,41,38 EF 17 42 00 AA 86 04 A5 08 30 19 0A 8F 02 42
7E5BF6,41,EF 17 42 00 AA 8A 49 FF 1A 85 0A A5 08 30 19 0A
7E5BCE,41,30 08 8F 03 42 00 EA 4C F3 5B 49 FF 1A 8F 03 42
7E5BA4,41,64 05 A5 02 30 19 0A 8F 02 42 00 AD F5 15 30 36
7E5BCB,41,AD F5 15 30 08 8F 03 42 00 EA 4C F3 5B 49 FF 1A
7E5BC5,41,1A 0A 8F 02 42 00 AD F5 15 30 08 8F 03 42 00 EA
7E5B17,41,4C 35 5B 49 FF 1A 8F 03 42 00 EA EA EA EA AF 17
7E5BAF,41,AD F5 15 30 36 8F 03 42 00 EA EA EA EA AF 17 42
7E5B0D,41,AD F6 15 30 08 8F 03 42 00 EA 4C 35 5B 49 FF 1A
7E5BA0,41,85 05 80 02 64 05 A5 02 30 19 0A 8F 02 42 00 AD
7E5BF5,41,38 EF 17 42 00 AA 8A 49 FF 1A 85 0A A5 08 30 19
7E5B10,41,30 08 8F 03 42 00 EA 4C 35 5B 49 FF 1A 8F 03 42
7E5B38,41,EF 17 42 00 AA 86 04 A5 08 30 19 0A 8F 02 42 00
7E5B9E,41,A9 FF 85 05 80 02 64 05 A5 02 30 19 0A 8F 02 42
7E5BB2,41,30 36 8F 03 42 00 EA EA EA EA AF 17 42 00 4C FA
7E5B12,41,8F 03 42 00 EA 4C 35 5B 49 FF 1A 8F 03 42 00 EA
7E5B09,41,8F 02 42 00 AD F6 15 30 08 8F 03 42 00 EA 4C 35
7E5B16,41,EA 4C 35 5B 49 FF 1A 8F 03 42 00 EA EA EA EA AF
7E5BF3,41,A9 00 38 EF 17 42 00 AA 8A 49 FF 1A 85 0A A5 08
7E5AFC,41,EA EA AF 17 42 00 4C 3C 5B 49 FF 1A 0A 8F 02 42
7E5AEC,41,0A 8F 02 42 00 AD F6 15 30 36 8F 03 42 00 EA EA
7E5B35,41,A9 00 38 EF 17 42 00 AA 86 04 A5 08 30 19 0A 8F
7E5B05,41,49 FF 1A 0A 8F 02 42 00 AD F6 15 30 08 8F 03 42
7E5AF1,41,AD F6 15 30 36 8F 03 42 00 EA EA EA EA AF 17 42
7E5AFB,41,EA EA EA AF 17 42 00 4C 3C 5B 49 FF 1A 0A 8F 02
7E5AF6,41,8F 03 42 00 EA EA EA EA AF 17 42 00 4C 3C 5B 49
7E5AFE,41,AF 17 42 00 4C 3C 5B 49 FF 1A 0A 8F 02 42 00 AD
7E5AFD,41,EA AF 17 42 00 4C 3C 5B 49 FF 1A 0A 8F 02 42 00
7E5AFA,41,EA EA EA EA AF 17 42 00 4C 3C 5B 49 FF 1A 0A 8F
7E5B07,41,1A 0A 8F 02 42 00 AD F6 15 30 08 8F 03 42 00 EA
7E5BC6,41,0A 8F 02 42 00 AD F5 15 30 08 8F 03 42 00 EA 4C
7E5BC3,41,49 FF 1A 0A 8F 02 42 00 AD F5 15 30 08 8F 03 42
7E5BAB,41,8F 02 42 00 AD F5 15 30 36 8F 03 42 00 EA EA EA
7E5B02,41,4C 3C 5B 49 FF 1A 0A 8F 02 42 00 AD F6 15 30 08
7E5AF4,41,30 36 8F 03 42 00 EA EA EA EA AF 17 42 00 4C 3C
7E5AED,41,8F 02 42 00 AD F6 15 30 36 8F 03 42 00 EA EA EA
0780F3,40,95 14 AD BD 15 29 03 F0 04 5C 0C 81 07 B5 12 85
0780A5,40,B5 1E 29 10 F0 04 5C E9 80 07 B5 1E 09 10 95 1E
0780A7,40,29 10 F0 04 5C E9 80 07 B5 1E 09 10 95 1E 8E 8D
0780A9,40,F0 04 5C E9 80 07 B5 1E 09 10 95 1E 8E 8D 15 C2
0780FA,40,F0 04 5C 0C 81 07 B5 12 85 3A A9 C0 22 F7 D8 1F
1FD906,40,C9 10 10 0A A9 10 80 06 C9 F0 30 02 A9 F0 C9 80
0780EB,40,85 3A A9 00 22 F7 D8 1F 95 14 AD BD 15 29 03 F0
0780F5,40,AD BD 15 29 03 F0 04 5C 0C 81 07 B5 12 85 3A A9
1FD908,40,10 0A A9 10 80 06 C9 F0 30 02 A9 F0 C9 80 6A 10
0780ED,40,A9 00 22 F7 D8 1F 95 14 AD BD 15 29 03 F0 04 5C
0780E9,40,B5 14 85 3A A9 00 22 F7 D8 1F 95 14 AD BD 15 29
0780EF,40,22 F7 D8 1F 95 14 AD BD 15 29 03 F0 04 5C 0C 81
0780F8,40,29 03 F0 04 5C 0C 81 07 B5 12 85 3A A9 C0 22 F7
0780AB,39,5C E9 80 07 B5 1E 09 10 95 1E 8E 8D 15 C2 20 A9
0AFAAF,39,DD A5 A0 90 0D F0 0B BC A1 A0 BB D0 F3 A9 00 00
0AFAB2,39,90 0D F0 0B BC A1 A0 BB D0 F3 A9 00 00 80 51 8D
0AFA8F,38,5A 08 8B E2 10 A2 7E DA AB C2 10 1A 29 FE FF F0
7E5B8C,38,A9 00 38 EF 17 42 00 AA 8A 18 65 04 85 04 89 80
7E5B8E,38,38 EF 17 42 00 AA 8A 18 65 04 85 04 89 80 F0 06
0AFA90,38,08 8B E2 10 A2 7E DA AB C2 10 1A 29 FE FF F0 72
0AFAE3,38,8A 80 2C BD A5 A0 8D A1 F0 8E A3 F0 BD A1 A0 BC
0AFAC8,38,ED A1 F0 C9 06 00 90 16 F0 14 9D A5 A0 8A 18 7D
0AFB44,38,CC A1 F0 F0 0D BB BC A1 A0 D0 F5 FA 7A 5C EE BD
7E5B8B,38,EA A9 00 38 EF 17 42 00 AA 8A 18 65 04 85 04 89
0AFAA5,38,B0 03 A9 06 00 AE A1 A0 F0 63 DD A5 A0 90 0D F0
0AFB24,38,5A A8 BD F6 1C 99 A1 A0 98 9D F6 1C 7A 1A 1A 6B
0AFB18,38,69 02 00 22 8E FA 0A C9 00 00 F0 0F 5A A8 BD F6
0AFAC7,38,38 ED A1 F0 C9 06 00 90 16 F0 14 9D A5 A0 8A 18
0AFB1F,38,C9 00 00 F0 0F 5A A8 BD F6 1C 99 A1 A0 98 9D F6
0AFB16,38,6B 18 69 02 00 22 8E FA 0A C9 00 00 F0 0F 5A A8
0AFB15,38,FA 6B 18 69 02 00 22 8E FA 0A C9 00 00 F0 0F 5A
0AFB25,38,A8 BD F6 1C 99 A1 A0 98 9D F6 1C 7A 1A 1A 6B 5A
0AFAD6,38,18 7D A5 A0 AA AD A1 F0 9D A1 A0 E8 E8 8A 80 2C
0AFAE4,38,80 2C BD A5 A0 8D A1 F0 8E A3 F0 BD A1 A0 BC A3
0AFB22,38,F0 0F 5A A8 BD F6 1C 99 A1 A0 98 9D F6 1C 7A 1A
0AFA9E,38,F0 72 1A 1A C9 06 00 B0 03 A9 06 00 AE A1 A0 F0
0AFA96,38,DA AB C2 10 1A 29 FE FF F0 72 1A 1A C9 06 00 B0
0AFADB,38,AD A1 F0 9D A1 A0 E8 E8 8A 80 2C BD A5 A0 8D A1
0AFAAD,38,F0 63 DD A5 A0 90 0D F0 0B BC A1 A0 BB D0 F3 A9
0AFB26,38,BD F6 1C 99 A1 A0 98 9D F6 1C 7A 1A 1A 6B 5A DA
7E5B86,38,8F 03 42 00 EA EA A9 00 38 EF 17 42 00 AA 8A 18
7E5B8A,38,EA EA A9 00 38 EF 17 42 00 AA 8A 18 65 04 85 04
0AFB17,38,18 69 02 00 22 8E FA 0A C9 00 00 F0 0F 5A A8 BD
0AFAAA,38,AE A1 A0 F0 63 DD A5 A0 90 0D F0 0B BC A1 A0 BB
0AFA9B,38,29 FE FF F0 72 1A 1A C9 06 00 B0 03 A9 06 00 AE
0AFA8E,38,DA 5A 08 8B E2 10 A2 7E DA AB C2 10 1A 29 FE FF
0AFB1B,38,22 8E FA 0A C9 00 00 F0 0F 5A A8 BD F6 1C 99 A1
0AFA94,38,A2 7E DA AB C2 10 1A 29 FE FF F0 72 1A 1A C9 06
0AFB47,38,F0 0D BB BC A1 A0 D0 F5 FA 7A 5C EE BD 1F 6B B9
0AFACE,38,90 16 F0 14 9D A5 A0 8A 18 7D A5 A0 AA AD A1 F0
0AFACB,38,C9 06 00 90 16 F0 14 9D A5 A0 8A 18 7D A5 A0 AA
0AFB32,38,1A 6B 5A DA 3A 3A 8D A1 F0 BC F6 1C F0 2D DA A2
1FCD7B,38,8D 03 42 EA EA A9 00 38 ED 17 42 AA 8A 49 FF 1A
0AFAD0,38,F0 14 9D A5 A0 8A 18 7D A5 A0 AA AD A1 F0 9D A1
0AFB33,38,6B 5A DA 3A 3A 8D A1 F0 BC F6 1C F0 2D DA A2 00
0AFA92,38,E2 10 A2 7E DA AB C2 10 1A 29 FE FF F0 72 1A 1A
0AFAE2,38,E8 8A 80 2C BD A5 A0 8D A1 F0 8E A3 F0 BD A1 A0
1FCD78,38,49 FF 1A 8D 03 42 EA EA A9 00 38 ED 17 42 AA 8A
0AFB14,38,7A FA 6B 18 69 02 00 22 8E FA 0A C9 00 00 F0 0F
7E5B85,38,1A 8F 03 42 00 EA EA A9 00 38 EF 17 42 00 AA 8A
0AFAD5,38,8A 18 7D A5 A0 AA AD A1 F0 9D A1 A0 E8 E8 8A 80
0AFAC1,38,8D A1 F0 BD A5 A0 38 ED A1 F0 C9 06 00 90 16 F0
0AFAA1,38,1A C9 06 00 B0 03 A9 06 00 AE A1 A0 F0 63 DD A5
0AFA97,38,AB C2 10 1A 29 FE FF F0 72 1A 1A C9 06 00 B0 03
0AFA9A,38,1A 29 FE FF F0 72 1A 1A C9 06 00 B0 03 A9 06 00
0AFAE1,38,E8 E8 8A 80 2C BD A5 A0 8D A1 F0 8E A3 F0 BD A1
0AFAC4,38,BD A5 A0 38 ED A1 F0 C9 06 00 90 16 F0 14 9D A5
1FCD7F,38,EA A9 00 38 ED 17 42 AA 8A 49 FF 1A 85 0A A5 08
0AFAA0,38,1A 1A C9 06 00 B0 03 A9 06 00 AE A1 A0 F0 63 DD
0AFAD7,38,7D A5 A0 AA AD A1 F0 9D A1 A0 E8 E8 8A 80 2C BD
0AFADE,38,9D A1 A0 E8 E8 8A 80 2C BD A5 A0 8D A1 F0 8E A3
0AFB13,38,28 7A FA 6B 18 69 02 00 22 8E FA 0A C9 00 00 F0
0AFA98,38,C2 10 1A 29 FE FF F0 72 1A 1A C9 06 00 B0 03 A9
0AFAA2,38,C9 06 00 B0 03 A9 06 00 AE A1 A0 F0 63 DD A5 A0
0AFADA,38,AA AD A1 F0 9D A1 A0 E8 E8 8A 80 2C BD A5 A0 8D
7E5B8F,38,EF 17 42 00 AA 8A 18 65 04 85 04 89 80 F0 06 A9
0AFA91,38,8B E2 10 A2 7E DA AB C2 10 1A 29 FE FF F0 72 1A
0AFB2D,38,9D F6 1C 7A 1A 1A 6B 5A DA 3A 3A 8D A1 F0 BC F6
0AFB12,38,AB 28 7A FA 6B 18 69 02 00 22 8E FA 0A C9 00 00
0AFB2C,38,98 9D F6 1C 7A 1A 1A 6B 5A DA 3A 3A 8D A1 F0 BC
7E5B83,38,49 FF 1A 8F 03 42 00 EA EA A9 00 38 EF 17 42 00
1FCD7E,38,EA EA A9 00 38 ED 17 42 AA 8A 49 FF 1A 85 0A A5
0AFB29,38,99 A1 A0 98 9D F6 1C 7A 1A 1A 6B 5A DA 3A 3A 8D
0AFAD2,38,9D A5 A0 8A 18 7D A5 A0 AA AD A1 F0 9D A1 A0 E8
0AFB30,38,7A 1A 1A 6B 5A DA 3A 3A 8D A1 F0 BC F6 1C F0 2D
1FCD7A,38,1A 8D 03 42 EA EA A9 00 38 ED 17 42 AA 8A 49 FF
0AFB31,38,1A 1A 6B 5A DA 3A 3A 8D A1 F0 BC F6 1C F0 2D DA
1FC5DA,37,C6 09 C2 10 A6 76 A4 78 AB 6B 85 7E 86 76 84 78
7E537E,36,1A 38 ED 52 12 30 03 4C A6 53 BD CA 2E 18 6D 5C
0BD61A,36,C9 00 80 6A 10 03 69 00 00 C9 00 80 6A 10 03 69
0BD603,36,C9 00 00 30 0A C9 08 00 10 0D A9 08 00 80 08 C9
0BD629,36,69 00 00 C9 00 80 6A 10 03 69 00 00 18 6D C7 18
0BD600,36,ED C7 18 C9 00 00 30 0A C9 08 00 10 0D A9 08 00
0BD627,36,10 03 69 00 00 C9 00 80 6A 10 03 69 00 00 18 6D
0BD5FF,36,38 ED C7 18 C9 00 00 30 0A C9 08 00 10 0D A9 08
0BD61D,36,6A 10 03 69 00 00 C9 00 80 6A 10 03 69 00 00 C9
7E537B,36,49 FF FF 1A 38 ED 52 12 30 03 4C A6 53 BD CA 2E
0BD62C,36,C9 00 80 6A 10 03 69 00 00 18 6D C7 18 8D C7 18
0BD606,36,30 0A C9 08 00 10 0D A9 08 00 80 08 C9 F8 FF 30
0BD636,36,6D C7 18 8D C7 18 E2 20 C2 20 A9 00 00 CD C9 18
0BD623,36,C9 00 80 6A 10 03 69 00 00 C9 00 80 6A 10 03 69
0BD61E,36,10 03 69 00 00 C9 00 80 6A 10 03 69 00 00 C9 00
0BD612,36,C9 F8 FF 30 03 A9 F8 FF C9 00 80 6A 10 03 69 00
0BD632,36,69 00 00 18 6D C7 18 8D C7 18 E2 20 C2 20 A9 00
0BD635,36,18 6D C7 18 8D C7 18 E2 20 C2 20 A9 00 00 CD C9
0BD615,36,30 03 A9 F8 FF C9 00 80 6A 10 03 69 00 00 C9 00
0BD630,36,10 03 69 00 00 18 6D C7 18 8D C7 18 E2 20 C2 20
0BD62F,36,6A 10 03 69 00 00 18 6D C7 18 8D C7 18 E2 20 C2
0BD620,36,69 00 00 C9 00 80 6A 10 03 69 00 00 C9 00 80 6A
0BD626,36,6A 10 03 69 00 00 C9 00 80 6A 10 03 69 00 00 18
0AF992,35,7D A1 A0 8D A3 F0 BD A1 A0 8D A5 F0 AC A1 A0 D0
0AFBF4,35,AD AB F0 9D A5 A0 8A AB 28 FA 18 6B DA 08 8B E2
0AFBF1,35,9D A3 A0 AD AB F0 9D A5 A0 8A AB 28 FA 18 6B DA
0AF97F,35,DA 5A 08 8B E2 10 A2 7E DA AB C2 10 3A 3A 8D A1
0AFBD1,35,A9 7E 48 AB C2 20 A9 06 00 22 17 FB 0A C9 00 00
0AFBEE,35,AD A9 F0 9D A3 A0 AD AB F0 9D A5 A0 8A AB 28 FA
0AFB56,35,B9 A1 A0 E0 00 00 F0 06 9D A1 A0 FA 80 04 FA 9D
0AFBEB,35,9D A1 A0 AD A9 F0 9D A3 A0 AD AB F0 9D A5 A0 8A
0AFBD7,35,A9 06 00 22 17 FB 0A C9 00 00 D0 06 FA AB 28 FA
0AF99E,35,AC A1 A0 D0 03 82 6F 00 98 18 79 A5 A0 CD A1 F0
0AFBFB,35,AB 28 FA 18 6B DA 08 8B E2 10 A2 7E DA AB C2 10
0AFBF7,35,9D A5 A0 8A AB 28 FA 18 6B DA 08 8B E2 10 A2 7E
0AFBFE,35,18 6B DA 08 8B E2 10 A2 7E DA AB C2 10 AA F0 16
0AFA24,35,AB 28 7A FA 6B BD A3 A0 BC A1 A0 F0 03 99 A3 A0
0AFBD4,35,AB C2 20 A9 06 00 22 17 FB 0A C9 00 00 D0 06 FA
0AFBD5,35,C2 20 A9 06 00 22 17 FB 0A C9 00 00 D0 06 FA AB
0AFBE1,35,D0 06 FA AB 28 FA 38 6B AA 68 9D A1 A0 AD A9 F0
0AFBD3,35,48 AB C2 20 A9 06 00 22 17 FB 0A C9 00 00 D0 06
0AFB41,35,A2 00 00 CC A1 F0 F0 0D BB BC A1 A0 D0 F5 FA 7A
0AFBFA,35,8A AB 28 FA 18 6B DA 08 8B E2 10 A2 7E DA AB C2
0AFB40,35,DA A2 00 00 CC A1 F0 F0 0D BB BC A1 A0 D0 F5 FA
0AFBFC,35,28 FA 18 6B DA 08 8B E2 10 A2 7E DA AB C2 10 AA
0AFBFD,35,FA 18 6B DA 08 8B E2 10 A2 7E DA AB C2 10 AA F0
0AFB59,35,E0 00 00 F0 06 9D A1 A0 FA 80 04 FA 9D F6 1C 98
0AFB6E,35,7A 6B DA 5A 08 8B E2 20 A9 7E 48 AB C2 20 BC F6
0AFB5C,35,F0 06 9D A1 A0 FA 80 04 FA 9D F6 1C 98 22 79 F9
0AFBDA,35,22 17 FB 0A C9 00 00 D0 06 FA AB 28 FA 38 6B AA
0AF989,35,C2 10 3A 3A 8D A1 F0 AA 18 7D A1 A0 8D A3 F0 BD
0AF98B,35,3A 3A 8D A1 F0 AA 18 7D A1 A0 8D A3 F0 BD A1 A0
0AF98C,35,3A 8D A1 F0 AA 18 7D A1 A0 8D A3 F0 BD A1 A0 8D
0AF97C,35,D0 01 6B DA 5A 08 8B E2 10 A2 7E DA AB C2 10 3A
0AF980,35,5A 08 8B E2 10 A2 7E DA AB C2 10 3A 3A 8D A1 F0
0AF99B,35,8D A5 F0 AC A1 A0 D0 03 82 6F 00 98 18 79 A5 A0
0AF998,35,BD A1 A0 8D A5 F0 AC A1 A0 D0 03 82 6F 00 98 18
0AF983,35,E2 10 A2 7E DA AB C2 10 3A 3A 8D A1 F0 AA 18 7D
0AF995,35,8D A3 F0 BD A1 A0 8D A5 F0 AC A1 A0 D0 03 82 6F
0AF982,35,8B E2 10 A2 7E DA AB C2 10 3A 3A 8D A1 F0 AA 18
0AF988,35,AB C2 10 3A 3A 8D A1 F0 AA 18 7D A1 A0 8D A3 F0
0AFBCE,35,48 E2 20 A9 7E 48 AB C2 20 A9 06 00 22 17 FB 0A
0AFA28,35,6B BD A3 A0 BC A1 A0 F0 03 99 A3 A0 AA F0 06 98
0AF981,35,08 8B E2 10 A2 7E DA AB C2 10 3A 3A 8D A1 F0 AA
0AFBCD,35,8B 48 E2 20 A9 7E 48 AB C2 20 A9 06 00 22 17 FB
0AFBCC,35,08 8B 48 E2 20 A9 7E 48 AB C2 20 A9 06 00 22 17
0AFB68,35,98 22 79 F9 0A FA 7A 6B DA 5A 08 8B E2 20 A9 7E
0AFBCF,35,E2 20 A9 7E 48 AB C2 20 A9 06 00 22 17 FB 0A C9
0AFBFF,35,6B DA 08 8B E2 10 A2 7E DA AB C2 10 AA F0 16 BD
0AF987,35,DA AB C2 10 3A 3A 8D A1 F0 AA 18 7D A1 A0 8D A3
0AF9AB,35,CD A1 F0 F0 24 CC A3 F0 F0 2F B9 A1 A0 A8 D0 EB
0AFBCB,35,DA 08 8B 48 E2 20 A9 7E 48 AB C2 20 A9 06 00 22
0AFB6D,35,FA 7A 6B DA 5A 08 8B E2 20 A9 7E 48 AB C2 20 BC
0AFB69,35,22 79 F9 0A FA 7A 6B DA 5A 08 8B E2 20 A9 7E 48
0AF9AE,35,F0 24 CC A3 F0 F0 2F B9 A1 A0 A8 D0 EB BD A1 A0
0AF979,35,C9 00 00 D0 01 6B DA 5A 08 8B E2 10 A2 7E DA AB
0AFB34,35,5A DA 3A 3A 8D A1 F0 BC F6 1C F0 2D DA A2 00 00
0AF9A8,35,79 A5 A0 CD A1 F0 F0 24 CC A3 F0 F0 2F B9 A1 A0
0AF985,35,A2 7E DA AB C2 10 3A 3A 8D A1 F0 AA 18 7D A1 A0
0AF991,35,18 7D A1 A0 8D A3 F0 BD A1 A0 8D A5 F0 AC A1 A0
0AFB3B,35,BC F6 1C F0 2D DA A2 00 00 CC A1 F0 F0 0D BB BC
0AFBEA,35,68 9D A1 A0 AD A9 F0 9D A3 A0 AD AB F0 9D A5 A0
0AFBE9,35,AA 68 9D A1 A0 AD A9 F0 9D A3 A0 AD AB F0 9D A5
0AF990,35,AA 18 7D A1 A0 8D A3 F0 BD A1 A0 8D A5 F0 AC A1
0AFB35,35,DA 3A 3A 8D A1 F0 BC F6 1C F0 2D DA A2 00 00 CC
0AFBDE,35,C9 00 00 D0 06 FA AB 28 FA 38 6B AA 68 9D A1 A0
0AFA27,35,FA 6B BD A3 A0 BC A1 A0 F0 03 99 A3 A0 AA F0 06
0AFB38,35,8D A1 F0 BC F6 1C F0 2D DA A2 00 00 CC A1 F0 F0
0AFB36,35,3A 3A 8D A1 F0 BC F6 1C F0 2D DA A2 00 00 CC A1
0AF98D,35,8D A1 F0 AA 18 7D A1 A0 8D A3 F0 BD A1 A0 8D A5
0AFB3E,35,F0 2D DA A2 00 00 CC A1 F0 F0 0D BB BC A1 A0 D0
0AF9A1,35,D0 03 82 6F 00 98 18 79 A5 A0 CD A1 F0 F0 24 CC
0AF9A6,35,98 18 79 A5 A0 CD A1 F0 F0 24 CC A3 F0 F0 2F B9
0AFB6F,35,6B DA 5A 08 8B E2 20 A9 7E 48 AB C2 20 BC F6 1C
0AFA25,35,28 7A FA 6B BD A3 A0 BC A1 A0 F0 03 99 A3 A0 AA
0AFB37,35,3A 8D A1 F0 BC F6 1C F0 2D DA A2 00 00 CC A1 F0
0AF9A7,35,18 79 A5 A0 CD A1 F0 F0 24 CC A3 F0 F0 2F B9 A1
0AFA26,35,7A FA 6B BD A3 A0 BC A1 A0 F0 03 99 A3 A0 AA F0
0AFA64,34,60 BD A5 A0 18 79 A5 A0 9D A5 A0 8E A1 F0 BB 20
1FD6A4,34,65 3A 85 3A 82 7A 03 C5 3A D0 04 5C 29 DA 1F 38
1FD69A,34,C9 00 80 6A 10 03 69 00 00 18 65 3A 85 3A 82 7A
1FD691,34,C9 00 80 6A 10 03 69 00 00 C9 00 80 6A 10 03 69
1FD67F,34,C9 04 00 10 0D A9 04 00 80 08 C9 FC FF 30 03 A9
1FD67A,34,C9 00 00 30 0A C9 04 00 10 0D A9 04 00 80 08 C9
1FD66F,34,C5 3A D0 04 5C 29 DA 1F 38 E5 3A C9 00 00 30 0A
1FD6A3,34,18 65 3A 85 3A 82 7A 03 C5 3A D0 04 5C 29 DA 1F
0AFA49,34,8D A3 F0 AC A1 A0 CC A3 F0 F0 11 98 18 79 A5 A0
1FD67D,34,30 0A C9 04 00 10 0D A9 04 00 80 08 C9 FC FF 30
1FD671,34,D0 04 5C 29 DA 1F 38 E5 3A C9 00 00 30 0A C9 04
1FD6A8,34,82 7A 03 C5 3A D0 04 5C 29 DA 1F 38 E5 3A C9 00
1FD6A6,34,85 3A 82 7A 03 C5 3A D0 04 5C 29 DA 1F 38 E5 3A
1FD682,34,10 0D A9 04 00 80 08 C9 FC FF 30 03 A9 FC FF C9
1FD677,34,38 E5 3A C9 00 00 30 0A C9 04 00 10 0D A9 04 00
0AFA4C,34,AC A1 A0 CC A3 F0 F0 11 98 18 79 A5 A0 CD A1 F0
1FD678,34,E5 3A C9 00 00 30 0A C9 04 00 10 0D A9 04 00 80
0AFA46,34,7D A5 A0 8D A3 F0 AC A1 A0 CC A3 F0 F0 11 98 18
0AFA45,34,18 7D A5 A0 8D A3 F0 AC A1 A0 CC A3 F0 F0 11 98
0AFA41,34,8E A1 F0 8A 18 7D A5 A0 8D A3 F0 AC A1 A0 CC A3
1FD695,34,10 03 69 00 00 C9 00 80 6A 10 03 69 00 00 18 65
0AFA44,34,8A 18 7D A5 A0 8D A3 F0 AC A1 A0 CC A3 F0 F0 11
1FD69E,34,10 03 69 00 00 18 65 3A 85 3A 82 7A 03 C5 3A D0
1FD69D,34,6A 10 03 69 00 00 18 65 3A 85 3A 82 7A 03 C5 3A
1FD694,34,6A 10 03 69 00 00 C9 00 80 6A 10 03 69 00 00 18
0AFC2C,33,48 E2 20 A9 7E 48 AB C2 20 7A F0 16 B9 A1 A0 48
0AF9DE,33,BB 20 41 FA 80 40 B9 A5 A0 18 7D A1 A0 9D A5 A0
0AFC35,33,7A F0 16 B9 A1 A0 48 B9 A3 A0 8D A9 F0 B9 A5 A0
0AFC42,33,B9 A5 A0 8D AB F0 98 22 34 FB 0A 68 AB 28 7A FA
0AFC29,33,5A 08 8B 48 E2 20 A9 7E 48 AB C2 20 7A F0 16 B9
0AF9DB,33,99 A5 A0 BB 20 41 FA 80 40 B9 A5 A0 18 7D A1 A0
0AFC52,33,6B 08 00 C0 FD B5 F4 00 E0 00 E0 00 E0 16 00 CC
0AFC4E,33,AB 28 7A FA 6B 08 00 C0 FD B5 F4 00 E0 00 E0 00
0AFC2D,33,E2 20 A9 7E 48 AB C2 20 7A F0 16 B9 A1 A0 48 B9
0AFC49,33,22 34 FB 0A 68 AB 28 7A FA 6B 08 00 C0 FD B5 F4
0AFC3C,33,B9 A3 A0 8D A9 F0 B9 A5 A0 8D AB F0 98 22 34 FB
0AFC33,33,C2 20 7A F0 16 B9 A1 A0 48 B9 A3 A0 8D A9 F0 B9
0AFC3F,33,8D A9 F0 B9 A5 A0 8D AB F0 98 22 34 FB 0A 68 AB
0AFC4D,33,68 AB 28 7A FA 6B 08 00 C0 FD B5 F4 00 E0 00 E0
0AFC45,33,8D AB F0 98 22 34 FB 0A 68 AB 28 7A FA 6B 08 00
0AF9D8,33,7D A1 A0 99 A5 A0 BB 20 41 FA 80 40 B9 A5 A0 18
0AFC38,33,B9 A1 A0 48 B9 A3 A0 8D A9 F0 B9 A5 A0 8D AB F0
0AFC4F,33,28 7A FA 6B 08 00 C0 FD B5 F4 00 E0 00 E0 00 E0
0AFC3B,33,48 B9 A3 A0 8D A9 F0 B9 A5 A0 8D AB F0 98 22 34
0AF9D7,33,18 7D A1 A0 99 A5 A0 BB 20 41 FA 80 40 B9 A5 A0
0AFC50,33,7A FA 6B 08 00 C0 FD B5 F4 00 E0 00 E0 00 E0 16
0AFC51,33,FA 6B 08 00 C0 FD B5 F4 00 E0 00 E0 00 E0 16 00
0AFC48,33,98 22 34 FB 0A 68 AB 28 7A FA 6B 08 00 C0 FD B5
0AFC32,33,AB C2 20 7A F0 16 B9 A1 A0 48 B9 A3 A0 8D A9 F0
0AFC36,33,F0 16 B9 A1 A0 48 B9 A3 A0 8D A9 F0 B9 A5 A0 8D
0AFC31,33,48 AB C2 20 7A F0 16 B9 A1 A0 48 B9 A3 A0 8D A9
0AFC2F,33,A9 7E 48 AB C2 20 7A F0 16 B9 A1 A0 48 B9 A3 A0
0AFC2A,33,08 8B 48 E2 20 A9 7E 48 AB C2 20 7A F0 16 B9 A1
0AF9D4,33,B9 A5 A0 18 7D A1 A0 99 A5 A0 BB 20 41 FA 80 40
0AF9DF,33,20 41 FA 80 40 B9 A5 A0 18 7D A1 A0 9D A5 A0 B9
0AFC2B,33,8B 48 E2 20 A9 7E 48 AB C2 20 7A F0 16 B9 A1 A0
0AF9E2,33,80 40 B9 A5 A0 18 7D A1 A0 9D A5 A0 B9 A1 A0 9D
0AFC28,33,DA 5A 08 8B 48 E2 20 A9 7E 48 AB C2 20 7A F0 16
1FD0C6,32,1A 85 08 C2 20 A5 02 C9 00 80 6A 85 02 A5 08 C9
0AFB64,32,FA 9D F6 1C 98 22 79 F9 0A FA 7A 6B DA 5A 08 8B
0682A0,32,E9 04 09 80 9D E6 1C 80 07 A9 04 09 80 9D E6 1C
0AFB65,32,9D F6 1C 98 22 79 F9 0A FA 7A 6B DA 5A 08 8B E2
06829F,32,38 E9 04 09 80 9D E6 1C 80 07 A9 04 09 80 9D E6
1FD0C3,32,49 FF FF 1A 85 08 C2 20 A5 02 C9 00 80 6A 85 02
0BD67E,31,18 6D C9 18 8D C9 18 E2 20 AD E0 14 89 14 D0 04
0BD667,31,10 03 69 00 00 C9 00 80 6A 10 03 69 00 00 C9 00
0BD675,31,C9 00 80 6A 10 03 69 00 00 18 6D C9 18 8D C9 18
0BD663,31,C9 00 80 6A 10 03 69 00 00 C9 00 80 6A 10 03 69
0BD678,31,6A 10 03 69 00 00 18 6D C9 18 8D C9 18 E2 20 AD
0BD64C,31,C9 00 00 30 0A C9 08 00 10 0D A9 08 00 80 08 C9
0BD670,31,10 03 69 00 00 C9 00 80 6A 10 03 69 00 00 18 6D
0BD67B,31,69 00 00 18 6D C9 18 8D C9 18 E2 20 AD E0 14 89
0BD65B,31,C9 F8 FF 30 03 A9 F8 FF C9 00 80 6A 10 03 69 00
0BD649,31,ED C9 18 C9 00 00 30 0A C9 08 00 10 0D A9 08 00
0BD67F,31,6D C9 18 8D C9 18 E2 20 AD E0 14 89 14 D0 04 5C
0BD672,31,69 00 00 C9 00 80 6A 10 03 69 00 00 18 6D C9 18
0BD679,31,10 03 69 00 00 18 6D C9 18 8D C9 18 E2 20 AD E0
0BD65E,31,30 03 A9 F8 FF C9 00 80 6A 10 03 69 00 00 C9 00
0BD66F,31,6A 10 03 69 00 00 C9 00 80 6A 10 03 69 00 00 18
0BD648,31,38 ED C9 18 C9 00 00 30 0A C9 08 00 10 0D A9 08
0BD669,31,69 00 00 C9 00 80 6A 10 03 69 00 00 C9 00 80 6A
0BD66C,31,C9 00 80 6A 10 03 69 00 00 C9 00 80 6A 10 03 69
0BD64F,31,30 0A C9 08 00 10 0D A9 08 00 80 08 C9 F8 FF 30
0BD666,31,6A 10 03 69 00 00 C9 00 80 6A 10 03 69 00 00 C9
03DE29,30,69 08 00 A8 A5 3A 18 69 08 00 85 3A 80 46 99 65
03DE0F,30,99 65 12 BF 8C DE 03 99 69 12 A5 3A 99 63 12 A5
03DE20,30,18 69 00 08 99 67 12 98 18 69 08 00 A8 A5 3A 18
0780FC,30,5C 0C 81 07 B5 12 85 3A A9 C0 22 F7 D8 1F 95 12
03DD75,30,AC B1 15 8C B3 15 A9 50 48 85 3A A2 00 00 20 F1
03DD7E,30,85 3A A2 00 00 20 F1 DD AD D8 16 1A 0A AA BF B4
03DE2D,30,A5 3A 18 69 08 00 85 3A 80 46 99 65 12 BF 8A DE
03DE21,30,69 00 08 99 67 12 98 18 69 08 00 A8 A5 3A 18 69
03DE28,30,18 69 08 00 A8 A5 3A 18 69 08 00 85 3A 80 46 99
03DE2F,30,18 69 08 00 85 3A 80 46 99 65 12 BF 8A DE 03 99
03DE2C,30,A8 A5 3A 18 69 08 00 85 3A 80 46 99 65 12 BF 8A
03DE1B,30,99 63 12 A5 3A 18 69 00 08 99 67 12 98 18 69 08
03DE19,30,A5 3A 99 63 12 A5 3A 18 69 00 08 99 67 12 98 18
03DE12,30,BF 8C DE 03 99 69 12 A5 3A 99 63 12 A5 3A 18 69
03DD70,30,29 FF 00 D0 26 AC B1 15 8C B3 15 A9 50 48 85 3A
03DE1E,30,A5 3A 18 69 00 08 99 67 12 98 18 69 08 00 A8 A5
03DD86,30,AD D8 16 1A 0A AA BF B4 DE 03 AA 20 F1 DD AC B1
03DD9A,30,60 AC B1 15 8C B3 15 A9 48 48 85 3A A2 88 00 20
03DE33,30,85 3A 80 46 99 65 12 BF 8A DE 03 99 69 12 BF 8C
03DD83,30,20 F1 DD AD D8 16 1A 0A AA BF B4 DE 03 AA 20 F1
03DD94,30,AC B1 15 8C B5 15 60 AC B1 15 8C B3 15 A9 48 48
03DD91,30,20 F1 DD AC B1 15 8C B5 15 60 AC B1 15 8C B3 15
03DD78,30,8C B3 15 A9 50 48 85 3A A2 00 00 20 F1 DD AD D8
03DD6D,30,AD E0 1F 29 FF 00 D0 26 AC B1 15 8C B3 15 A9 50
03DD80,30,A2 00 00 20 F1 DD AD D8 16 1A 0A AA BF B4 DE 03
03DD73,30,D0 26 AC B1 15 8C B3 15 A9 50 48 85 3A A2 00 00
03DD90,30,AA 20 F1 DD AC B1 15 8C B5 15 60 AC B1 15 8C B3
03DE24,30,99 67 12 98 18 69 08 00 A8 A5 3A 18 69 08 00 85
03DE0B,30,BF 8A DE 03 99 65 12 BF 8C DE 03 99 69 12 A5 3A
03DE16,30,99 69 12 A5 3A 99 63 12 A5 3A 18 69 00 08 99 67
03DD89,30,1A 0A AA BF B4 DE 03 AA 20 F1 DD AC B1 15 8C B5
03DD97,30,8C B5 15 60 AC B1 15 8C B3 15 A9 48 48 85 3A A2
03DD8A,30,0A AA BF B4 DE 03 AA 20 F1 DD AC B1 15 8C B5 15
03DE35,30,80 46 99 65 12 BF 8A DE 03 99 69 12 BF 8C DE 03
03DE27,30,98 18 69 08 00 A8 A5 3A 18 69 08 00 85 3A 80 46
03DD8C,30,BF B4 DE 03 AA 20 F1 DD AC B1 15 8C B5 15 60 AC
03DD7B,30,A9 50 48 85 3A A2 00 00 20 F1 DD AD D8 16 1A 0A
03DD8B,30,AA BF B4 DE 03 AA 20 F1 DD AC B1 15 8C B5 15 60
03DE30,30,69 08 00 85 3A 80 46 99 65 12 BF 8A DE 03 99 69
08B365,28,95 0C E2 20 22 BB C7 1F 22 69 DC 1F 6B C2 20 A9
08B329,28,85 7E B5 13 8D A9 15 B5 12 8D A8 15 22 A7 D5 1F
08B35F,28,B5 0C 18 7D 06 00 95 0C E2 20 22 BB C7 1F 22 69
08B353,28,B5 0E 18 7D 28 00 95 0E E2 20 C2 20 B5 0C 18 7D
08B371,28,6B C2 20 A9 85 B3 95 16 E2 20 A9 08 95 18 B5 09
08B33D,28,C9 00 00 E2 20 10 04 5C 51 B3 08 C2 20 A9 00 00
08B340,28,E2 20 10 04 5C 51 B3 08 C2 20 A9 00 00 95 0E E2
08B35B,28,E2 20 C2 20 B5 0C 18 7D 06 00 95 0C E2 20 22 BB
08B35D,28,C2 20 B5 0C 18 7D 06 00 95 0C E2 20 22 BB C7 1F
08B344,28,5C 51 B3 08 C2 20 A9 00 00 95 0E E2 20 C2 20 B5
08B362,28,7D 06 00 95 0C E2 20 22 BB C7 1F 22 69 DC 1F 6B
08B355,28,18 7D 28 00 95 0E E2 20 C2 20 B5 0C 18 7D 06 00
08B361,28,18 7D 06 00 95 0C E2 20 22 BB C7 1F 22 69 DC 1F
08B33B,28,B5 0E C9 00 00 E2 20 10 04 5C 51 B3 08 C2 20 A9
08B351,28,C2 20 B5 0E 18 7D 28 00 95 0E E2 20 C2 20 B5 0C
08B339,28,C2 20 B5 0E C9 00 00 E2 20 10 04 5C 51 B3 08 C2
08B32D,28,8D A9 15 B5 12 8D A8 15 22 A7 D5 1F C2 20 B5 0E
08B359,28,95 0E E2 20 C2 20 B5 0C 18 7D 06 00 95 0C E2 20
08B367,28,E2 20 22 BB C7 1F 22 69 DC 1F 6B C2 20 A9 85 B3
08B330,28,B5 12 8D A8 15 22 A7 D5 1F C2 20 B5 0E C9 00 00
08B36D,28,22 69 DC 1F 6B C2 20 A9 85 B3 95 16 E2 20 A9 08
08B342,28,10 04 5C 51 B3 08 C2 20 A9 00 00 95 0E E2 20 C2
08B332,28,8D A8 15 22 A7 D5 1F C2 20 B5 0E C9 00 00 E2 20
08B32B,28,B5 13 8D A9 15 B5 12 8D A8 15 22 A7 D5 1F C2 20
08B335,28,22 A7 D5 1F C2 20 B5 0E C9 00 00 E2 20 10 04 5C
0484F3,28,20 4A A3 D5 23 F0 0E F6 23 C2 20 20 56 A3 95 28
0484F8,28,F0 0E F6 23 C2 20 20 56 A3 95 28 E2 20 4C 9A A1
08B369,28,22 BB C7 1F 22 69 DC 1F 6B C2 20 A9 85 B3 95 16
0484F6,28,D5 23 F0 0E F6 23 C2 20 20 56 A3 95 28 E2 20 4C
048553,28,29 FF 00 18 75 0C 95 0C 4C D5 83 20 4A A3 C2 20
08B327,28,B5 15 85 7E B5 13 8D A9 15 B5 12 8D A8 15 22 A7
08B356,28,7D 28 00 95 0E E2 20 C2 20 B5 0C 18 7D 06 00 95
1FD638,26,18 6B 38 6B C5 3A D0 04 5C 29 DA 1F 38 E5 3A C9
7E572E,26,A5 3A 38 E5 6C 10 04 49 FF FF 1A 38 ED 52 12 30
7E5730,26,38 E5 6C 10 04 49 FF FF 1A 38 ED 52 12 30 03 4C
7E5733,26,10 04 49 FF FF 1A 38 ED 52 12 30 03 4C 82 57 BD
7E5739,26,38 ED 52 12 30 03 4C 82 57 BD CA 2E 18 6D 5C 12
7E5731,26,E5 6C 10 04 49 FF FF 1A 38 ED 52 12 30 03 4C 82
7E572B,26,8D 52 12 A5 3A 38 E5 6C 10 04 49 FF FF 1A 38 ED
1FD617,26,10 03 49 FF 1A C5 3A 10 05 AD C7 14 80 11 B5 15
1FD61C,26,C5 3A 10 05 AD C7 14 80 11 B5 15 CD C7 14 F0 0A
7E573F,26,4C 82 57 BD CA 2E 18 6D 5C 12 8D 52 12 A5 3C 38
048503,26,E2 20 4C 9A A1 74 23 4C AB 83 8E 59 17 20 4A A3
0484FA,26,F6 23 C2 20 20 56 A3 95 28 E2 20 4C 9A A1 74 23
7E573D,26,30 03 4C 82 57 BD CA 2E 18 6D 5C 12 8D 52 12 A5
7E573A,26,ED 52 12 30 03 4C 82 57 BD CA 2E 18 6D 5C 12 8D
0484FE,26,20 56 A3 95 28 E2 20 4C 9A A1 74 23 4C AB 83 8E
7E5724,26,BD C8 2E 18 6D 5A 12 8D 52 12 A5 3A 38 E5 6C 10
1FD636,26,95 15 18 6B 38 6B C5 3A D0 04 5C 29 DA 1F 38 E5
0484FC,26,C2 20 20 56 A3 95 28 E2 20 4C 9A A1 74 23 4C AB
1FD61E,26,10 05 AD C7 14 80 11 B5 15 CD C7 14 F0 0A 30 05
7E5727,26,18 6D 5A 12 8D 52 12 A5 3A 38 E5 6C 10 04 49 FF
1FD639,26,6B 38 6B C5 3A D0 04 5C 29 DA 1F 38 E5 3A C9 00
048505,26,4C 9A A1 74 23 4C AB 83 8E 59 17 20 4A A3 20 83
7E5728,26,6D 5A 12 8D 52 12 A5 3A 38 E5 6C 10 04 49 FF FF
048501,26,95 28 E2 20 4C 9A A1 74 23 4C AB 83 8E 59 17 20
1FD62A,25,F0 0A 30 05 38 E5 3A 80 03 18 65 3A 95 15 18 6B
1FD627,25,CD C7 14 F0 0A 30 05 38 E5 3A 80 03 18 65 3A 95
1FD62C,25,30 05 38 E5 3A 80 03 18 65 3A 95 15 18 6B 38 6B
1FD625,25,B5 15 CD C7 14 F0 0A 30 05 38 E5 3A 80 03 18 65
08B313,24,38 F5 10 10 04 49 FF FF 1A C9 E8 03 E2 20 30 04
1FD05C,24,DA 5A 22 92 CF 1F C2 20 AD 52 12 85 08 AD 0A 00
08B2D4,24,22 5C D0 1F D5 12 F0 2D 38 F5 12 C9 00 30 08 C9
08B31C,24,C9 E8 03 E2 20 30 04 5C 72 B3 08 B5 15 85 7E B5
1FD069,24,AD 0A 00 38 F5 0E 85 02 22 E3 FC 02 C2 20 85 3A
08B30E,24,C2 20 B9 10 00 38 F5 10 10 04 49 FF FF 1A C9 E8
1FD083,24,6B DA 5A C2 20 AD 04 00 38 F5 0C 85 02 AD C4 15
08B2BB,24,95 13 C2 20 BF CA 1C 7E 85 04 BF CC 1C 7E 85 0A
08B30B,24,AC 3A 12 C2 20 B9 10 00 38 F5 10 10 04 49 FF FF
08B310,24,B9 10 00 38 F5 10 10 04 49 FF FF 1A C9 E8 03 E2
08B2B9,24,75 13 95 13 C2 20 BF CA 1C 7E 85 04 BF CC 1C 7E
1FD06D,24,F5 0E 85 02 22 E3 FC 02 C2 20 85 3A EB 29 FF 00
08B314,24,F5 10 10 04 49 FF FF 1A C9 E8 03 E2 20 30 04 5C
1FD05E,24,22 92 CF 1F C2 20 AD 52 12 85 08 AD 0A 00 38 F5
08B316,24,10 04 49 FF FF 1A C9 E8 03 E2 20 30 04 5C 72 B3
1FD082,24,FA 6B DA 5A C2 20 AD 04 00 38 F5 0C 85 02 AD C4
1FD05D,24,5A 22 92 CF 1F C2 20 AD 52 12 85 08 AD 0A 00 38
08B29D,24,C9 F8 30 02 A9 F8 C9 80 6A 10 02 69 00 C9 80 6A
08B272,24,C2 20 BF CA 1C 7E 85 04 BF CE 1C 7E 8D C4 15 E2
08B28F,24,F5 13 C9 00 30 08 C9 08 10 0A A9 08 80 06 C9 F8
08B28E,24,38 F5 13 C9 00 30 08 C9 08 10 0A A9 08 80 06 C9
08B28C,24,F0 2D 38 F5 13 C9 00 30 08 C9 08 10 0A A9 08 80
08B28A,24,D5 13 F0 2D 38 F5 13 C9 00 30 08 C9 08 10 0A A9
08B291,24,C9 00 30 08 C9 08 10 0A A9 08 80 06 C9 F8 30 02
08B2DA,24,F0 2D 38 F5 12 C9 00 30 08 C9 08 10 0A A9 08 80
08B29F,24,30 02 A9 F8 C9 80 6A 10 02 69 00 C9 80 6A 10 02
08B2D8,24,D5 12 F0 2D 38 F5 12 C9 00 30 08 C9 08 10 0A A9
1FD07A,24,29 FF 00 E2 20 C2 10 7A FA 6B DA 5A C2 20 AD 04
08B2A3,24,C9 80 6A 10 02 69 00 C9 80 6A 10 02 69 00 C9 80
1FD06C,24,38 F5 0E 85 02 22 E3 FC 02 C2 20 85 3A EB 29 FF
08B274,24,BF CA 1C 7E 85 04 BF CE 1C 7E 8D C4 15 E2 20 22
1FCF58,24,FA 6B C2 20 B9 0C 00 18 65 04 38 F5 0C 85 02 10
1FCF57,24,7A FA 6B C2 20 B9 0C 00 18 65 04 38 F5 0C 85 02
08B259,24,A9 DC 05 9D CE 1C E2 20 C2 20 BD CE 1C 18 6D 13
1FD07D,24,E2 20 C2 10 7A FA 6B DA 5A C2 20 AD 04 00 38 F5
08B25F,24,E2 20 C2 20 BD CE 1C 18 6D 13 15 9D CE 1C E2 20
1FCF59,24,6B C2 20 B9 0C 00 18 65 04 38 F5 0C 85 02 10 06
08B263,24,BD CE 1C 18 6D 13 15 9D CE 1C E2 20 9C 34 15 C2
08B26A,24,9D CE 1C E2 20 9C 34 15 C2 20 BF CA 1C 7E 85 04
08B267,24,6D 13 15 9D CE 1C E2 20 9C 34 15 C2 20 BF CA 1C
08B281,24,E2 20 22 43 CF 1F 49 FF 1A D5 13 F0 2D 38 F5 13
08B27E,24,8D C4 15 E2 20 22 43 CF 1F 49 FF 1A D5 13 F0 2D
08B2A8,24,69 00 C9 80 6A 10 02 69 00 C9 80 6A 10 02 69 00
08B2B8,24,18 75 13 95 13 C2 20 BF CA 1C 7E 85 04 BF CC 1C
08B2B6,24,69 00 18 75 13 95 13 C2 20 BF CA 1C 7E 85 04 BF
1FD077,24,85 3A EB 29 FF 00 E2 20 C2 10 7A FA 6B DA 5A C2
08B2CF,24,8D C4 15 E2 20 22 5C D0 1F D5 12 F0 2D 38 F5 12
08B2C9,24,85 0A BF CE 1C 7E 8D C4 15 E2 20 22 5C D0 1F D5
08B2BF,24,BF CA 1C 7E 85 04 BF CC 1C 7E 85 0A BF CE 1C 7E
08B2BD,24,C2 20 BF CA 1C 7E 85 04 BF CC 1C 7E 85 0A BF CE
08B2C5,24,BF CC 1C 7E 85 0A BF CE 1C 7E 8D C4 15 E2 20 22
08B2CB,24,BF CE 1C 7E 8D C4 15 E2 20 22 5C D0 1F D5 12 F0
08B2A6,24,10 02 69 00 C9 80 6A 10 02 69 00 C9 80 6A 10 02
08B2B4,24,10 02 69 00 18 75 13 95 13 C2 20 BF CA 1C 7E 85
08B309,24,95 12 AC 3A 12 C2 20 B9 10 00 38 F5 10 10 04 49
08B2AD,24,10 02 69 00 C9 80 6A 10 02 69 00 18 75 13 95 13
08B2AC,24,6A 10 02 69 00 C9 80 6A 10 02 69 00 18 75 13 95
08B2AA,24,C9 80 6A 10 02 69 00 C9 80 6A 10 02 69 00 18 75
08B2B3,24,6A 10 02 69 00 18 75 13 95 13 C2 20 BF CA 1C 7E
08B2AF,24,69 00 C9 80 6A 10 02 69 00 18 75 13 95 13 C2 20
1FD071,24,22 E3 FC 02 C2 20 85 3A EB 29 FF 00 E2 20 C2 10
1FD06F,24,85 02 22 E3 FC 02 C2 20 85 3A EB 29 FF 00 E2 20
08B2C3,24,85 04 BF CC 1C 7E 85 0A BF CE 1C 7E 8D C4 15 E2
08B2D2,24,E2 20 22 5C D0 1F D5 12 F0 2D 38 F5 12 C9 00 30
08B257,24,C2 20 A9 DC 05 9D CE 1C E2 20 C2 20 BD CE 1C 18
08B283,24,22 43 CF 1F 49 FF 1A D5 13 F0 2D 38 F5 13 C9 00
08B26D,24,E2 20 9C 34 15 C2 20 BF CA 1C 7E 85 04 BF CE 1C
1FCF4D,24,C2 20 EB 29 FF 00 E2 20 C2 10 7A FA 6B C2 20 B9
08B26F,24,9C 34 15 C2 20 BF CA 1C 7E 85 04 BF CE 1C 7E 8D
1FCF43,24,DA 5A 22 92 CF 1F 22 E3 FC 02 C2 20 EB 29 FF 00
08B287,24,49 FF 1A D5 13 F0 2D 38 F5 13 C9 00 30 08 C9 08
1FD079,24,EB 29 FF 00 E2 20 C2 10 7A FA 6B DA 5A C2 20 AD
1FCF4F,24,EB 29 FF 00 E2 20 C2 10 7A FA 6B C2 20 B9 0C 00
08B261,24,C2 20 BD CE 1C 18 6D 13 15 9D CE 1C E2 20 9C 34
1FD07F,24,C2 10 7A FA 6B DA 5A C2 20 AD 04 00 38 F5 0C 85
1FD075,24,C2 20 85 3A EB 29 FF 00 E2 20 C2 10 7A FA 6B DA
08B25C,24,9D CE 1C E2 20 C2 20 BD CE 1C 18 6D 13 15 9D CE
1FCF44,24,5A 22 92 CF 1F 22 E3 FC 02 C2 20 EB 29 FF 00 E2
1FCF49,24,22 E3 FC 02 C2 20 EB 29 FF 00 E2 20 C2 10 7A FA
1FCF45,24,22 92 CF 1F 22 E3 FC 02 C2 20 EB 29 FF 00 E2 20
08B266,24,18 6D 13 15 9D CE 1C E2 20 9C 34 15 C2 20 BF CA
1FD062,24,C2 20 AD 52 12 85 08 AD 0A 00 38 F5 0E 85 02 22
1FCF50,24,29 FF 00 E2 20 C2 10 7A FA 6B C2 20 B9 0C 00 18
03EA21,24,64 02 AD 9C 18 29 7F 0A 18 69 05 65 02 20 4A EB
08B31F,24,E2 20 30 04 5C 72 B3 08 B5 15 85 7E B5 13 8D A9
08B278,24,85 04 BF CE 1C 7E 8D C4 15 E2 20 22 43 CF 1F 49
1FCF55,24,C2 10 7A FA 6B C2 20 B9 0C 00 18 65 04 38 F5 0C
1FD081,24,7A FA 6B DA 5A C2 20 AD 04 00 38 F5 0C 85 02 AD
08B289,24,1A D5 13 F0 2D 38 F5 13 C9 00 30 08 C9 08 10 0A
08B321,24,30 04 5C 72 B3 08 B5 15 85 7E B5 13 8D A9 15 B5
08B2A5,24,6A 10 02 69 00 C9 80 6A 10 02 69 00 C9 80 6A 10
1FD064,24,AD 52 12 85 08 AD 0A 00 38 F5 0E 85 02 22 E3 FC
08B293,24,30 08 C9 08 10 0A A9 08 80 06 C9 F8 30 02 A9 F8
1FCF53,24,E2 20 C2 10 7A FA 6B C2 20 B9 0C 00 18 65 04 38
08B2B1,24,C9 80 6A 10 02 69 00 18 75 13 95 13 C2 20 BF CA
1FD067,24,85 08 AD 0A 00 38 F5 0E 85 02 22 E3 FC 02 C2 20
08B27A,24,BF CE 1C 7E 8D C4 15 E2 20 22 43 CF 1F 49 FF 1A
0BDE95,23,69 00 8D F2 14 B5 14 18 6D F2 14 95 14 AD F0 14
1FD619,23,49 FF 1A C5 3A 10 05 AD C7 14 80 11 B5 15 CD C7
1FD61B,23,1A C5 3A 10 05 AD C7 14 80 11 B5 15 CD C7 14 F0
03ED74,23,48 AB C2 20 BD 00 80 29 FF 00 9B AA 7C 83 ED 5F
03ED75,23,AB C2 20 BD 00 80 29 FF 00 9B AA 7C 83 ED 5F F7
03ED71,23,AD F6 1F 48 AB C2 20 BD 00 80 29 FF 00 9B AA 7C
03ED6F,23,E2 20 AD F6 1F 48 AB C2 20 BD 00 80 29 FF 00 9B
03ED80,23,7C 83 ED 5F F7 7F F9 84 F9 D3 F9 D7 F9 6E FA 0D
03ED7F,23,AA 7C 83 ED 5F F7 7F F9 84 F9 D3 F9 D7 F9 6E FA
03ED78,23,BD 00 80 29 FF 00 9B AA 7C 83 ED 5F F7 7F F9 84
03ED7B,23,29 FF 00 9B AA 7C 83 ED 5F F7 7F F9 84 F9 D3 F9
03ED7E,23,9B AA 7C 83 ED 5F F7 7F F9 84 F9 D3 F9 D7 F9 6E
03ED76,23,C2 20 BD 00 80 29 FF 00 9B AA 7C 83 ED 5F F7 7F
7E5BBB,22,EA AF 17 42 00 4C FA 5B 49 FF 1A 0A 8F 02 42 00
7E5BB9,22,EA EA EA AF 17 42 00 4C FA 5B 49 FF 1A 0A 8F 02
7E5BC0,22,4C FA 5B 49 FF 1A 0A 8F 02 42 00 AD F5 15 30 08
7E5BBA,22,EA EA AF 17 42 00 4C FA 5B 49 FF 1A 0A 8F 02 42
7E5BB8,22,EA EA EA EA AF 17 42 00 4C FA 5B 49 FF 1A 0A 8F
7E5BB4,22,8F 03 42 00 EA EA EA EA AF 17 42 00 4C FA 5B 49
08B318,22,49 FF FF 1A C9 E8 03 E2 20 30 04 5C 72 B3 08 B5
7E5BD4,22,EA 4C F3 5B 49 FF 1A 8F 03 42 00 EA EA EA EA AF
7E5BD0,22,8F 03 42 00 EA 4C F3 5B 49 FF 1A 8F 03 42 00 EA
1FD634,22,65 3A 95 15 18 6B 38 6B C5 3A D0 04 5C 29 DA 1F
7E5BD5,22,4C F3 5B 49 FF 1A 8F 03 42 00 EA EA EA EA AF 17
1FD633,22,18 65 3A 95 15 18 6B 38 6B C5 3A D0 04 5C 29 DA
7E5BBC,22,AF 17 42 00 4C FA 5B 49 FF 1A 0A 8F 02 42 00 AD
03BAAE,22,F0 0F 0A 26 89 CA D0 FA 4C BF BA 46 89 6A E8 D0
08B31B,22,1A C9 E8 03 E2 20 30 04 5C 72 B3 08 B5 15 85 7E
048950,21,69 00 C9 80 6A 10 02 69 00 18 6D 59 17 8D 59 17
048957,21,69 00 18 6D 59 17 8D 59 17 80 04 5C 6F 89 04 AD
048938,21,10 0A A9 08 80 06 C9 F8 30 02 A9 F8 C9 80 6A 10
048940,21,30 02 A9 F8 C9 80 6A 10 02 69 00 C9 80 6A 10 02
048949,21,69 00 C9 80 6A 10 02 69 00 C9 80 6A 10 02 69 00
04893E,21,C9 F8 30 02 A9 F8 C9 80 6A 10 02 69 00 C9 80 6A
048936,21,C9 08 10 0A A9 08 80 06 C9 F8 30 02 A9 F8 C9 80
03EAE9,20,AD A0 18 C9 05 90 1B AD 9C 18 29 7F 0A 0A 18 6D
03DD6C,20,60 AD E0 1F 29 FF 00 D0 26 AC B1 15 8C B3 15 A9
03EAEC,20,C9 05 90 1B AD 9C 18 29 7F 0A 0A 18 6D FC 1F C2
03EAE3,20,20 4A EB EE A0 18 AD A0 18 C9 05 90 1B AD 9C 18
03EAE6,20,EE A0 18 AD A0 18 C9 05 90 1B AD 9C 18 29 7F 0A
03EAEE,20,90 1B AD 9C 18 29 7F 0A 0A 18 6D FC 1F C2 20 29
03EA07,20,82 D9 00 22 4A FC 02 29 1F D0 04 A9 04 80 18 29
7E5BDA,19,1A 8F 03 42 00 EA EA EA EA AF 17 42 00 4C FA 5B
7E5BDB,19,8F 03 42 00 EA EA EA EA AF 17 42 00 4C FA 5B 49
7E5BDF,19,EA EA EA EA AF 17 42 00 4C FA 5B 49 FF 1A 8F 03
7E5BE7,19,4C FA 5B 49 FF 1A 8F 03 42 00 EA EA A9 00 38 EF
7E5BF2,19,EA A9 00 38 EF 17 42 00 AA 8A 49 FF 1A 85 0A A5
1FCD6E,19,EA EA EA EA AD 17 42 4C 86 CD 49 FF 1A 8D 03 42
1FCD71,19,EA AD 17 42 4C 86 CD 49 FF 1A 8D 03 42 EA EA A9
1FCD68,19,49 FF 1A 8D 03 42 EA EA EA EA AD 17 42 4C 86 CD
1FCD6F,19,EA EA EA AD 17 42 4C 86 CD 49 FF 1A 8D 03 42 EA
1FCD6A,19,1A 8D 03 42 EA EA EA EA AD 17 42 4C 86 CD 49 FF
1FCD75,19,4C 86 CD 49 FF 1A 8D 03 42 EA EA A9 00 38 ED 17
1FCD70,19,EA EA AD 17 42 4C 86 CD 49 FF 1A 8D 03 42 EA EA
1FCD72,19,AD 17 42 4C 86 CD 49 FF 1A 8D 03 42 EA EA A9 00
7E5BD8,19,49 FF 1A 8F 03 42 00 EA EA EA EA AF 17 42 00 4C
7E5BE2,19,EA AF 17 42 00 4C FA 5B 49 FF 1A 8F 03 42 00 EA
1FCD6B,19,8D 03 42 EA EA EA EA AD 17 42 4C 86 CD 49 FF 1A
7E5BE0,19,EA EA EA AF 17 42 00 4C FA 5B 49 FF 1A 8F 03 42
7E5BE1,19,EA EA AF 17 42 00 4C FA 5B 49 FF 1A 8F 03 42 00
7E5BED,19,8F 03 42 00 EA EA A9 00 38 EF 17 42 00 AA 8A 49
7E5BEA,19,49 FF 1A 8F 03 42 00 EA EA A9 00 38 EF 17 42 00
7E5BE3,19,AF 17 42 00 4C FA 5B 49 FF 1A 8F 03 42 00 EA EA
7E5BF1,19,EA EA A9 00 38 EF 17 42 00 AA 8A 49 FF 1A 85 0A
7E5BEC,19,1A 8F 03 42 00 EA EA A9 00 38 EF 17 42 00 AA 8A
0BD18F,18,80 08 C9 F8 FF 30 03 A9 F8 FF C9 00 80 6A 10 03
0BD18C,18,A9 08 00 80 08 C9 F8 FF 30 03 A9 F8 FF C9 00 80
0B91BC,17,A5 C5 18 75 33 85 C5 E2 20 AC 38 12 C2 20 B9 10
0B9139,17,C2 20 AD 8B 15 C5 C3 F0 2F 38 E5 C3 C9 00 00 30
0B90EC,17,C2 20 B5 0E 85 3A AD 8B 15 22 6F D6 1F 95 0E E2
0B916F,17,65 C3 85 C3 E2 20 C2 20 AD 13 15 C5 C5 F0 38 38
0B9173,17,E2 20 C2 20 AD 13 15 C5 C5 F0 38 38 E5 C5 C9 00
0B91B8,17,E2 20 C2 20 A5 C5 18 75 33 85 C5 E2 20 AC 38 12
0B9111,17,10 0D A9 04 00 80 08 C9 FC FF 30 03 A9 FC FF C9
0B9171,17,85 C3 E2 20 C2 20 AD 13 15 C5 C5 F0 38 38 E5 C5
0B91BE,17,18 75 33 85 C5 E2 20 AC 38 12 C2 20 B9 10 00 38
0B913B,17,AD 8B 15 C5 C3 F0 2F 38 E5 C3 C9 00 00 30 0A C9
0B9132,17,18 65 C1 85 C1 E2 20 C2 20 AD 8B 15 C5 C3 F0 2F
0B91B4,17,65 C5 85 C5 E2 20 C2 20 A5 C5 18 75 33 85 C5 E2
0B91C3,17,E2 20 AC 38 12 C2 20 B9 10 00 38 F5 10 10 04 49
0B917A,17,C5 C5 F0 38 38 E5 C5 C9 00 00 30 0A C9 08 00 10
0B91B3,17,18 65 C5 85 C5 E2 20 C2 20 A5 C5 18 75 33 85 C5
0B91C1,17,85 C5 E2 20 AC 38 12 C2 20 B9 10 00 38 F5 10 10
0B9123,17,6A 10 03 69 00 00 C9 00 80 6A 10 03 69 00 00 18
0B917E,17,38 E5 C5 C9 00 00 30 0A C9 08 00 10 0D A9 08 00
0B916E,17,18 65 C3 85 C3 E2 20 C2 20 AD 13 15 C5 C5 F0 38
0B910E,17,C9 04 00 10 0D A9 04 00 80 08 C9 FC FF 30 03 A9
0B90FD,17,C2 20 A9 00 00 C5 C1 F0 2F 38 E5 C1 C9 00 00 30
0B90DD,17,B5 0C 85 3A A9 00 00 22 6F D6 1F 95 0C E2 20 C2
0B91B6,17,85 C5 E2 20 C2 20 A5 C5 18 75 33 85 C5 E2 20 AC
0B90F5,17,22 6F D6 1F 95 0E E2 20 C2 20 A9 00 00 C5 C1 F0
06855E,17,69 00 00 8D EA 14 E2 20 C2 20 AD E6 14 18 69 02
0B9165,17,C9 00 80 6A 10 03 69 00 00 18 65 C3 85 C3 E2 20
0B9168,17,6A 10 03 69 00 00 18 65 C3 85 C3 E2 20 C2 20 AD
0B915C,17,C9 00 80 6A 10 03 69 00 00 C9 00 80 6A 10 03 69
0B917C,17,F0 38 38 E5 C5 C9 00 00 30 0A C9 08 00 10 0D A9
0B90EE,17,B5 0E 85 3A AD 8B 15 22 6F D6 1F 95 0E E2 20 C2
0B90EA,17,E2 20 C2 20 B5 0E 85 3A AD 8B 15 22 6F D6 1F 95
0B90E8,17,95 0C E2 20 C2 20 B5 0E 85 3A AD 8B 15 22 6F D6
0B90DB,17,C2 20 B5 0C 85 3A A9 00 00 22 6F D6 1F 95 0C E2
0B90F9,17,95 0E E2 20 C2 20 A9 00 00 C5 C1 F0 2F 38 E5 C1
0B914D,17,10 0D A9 04 00 80 08 C9 FC FF 30 03 A9 FC FF C9
0B90E1,17,A9 00 00 22 6F D6 1F 95 0C E2 20 C2 20 B5 0E 85
0B91AE,17,10 03 69 00 00 18 65 C5 85 C5 E2 20 C2 20 A5 C5
0B915F,17,6A 10 03 69 00 00 C9 00 80 6A 10 03 69 00 00 18
0B9169,17,10 03 69 00 00 18 65 C3 85 C3 E2 20 C2 20 AD 13
0B90DF,17,85 3A A9 00 00 22 6F D6 1F 95 0C E2 20 C2 20 B5
0B91A5,17,10 03 69 00 00 C9 00 80 6A 10 03 69 00 00 18 65
0B9189,17,10 0D A9 08 00 80 08 C9 F8 FF 30 03 A9 F8 FF C9
0B90FB,17,E2 20 C2 20 A9 00 00 C5 C1 F0 2F 38 E5 C1 C9 00
0B9140,17,F0 2F 38 E5 C3 C9 00 00 30 0A C9 04 00 10 0D A9
0B9160,17,10 03 69 00 00 C9 00 80 6A 10 03 69 00 00 18 65
0B90F0,17,85 3A AD 8B 15 22 6F D6 1F 95 0E E2 20 C2 20 A9
0B91BF,17,75 33 85 C5 E2 20 AC 38 12 C2 20 B9 10 00 38 F5
0B9135,17,85 C1 E2 20 C2 20 AD 8B 15 C5 C3 F0 2F 38 E5 C3
0B9137,17,E2 20 C2 20 AD 8B 15 C5 C3 F0 2F 38 E5 C3 C9 00
0B90FF,17,A9 00 00 C5 C1 F0 2F 38 E5 C1 C9 00 00 30 0A C9
0B91AA,17,C9 00 80 6A 10 03 69 00 00 18 65 C5 85 C5 E2 20
0B91AD,17,6A 10 03 69 00 00 18 65 C5 85 C5 E2 20 C2 20 A5
0B91A4,17,6A 10 03 69 00 00 C9 00 80 6A 10 03 69 00 00 18
0B91A1,17,C9 00 80 6A 10 03 69 00 00 C9 00 80 6A 10 03 69
0B913E,17,C5 C3 F0 2F 38 E5 C3 C9 00 00 30 0A C9 04 00 10
0B91DB,17,30 04 5C E3 BB 0B A9 00 8D CC 15 AD D2 14 29 FE
0B919C,17,10 03 69 00 00 C9 00 80 6A 10 03 69 00 00 C9 00
0B91BA,17,C2 20 A5 C5 18 75 33 85 C5 E2 20 AC 38 12 C2 20
0B919B,17,6A 10 03 69 00 00 C9 00 80 6A 10 03 69 00 00 C9
0B912D,17,10 03 69 00 00 18 65 C1 85 C1 E2 20 C2 20 AD 8B
0B912C,17,6A 10 03 69 00 00 18 65 C1 85 C1 E2 20 C2 20 AD
0B910C,17,30 0A C9 04 00 10 0D A9 04 00 80 08 C9 FC FF 30
0B91CE,17,F5 10 10 04 49 FF FF 1A C9 AA 00 E2 20 30 04 5C
0B9124,17,10 03 69 00 00 C9 00 80 6A 10 03 69 00 00 18 65
0B9120,17,C9 00 80 6A 10 03 69 00 00 C9 00 80 6A 10 03 69
0B9102,17,C5 C1 F0 2F 38 E5 C1 C9 00 00 30 0A C9 04 00 10
0B9109,17,C9 00 00 30 0A C9 04 00 10 0D A9 04 00 80 08 C9
0B9106,17,38 E5 C1 C9 00 00 30 0A C9 04 00 10 0D A9 04 00
0B9104,17,F0 2F 38 E5 C1 C9 00 00 30 0A C9 04 00 10 0D A9
0B9107,17,E5 C1 C9 00 00 30 0A C9 04 00 10 0D A9 04 00 80
0B9129,17,C9 00 80 6A 10 03 69 00 00 18 65 C1 85 C1 E2 20
0B91D2,17,49 FF FF 1A C9 AA 00 E2 20 30 04 5C E3 BB 0B A9
0B91D9,17,E2 20 30 04 5C E3 BB 0B A9 00 8D CC 15 AD D2 14
0B9175,17,C2 20 AD 13 15 C5 C5 F0 38 38 E5 C5 C9 00 00 30
0B91D6,17,C9 AA 00 E2 20 30 04 5C E3 BB 0B A9 00 8D CC 15
0B90E4,17,22 6F D6 1F 95 0C E2 20 C2 20 B5 0E 85 3A AD 8B
0B917F,17,E5 C5 C9 00 00 30 0A C9 08 00 10 0D A9 08 00 80
0B91D0,17,10 04 49 FF FF 1A C9 AA 00 E2 20 30 04 5C E3 BB
0B9145,17,C9 00 00 30 0A C9 04 00 10 0D A9 04 00 80 08 C9
0B9181,17,C9 00 00 30 0A C9 08 00 10 0D A9 08 00 80 08 C9
0B91D5,17,1A C9 AA 00 E2 20 30 04 5C E3 BB 0B A9 00 8D CC
0B9184,17,30 0A C9 08 00 10 0D A9 08 00 80 08 C9 F8 FF 30
0B9177,17,AD 13 15 C5 C5 F0 38 38 E5 C5 C9 00 00 30 0A C9
0B9143,17,E5 C3 C9 00 00 30 0A C9 04 00 10 0D A9 04 00 80
0B9148,17,30 0A C9 04 00 10 0D A9 04 00 80 08 C9 FC FF 30
0B9142,17,38 E5 C3 C9 00 00 30 0A C9 04 00 10 0D A9 04 00
0B90F2,17,AD 8B 15 22 6F D6 1F 95 0E E2 20 C2 20 A9 00 00
0B9133,17,65 C1 85 C1 E2 20 C2 20 AD 8B 15 C5 C3 F0 2F 38
0B91C8,17,C2 20 B9 10 00 38 F5 10 10 04 49 FF FF 1A C9 AA
0B914A,17,C9 04 00 10 0D A9 04 00 80 08 C9 FC FF 30 03 A9
0B9198,17,C9 00 80 6A 10 03 69 00 00 C9 00 80 6A 10 03 69
0B91CA,17,B9 10 00 38 F5 10 10 04 49 FF FF 1A C9 AA 00 E2
0B91C5,17,AC 38 12 C2 20 B9 10 00 38 F5 10 10 04 49 FF FF
0B91CD,17,38 F5 10 10 04 49 FF FF 1A C9 AA 00 E2 20 30 04
0B9186,17,C9 08 00 10 0D A9 08 00 80 08 C9 F8 FF 30 03 A9
099909,16,BD 45 17 9D 97 A0 CA 10 F1 AB 6B 08 8B E2 20 A9
099903,16,BD 4D 17 9D 8F A0 BD 45 17 9D 97 A0 CA 10 F1 AB
048551,16,80 03 29 FF 00 18 75 0C 95 0C 4C D5 83 20 4A A3
04854E,16,09 00 FF 80 03 29 FF 00 18 75 0C 95 0C 4C D5 83
049A37,16,C2 20 BD F8 1C 22 28 FC 0A 9D F8 1C AD A9 F0 8D
09990C,16,9D 97 A0 CA 10 F1 AB 6B 08 8B E2 20 A9 00 48 AB
049A52,16,F0 3D C2 20 BD F8 1C 22 28 FC 0A 9D F8 1C AD A9
049A40,16,9D F8 1C AD A9 F0 8D 59 17 E2 20 C2 20 CE 59 17
03E1B2,16,F0 0A E2 20 A9 8A 22 E5 B7 03 C2 20 A9 00 00 8D
049A39,16,BD F8 1C 22 28 FC 0A 9D F8 1C AD A9 F0 8D 59 17
049A50,16,E2 20 F0 3D C2 20 BD F8 1C 22 28 FC 0A 9D F8 1C
049A49,16,E2 20 C2 20 CE 59 17 E2 20 F0 3D C2 20 BD F8 1C
049A4D,16,CE 59 17 E2 20 F0 3D C2 20 BD F8 1C 22 28 FC 0A
049A4B,16,C2 20 CE 59 17 E2 20 F0 3D C2 20 BD F8 1C 22 28
03E1BE,16,A9 00 00 8D CD 1F 60 AD C9 1F 89 01 00 D0 01 60
03E1AF,16,AD C7 14 F0 0A E2 20 A9 8A 22 E5 B7 03 C2 20 A9
049A46,16,8D 59 17 E2 20 C2 20 CE 59 17 E2 20 F0 3D C2 20
049A3C,16,22 28 FC 0A 9D F8 1C AD A9 F0 8D 59 17 E2 20 C2
099906,16,9D 8F A0 BD 45 17 9D 97 A0 CA 10 F1 AB 6B 08 8B
09990F,16,CA 10 F1 AB 6B 08 8B E2 20 A9 00 48 AB 78 E2 20
0B91DD,16,5C E3 BB 0B A9 00 8D CC 15 AD D2 14 29 FE 8D D2
049A43,16,AD A9 F0 8D 59 17 E2 20 C2 20 CE 59 17 E2 20 F0
099910,16,10 F1 AB 6B 08 8B E2 20 A9 00 48 AB 78 E2 20 C2
07816A,15,B5 23 D0 04 5C 79 81 07 D6 23 A9 B1 82 02 00 A9
078181,15,B5 10 18 69 32 00 95 10 E2 20 B5 20 29 F7 95 20
07817B,15,9F E8 1C 7E C2 20 B5 10 18 69 32 00 95 10 E2 20
078179,15,A9 51 9F E8 1C 7E C2 20 B5 10 18 69 32 00 95 10
078189,15,E2 20 B5 20 29 F7 95 20 D6 0A F0 04 5C 9D 81 07
1FC48C,15,8D 03 42 EA EA A9 00 38 ED 17 42 AA 85 02 A5 02
078193,15,F0 04 5C 9D 81 07 22 01 D5 1F 6B C2 20 A9 B9 81
049A69,15,B5 28 8D A9 F0 BD F8 1C 22 CB FB 0A 9D F8 1C E2
078191,15,D6 0A F0 04 5C 9D 81 07 22 01 D5 1F 6B C2 20 A9
078187,15,95 10 E2 20 B5 20 29 F7 95 20 D6 0A F0 04 5C 9D
049A6B,15,8D A9 F0 BD F8 1C 22 CB FB 0A 9D F8 1C E2 20 C2
049A67,15,C2 20 B5 28 8D A9 F0 BD F8 1C 22 CB FB 0A 9D F8
07818F,15,95 20 D6 0A F0 04 5C 9D 81 07 22 01 D5 1F 6B C2
049A54,15,C2 20 BD F8 1C 22 28 FC 0A 9D F8 1C AD A9 F0 95
049A60,15,AD A9 F0 95 28 E2 20 C2 20 B5 28 8D A9 F0 BD F8
049A65,15,E2 20 C2 20 B5 28 8D A9 F0 BD F8 1C 22 CB FB 0A
049A63,15,95 28 E2 20 C2 20 B5 28 8D A9 F0 BD F8 1C 22 CB
049A6E,15,BD F8 1C 22 CB FB 0A 9D F8 1C E2 20 C2 20 AD 59
07816E,15,5C 79 81 07 D6 23 A9 B1 82 02 00 A9 51 9F E8 1C
07817F,15,C2 20 B5 10 18 69 32 00 95 10 E2 20 B5 20 29 F7
049A7C,15,AD 59 17 8D A9 F0 BD F8 1C 22 CB FB 0A 9D F8 1C
049A7F,15,8D A9 F0 BD F8 1C 22 CB FB 0A 9D F8 1C E2 20 4C
049A71,15,22 CB FB 0A 9D F8 1C E2 20 C2 20 AD 59 17 8D A9
049A85,15,22 CB FB 0A 9D F8 1C E2 20 4C 9A A1 C2 20 BD F8
07819D,15,6B C2 20 A9 B9 81 95 16 E2 20 A9 07 95 18 B5 1E
049A7A,15,C2 20 AD 59 17 8D A9 F0 BD F8 1C 22 CB FB 0A 9D
049A75,15,9D F8 1C E2 20 C2 20 AD 59 17 8D A9 F0 BD F8 1C
049A78,15,E2 20 C2 20 AD 59 17 8D A9 F0 BD F8 1C 22 CB FB
049A82,15,BD F8 1C 22 CB FB 0A 9D F8 1C E2 20 4C 9A A1 C2
1FC48B,15,1A 8D 03 42 EA EA A9 00 38 ED 17 42 AA 85 02 A5
07818D,15,29 F7 95 20 D6 0A F0 04 5C 9D 81 07 22 01 D5 1F
1FC48F,15,EA EA A9 00 38 ED 17 42 AA 85 02 A5 02 30 15 0A
049A8E,15,4C 9A A1 C2 20 BD F8 1C 22 28 FC 0A 9D F8 1C AD
1FC491,15,A9 00 38 ED 17 42 AA 85 02 A5 02 30 15 0A 8D 02
049A5D,15,9D F8 1C AD A9 F0 95 28 E2 20 C2 20 B5 28 8D A9
1FC490,15,EA A9 00 38 ED 17 42 AA 85 02 A5 02 30 15 0A 8D
078166,15,A9 01 95 22 B5 23 D0 04 5C 79 81 07 D6 23 A9 B1
1FC493,15,38 ED 17 42 AA 85 02 A5 02 30 15 0A 8D 02 42 A5
1FC489,15,49 FF 1A 8D 03 42 EA EA A9 00 38 ED 17 42 AA 85
078184,15,69 32 00 95 10 E2 20 B5 20 29 F7 95 20 D6 0A F0
07815E,15,D6 22 F0 04 5C 9D 81 07 A9 01 95 22 B5 23 D0 04
049A56,15,BD F8 1C 22 28 FC 0A 9D F8 1C AD A9 F0 95 28 E2
078168,15,95 22 B5 23 D0 04 5C 79 81 07 D6 23 A9 B1 82 02
049A89,15,9D F8 1C E2 20 4C 9A A1 C2 20 BD F8 1C 22 28 FC
078183,15,18 69 32 00 95 10 E2 20 B5 20 29 F7 95 20 D6 0A
07816C,15,D0 04 5C 79 81 07 D6 23 A9 B1 82 02 00 A9 51 9F
07818B,15,B5 20 29 F7 95 20 D6 0A F0 04 5C 9D 81 07 22 01
1FC494,15,ED 17 42 AA 85 02 A5 02 30 15 0A 8D 02 42 A5 83
078160,15,F0 04 5C 9D 81 07 A9 01 95 22 B5 23 D0 04 5C 79
049A59,15,22 28 FC 0A 9D F8 1C AD A9 F0 95 28 E2 20 C2 20
049A8C,15,E2 20 4C 9A A1 C2 20 BD F8 1C 22 28 FC 0A 9D F8
048531,14,18 75 13 95 13 4C D5 83 20 4A A3 18 75 14 95 14
048536,14,4C D5 83 20 4A A3 18 75 14 95 14 4C D5 83 20 4A
04852B,14,4C D5 83 20 4A A3 18 75 13 95 13 4C D5 83 20 4A
048532,14,75 13 95 13 4C D5 83 20 4A A3 18 75 14 95 14 4C
048534,14,95 13 4C D5 83 20 4A A3 18 75 14 95 14 4C D5 83
078195,14,5C 9D 81 07 22 01 D5 1F 6B C2 20 A9 B9 81 95 16
04852E,14,20 4A A3 18 75 13 95 13 4C D5 83 20 4A A3 18 75
048529,14,95 12 4C D5 83 20 4A A3 18 75 13 95 13 4C D5 83
048526,14,18 75 12 95 12 4C D5 83 20 4A A3 18 75 13 95 13
048527,14,75 12 95 12 4C D5 83 20 4A A3 18 75 13 95 13 4C
048523,14,20 4A A3 18 75 12 95 12 4C D5 83 20 4A A3 18 75
1FD38F,13,09 10 95 08 B5 09 09 08 95 09 B5 2E 09 04 95 2E
1FD39F,13,B5 1F 09 08 95 1F DA BB 7A 6B C2 20 9B AE 21 12
1FD3A1,13,09 08 95 1F DA BB 7A 6B C2 20 9B AE 21 12 D0 06
1FD391,13,95 08 B5 09 09 08 95 09 B5 2E 09 04 95 2E B5 1F
1FD3A3,13,95 1F DA BB 7A 6B C2 20 9B AE 21 12 D0 06 E2 20
1FD39B,13,09 04 95 2E B5 1F 09 08 95 1F DA BB 7A 6B C2 20
1FD3A6,13,BB 7A 6B C2 20 9B AE 21 12 D0 06 E2 20 BB 4C DE
1FD393,13,B5 09 09 08 95 09 B5 2E 09 04 95 2E B5 1F 09 08
1FD3A7,13,7A 6B C2 20 9B AE 21 12 D0 06 E2 20 BB 4C DE D3
1FD38D,13,B5 08 09 10 95 08 B5 09 09 08 95 09 B5 2E 09 04
1FD37F,13,DA A0 36 00 9F CA 1C 7E E8 88 D0 F8 FA 7A B5 08
1FD3A5,13,DA BB 7A 6B C2 20 9B AE 21 12 D0 06 E2 20 BB 4C
1FD397,13,95 09 B5 2E 09 04 95 2E B5 1F 09 08 95 1F DA BB
1FD395,13,09 08 95 09 B5 2E 09 04 95 2E B5 1F 09 08 95 1F
1FD399,13,B5 2E 09 04 95 2E B5 1F 09 08 95 1F DA BB 7A 6B
1FD38B,13,FA 7A B5 08 09 10 95 08 B5 09 09 08 95 09 B5 2E
1FD3A8,13,6B C2 20 9B AE 21 12 D0 06 E2 20 BB 4C DE D3 B5
1FD39D,13,95 2E B5 1F 09 08 95 1F DA BB 7A 6B C2 20 9B AE
1FD36E,13,DA BB 7A A9 00 5A DA A0 32 00 95 04 E8 88 D0 FA
03BA5C,13,E8 4A F0 06 66 84 E8 4A D0 FA 66 84 4C 82 BA A5
1FD375,13,A0 32 00 95 04 E8 88 D0 FA FA DA A0 36 00 9F CA
1FD37E,13,FA DA A0 36 00 9F CA 1C 7E E8 88 D0 F8 FA 7A B5
03BA5E,13,F0 06 66 84 E8 4A D0 FA 66 84 4C 82 BA A5 84 30
1FD370,13,7A A9 00 5A DA A0 32 00 95 04 E8 88 D0 FA FA DA
03BA5D,13,4A F0 06 66 84 E8 4A D0 FA 66 84 4C 82 BA A5 84
03BA68,13,4C 82 BA A5 84 30 13 D0 0B A5 CA 85 88 A5 CB 85
03BA66,13,66 84 4C 82 BA A5 84 30 13 D0 0B A5 CA 85 88 A5
1FD38C,13,7A B5 08 09 10 95 08 B5 09 09 08 95 09 B5 2E 09
1FD374,13,DA A0 32 00 95 04 E8 88 D0 FA FA DA A0 36 00 9F
1FD371,13,A9 00 5A DA A0 32 00 95 04 E8 88 D0 FA FA DA A0
1FD36F,13,BB 7A A9 00 5A DA A0 32 00 95 04 E8 88 D0 FA FA
1FD373,13,5A DA A0 32 00 95 04 E8 88 D0 FA FA DA A0 36 00
1FD380,13,A0 36 00 9F CA 1C 7E E8 88 D0 F8 FA 7A B5 08 09
7E5738,12,1A 38 ED 52 12 30 03 4C 82 57 BD CA 2E 18 6D 5C
0AFB7F,12,F0 10 DA BE A1 A0 98 22 79 F9 0A 9B D0 F5 FA 9E
0AFB91,12,AB 28 7A FA 6B DA 08 8B 48 E2 20 A9 7E 48 AB C2
0AFB95,12,6B DA 08 8B 48 E2 20 A9 7E 48 AB C2 20 A9 06 00
0AFB94,12,FA 6B DA 08 8B 48 E2 20 A9 7E 48 AB C2 20 A9 06
0AFB7A,12,C2 20 BC F6 1C F0 10 DA BE A1 A0 98 22 79 F9 0A
1FBFEB,12,AE 1F 12 D5 19 D0 02 74 19 D5 06 D0 02 74 06 DD
0AFB74,12,E2 20 A9 7E 48 AB C2 20 BC F6 1C F0 10 DA BE A1
1FC012,12,B4 02 D0 0D B4 00 8C 1F 12 A9 00 00 99 02 00 80
0AFB79,12,AB C2 20 BC F6 1C F0 10 DA BE A1 A0 98 22 79 F9
1FC00D,12,FA 22 70 FB 0A B4 02 D0 0D B4 00 8C 1F 12 A9 00
0AFB72,12,08 8B E2 20 A9 7E 48 AB C2 20 BC F6 1C F0 10 DA
1FC00E,12,22 70 FB 0A B4 02 D0 0D B4 00 8C 1F 12 A9 00 00
1FC023,12,DA B5 00 AA 96 00 C9 00 00 F0 02 94 02 FA AD 21
1FC036,12,8E 21 12 28 7A FA 60 08 C2 30 9C FD 1E AE 1F 12
1FC026,12,AA 96 00 C9 00 00 F0 02 94 02 FA AD 21 12 95 00
1FDC24,12,6B B5 18 48 C2 20 D0 09 B5 16 F0 0C 3A 48 E2 20
0AFB92,12,28 7A FA 6B DA 08 8B 48 E2 20 A9 7E 48 AB C2 20
0AFB70,12,DA 5A 08 8B E2 20 A9 7E 48 AB C2 20 BC F6 1C F0
0780A1,12,5C 0C 81 07 B5 1E 29 10 F0 04 5C E9 80 07 B5 1E
1FC039,12,28 7A FA 60 08 C2 30 9C FD 1E AE 1F 12 F0 55 A0
1FC024,12,B5 00 AA 96 00 C9 00 00 F0 02 94 02 FA AD 21 12
1FBFE9,12,DA 8A AE 1F 12 D5 19 D0 02 74 19 D5 06 D0 02 74
1FBFEA,12,8A AE 1F 12 D5 19 D0 02 74 19 D5 06 D0 02 74 06
1FC027,12,96 00 C9 00 00 F0 02 94 02 FA AD 21 12 95 00 8E
1FBFDF,12,6B DA 5A 08 22 A4 DB 1F C2 20 DA 8A AE 1F 12 D5
1FC029,12,C9 00 00 F0 02 94 02 FA AD 21 12 95 00 8E 21 12
1FC030,12,FA AD 21 12 95 00 8E 21 12 28 7A FA 60 08 C2 30
1FC02E,12,94 02 FA AD 21 12 95 00 8E 21 12 28 7A FA 60 08
1FDBD7,12,5C 24 DC 1F B9 20 00 29 BF 99 20 00 9C C7 14 5A
1FBFE1,12,5A 08 22 A4 DB 1F C2 20 DA 8A AE 1F 12 D5 19 D0
1FDBAA,12,D0 04 5C D1 DB 1F B4 06 B5 20 29 EF 95 20 C2 20
0AFB7C,12,BC F6 1C F0 10 DA BE A1 A0 98 22 79 F9 0A 9B D0
0AFB78,12,48 AB C2 20 BC F6 1C F0 10 DA BE A1 A0 98 22 79
0BD191,12,C9 F8 FF 30 03 A9 F8 FF C9 00 80 6A 10 03 69 00
0AFB73,12,8B E2 20 A9 7E 48 AB C2 20 BC F6 1C F0 10 DA BE
1FDBAC,12,5C D1 DB 1F B4 06 B5 20 29 EF 95 20 C2 20 86 3C
0AFB93,12,7A FA 6B DA 08 8B 48 E2 20 A9 7E 48 AB C2 20 A9
1FC014,12,D0 0D B4 00 8C 1F 12 A9 00 00 99 02 00 80 0E DA
0BD19F,12,69 00 00 C9 00 80 6A 10 03 69 00 00 C9 00 80 6A
0BD1A8,12,69 00 00 C9 00 80 6A 10 03 69 00 00 18 6D FC 14
0AFB76,12,A9 7E 48 AB C2 20 BC F6 1C F0 10 DA BE A1 A0 98
0AFB71,12,5A 08 8B E2 20 A9 7E 48 AB C2 20 BC F6 1C F0 10
1FDBD5,12,D0 04 5C 24 DC 1F B9 20 00 29 BF 99 20 00 9C C7
1FBFE7,12,C2 20 DA 8A AE 1F 12 D5 19 D0 02 74 19 D5 06 D0
0BD1B1,12,69 00 00 18 6D FC 14 8D FC 14 E2 20 AD 0D 15 8D
1FDBA4,12,E2 20 B5 20 29 10 D0 04 5C D1 DB 1F B4 06 B5 20
7E5735,12,49 FF FF 1A 38 ED 52 12 30 03 4C 82 57 BD CA 2E
1FDBA8,12,29 10 D0 04 5C D1 DB 1F B4 06 B5 20 29 EF 95 20
1FC03B,12,FA 60 08 C2 30 9C FD 1E AE 1F 12 F0 55 A0 00 00
1FDBD3,12,29 40 D0 04 5C 24 DC 1F B9 20 00 29 BF 99 20 00
1FC03A,12,7A FA 60 08 C2 30 9C FD 1E AE 1F 12 F0 55 A0 00
1FBFDC,12,20 E0 BF 6B DA 5A 08 22 A4 DB 1F C2 20 DA 8A AE
1FBFE3,12,22 A4 DB 1F C2 20 DA 8A AE 1F 12 D5 19 D0 02 74
1FBFE2,12,08 22 A4 DB 1F C2 20 DA 8A AE 1F 12 D5 19 D0 02
1FC03C,12,60 08 C2 30 9C FD 1E AE 1F 12 F0 55 A0 00 00 DA
1FDBD1,12,B5 20 29 40 D0 04 5C 24 DC 1F B9 20 00 29 BF 99
1FBFE0,12,DA 5A 08 22 A4 DB 1F C2 20 DA 8A AE 1F 12 D5 19
1FDBA6,12,B5 20 29 10 D0 04 5C D1 DB 1F B4 06 B5 20 29 EF
1FC02C,12,F0 02 94 02 FA AD 21 12 95 00 8E 21 12 28 7A FA
0BD194,12,30 03 A9 F8 FF C9 00 80 6A 10 03 69 00 00 C9 00
1FC034,12,95 00 8E 21 12 28 7A FA 60 08 C2 30 9C FD 1E AE
1FC031,12,AD 21 12 95 00 8E 21 12 28 7A FA 60 08 C2 30 9C
1FD90C,11,80 06 C9 F0 30 02 A9 F0 C9 80 6A 10 02 69 00 C9
1FD90A,11,A9 10 80 06 C9 F0 30 02 A9 F0 C9 80 6A 10 02 69
1FCC35,10,30 07 8D 03 42 EA 4C 56 CC 49 FF 1A 8D 03 42 EA
1FCC2E,10,0A 8D 02 42 AD F6 15 30 07 8D 03 42 EA 4C 56 CC
1FCC32,10,AD F6 15 30 07 8D 03 42 EA 4C 56 CC 49 FF 1A 8D
1FCC59,10,ED 17 42 AA 8A 18 6D C4 15 8D C4 15 89 80 F0 07
1FCC2F,10,8D 02 42 AD F6 15 30 07 8D 03 42 EA 4C 56 CC 49
06871C,10,6D C4 15 95 10 B9 0E 00 18 65 0A 95 0E E2 20 D6
1FCC56,10,A9 00 38 ED 17 42 AA 8A 18 6D C4 15 8D C4 15 89
1FCC58,10,38 ED 17 42 AA 8A 18 6D C4 15 8D C4 15 89 80 F0
1FCC0B,10,49 FF 1A 8D C4 15 A5 90 30 16 0A 8D 02 42 AD F6
068725,10,65 0A 95 0E E2 20 D6 0A F0 04 5C 37 87 06 22 01
02DA8C,10,AD A7 16 8D A8 16 9C A7 16 AD A6 16 38 E9 3C 8D
1FCBBC,10,64 0B A5 08 30 16 0A 8D 02 42 AD F5 15 30 30 8D
06871F,10,95 10 B9 0E 00 18 65 0A 95 0E E2 20 D6 0A F0 04
068727,10,95 0E E2 20 D6 0A F0 04 5C 37 87 06 22 01 D5 1F
1FCC3A,10,EA 4C 56 CC 49 FF 1A 8D 03 42 EA EA EA EA AD 17
1FCC3B,10,4C 56 CC 49 FF 1A 8D 03 42 EA EA EA EA AD 17 42
1FCC2D,10,1A 0A 8D 02 42 AD F6 15 30 07 8D 03 42 EA 4C 56
1FCC2B,10,49 FF 1A 0A 8D 02 42 AD F6 15 30 07 8D 03 42 EA
1FCC37,10,8D 03 42 EA 4C 56 CC 49 FF 1A 8D 03 42 EA EA EA
068724,10,18 65 0A 95 0E E2 20 D6 0A F0 04 5C 37 87 06 22
06872B,10,D6 0A F0 04 5C 37 87 06 22 01 D5 1F 6B A9 00 09
1FCBC2,10,0A 8D 02 42 AD F5 15 30 30 8D 03 42 EA EA EA EA
068721,10,B9 0E 00 18 65 0A 95 0E E2 20 D6 0A F0 04 5C 37
02DA92,10,9C A7 16 AD A6 16 38 E9 3C 8D A6 16 6B 20 A3 DA
02DA8F,10,8D A8 16 9C A7 16 AD A6 16 38 E9 3C 8D A6 16 6B
068729,10,E2 20 D6 0A F0 04 5C 37 87 06 22 01 D5 1F 6B A9
02DA95,10,AD A6 16 38 E9 3C 8D A6 16 6B 20 A3 DA 6B AD BD
02DA98,10,38 E9 3C 8D A6 16 6B 20 A3 DA 6B AD BD 18 C9 02
1FCBC3,10,8D 02 42 AD F5 15 30 30 8D 03 42 EA EA EA EA AD
02DA99,10,E9 3C 8D A6 16 6B 20 A3 DA 6B AD BD 18 C9 02 D0
1FCBAE,10,65 0A 85 0A 89 80 F0 06 A9 FF 85 0B 80 02 64 0B
1FCBB4,10,F0 06 A9 FF 85 0B 80 02 64 0B A5 08 30 16 0A 8D
1FCBB0,10,85 0A 89 80 F0 06 A9 FF 85 0B 80 02 64 0B A5 08
068702,10,AD C4 15 85 90 B9 13 00 22 7B C9 1F C2 20 B9 0C
1FCBB2,10,89 80 F0 06 A9 FF 85 0B 80 02 64 0B A5 08 30 16
1FCC74,10,28 7A FA 6B 5A DA 08 8B E2 10 AA A9 00 48 AB BD
068737,10,6B A9 00 09 80 9D E7 1C B5 1E 09 01 95 1E C2 20
1FD92E,10,69 00 18 65 3A 85 3A 82 ED 00 C5 3A D0 04 5C 29
068705,10,85 90 B9 13 00 22 7B C9 1F C2 20 B9 0C 00 18 65
068707,10,B9 13 00 22 7B C9 1F C2 20 B9 0C 00 18 65 04 95
1FCBAB,10,AA 8A 18 65 0A 85 0A 89 80 F0 06 A9 FF 85 0B 80
1FCC75,10,7A FA 6B 5A DA 08 8B E2 10 AA A9 00 48 AB BD E5
068700,10,85 08 AD C4 15 85 90 B9 13 00 22 7B C9 1F C2 20
1FCBBE,10,A5 08 30 16 0A 8D 02 42 AD F5 15 30 30 8D 03 42
1FCC09,10,AA 8A 49 FF 1A 8D C4 15 A5 90 30 16 0A 8D 02 42
1FCBC6,10,AD F5 15 30 30 8D 03 42 EA EA EA EA AD 17 42 4C
1FCC0E,10,8D C4 15 A5 90 30 16 0A 8D 02 42 AD F6 15 30 30
1FCC13,10,30 16 0A 8D 02 42 AD F6 15 30 30 8D 03 42 EA EA
1FCC11,10,A5 90 30 16 0A 8D 02 42 AD F6 15 30 30 8D 03 42
1FCC77,10,6B 5A DA 08 8B E2 10 AA A9 00 48 AB BD E5 98 8D
1FCC5C,10,AA 8A 18 6D C4 15 8D C4 15 89 80 F0 07 A9 FF 8D
06870A,10,22 7B C9 1F C2 20 B9 0C 00 18 65 04 95 0C B9 10
068710,10,B9 0C 00 18 65 04 95 0C B9 10 00 18 6D C4 15 95
1FCC5F,10,6D C4 15 8D C4 15 89 80 F0 07 A9 FF 8D C5 15 80
1FCBAD,10,18 65 0A 85 0A 89 80 F0 06 A9 FF 85 0B 80 02 64
1FCC62,10,8D C4 15 89 80 F0 07 A9 FF 8D C5 15 80 03 9C C5
1FCC5E,10,18 6D C4 15 8D C4 15 89 80 F0 07 A9 FF 8D C5 15
1FD920,10,69 00 C9 80 6A 10 02 69 00 C9 80 6A 10 02 69 00
1FCC0D,10,1A 8D C4 15 A5 90 30 16 0A 8D 02 42 AD F6 15 30
1FCC5D,10,8A 18 6D C4 15 8D C4 15 89 80 F0 07 A9 FF 8D C5
06870E,10,C2 20 B9 0C 00 18 65 04 95 0C B9 10 00 18 6D C4
06872D,10,F0 04 5C 37 87 06 22 01 D5 1F 6B A9 00 09 80 9D
1FCC67,10,F0 07 A9 FF 8D C5 15 80 03 9C C5 15 AB 28 7A FA
068714,10,65 04 95 0C B9 10 00 18 6D C4 15 95 10 B9 0E 00
068713,10,18 65 04 95 0C B9 10 00 18 6D C4 15 95 10 B9 0E
06871B,10,18 6D C4 15 95 10 B9 0E 00 18 65 0A 95 0E E2 20
068716,10,95 0C B9 10 00 18 6D C4 15 95 10 B9 0E 00 18 65
068718,10,B9 10 00 18 6D C4 15 95 10 B9 0E 00 18 65 0A 95
1FCBAC,10,8A 18 65 0A 85 0A 89 80 F0 06 A9 FF 85 0B 80 02
1FCC69,10,A9 FF 8D C5 15 80 03 9C C5 15 AB 28 7A FA 6B 5A
1FCBC9,10,30 30 8D 03 42 EA EA EA EA AD 17 42 4C 09 CC 49
1FCB1A,10,AD F6 15 30 30 8D 03 42 EA EA EA EA AD 17 42 4C
0686FE,10,A5 0A 85 08 AD C4 15 85 90 B9 13 00 22 7B C9 1F
1FC97F,10,E2 10 49 FF 1A AA A9 00 48 AB BD E5 98 8D F6 15
1FC97E,10,8B E2 10 49 FF 1A AA A9 00 48 AB BD E5 98 8D F6
1FC981,10,49 FF 1A AA A9 00 48 AB BD E5 98 8D F6 15 BD A5
1FC97D,10,08 8B E2 10 49 FF 1A AA A9 00 48 AB BD E5 98 8D
1FC985,10,A9 00 48 AB BD E5 98 8D F6 15 BD A5 98 8D F5 15
1FC984,10,AA A9 00 48 AB BD E5 98 8D F6 15 BD A5 98 8D F5
1FC987,10,48 AB BD E5 98 8D F6 15 BD A5 98 8D F5 15 A5 02
1FC97B,10,5A DA 08 8B E2 10 49 FF 1A AA A9 00 48 AB BD E5
1FC988,10,AB BD E5 98 8D F6 15 BD A5 98 8D F5 15 A5 02 30
1FC997,10,30 16 0A 8D 02 42 AD F6 15 30 30 8D 03 42 EA EA
1FC99D,10,AD F6 15 30 30 8D 03 42 EA EA EA EA AD 17 42 4C
1FC983,10,1A AA A9 00 48 AB BD E5 98 8D F6 15 BD A5 98 8D
1FC995,10,A5 02 30 16 0A 8D 02 42 AD F6 15 30 30 8D 03 42
1FC98F,10,BD A5 98 8D F5 15 A5 02 30 16 0A 8D 02 42 AD F6
1FC992,10,8D F5 15 A5 02 30 16 0A 8D 02 42 AD F6 15 30 30
1FC9A0,10,30 30 8D 03 42 EA EA EA EA AD 17 42 4C E0 C9 49
1FC989,10,BD E5 98 8D F6 15 BD A5 98 8D F5 15 A5 02 30 16
1FC97C,10,DA 08 8B E2 10 49 FF 1A AA A9 00 48 AB BD E5 98
1FC9A6,10,EA EA EA AD 17 42 4C E0 C9 49 FF 1A 0A 8D 02 42
1FC99A,10,8D 02 42 AD F6 15 30 30 8D 03 42 EA EA EA EA AD
1FC999,10,0A 8D 02 42 AD F6 15 30 30 8D 03 42 EA EA EA EA
1FC9A7,10,EA EA AD 17 42 4C E0 C9 49 FF 1A 0A 8D 02 42 AD
1FC9E0,10,AA 86 04 A5 90 30 16 0A 8D 02 42 AD F5 15 30 30
1FC9A8,10,EA AD 17 42 4C E0 C9 49 FF 1A 0A 8D 02 42 AD F6
1FC98C,10,8D F6 15 BD A5 98 8D F5 15 A5 02 30 16 0A 8D 02
0686AA,10,DE F4 1C AC 8D 15 C0 00 00 D0 04 5C 12 8D 06 A9
1FCC0A,10,8A 49 FF 1A 8D C4 15 A5 90 30 16 0A 8D 02 42 AD
1FCC73,10,AB 28 7A FA 6B 5A DA 08 8B E2 10 AA A9 00 48 AB
1FCC76,10,FA 6B 5A DA 08 8B E2 10 AA A9 00 48 AB BD E5 98
0686AD,10,AC 8D 15 C0 00 00 D0 04 5C 12 8D 06 A9 00 85 02
1FCC6E,10,80 03 9C C5 15 AB 28 7A FA 6B 5A DA 08 8B E2 10
1FCC65,10,89 80 F0 07 A9 FF 8D C5 15 80 03 9C C5 15 AB 28
1FCC6B,10,8D C5 15 80 03 9C C5 15 AB 28 7A FA 6B 5A DA 08
1FC9E1,10,86 04 A5 90 30 16 0A 8D 02 42 AD F5 15 30 30 8D
1FC9A2,10,8D 03 42 EA EA EA EA AD 17 42 4C E0 C9 49 FF 1A
1FC9A9,10,AD 17 42 4C E0 C9 49 FF 1A 0A 8D 02 42 AD F6 15
1FCA8E,10,49 FF 1A 8D C4 15 A5 90 30 16 0A 8D 02 42 AD F6
1FCA90,10,1A 8D C4 15 A5 90 30 16 0A 8D 02 42 AD F6 15 30
1FCAD9,10,A9 00 38 ED 17 42 AA 8A 18 6D C4 15 8D C4 15 89
1FCA55,10,AD 17 42 4C 8C CA 49 FF 1A 0A 8D 02 42 AD F5 15
1FCA51,10,EA EA EA EA AD 17 42 4C 8C CA 49 FF 1A 0A 8D 02
1FCA52,10,EA EA EA AD 17 42 4C 8C CA 49 FF 1A 0A 8D 02 42
1FCA4C,10,30 30 8D 03 42 EA EA EA EA AD 17 42 4C 8C CA 49
1FCADB,10,38 ED 17 42 AA 8A 18 6D C4 15 8D C4 15 89 80 F0
1FCAE2,10,6D C4 15 8D C4 15 89 80 F0 07 A9 FF 8D C5 15 80
1FD910,10,30 02 A9 F0 C9 80 6A 10 02 69 00 C9 80 6A 10 02
1FD90E,10,C9 F0 30 02 A9 F0 C9 80 6A 10 02 69 00 C9 80 6A
1FCAE0,10,8A 18 6D C4 15 8D C4 15 89 80 F0 07 A9 FF 8D C5
078106,10,22 F7 D8 1F 95 12 B5 15 85 7E B5 13 8D A9 15 B5
078100,10,B5 12 85 3A A9 C0 22 F7 D8 1F 95 12 B5 15 85 7E
078102,10,85 3A A9 C0 22 F7 D8 1F 95 12 B5 15 85 7E B5 13
1FC9A5,10,EA EA EA EA AD 17 42 4C E0 C9 49 FF 1A 0A 8D 02
1FCA49,10,AD F5 15 30 30 8D 03 42 EA EA EA EA AD 17 42 4C
1FCA41,10,A5 02 30 16 0A 8D 02 42 AD F5 15 30 30 8D 03 42
1FCA04,10,AD F5 15 30 07 8D 03 42 EA 4C 28 CA 49 FF 1A 8D
1FCA07,10,30 07 8D 03 42 EA 4C 28 CA 49 FF 1A 8D 03 42 EA
1FCA0C,10,EA 4C 28 CA 49 FF 1A 8D 03 42 EA EA EA EA AD 17
1FCA00,10,0A 8D 02 42 AD F5 15 30 07 8D 03 42 EA 4C 28 CA
1FC9AC,10,4C E0 C9 49 FF 1A 0A 8D 02 42 AD F6 15 30 07 8D
1FC9FF,10,1A 0A 8D 02 42 AD F5 15 30 07 8D 03 42 EA 4C 28
1FCA46,10,8D 02 42 AD F5 15 30 30 8D 03 42 EA EA EA EA AD
1FCA0D,10,4C 28 CA 49 FF 1A 8D 03 42 EA EA EA EA AD 17 42
1FCA2A,10,38 ED 17 42 AA 8A 18 65 04 85 04 89 80 F0 06 A9
1FCA31,10,65 04 85 04 89 80 F0 06 A9 FF 85 05 80 02 64 05
1FCA28,10,A9 00 38 ED 17 42 AA 8A 18 65 04 85 04 89 80 F0
1FCA30,10,18 65 04 85 04 89 80 F0 06 A9 FF 85 05 80 02 64
1FCA2E,10,AA 8A 18 65 04 85 04 89 80 F0 06 A9 FF 85 05 80
1FCA2F,10,8A 18 65 04 85 04 89 80 F0 06 A9 FF 85 05 80 02
1FD927,10,69 00 C9 80 6A 10 02 69 00 18 65 3A 85 3A 82 ED
1FC9E3,10,A5 90 30 16 0A 8D 02 42 AD F5 15 30 30 8D 03 42
1FC9FD,10,49 FF 1A 0A 8D 02 42 AD F5 15 30 07 8D 03 42 EA
1FCAF6,10,AB 28 FA 7A 6B DA 5A 08 8B E2 10 AA A9 00 48 AB
1FCAF1,10,80 03 9C C5 15 AB 28 FA 7A 6B DA 5A 08 8B E2 10
1FCAEE,10,8D C5 15 80 03 9C C5 15 AB 28 FA 7A 6B DA 5A 08
1FCAF7,10,28 FA 7A 6B DA 5A 08 8B E2 10 AA A9 00 48 AB BD
1FCAF9,10,7A 6B DA 5A 08 8B E2 10 AA A9 00 48 AB BD E5 98
1FCAF8,10,FA 7A 6B DA 5A 08 8B E2 10 AA A9 00 48 AB BD E5
1FCAFA,10,6B DA 5A 08 8B E2 10 AA A9 00 48 AB BD E5 98 8D
1FCAEC,10,A9 FF 8D C5 15 80 03 9C C5 15 AB 28 FA 7A 6B DA
1FCAE8,10,89 80 F0 07 A9 FF 8D C5 15 80 03 9C C5 15 AB 28
1FCADC,10,ED 17 42 AA 8A 18 6D C4 15 8D C4 15 89 80 F0 07
1FCB1D,10,30 30 8D 03 42 EA EA EA EA AD 17 42 4C 5D CB 49
1FCAEA,10,F0 07 A9 FF 8D C5 15 80 03 9C C5 15 AB 28 FA 7A
1FCADF,10,AA 8A 18 6D C4 15 8D C4 15 89 80 F0 07 A9 FF 8D
1FCAE5,10,8D C4 15 89 80 F0 07 A9 FF 8D C5 15 80 03 9C C5
1FCAE1,10,18 6D C4 15 8D C4 15 89 80 F0 07 A9 FF 8D C5 15
1FCB1F,10,8D 03 42 EA EA EA EA AD 17 42 4C 5D CB 49 FF 1A
1FCAFB,10,DA 5A 08 8B E2 10 AA A9 00 48 AB BD E5 98 8D F6
1FCAFD,10,08 8B E2 10 AA A9 00 48 AB BD E5 98 8D F6 15 BD
1FCB12,10,A5 08 30 16 0A 8D 02 42 AD F6 15 30 30 8D 03 42
1FCB0F,10,8D F5 15 A5 08 30 16 0A 8D 02 42 AD F6 15 30 30
1FCB0C,10,BD A5 98 8D F5 15 A5 08 30 16 0A 8D 02 42 AD F6
1FCB14,10,30 16 0A 8D 02 42 AD F6 15 30 30 8D 03 42 EA EA
1FCB17,10,8D 02 42 AD F6 15 30 30 8D 03 42 EA EA EA EA AD
1FCB16,10,0A 8D 02 42 AD F6 15 30 30 8D 03 42 EA EA EA EA
1FCAFC,10,5A 08 8B E2 10 AA A9 00 48 AB BD E5 98 8D F6 15
1FCB09,10,8D F6 15 BD A5 98 8D F5 15 A5 08 30 16 0A 8D 02
1FCB05,10,AB BD E5 98 8D F6 15 BD A5 98 8D F5 15 A5 08 30
1FCAFF,10,E2 10 AA A9 00 48 AB BD E5 98 8D F6 15 BD A5 98
1FCAFE,10,8B E2 10 AA A9 00 48 AB BD E5 98 8D F6 15 BD A5
1FCB06,10,BD E5 98 8D F6 15 BD A5 98 8D F5 15 A5 08 30 16
1FCB01,10,AA A9 00 48 AB BD E5 98 8D F6 15 BD A5 98 8D F5
1FCB04,10,48 AB BD E5 98 8D F6 15 BD A5 98 8D F5 15 A5 08
1FCB02,10,A9 00 48 AB BD E5 98 8D F6 15 BD A5 98 8D F5 15
1FC9E5,10,30 16 0A 8D 02 42 AD F5 15 30 30 8D 03 42 EA EA
078104,10,A9 C0 22 F7 D8 1F 95 12 B5 15 85 7E B5 13 8D A9
1FCABD,10,EA 4C D9 CA 49 FF 1A 8D 03 42 EA EA EA EA AD 17
1FCA53,10,EA EA AD 17 42 4C 8C CA 49 FF 1A 0A 8D 02 42 AD
1FCA4E,10,8D 03 42 EA EA EA EA AD 17 42 4C 8C CA 49 FF 1A
1FCA45,10,0A 8D 02 42 AD F5 15 30 30 8D 03 42 EA EA EA EA
1FCA54,10,EA AD 17 42 4C 8C CA 49 FF 1A 0A 8D 02 42 AD F5
1FCB29,10,4C 5D CB 49 FF 1A 0A 8D 02 42 AD F6 15 30 07 8D
1FCA58,10,4C 8C CA 49 FF 1A 0A 8D 02 42 AD F5 15 30 07 8D
1FCA8C,10,AA 8A 49 FF 1A 8D C4 15 A5 90 30 16 0A 8D 02 42
1FCA43,10,30 16 0A 8D 02 42 AD F5 15 30 30 8D 03 42 EA EA
1FCA37,10,F0 06 A9 FF 85 05 80 02 64 05 A5 02 30 16 0A 8D
1FCA09,10,8D 03 42 EA 4C 28 CA 49 FF 1A 8D 03 42 EA EA EA
1FCA01,10,8D 02 42 AD F5 15 30 07 8D 03 42 EA 4C 28 CA 49
1FCA3F,10,64 05 A5 02 30 16 0A 8D 02 42 AD F5 15 30 30 8D
1FCA2B,10,ED 17 42 AA 8A 18 65 04 85 04 89 80 F0 06 A9 FF
1FCA35,10,89 80 F0 06 A9 FF 85 05 80 02 64 05 A5 02 30 16
1FCA33,10,85 04 89 80 F0 06 A9 FF 85 05 80 02 64 05 A5 02
1FCABE,10,4C D9 CA 49 FF 1A 8D 03 42 EA EA EA EA AD 17 42
1FCA8D,10,8A 49 FF 1A 8D C4 15 A5 90 30 16 0A 8D 02 42 AD
1FCA94,10,A5 90 30 16 0A 8D 02 42 AD F6 15 30 30 8D 03 42
1FCAB2,10,8D 02 42 AD F6 15 30 07 8D 03 42 EA 4C D9 CA 49
1FCAB1,10,0A 8D 02 42 AD F6 15 30 07 8D 03 42 EA 4C D9 CA
1FCAB0,10,1A 0A 8D 02 42 AD F6 15 30 07 8D 03 42 EA 4C D9
1FCAB5,10,AD F6 15 30 07 8D 03 42 EA 4C D9 CA 49 FF 1A 8D
1FCABA,10,8D 03 42 EA 4C D9 CA 49 FF 1A 8D 03 42 EA EA EA
1FCAB8,10,30 07 8D 03 42 EA 4C D9 CA 49 FF 1A 8D 03 42 EA
1FCA91,10,8D C4 15 A5 90 30 16 0A 8D 02 42 AD F6 15 30 30
1FCAAE,10,49 FF 1A 0A 8D 02 42 AD F6 15 30 07 8D 03 42 EA
1FCB23,10,EA EA EA AD 17 42 4C 5D CB 49 FF 1A 0A 8D 02 42
1FCB26,10,AD 17 42 4C 5D CB 49 FF 1A 0A 8D 02 42 AD F6 15
1FCB22,10,EA EA EA EA AD 17 42 4C 5D CB 49 FF 1A 0A 8D 02
1FCA96,10,30 16 0A 8D 02 42 AD F6 15 30 30 8D 03 42 EA EA
1FCB24,10,EA EA AD 17 42 4C 5D CB 49 FF 1A 0A 8D 02 42 AD
1FCB25,10,EA AD 17 42 4C 5D CB 49 FF 1A 0A 8D 02 42 AD F6
07810A,10,95 12 B5 15 85 7E B5 13 8D A9 15 B5 12 8D A8 15
1FD919,10,69 00 C9 80 6A 10 02 69 00 C9 80 6A 10 02 69 00
1FCBC0,10,30 16 0A 8D 02 42 AD F5 15 30 30 8D 03 42 EA EA
0686B9,10,A9 00 85 02 85 04 89 80 F0 06 A9 FF 85 05 80 02
0686B3,10,D0 04 5C 12 8D 06 A9 00 85 02 85 04 89 80 F0 06
0686B0,10,C0 00 00 D0 04 5C 12 8D 06 A9 00 85 02 85 04 89
1FCB84,10,30 07 8D 03 42 EA 4C A5 CB 49 FF 1A 8D 03 42 EA
0686BB,10,85 02 85 04 89 80 F0 06 A9 FF 85 05 80 02 64 05
0686BF,10,89 80 F0 06 A9 FF 85 05 80 02 64 05 A9 00 85 08
0686BD,10,85 04 89 80 F0 06 A9 FF 85 05 80 02 64 05 A9 00
0686C1,10,F0 06 A9 FF 85 05 80 02 64 05 A9 00 85 08 85 0A
0686C9,10,64 05 A9 00 85 08 85 0A 89 80 F0 06 A9 FF 85 0B
1FCB81,10,AD F5 15 30 07 8D 03 42 EA 4C A5 CB 49 FF 1A 8D
1FCB7D,10,0A 8D 02 42 AD F5 15 30 07 8D 03 42 EA 4C A5 CB
1FCB5D,10,AA 86 0A A5 90 30 16 0A 8D 02 42 AD F5 15 30 30
02DA9B,10,8D A6 16 6B 20 A3 DA 6B AD BD 18 C9 02 D0 F9 78
1FCB7E,10,8D 02 42 AD F5 15 30 07 8D 03 42 EA 4C A5 CB 49
1FCB5E,10,86 0A A5 90 30 16 0A 8D 02 42 AD F5 15 30 30 8D
1FCB62,10,30 16 0A 8D 02 42 AD F5 15 30 30 8D 03 42 EA EA
1FCB60,10,A5 90 30 16 0A 8D 02 42 AD F5 15 30 30 8D 03 42
1FCB7C,10,1A 0A 8D 02 42 AD F5 15 30 07 8D 03 42 EA 4C A5
0686CB,10,A9 00 85 08 85 0A 89 80 F0 06 A9 FF 85 0B 80 02
1FCB7A,10,49 FF 1A 0A 8D 02 42 AD F5 15 30 07 8D 03 42 EA
0686CD,10,85 08 85 0A 89 80 F0 06 A9 FF 85 0B 80 02 64 0B
0686EB,10,8D C5 15 80 03 9C C5 15 B9 12 00 22 FB CA 1F A5
0686E9,10,A9 FF 8D C5 15 80 03 9C C5 15 B9 12 00 22 FB CA
0686E7,10,F0 07 A9 FF 8D C5 15 80 03 9C C5 15 B9 12 00 22
0686EE,10,80 03 9C C5 15 B9 12 00 22 FB CA 1F A5 04 85 02
0686FA,10,A5 04 85 02 A5 0A 85 08 AD C4 15 85 90 B9 13 00
0686F3,10,B9 12 00 22 FB CA 1F A5 04 85 02 A5 0A 85 08 AD
0686FC,10,85 02 A5 0A 85 08 AD C4 15 85 90 B9 13 00 22 7B
0686E5,10,89 80 F0 07 A9 FF 8D C5 15 80 03 9C C5 15 B9 12
0686F6,10,22 FB CA 1F A5 04 85 02 A5 0A 85 08 AD C4 15 85
0686E0,10,85 90 8D C4 15 89 80 F0 07 A9 FF 8D C5 15 80 03
0686CF,10,85 0A 89 80 F0 06 A9 FF 85 0B 80 02 64 0B AD 70
0686E2,10,8D C4 15 89 80 F0 07 A9 FF 8D C5 15 80 03 9C C5
0686D3,10,F0 06 A9 FF 85 0B 80 02 64 0B AD 70 15 85 90 8D
0686D1,10,89 80 F0 06 A9 FF 85 0B 80 02 64 0B AD 70 15 85
0686DB,10,64 0B AD 70 15 85 90 8D C4 15 89 80 F0 07 A9 FF
0686DD,10,AD 70 15 85 90 8D C4 15 89 80 F0 07 A9 FF 8D C5
03F7CD,9,BD 0A 80 DA 29 FF 00 0A 0A AA BF 3D A8 00 99 16
03F7D1,9,29 FF 00 0A 0A AA BF 3D A8 00 99 16 00 E2 20 BF
03F7D4,9,0A 0A AA BF 3D A8 00 99 16 00 E2 20 BF 3F A8 00
06872F,9,5C 37 87 06 22 01 D5 1F 6B A9 00 09 80 9D E7 1C
03F7D0,9,DA 29 FF 00 0A 0A AA BF 3D A8 00 99 16 00 E2 20
03F7CC,9,FA BD 0A 80 DA 29 FF 00 0A 0A AA BF 3D A8 00 99
03F7C5,9,BF 4B A6 00 99 04 00 FA BD 0A 80 DA 29 FF 00 0A
0483EE,9,F6 28 E2 20 4C 5F 80 C2 20 20 4A A3 95 28 E2 20
03F7C0,9,29 FF 00 0A AA BF 4B A6 00 99 04 00 FA BD 0A 80
03F7C9,9,99 04 00 FA BD 0A 80 DA 29 FF 00 0A 0A AA BF 3D
03F7D5,9,0A AA BF 3D A8 00 99 16 00 E2 20 BF 3F A8 00 99
03F7C4,9,AA BF 4B A6 00 99 04 00 FA BD 0A 80 DA 29 FF 00
03F7C3,9,0A AA BF 4B A6 00 99 04 00 FA BD 0A 80 DA 29 FF
03F7D6,9,AA BF 3D A8 00 99 16 00 E2 20 BF 3F A8 00 99 18
03F7EB,9,C2 20 8A 18 69 0B 00 AA AD FD 16 D0 03 4C 6F ED
03F7DB,9,99 16 00 E2 20 BF 3F A8 00 99 18 00 FA 8C F9 16
03F7EE,9,18 69 0B 00 AA AD FD 16 D0 03 4C 6F ED 8E FF 16
03F7ED,9,8A 18 69 0B 00 AA AD FD 16 D0 03 4C 6F ED 8E FF
03F7F2,9,AA AD FD 16 D0 03 4C 6F ED 8E FF 16 60 C2 20 9C
03F7BF,9,DA 29 FF 00 0A AA BF 4B A6 00 99 04 00 FA BD 0A
048486,9,5C D1 83 04 F6 24 4C 9A A1 C2 20 F6 28 E2 20 4C
03F7D7,9,BF 3D A8 00 99 16 00 E2 20 BF 3F A8 00 99 18 00
03F7EF,9,69 0B 00 AA AD FD 16 D0 03 4C 6F ED 8E FF 16 60
03F7E0,9,BF 3F A8 00 99 18 00 FA 8C F9 16 C2 20 8A 18 69
0483F2,9,4C 5F 80 C2 20 20 4A A3 95 28 E2 20 4C 5F 80 C2
03F7E8,9,8C F9 16 C2 20 8A 18 69 0B 00 AA AD FD 16 D0 03
03F7DE,9,E2 20 BF 3F A8 00 99 18 00 FA 8C F9 16 C2 20 8A
0483EC,9,C2 20 F6 28 E2 20 4C 5F 80 C2 20 20 4A A3 95 28
03F76B,9,AE 21 12 D0 04 BB 4C FF F7 B5 00 8D 21 12 98 D0
03F76A,9,9B AE 21 12 D0 04 BB 4C FF F7 B5 00 8D 21 12 98
03F77A,9,D0 0C AD 1F 12 95 00 74 02 8E 1F 12 80 09 B9 00
03F798,9,FA E2 20 22 6E D3 1F C2 20 BD 03 80 99 0C 00 BD
03F7E7,9,FA 8C F9 16 C2 20 8A 18 69 0B 00 AA AD FD 16 D0
03F76E,9,D0 04 BB 4C FF F7 B5 00 8D 21 12 98 D0 0C AD 1F
0483D3,9,95 24 E2 20 C2 20 B5 28 18 69 02 00 95 28 E2 20
03F7E4,9,99 18 00 FA 8C F9 16 C2 20 8A 18 69 0B 00 AA AD
03F75F,9,BB BD 01 80 8D FD 16 DA AE 1F 12 9B AE 21 12 D0
0483D1,9,A9 00 95 24 E2 20 C2 20 B5 28 18 69 02 00 95 28
03F763,9,8D FD 16 DA AE 1F 12 9B AE 21 12 D0 04 BB 4C FF
03F760,9,BD 01 80 8D FD 16 DA AE 1F 12 9B AE 21 12 D0 04
03F799,9,E2 20 22 6E D3 1F C2 20 BD 03 80 99 0C 00 BD 05
03F774,9,B5 00 8D 21 12 98 D0 0C AD 1F 12 95 00 74 02 8E
03F7F6,9,D0 03 4C 6F ED 8E FF 16 60 C2 20 9C F9 16 68 18
03F78B,9,95 00 96 00 94 02 B4 00 F0 02 96 02 9B FA E2 20
03F7BC,9,BD 09 80 DA 29 FF 00 0A AA BF 4B A6 00 99 04 00
03F788,9,B9 00 00 95 00 96 00 94 02 B4 00 F0 02 96 02 9B
03F776,9,8D 21 12 98 D0 0C AD 1F 12 95 00 74 02 8E 1F 12
03F793,9,F0 02 96 02 9B FA E2 20 22 6E D3 1F C2 20 BD 03
03F797,9,9B FA E2 20 22 6E D3 1F C2 20 BD 03 80 99 0C 00
03F795,9,96 02 9B FA E2 20 22 6E D3 1F C2 20 BD 03 80 99
03F7F3,9,AD FD 16 D0 03 4C 6F ED 8E FF 16 60 C2 20 9C F9
03F79B,9,22 6E D3 1F C2 20 BD 03 80 99 0C 00 BD 05 80 99
0483EA,9,E2 20 C2 20 F6 28 E2 20 4C 5F 80 C2 20 20 4A A3
0483F0,9,E2 20 4C 5F 80 C2 20 20 4A A3 95 28 E2 20 4C 5F
03F767,9,AE 1F 12 9B AE 21 12 D0 04 BB 4C FF F7 B5 00 8D
03F7B4,9,7A 18 7D 07 80 99 10 00 BD 09 80 DA 29 FF 00 0A
03F7B1,9,B9 10 00 7A 18 7D 07 80 99 10 00 BD 09 80 DA 29
03F7AE,9,AC 3A 12 B9 10 00 7A 18 7D 07 80 99 10 00 BD 09
03F7AD,9,5A AC 3A 12 B9 10 00 7A 18 7D 07 80 99 10 00 BD
03F79F,9,C2 20 BD 03 80 99 0C 00 BD 05 80 99 0E 00 5A AC
03F791,9,B4 00 F0 02 96 02 9B FA E2 20 22 6E D3 1F C2 20
03F7B6,9,7D 07 80 99 10 00 BD 09 80 DA 29 FF 00 0A AA BF
03F78D,9,96 00 94 02 B4 00 F0 02 96 02 9B FA E2 20 22 6E
03F7B9,9,99 10 00 BD 09 80 DA 29 FF 00 0A AA BF 4B A6 00
03F7AA,9,99 0E 00 5A AC 3A 12 B9 10 00 7A 18 7D 07 80 99
03F7B5,9,18 7D 07 80 99 10 00 BD 09 80 DA 29 FF 00 0A AA
03F7A7,9,BD 05 80 99 0E 00 5A AC 3A 12 B9 10 00 7A 18 7D
03F78F,9,94 02 B4 00 F0 02 96 02 9B FA E2 20 22 6E D3 1F
03F779,9,98 D0 0C AD 1F 12 95 00 74 02 8E 1F 12 80 09 B9
03F766,9,DA AE 1F 12 9B AE 21 12 D0 04 BB 4C FF F7 B5 00
03F7A1,9,BD 03 80 99 0C 00 BD 05 80 99 0E 00 5A AC 3A 12
03F7A4,9,99 0C 00 BD 05 80 99 0E 00 5A AC 3A 12 B9 10 00
02F550,8,80 29 C2 20 BF 12 00 70 10 0B B9 08 00 09 14 00
0685CB,8,C2 20 A9 00 00 95 16 E2 20 A9 00 95 18 6B B5 2E
0685C3,8,A9 FF 95 2A A9 08 95 2B C2 20 A9 00 00 95 16 E2
0685C1,8,95 13 A9 FF 95 2A A9 08 95 2B C2 20 A9 00 00 95
0685BD,8,95 2E A9 80 95 13 A9 FF 95 2A A9 08 95 2B C2 20
0685B9,8,B5 2E 09 10 95 2E A9 80 95 13 A9 FF 95 2A A9 08
0685BF,8,A9 80 95 13 A9 FF 95 2A A9 08 95 2B C2 20 A9 00
0685C9,8,95 2B C2 20 A9 00 00 95 16 E2 20 A9 00 95 18 6B
0685C7,8,A9 08 95 2B C2 20 A9 00 00 95 16 E2 20 A9 00 95
0685CD,8,A9 00 00 95 16 E2 20 A9 00 95 18 6B B5 2E 09 10
0685D2,8,E2 20 A9 00 95 18 6B B5 2E 09 10 95 2E A9 80 95
02F54F,8,98 80 29 C2 20 BF 12 00 70 10 0B B9 08 00 09 14
02F541,8,B4 00 22 DC BF 1F C2 20 68 18 69 1E 00 AA 98 80
02F543,8,22 DC BF 1F C2 20 68 18 69 1E 00 AA 98 80 29 C2
02F54B,8,69 1E 00 AA 98 80 29 C2 20 BF 12 00 70 10 0B B9
0685D0,8,95 16 E2 20 A9 00 95 18 6B B5 2E 09 10 95 2E A9
0685BB,8,09 10 95 2E A9 80 95 13 A9 FF 95 2A A9 08 95 2B
0685D6,8,95 18 6B B5 2E 09 10 95 2E A9 80 95 13 A9 FF 95
0685D8,8,6B B5 2E 09 10 95 2E A9 80 95 13 A9 FF 95 2A A9
0685D4,8,A9 00 95 18 6B B5 2E 09 10 95 2E A9 80 95 13 A9
04A18A,8,5C BD A0 04 AC AD F0 94 28 9C AD F0 9C AE F0 60
02F53F,8,DA BB B4 00 22 DC BF 1F C2 20 68 18 69 1E 00 AA
02F54A,8,18 69 1E 00 AA 98 80 29 C2 20 BF 12 00 70 10 0B
0685C5,8,95 2A A9 08 95 2B C2 20 A9 00 00 95 16 E2 20 A9
02F534,8,29 04 D0 1A B9 09 00 29 08 F0 13 DA BB B4 00 22
02F531,8,B9 2E 00 29 04 D0 1A B9 09 00 29 08 F0 13 DA BB
02F549,8,68 18 69 1E 00 AA 98 80 29 C2 20 BF 12 00 70 10
02F54E,8,AA 98 80 29 C2 20 BF 12 00 70 10 0B B9 08 00 09
02F547,8,C2 20 68 18 69 1E 00 AA 98 80 29 C2 20 BF 12 00
02F538,8,B9 09 00 29 08 F0 13 DA BB B4 00 22 DC BF 1F C2
02F536,8,D0 1A B9 09 00 29 08 F0 13 DA BB B4 00 22 DC BF
02F53B,8,29 08 F0 13 DA BB B4 00 22 DC BF 1F C2 20 68 18
02F540,8,BB B4 00 22 DC BF 1F C2 20 68 18 69 1E 00 AA 98
02F53D,8,F0 13 DA BB B4 00 22 DC BF 1F C2 20 68 18 69 1E
048942,8,A9 F8 C9 80 6A 10 02 69 00 C9 80 6A 10 02 69 00
0BD617,8,A9 F8 FF C9 00 80 6A 10 03 69 00 00 C9 00 80 6A
0BD660,8,A9 F8 FF C9 00 80 6A 10 03 69 00 00 C9 00 80 6A
1FCB93,7,EA EA EA EA AD 17 42 4C AB CB 49 FF 1A 8D 03 42
1FCB90,7,8D 03 42 EA EA EA EA AD 17 42 4C AB CB 49 FF 1A
1FCB8F,7,1A 8D 03 42 EA EA EA EA AD 17 42 4C AB CB 49 FF
1FCB97,7,AD 17 42 4C AB CB 49 FF 1A 8D 03 42 EA EA A9 00
1FCB8D,7,49 FF 1A 8D 03 42 EA EA EA EA AD 17 42 4C AB CB
1FCBFD,7,1A 8D 03 42 EA EA A9 00 38 ED 17 42 AA 8A 49 FF
1FCB96,7,EA AD 17 42 4C AB CB 49 FF 1A 8D 03 42 EA EA A9
1FCB94,7,EA EA EA AD 17 42 4C AB CB 49 FF 1A 8D 03 42 EA
1FCB95,7,EA EA AD 17 42 4C AB CB 49 FF 1A 8D 03 42 EA EA
1FD0EE,7,A5 02 18 6D 52 12 85 02 0A 0A 85 08 A5 02 C9 00
1FCB9A,7,4C AB CB 49 FF 1A 8D 03 42 EA EA A9 00 38 ED 17
1FCBFE,7,8D 03 42 EA EA A9 00 38 ED 17 42 AA 8A 49 FF 1A
1FCBFB,7,49 FF 1A 8D 03 42 EA EA A9 00 38 ED 17 42 AA 8A
1FCC06,7,ED 17 42 AA 8A 49 FF 1A 8D C4 15 A5 90 30 16 0A
1FCC05,7,38 ED 17 42 AA 8A 49 FF 1A 8D C4 15 A5 90 30 16
1FCC02,7,EA A9 00 38 ED 17 42 AA 8A 49 FF 1A 8D C4 15 A5
1FCC03,7,A9 00 38 ED 17 42 AA 8A 49 FF 1A 8D C4 15 A5 90
04893C,7,80 06 C9 F8 30 02 A9 F8 C9 80 6A 10 02 69 00 C9
1FCC01,7,EA EA A9 00 38 ED 17 42 AA 8A 49 FF 1A 8D C4 15
04893A,7,A9 08 80 06 C9 F8 30 02 A9 F8 C9 80 6A 10 02 69
03BAB4,6,D0 FA 4C BF BA 46 89 6A E8 D0 FA 85 88 24 8B 10
03BAB3,6,CA D0 FA 4C BF BA 46 89 6A E8 D0 FA 85 88 24 8B
0BD14F,6,80 08 C9 38 FF 10 03 A9 38 FF 18 6D 13 15 8D FC
03BAB6,6,4C BF BA 46 89 6A E8 D0 FA 85 88 24 8B 10 10 38
03F988,6,DD 4D 17 F0 20 E8 E8 E0 08 00 D0 F4 AE 55 17 9D
03F7F8,6,4C 6F ED 8E FF 16 60 C2 20 9C F9 16 68 18 69 0B
0BD14C,6,A9 32 00 80 08 C9 38 FF 10 03 A9 38 FF 18 6D 13
03F98B,6,F0 20 E8 E8 E0 08 00 D0 F4 AE 55 17 9D 4D 17 B9
03BAB1,6,26 89 CA D0 FA 4C BF BA 46 89 6A E8 D0 FA 85 88
03BAB0,6,0A 26 89 CA D0 FA 4C BF BA 46 89 6A E8 D0 FA 85
7E4049,5,D0 27 9C 53 1F 9C 43 21 AD 54 1F D0 1E AE 51 1F
7E406D,5,8D 51 1F 28 60 28 60 8D 43 21 8D 53 1F 9C 4F 1F
7E404B,5,9C 53 1F 9C 43 21 AD 54 1F D0 1E AE 51 1F EC 4F
7E4046,5,CD 43 21 D0 27 9C 53 1F 9C 43 21 AD 54 1F D0 1E
7E406B,5,29 0F 8D 51 1F 28 60 28 60 8D 43 21 8D 53 1F 9C
0483CE,5,4C 5F 80 A9 00 95 24 E2 20 C2 20 B5 28 18 69 02
7E404E,5,9C 43 21 AD 54 1F D0 1E AE 51 1F EC 4F 1F F0 12
7E406A,5,1A 29 0F 8D 51 1F 28 60 28 60 8D 43 21 8D 53 1F
0483B2,5,69 04 00 95 28 E2 20 4C 5F 80 A9 00 95 24 E2 20
0483B5,5,95 28 E2 20 4C 5F 80 A9 00 95 24 E2 20 C2 20 B5
7E4064,5,8D 53 1F AD 51 1F 1A 29 0F 8D 51 1F 28 60 28 60
0483B1,5,18 69 04 00 95 28 E2 20 4C 5F 80 A9 00 95 24 E2
0483AF,5,B5 28 18 69 04 00 95 28 E2 20 4C 5F 80 A9 00 95
7E4061,5,8D 43 21 8D 53 1F AD 51 1F 1A 29 0F 8D 51 1F 28
0483AD,5,C2 20 B5 28 18 69 04 00 95 28 E2 20 4C 5F 80 A9
0483CC,5,E2 20 4C 5F 80 A9 00 95 24 E2 20 C2 20 B5 28 18
0483B7,5,E2 20 4C 5F 80 A9 00 95 24 E2 20 C2 20 B5 28 18
0483B9,5,4C 5F 80 A9 00 95 24 E2 20 C2 20 B5 28 18 69 03
0483C7,5,69 03 00 95 28 E2 20 4C 5F 80 A9 00 95 24 E2 20
0483CA,5,95 28 E2 20 4C 5F 80 A9 00 95 24 E2 20 C2 20 B5
7E4067,5,AD 51 1F 1A 29 0F 8D 51 1F 28 60 28 60 8D 43 21
0483C2,5,C2 20 B5 28 18 69 03 00 95 28 E2 20 4C 5F 80 A9
7E405E,5,BD 55 1F 8D 43 21 8D 53 1F AD 51 1F 1A 29 0F 8D
0483C0,5,E2 20 C2 20 B5 28 18 69 03 00 95 28 E2 20 4C 5F
0483AB,5,E2 20 C2 20 B5 28 18 69 04 00 95 28 E2 20 4C 5F
1FD8EB,5,10 02 69 00 18 65 3A 85 3A 82 2E 01 C5 3A D0 04
1FD8F0,5,65 3A 85 3A 82 2E 01 C5 3A D0 04 5C 29 DA 1F 38
03B7E7,5,E2 20 AD D1 1F D0 22 AD D3 14 29 08 F0 07 AD D9
03B7E6,5,48 E2 20 AD D1 1F D0 22 AD D3 14 29 08 F0 07 AD
03B7E5,5,08 48 E2 20 AD D1 1F D0 22 AD D3 14 29 08 F0 07
03B7E9,5,AD D1 1F D0 22 AD D3 14 29 08 F0 07 AD D9 14 29
03B7EE,5,AD D3 14 29 08 F0 07 AD D9 14 29 80 D0 14 68 DA
03B7EC,5,D0 22 AD D3 14 29 08 F0 07 AD D9 14 29 80 D0 14
03B7F1,5,29 08 F0 07 AD D9 14 29 80 D0 14 68 DA AE 4F 1F
03B7F3,5,F0 07 AD D9 14 29 80 D0 14 68 DA AE 4F 1F 9D 55
08B397,5,B5 12 18 69 FF 95 12 82 86 FF C2 20 A9 AE B3 95
08B399,5,18 69 FF 95 12 82 86 FF C2 20 A9 AE B3 95 16 E2
08B2E7,5,A9 08 80 06 C9 F8 30 02 A9 F8 C9 80 6A 10 02 69
03B80A,5,8D 4F 1F FA 28 6B 68 28 6B 08 80 03 08 E2 30 A9
1FD8EF,5,18 65 3A 85 3A 82 2E 01 C5 3A D0 04 5C 29 DA 1F
08B2E9,5,80 06 C9 F8 30 02 A9 F8 C9 80 6A 10 02 69 00 C9
08B39C,5,95 12 82 86 FF C2 20 A9 AE B3 95 16 E2 20 A9 08
08B2F1,5,C9 80 6A 10 02 69 00 C9 80 6A 10 02 69 00 C9 80
08B39A,5,69 FF 95 12 82 86 FF C2 20 A9 AE B3 95 16 E2 20
1FD8DD,5,10 02 69 00 C9 80 6A 10 02 69 00 C9 80 6A 10 02
03B7F5,5,AD D9 14 29 80 D0 14 68 DA AE 4F 1F 9D 55 1F AD
03B7F8,5,29 80 D0 14 68 DA AE 4F 1F 9D 55 1F AD 4F 1F 1A
1FD8F4,5,82 2E 01 C5 3A D0 04 5C 29 DA 1F 38 E5 3A C9 00
1FD8DA,5,C9 80 6A 10 02 69 00 C9 80 6A 10 02 69 00 C9 80
08B2FA,5,6A 10 02 69 00 C9 80 6A 10 02 69 00 18 75 12 95
08B2F8,5,C9 80 6A 10 02 69 00 C9 80 6A 10 02 69 00 18 75
03B804,5,AD 4F 1F 1A 29 0F 8D 4F 1F FA 28 6B 68 28 6B 08
03B801,5,9D 55 1F AD 4F 1F 1A 29 0F 8D 4F 1F FA 28 6B 68
1FD8DC,5,6A 10 02 69 00 C9 80 6A 10 02 69 00 C9 80 6A 10
08B391,5,90 04 5C A1 B3 08 B5 12 18 69 FF 95 12 82 86 FF
03B7FE,5,AE 4F 1F 9D 55 1F AD 4F 1F 1A 29 0F 8D 4F 1F FA
08B2F4,5,10 02 69 00 C9 80 6A 10 02 69 00 C9 80 6A 10 02
08B39E,5,82 86 FF C2 20 A9 AE B3 95 16 E2 20 A9 08 95 18
03B7FA,5,D0 14 68 DA AE 4F 1F 9D 55 1F AD 4F 1F 1A 29 0F
08B2FB,5,10 02 69 00 C9 80 6A 10 02 69 00 18 75 12 95 12
03B7FC,5,68 DA AE 4F 1F 9D 55 1F AD 4F 1F 1A 29 0F 8D 4F
1FD8CE,5,10 0A A9 08 80 06 C9 F8 30 02 A9 F8 C9 80 6A 10
08B38F,5,95 13 90 04 5C A1 B3 08 B5 12 18 69 FF 95 12 82
03B7FD,5,DA AE 4F 1F 9D 55 1F AD 4F 1F 1A 29 0F 8D 4F 1F
03B807,5,1A 29 0F 8D 4F 1F FA 28 6B 68 28 6B 08 80 03 08
1FD8CA,5,30 08 C9 08 10 0A A9 08 80 06 C9 F8 30 02 A9 F8
1FD8C6,5,E5 3A C9 00 30 08 C9 08 10 0A A9 08 80 06 C9 F8
03B4AC,5,9C 42 21 8E 68 1F 60 E2 20 8D 42 21 60 C2 20 BF
03B4AF,5,8E 68 1F 60 E2 20 8D 42 21 60 C2 20 BF E9 1C 7E
08B2DC,5,38 F5 12 C9 00 30 08 C9 08 10 0A A9 08 80 06 C9
03B4AA,5,E2 20 9C 42 21 8E 68 1F 60 E2 20 8D 42 21 60 C2
1FD8BD,5,C5 3A D0 04 5C 29 DA 1F 38 E5 3A C9 00 30 08 C9
08B38B,5,22 BD D8 1F 95 13 90 04 5C A1 B3 08 B5 12 18 69
1FD8BF,5,D0 04 5C 29 DA 1F 38 E5 3A C9 00 30 08 C9 08 10
1FD8C5,5,38 E5 3A C9 00 30 08 C9 08 10 0A A9 08 80 06 C9
08B2DF,5,C9 00 30 08 C9 08 10 0A A9 08 80 06 C9 F8 30 02
08B389,5,A9 00 22 BD D8 1F 95 13 90 04 5C A1 B3 08 B5 12
08B387,5,85 3A A9 00 22 BD D8 1F 95 13 90 04 5C A1 B3 08
08B385,5,B5 13 85 3A A9 00 22 BD D8 1F 95 13 90 04 5C A1
1FD8E8,5,C9 80 6A 10 02 69 00 18 65 3A 85 3A 82 2E 01 C5
1FD8EA,5,6A 10 02 69 00 18 65 3A 85 3A 82 2E 01 C5 3A D0
1FD8CC,5,C9 08 10 0A A9 08 80 06 C9 F8 30 02 A9 F8 C9 80
08B2E1,5,30 08 C9 08 10 0A A9 08 80 06 C9 F8 30 02 A9 F8
03B4B2,5,60 E2 20 8D 42 21 60 C2 20 BF E9 1C 7E 29 FF 00
1FD8C8,5,C9 00 30 08 C9 08 10 0A A9 08 80 06 C9 F8 30 02
1FD8E4,5,10 02 69 00 C9 80 6A 10 02 69 00 18 65 3A 85 3A
03B80F,5,6B 68 28 6B 08 80 03 08 E2 30 A9 3A 85 EF A9 A7
1FD8E3,5,6A 10 02 69 00 C9 80 6A 10 02 69 00 18 65 3A 85
08B306,5,18 75 12 95 12 AC 3A 12 C2 20 B9 10 00 38 F5 10
08B302,5,10 02 69 00 18 75 12 95 12 AC 3A 12 C2 20 B9 10
08B2DD,5,F5 12 C9 00 30 08 C9 08 10 0A A9 08 80 06 C9 F8
08B2E3,5,C9 08 10 0A A9 08 80 06 C9 F8 30 02 A9 F8 C9 80
08B307,5,75 12 95 12 AC 3A 12 C2 20 B9 10 00 38 F5 10 10
08B2E5,5,10 0A A9 08 80 06 C9 F8 30 02 A9 F8 C9 80 6A 10
1FD8E1,5,C9 80 6A 10 02 69 00 C9 80 6A 10 02 69 00 18 65
08B301,5,6A 10 02 69 00 18 75 12 95 12 AC 3A 12 C2 20 B9
08B2FF,5,C9 80 6A 10 02 69 00 18 75 12 95 12 AC 3A 12 C2
03B80E,5,28 6B 68 28 6B 08 80 03 08 E2 30 A9 3A 85 EF A9
03B442,5,82 65 00 BF E8 1C 7E 29 FF 00 F0 03 82 62 00 BF
1FD8F2,5,85 3A 82 2E 01 C5 3A D0 04 5C 29 DA 1F 38 E5 3A
0483C4,5,B5 28 18 69 03 00 95 28 E2 20 4C 5F 80 A9 00 95
0483C6,5,18 69 03 00 95 28 E2 20 4C 5F 80 A9 00 95 24 E2
08B2F3,5,6A 10 02 69 00 C9 80 6A 10 02 69 00 C9 80 6A 10
03B80D,5,FA 28 6B 68 28 6B 08 80 03 08 E2 30 A9 3A 85 EF
03B808,5,29 0F 8D 4F 1F FA 28 6B 68 28 6B 08 80 03 08 E2
0492C1,4,4C D5 83 A9 FF 8D FD 1F 20 4A A3 DA 22 93 E9 03
0492C0,4,FA 4C D5 83 A9 FF 8D FD 1F 20 4A A3 DA 22 93 E9
03EE69,4,18 69 00 80 AA E2 20 A9 00 48 AB A9 03 48 A0 6E
03E9E2,4,9C A0 18 28 6B 68 28 6B 08 E2 20 AD D2 14 29 42
03EE67,4,BB 8A 18 69 00 80 AA E2 20 A9 00 48 AB A9 03 48
03E9DF,4,8D 9F 18 9C A0 18 28 6B 68 28 6B 08 E2 20 AD D2
0B9052,4,F0 04 5C E3 BB 0B A9 3C 8D 53 15 C2 20 A9 85 90
03EE6A,4,69 00 80 AA E2 20 A9 00 48 AB A9 03 48 A0 6E ED
0B904D,4,E2 20 CE 53 15 F0 04 5C E3 BB 0B A9 3C 8D 53 15
03E9FD,4,82 D5 00 AD A0 18 C9 05 B0 03 82 D9 00 22 4A FC
03E9E5,4,28 6B 68 28 6B 08 E2 20 AD D2 14 29 42 F0 04 5C
04A11E,4,B5 1F 29 01 D0 04 5C 7F A1 04 80 31 FA DA B5 1F
0492BC,4,22 93 E9 03 FA 4C D5 83 A9 FF 8D FD 1F 20 4A A3
04A157,4,F0 02 80 24 FA DA C2 20 A9 FF FF C2 20 8D A9 F0
03E9E6,4,6B 68 28 6B 08 E2 20 AD D2 14 29 42 F0 04 5C 0B
04A154,4,2D BD 15 F0 02 80 24 FA DA C2 20 A9 FF FF C2 20
04A122,4,D0 04 5C 7F A1 04 80 31 FA DA B5 1F 29 04 D0 04
0492BB,4,DA 22 93 E9 03 FA 4C D5 83 A9 FF 8D FD 1F 20 4A
04A14A,4,80 08 A9 3F 80 04 A9 7F 80 00 2D BD 15 F0 02 80
1FD536,4,EE 4A 12 80 04 22 DC BF 1F 6B DA BB 7A 22 01 D5
03F992,4,D0 F4 AE 55 17 9D 4D 17 B9 03 80 9D 45 17 EE 55
03EAF3,4,29 7F 0A 0A 18 6D FC 1F C2 20 29 FF 00 AA E2 20
03EAF0,4,AD 9C 18 29 7F 0A 0A 18 6D FC 1F C2 20 29 FF 00
03EAF5,4,0A 0A 18 6D FC 1F C2 20 29 FF 00 AA E2 20 BF 32
03EAF6,4,0A 18 6D FC 1F C2 20 29 FF 00 AA E2 20 BF 32 EB
03EAF7,4,18 6D FC 1F C2 20 29 FF 00 AA E2 20 BF 32 EB 03
03EAD9,4,30 30 8D A0 18 20 4A EB 80 28 20 4A EB EE A0 18
03EAD5,4,AD A0 18 3A 30 30 8D A0 18 20 4A EB 80 28 20 4A
1FD505,4,D0 04 5C 31 D5 1F 5A C2 20 BF DD 1C 7E F0 1A A8
03EAD8,4,3A 30 30 8D A0 18 20 4A EB 80 28 20 4A EB EE A0
0BDD84,4,A9 14 C9 55 90 02 A9 55 95 15 C2 20 AD 36 12 C9
0B904B,4,95 10 E2 20 CE 53 15 F0 04 5C E3 BB 0B A9 3C 8D
04A159,4,80 24 FA DA C2 20 A9 FF FF C2 20 8D A9 F0 BD F8
03EAF8,4,6D FC 1F C2 20 29 FF 00 AA E2 20 BF 32 EB 03 22
03EB00,4,AA E2 20 BF 32 EB 03 22 E5 B7 03 28 6B 08 E2 20
1FD534,4,D0 05 EE 4A 12 80 04 22 DC BF 1F 6B DA BB 7A 22
1FD531,4,EC 3C 12 D0 05 EE 4A 12 80 04 22 DC BF 1F 6B DA
0B9048,4,A9 38 FF 95 10 E2 20 CE 53 15 F0 04 5C E3 BB 0B
1FD53F,4,6B DA BB 7A 22 01 D5 1F DA BB 7A 6B 86 3A 22 A9
03EAFD,4,29 FF 00 AA E2 20 BF 32 EB 03 22 E5 B7 03 28 6B
1FD507,4,5C 31 D5 1F 5A C2 20 BF DD 1C 7E F0 1A A8 A9 00
03EB03,4,BF 32 EB 03 22 E5 B7 03 28 6B 08 E2 20 AD 9C 18
03EB07,4,22 E5 B7 03 28 6B 08 E2 20 AD 9C 18 89 80 D0 0B
03EB01,4,E2 20 BF 32 EB 03 22 E5 B7 03 28 6B 08 E2 20 AD
1FD501,4,B5 08 29 40 D0 04 5C 31 D5 1F 5A C2 20 BF DD 1C
0B9046,4,95 0E A9 38 FF 95 10 E2 20 CE 53 15 F0 04 5C E3
03EE6E,4,E2 20 A9 00 48 AB A9 03 48 A0 6E ED 5A AD F6 1F
0B9041,4,95 0C A9 C8 FE 95 0E A9 38 FF 95 10 E2 20 CE 53
03E9A5,4,AA E2 20 BF 00 00 01 48 C2 20 29 7F 00 A8 E2 20
03E9A6,4,E2 20 BF 00 00 01 48 C2 20 29 7F 00 A8 E2 20 B9
03F98F,4,E0 08 00 D0 F4 AE 55 17 9D 4D 17 B9 03 80 9D 45
03F98D,4,E8 E8 E0 08 00 D0 F4 AE 55 17 9D 4D 17 B9 03 80
03ED6D,4,28 6B E2 20 AD F6 1F 48 AB C2 20 BD 00 80 29 FF
03EAFB,4,C2 20 29 FF 00 AA E2 20 BF 32 EB 03 22 E5 B7 03
03ED6C,4,AB 28 6B E2 20 AD F6 1F 48 AB C2 20 BD 00 80 29
03ED66,4,E2 20 8B 20 6F ED AB 28 6B E2 20 AD F6 1F 48 AB
03ED69,4,20 6F ED AB 28 6B E2 20 AD F6 1F 48 AB C2 20 BD
03E9A1,4,BF B8 FB 01 AA E2 20 BF 00 00 01 48 C2 20 29 7F
0492B8,4,20 4A A3 DA 22 93 E9 03 FA 4C D5 83 A9 FF 8D FD
03E9AC,4,48 C2 20 29 7F 00 A8 E2 20 B9 A1 18 F0 2D AD FD
03E9B2,4,A8 E2 20 B9 A1 18 F0 2D AD FD 1F 1A D0 0A B9 A1
03E9B3,4,E2 20 B9 A1 18 F0 2D AD FD 1F 1A D0 0A B9 A1 18
03E9B5,4,B9 A1 18 F0 2D AD FD 1F 1A D0 0A B9 A1 18 09 80
03E9A8,4,BF 00 00 01 48 C2 20 29 7F 00 A8 E2 20 B9 A1 18
0B9043,4,A9 C8 FE 95 0E A9 38 FF 95 10 E2 20 CE 53 15 F0
03E9AF,4,29 7F 00 A8 E2 20 B9 A1 18 F0 2D AD FD 1F 1A D0
02DB1D,4,80 F3 AB 60 08 E2 20 C2 10 20 2B DB 28 6B 9C C8
03E9AD,4,C2 20 29 7F 00 A8 E2 20 B9 A1 18 F0 2D AD FD 1F
03E9B8,4,F0 2D AD FD 1F 1A D0 0A B9 A1 18 09 80 8D FD 1F
03E9A0,4,AA BF B8 FB 01 AA E2 20 BF 00 00 01 48 C2 20 29
03E99F,4,0A AA BF B8 FB 01 AA E2 20 BF 00 00 01 48 C2 20
049320,4,95 09 4C 9A A1 22 4A FC 02 C9 7F B0 04 5C 7D 92
04A11D,4,DA B5 1F 29 01 D0 04 5C 7F A1 04 80 31 FA DA B5
04A11C,4,FA DA B5 1F 29 01 D0 04 5C 7F A1 04 80 31 FA DA
049322,4,4C 9A A1 22 4A FC 02 C9 7F B0 04 5C 7D 92 04 4C
04931E,4,09 08 95 09 4C 9A A1 22 4A FC 02 C9 7F B0 04 5C
04A124,4,5C 7F A1 04 80 31 FA DA B5 1F 29 04 D0 04 5C 7F
04A120,4,29 01 D0 04 5C 7F A1 04 80 31 FA DA B5 1F 29 04
04931C,4,B5 09 09 08 95 09 4C 9A A1 22 4A FC 02 C9 7F B0
04A148,4,A9 1F 80 08 A9 3F 80 04 A9 7F 80 00 2D BD 15 F0
03F98E,4,E8 E0 08 00 D0 F4 AE 55 17 9D 4D 17 B9 03 80 9D
03E993,4,08 C2 30 29 FF 00 3A C9 FF FF F0 46 0A AA BF B8
03E996,4,29 FF 00 3A C9 FF FF F0 46 0A AA BF B8 FB 01 AA
03ED68,4,8B 20 6F ED AB 28 6B E2 20 AD F6 1F 48 AB C2 20
02DB19,4,22 DC BF 1F 80 F3 AB 60 08 E2 20 C2 10 20 2B DB
03E99D,4,F0 46 0A AA BF B8 FB 01 AA E2 20 BF 00 00 01 48
03E994,4,C2 30 29 FF 00 3A C9 FF FF F0 46 0A AA BF B8 FB
03ED65,4,08 E2 20 8B 20 6F ED AB 28 6B E2 20 AD F6 1F 48
03E99A,4,C9 FF FF F0 46 0A AA BF B8 FB 01 AA E2 20 BF 00
03ED6E,4,6B E2 20 AD F6 1F 48 AB C2 20 BD 00 80 29 FF 00
03E999,4,3A C9 FF FF F0 46 0A AA BF B8 FB 01 AA E2 20 BF
03E9BA,4,AD FD 1F 1A D0 0A B9 A1 18 09 80 8D FD 1F 80 03
0B904F,4,CE 53 15 F0 04 5C E3 BB 0B A9 3C 8D 53 15 C2 20
03EE72,4,48 AB A9 03 48 A0 6E ED 5A AD F6 1F 48 DA AE F9
1FD539,4,80 04 22 DC BF 1F 6B DA BB 7A 22 01 D5 1F DA BB
1FD503,4,29 40 D0 04 5C 31 D5 1F 5A C2 20 BF DD 1C 7E F0
03EE70,4,A9 00 48 AB A9 03 48 A0 6E ED 5A AD F6 1F 48 DA
03E9D9,4,E8 8E 9D 18 A9 32 8D 9F 18 9C A0 18 28 6B 68 28
02DB17,4,B4 00 22 DC BF 1F 80 F3 AB 60 08 E2 20 C2 10 20
03EE74,4,A9 03 48 A0 6E ED 5A AD F6 1F 48 DA AE F9 16 6B
03EE68,4,8A 18 69 00 80 AA E2 20 A9 00 48 AB A9 03 48 A0
03E9D2,4,BF 00 00 01 8D FC 1F E8 8E 9D 18 A9 32 8D 9F 18
03EE76,4,48 A0 6E ED 5A AD F6 1F 48 DA AE F9 16 6B BB DA
03E9D1,4,E8 BF 00 00 01 8D FC 1F E8 8E 9D 18 A9 32 8D 9F
03E9DA,4,8E 9D 18 A9 32 8D 9F 18 9C A0 18 28 6B 68 28 6B
03EE6D,4,AA E2 20 A9 00 48 AB A9 03 48 A0 6E ED 5A AD F6
0B9038,4,5C 3C 90 0B C2 20 A9 28 FF 95 0C A9 C8 FE 95 0E
0B903C,4,C2 20 A9 28 FF 95 0C A9 C8 FE 95 0E A9 38 FF 95
0B903E,4,A9 28 FF 95 0C A9 C8 FE 95 0E A9 38 FF 95 10 E2
08B2A1,4,A9 F8 C9 80 6A 10 02 69 00 C9 80 6A 10 02 69 00
0B9036,4,F0 04 5C 3C 90 0B C2 20 A9 28 FF 95 0C A9 C8 FE
0B9031,4,AD 53 15 C9 28 F0 04 5C 3C 90 0B C2 20 A9 28 FF
0B9034,4,C9 28 F0 04 5C 3C 90 0B C2 20 A9 28 FF 95 0C A9
03E9DD,4,A9 32 8D 9F 18 9C A0 18 28 6B 68 28 6B 08 E2 20
03EE77,4,A0 6E ED 5A AD F6 1F 48 DA AE F9 16 6B BB DA E2
03E9D6,4,8D FC 1F E8 8E 9D 18 A9 32 8D 9F 18 9C A0 18 28
03E9CE,4,8D 9C 18 E8 BF 00 00 01 8D FC 1F E8 8E 9D 18 A9
03E9BE,4,D0 0A B9 A1 18 09 80 8D FD 1F 80 03 9C FD 1F 68
03EE7A,4,5A AD F6 1F 48 DA AE F9 16 6B BB DA E2 20 A9 03
03E9BD,4,1A D0 0A B9 A1 18 09 80 8D FD 1F 80 03 9C FD 1F
03EE7B,4,AD F6 1F 48 DA AE F9 16 6B BB DA E2 20 A9 03 48
03EE80,4,AE F9 16 6B BB DA E2 20 A9 03 48 A0 9E EE 5A BD
03EE83,4,6B BB DA E2 20 A9 03 48 A0 9E EE 5A BD 03 80 48
03EE73,4,AB A9 03 48 A0 6E ED 5A AD F6 1F 48 DA AE F9 16
03EE7F,4,DA AE F9 16 6B BB DA E2 20 A9 03 48 A0 9E EE 5A
03E9CD,4,68 8D 9C 18 E8 BF 00 00 01 8D FC 1F E8 8E 9D 18
03E9CA,4,9C FD 1F 68 8D 9C 18 E8 BF 00 00 01 8D FC 1F E8
03EE7E,4,48 DA AE F9 16 6B BB DA E2 20 A9 03 48 A0 9E EE
048471,3,95 1E 4C EA 83 B5 1E 29 EF 95 1E 4C EA 83 20 4A
1FD631,3,80 03 18 65 3A 95 15 18 6B 38 6B C5 3A D0 04 5C
04A366,3,BB BF 01 A4 04 7A FA 60 DA 5A B4 28 BB BF 02 A4
048473,3,4C EA 83 B5 1E 29 EF 95 1E 4C EA 83 20 4A A3 D5
04A367,3,BF 01 A4 04 7A FA 60 DA 5A B4 28 BB BF 02 A4 04
04A364,3,B4 28 BB BF 01 A4 04 7A FA 60 DA 5A B4 28 BB BF
04846F,3,09 10 95 1E 4C EA 83 B5 1E 29 EF 95 1E 4C EA 83
04A363,3,5A B4 28 BB BF 01 A4 04 7A FA 60 DA 5A B4 28 BB
1FD62E,3,38 E5 3A 80 03 18 65 3A 95 15 18 6B 38 6B C5 3A
04A36B,3,7A FA 60 DA 5A B4 28 BB BF 02 A4 04 7A FA 60 DA
0B9152,3,80 08 C9 FC FF 30 03 A9 FC FF C9 00 80 6A 10 03
03F984,3,98 A2 00 00 DD 4D 17 F0 20 E8 E8 E0 08 00 D0 F4
1FD62F,3,E5 3A 80 03 18 65 3A 95 15 18 6B 38 6B C5 3A D0
04A362,3,DA 5A B4 28 BB BF 01 A4 04 7A FA 60 DA 5A B4 28
04A36D,3,60 DA 5A B4 28 BB BF 02 A4 04 7A FA 60 DA 5A B4
04846D,3,B5 1E 09 10 95 1E 4C EA 83 B5 1E 29 EF 95 1E 4C
0B914F,3,A9 04 00 80 08 C9 FC FF 30 03 A9 FC FF C9 00 80
03F7FE,3,60 C2 20 9C F9 16 68 18 69 0B 00 AA AD FD 16 D0
03F7FB,3,8E FF 16 60 C2 20 9C F9 16 68 18 69 0B 00 AA AD
049C01,3,C8 CE 59 17 D0 E3 8E 5B 17 FA BC FA 1C C2 20 98
1FCB89,3,EA 4C A5 CB 49 FF 1A 8D 03 42 EA EA EA EA AD 17
1FCB86,3,8D 03 42 EA 4C A5 CB 49 FF 1A 8D 03 42 EA EA EA
049C00,3,C8 C8 CE 59 17 D0 E3 8E 5B 17 FA BC FA 1C C2 20
049B76,3,C2 20 BD FA 1C E2 20 F0 04 5C B0 9B 04 C2 20 A9
1FCB8A,3,4C A5 CB 49 FF 1A 8D 03 42 EA EA EA EA AD 17 42
049BFE,3,E8 C8 C8 C8 CE 59 17 D0 E3 8E 5B 17 FA BC FA 1C
049BFF,3,C8 C8 C8 CE 59 17 D0 E3 8E 5B 17 FA BC FA 1C C2
049BFC,3,E8 E8 E8 C8 C8 C8 CE 59 17 D0 E3 8E 5B 17 FA BC
03F985,3,A2 00 00 DD 4D 17 F0 20 E8 E8 E0 08 00 D0 F4 AE
049BF3,3,9D A2 A0 B9 A3 A0 9D A3 A0 E8 E8 E8 C8 C8 C8 CE
049C02,3,CE 59 17 D0 E3 8E 5B 17 FA BC FA 1C C2 20 98 22
049BFD,3,E8 E8 C8 C8 C8 CE 59 17 D0 E3 8E 5B 17 FA BC FA
04A36C,3,FA 60 DA 5A B4 28 BB BF 02 A4 04 7A FA 60 DA 5A
0AFB49,3,BB BC A1 A0 D0 F5 FA 7A 5C EE BD 1F 6B B9 A1 A0
0AFB4A,3,BC A1 A0 D0 F5 FA 7A 5C EE BD 1F 6B B9 A1 A0 E0
049C05,3,D0 E3 8E 5B 17 FA BC FA 1C C2 20 98 22 34 FB 0A
049BF6,3,B9 A3 A0 9D A3 A0 E8 E8 E8 C8 C8 C8 CE 59 17 D0
0AFB61,3,FA 80 04 FA 9D F6 1C 98 22 79 F9 0A FA 7A 6B DA
049BF9,3,9D A3 A0 E8 E8 E8 C8 C8 C8 CE 59 17 D0 E3 8E 5B
0AFB62,3,80 04 FA 9D F6 1C 98 22 79 F9 0A FA 7A 6B DA 5A
0AFB4D,3,D0 F5 FA 7A 5C EE BD 1F 6B B9 A1 A0 E0 00 00 F0
049BF0,3,B9 A2 A0 9D A2 A0 B9 A3 A0 9D A3 A0 E8 E8 E8 C8
1FCBA5,3,A9 00 38 ED 17 42 AA 8A 18 65 0A 85 0A 89 80 F0
049B7D,3,F0 04 5C B0 9B 04 C2 20 A9 04 00 22 17 FB 0A A8
1FCBD0,3,EA EA AD 17 42 4C 09 CC 49 FF 1A 0A 8D 02 42 AD
1FCBD1,3,EA AD 17 42 4C 09 CC 49 FF 1A 0A 8D 02 42 AD F5
049BED,3,9D A1 A0 B9 A2 A0 9D A2 A0 B9 A3 A0 9D A3 A0 E8
1FCBCF,3,EA EA EA AD 17 42 4C 09 CC 49 FF 1A 0A 8D 02 42
049B7B,3,E2 20 F0 04 5C B0 9B 04 C2 20 A9 04 00 22 17 FB
1FCBCE,3,EA EA EA EA AD 17 42 4C 09 CC 49 FF 1A 0A 8D 02
049B78,3,BD FA 1C E2 20 F0 04 5C B0 9B 04 C2 20 A9 04 00
1FCBCB,3,8D 03 42 EA EA EA EA AD 17 42 4C 09 CC 49 FF 1A
1FCBD5,3,4C 09 CC 49 FF 1A 0A 8D 02 42 AD F5 15 30 07 8D
1FCBD2,3,AD 17 42 4C 09 CC 49 FF 1A 0A 8D 02 42 AD F5 15
0AFB5E,3,9D A1 A0 FA 80 04 FA 9D F6 1C 98 22 79 F9 0A FA
1FCBA8,3,ED 17 42 AA 8A 18 65 0A 85 0A 89 80 F0 06 A9 FF
049BEA,3,B9 A1 A0 9D A1 A0 B9 A2 A0 9D A2 A0 B9 A3 A0 9D
0B9054,3,5C E3 BB 0B A9 3C 8D 53 15 C2 20 A9 85 90 95 16
1FCBA7,3,38 ED 17 42 AA 8A 18 65 0A 85 0A 89 80 F0 06 A9
0BBB4C,2,8D 7D 15 E2 20 C2 20 A9 05 00 8D 7F 15 E2 20 C2
0499CA,2,C2 20 B5 28 1A 1A E2 20 C2 20 8D A9 F0 BD F8 1C
0998D7,2,AE ED 1E 8E 76 17 8B A9 7E 48 AB AE 32 17 8E 5E
04850A,2,4C AB 83 8E 59 17 20 4A A3 20 83 A0 20 56 A3 18
0998D1,2,AE 43 17 8E 74 17 AE ED 1E 8E 76 17 8B A9 7E 48
0BBB63,2,E2 20 C2 20 A9 EC FF 8D 7B 15 E2 20 A9 1B 8D DC
0BBB10,2,8D 8B 15 E2 20 C2 20 A9 0C FE 8D 71 15 E2 20 C2
0499CC,2,B5 28 1A 1A E2 20 C2 20 8D A9 F0 BD F8 1C 22 CB
0483F5,2,C2 20 20 4A A3 95 28 E2 20 4C 5F 80 C2 20 20 56
04892A,2,5C 62 89 04 38 ED 59 17 C9 00 30 08 C9 08 10 0A
0499DA,2,22 CB FB 0A 9D F8 1C E2 20 C2 20 20 4A A3 29 FF
0BBB8B,2,8D D2 14 AD DF 14 29 FB 8D DF 14 AD DA 14 09 02
0BBB93,2,8D DF 14 AD DA 14 09 02 8D DA 14 AD D9 14 29 FB
0BBB91,2,29 FB 8D DF 14 AD DA 14 09 02 8D DA 14 AD D9 14
0BBB96,2,AD DA 14 09 02 8D DA 14 AD D9 14 29 FB 8D D9 14
0998CE,2,8D F7 1F AE 43 17 8E 74 17 AE ED 1E 8E 76 17 8B
0499D7,2,BD F8 1C 22 CB FB 0A 9D F8 1C E2 20 C2 20 20 4A
0499D4,2,8D A9 F0 BD F8 1C 22 CB FB 0A 9D F8 1C E2 20 C2
0499CF,2,1A E2 20 C2 20 8D A9 F0 BD F8 1C 22 CB FB 0A 9D
0BBB65,2,C2 20 A9 EC FF 8D 7B 15 E2 20 A9 1B 8D DC 14 A9
0BBB4F,2,E2 20 C2 20 A9 05 00 8D 7F 15 E2 20 C2 20 A9 01
0BBB6A,2,8D 7B 15 E2 20 A9 1B 8D DC 14 A9 A8 8D E1 14 A9
0499D2,2,C2 20 8D A9 F0 BD F8 1C 22 CB FB 0A 9D F8 1C E2
0BBB6F,2,A9 1B 8D DC 14 A9 A8 8D E1 14 A9 08 8D D7 14 AD
0BBB42,2,8D 81 15 E2 20 C2 20 A9 01 FF 8D 7D 15 E2 20 C2
03EE26,2,E8 E8 E8 4C 6F ED BB BD 01 80 29 FF 00 0A 0A 0A
0998DA,2,8E 76 17 8B A9 7E 48 AB AE 32 17 8E 5E A0 AE 34
048022,2,C2 20 A9 5F 80 95 16 E2 20 A9 04 95 18 A9 04 9D
0998F1,2,8E 9F A0 A2 2C 00 BD 05 17 9D 62 A0 CA 10 F7 A2
04800C,2,80 14 B5 1E 09 01 95 1E B5 1D 09 40 95 1D A9 0A
0BBB67,2,A9 EC FF 8D 7B 15 E2 20 A9 1B 8D DC 14 A9 A8 8D
04800A,2,95 2B 80 14 B5 1E 09 01 95 1E B5 1D 09 40 95 1D
048034,2,A9 06 9D D2 1C C2 20 A9 C9 A2 9D D3 1C A9 5F F4
04803B,2,A9 C9 A2 9D D3 1C A9 5F F4 9D D0 1C E2 20 B5 2E
048036,2,9D D2 1C C2 20 A9 C9 A2 9D D3 1C A9 5F F4 9D D0
0998E5,2,8E 5E A0 AE 34 17 8E 60 A0 AE 55 17 8E 9F A0 A2
04803E,2,9D D3 1C A9 5F F4 9D D0 1C E2 20 B5 2E 09 10 95
048041,2,A9 5F F4 9D D0 1C E2 20 B5 2E 09 10 95 2E B5 1D
0BBBE1,2,E2 20 20 AA E8 C2 20 B5 0C 22 C8 D4 1F 80 06 B5
048CE4,2,4C BC A2 B5 25 F0 0D C2 20 29 FF 00 A8 E2 20 A9
099912,2,AB 6B 08 8B E2 20 A9 00 48 AB 78 E2 20 C2 10 AD
048CC0,2,B5 20 29 40 D0 04 5C E0 8C 04 B4 26 C0 00 00 F0
099913,2,6B 08 8B E2 20 A9 00 48 AB 78 E2 20 C2 10 AD F7
048975,2,4C C0 83 C2 20 20 4A A3 8D 5B 17 E2 20 8E 59 17
048008,2,A9 0A 95 2B 80 14 B5 1E 09 01 95 1E B5 1D 09 40
048CC2,2,29 40 D0 04 5C E0 8C 04 B4 26 C0 00 00 F0 0F C2
048CC4,2,D0 04 5C E0 8C 04 B4 26 C0 00 00 F0 0F C2 20 B9
099900,2,A2 07 00 BD 4D 17 9D 8F A0 BD 45 17 9D 97 A0 CA
048CE0,2,22 01 D5 1F 4C BC A2 B5 25 F0 0D C2 20 29 FF 00
048CC6,2,5C E0 8C 04 B4 26 C0 00 00 F0 0F C2 20 B9 26 00
0BBB38,2,8D 77 15 E2 20 C2 20 A9 00 00 8D 81 15 E2 20 C2
048044,2,9D D0 1C E2 20 B5 2E 09 10 95 2E B5 1D 09 08 95
1FD3CE,2,95 00 96 00 94 02 B4 00 F0 02 96 02 E2 20 38 6B
03EE1D,2,AC F9 16 BD 01 80 99 28 00 E8 E8 E8 4C 6F ED BB
03EE20,2,BD 01 80 99 28 00 E8 E8 E8 4C 6F ED BB BD 01 80
0BBB21,2,A9 F4 01 8D 73 15 E2 20 C2 20 A9 0C FE 8D 75 15
0998E2,2,AE 32 17 8E 5E A0 AE 34 17 8E 60 A0 AE 55 17 8E
0BBB1F,2,C2 20 A9 F4 01 8D 73 15 E2 20 C2 20 A9 0C FE 8D
03EE23,2,99 28 00 E8 E8 E8 4C 6F ED BB BD 01 80 29 FF 00
0998DE,2,A9 7E 48 AB AE 32 17 8E 5E A0 AE 34 17 8E 60 A0
0BBBA1,2,29 FB 8D D9 14 AD DF 14 29 D7 8D DF 14 B5 1D 09
03EE29,2,4C 6F ED BB BD 01 80 29 FF 00 0A 0A 0A 0A 8D FD
03EE28,2,E8 4C 6F ED BB BD 01 80 29 FF 00 0A 0A 0A 0A 8D
048047,2,E2 20 B5 2E 09 10 95 2E B5 1D 09 08 95 1D A9 00
03EE13,2,AE F9 16 D0 04 FA 4C 26 EE FA AC F9 16 BD 01 80
0BBB0B,2,C2 20 A9 CE FF 8D 8B 15 E2 20 C2 20 A9 0C FE 8D
04804F,2,B5 1D 09 08 95 1D A9 00 95 25 9C AD F0 9C AE F0
1FD3D2,2,94 02 B4 00 F0 02 96 02 E2 20 38 6B 18 6B C2 10
04804D,2,95 2E B5 1D 09 08 95 1D A9 00 95 25 9C AD F0 9C
03EE11,2,BB DA AE F9 16 D0 04 FA 4C 26 EE FA AC F9 16 BD
1FD3AB,2,9B AE 21 12 D0 06 E2 20 BB 4C DE D3 B5 00 8D 21
1FD55F,2,22 6E D3 1F C2 20 AD C7 14 99 04 00 E2 20 38 6B
048055,2,A9 00 95 25 9C AD F0 9C AE F0 B4 28 DA BB BF FE
0BBB08,2,8D D8 14 C2 20 A9 CE FF 8D 8B 15 E2 20 C2 20 A9
0BBB03,2,AD D8 14 29 1F 8D D8 14 C2 20 A9 CE FF 8D 8B 15
0BBBA6,2,AD DF 14 29 D7 8D DF 14 B5 1D 09 08 95 1D AD DA
0BBB2E,2,8D 75 15 E2 20 C2 20 A9 F4 01 8D 77 15 E2 20 C2
0BBBB0,2,09 08 95 1D AD DA 14 29 FE 8D DA 14 C2 20 A9 E3
0BBB7B,2,8D D7 14 AD D2 14 09 20 8D D2 14 AD D2 14 29 FF
0BBB7E,2,AD D2 14 09 20 8D D2 14 AD D2 14 29 FF 8D D2 14
0BBB79,2,A9 08 8D D7 14 AD D2 14 09 20 8D D2 14 AD D2 14
0BBB76,2,8D E1 14 A9 08 8D D7 14 AD D2 14 09 20 8D D2 14
0BBB74,2,A9 A8 8D E1 14 A9 08 8D D7 14 AD D2 14 09 20 8D
0BBB81,2,09 20 8D D2 14 AD D2 14 29 FF 8D D2 14 AD DF 14
0BBB83,2,8D D2 14 AD D2 14 29 FF 8D D2 14 AD DF 14 29 FB
0BBB8E,2,AD DF 14 29 FB 8D DF 14 AD DA 14 09 02 8D DA 14
048972,2,99 00 00 4C C0 83 C2 20 20 4A A3 8D 5B 17 E2 20
0BBB89,2,29 FF 8D D2 14 AD DF 14 29 FB 8D DF 14 AD DA 14
0BBB86,2,AD D2 14 29 FF 8D D2 14 AD DF 14 29 FB 8D DF 14
0BBB99,2,09 02 8D DA 14 AD D9 14 29 FB 8D D9 14 AD DF 14
0BBB6D,2,E2 20 A9 1B 8D DC 14 A9 A8 8D E1 14 A9 08 8D D7
0BBB59,2,E2 20 C2 20 A9 01 FF 8D 79 15 E2 20 C2 20 A9 EC
0BBB33,2,C2 20 A9 F4 01 8D 77 15 E2 20 C2 20 A9 00 00 8D
0BBB3B,2,E2 20 C2 20 A9 00 00 8D 81 15 E2 20 C2 20 A9 01
0BBB29,2,C2 20 A9 0C FE 8D 75 15 E2 20 C2 20 A9 F4 01 8D
1FD3DC,2,38 6B 18 6B C2 10 DA AE 1F 12 F0 13 B4 00 E2 20
0BBB60,2,8D 79 15 E2 20 C2 20 A9 EC FF 8D 7B 15 E2 20 A9
0BBB3F,2,A9 00 00 8D 81 15 E2 20 C2 20 A9 01 FF 8D 7D 15
0BBB49,2,A9 01 FF 8D 7D 15 E2 20 C2 20 A9 05 00 8D 7F 15
1FD3DD,2,6B 18 6B C2 10 DA AE 1F 12 F0 13 B4 00 E2 20 B5
0BBB56,2,8D 7F 15 E2 20 C2 20 A9 01 FF 8D 79 15 E2 20 C2
0BBB51,2,C2 20 A9 05 00 8D 7F 15 E2 20 C2 20 A9 01 FF 8D
1FD3DA,2,E2 20 38 6B 18 6B C2 10 DA AE 1F 12 F0 13 B4 00
0BBB9E,2,AD D9 14 29 FB 8D D9 14 AD DF 14 29 D7 8D DF 14
0BBBAB,2,8D DF 14 B5 1D 09 08 95 1D AD DA 14 29 FE 8D DA
0BBB5B,2,C2 20 A9 01 FF 8D 79 15 E2 20 C2 20 A9 EC FF 8D
0BBB47,2,C2 20 A9 01 FF 8D 7D 15 E2 20 C2 20 A9 05 00 8D
0BBB5D,2,A9 01 FF 8D 79 15 E2 20 C2 20 A9 EC FF 8D 7B 15
0BBBD8,2,9D D3 1C A9 15 E2 9D D0 1C E2 20 20 AA E8 C2 20
0BBBD5,2,A9 29 E7 9D D3 1C A9 15 E2 9D D0 1C E2 20 20 AA
0BBB45,2,E2 20 C2 20 A9 01 FF 8D 7D 15 E2 20 C2 20 A9 05
0BBB35,2,A9 F4 01 8D 77 15 E2 20 C2 20 A9 00 00 8D 81 15
0BBB27,2,E2 20 C2 20 A9 0C FE 8D 75 15 E2 20 C2 20 A9 F4
0BBB3D,2,C2 20 A9 00 00 8D 81 15 E2 20 C2 20 A9 01 FF 8D
0BBB2B,2,A9 0C FE 8D 75 15 E2 20 C2 20 A9 F4 01 8D 77 15
0BBB31,2,E2 20 C2 20 A9 F4 01 8D 77 15 E2 20 C2 20 A9 00
0BBBA3,2,8D D9 14 AD DF 14 29 D7 8D DF 14 B5 1D 09 08 95
0BBBD3,2,C2 20 A9 29 E7 9D D3 1C A9 15 E2 9D D0 1C E2 20
0BBBCE,2,A9 0B 9D D2 1C C2 20 A9 29 E7 9D D3 1C A9 15 E2
0BBBB7,2,29 FE 8D DA 14 C2 20 A9 E3 BB 95 16 E2 20 A9 0B
0BBBBC,2,C2 20 A9 E3 BB 95 16 E2 20 A9 0B 95 18 A9 0B 9D
0BBBB2,2,95 1D AD DA 14 29 FE 8D DA 14 C2 20 A9 E3 BB 95
0BBBAE,2,B5 1D 09 08 95 1D AD DA 14 29 FE 8D DA 14 C2 20
0BBBD0,2,9D D2 1C C2 20 A9 29 E7 9D D3 1C A9 15 E2 9D D0
0BBBBE,2,A9 E3 BB 95 16 E2 20 A9 0B 95 18 A9 0B 9D D5 1C
0BBBC7,2,95 18 A9 0B 9D D5 1C A9 0B 9D D2 1C C2 20 A9 29
0BBBC3,2,E2 20 A9 0B 95 18 A9 0B 9D D5 1C A9 0B 9D D2 1C
0BBBCB,2,9D D5 1C A9 0B 9D D2 1C C2 20 A9 29 E7 9D D3 1C
0BBBC9,2,A9 0B 9D D5 1C A9 0B 9D D2 1C C2 20 A9 29 E7 9D
0BBBA9,2,29 D7 8D DF 14 B5 1D 09 08 95 1D AD DA 14 29 FE
0BBB1D,2,E2 20 C2 20 A9 F4 01 8D 73 15 E2 20 C2 20 A9 0C
0BBB17,2,A9 0C FE 8D 71 15 E2 20 C2 20 A9 F4 01 8D 73 15
1FD563,2,C2 20 AD C7 14 99 04 00 E2 20 38 6B 8D C7 14 AD
0499EB,2,E2 20 C2 20 8D A9 F0 BD F8 1C 22 CB FB 0A 9D F8
0499E8,2,29 FF 00 E2 20 C2 20 8D A9 F0 BD F8 1C 22 CB FB
1FD568,2,99 04 00 E2 20 38 6B 8D C7 14 AD C7 14 99 22 00
0499E5,2,20 4A A3 29 FF 00 E2 20 C2 20 8D A9 F0 BD F8 1C
0499ED,2,C2 20 8D A9 F0 BD F8 1C 22 CB FB 0A 9D F8 1C E2
0499EF,2,8D A9 F0 BD F8 1C 22 CB FB 0A 9D F8 1C E2 20 4C
0499F9,2,9D F8 1C E2 20 4C D5 83 C2 20 B5 28 18 69 03 00
1FD55D,2,E2 20 22 6E D3 1F C2 20 AD C7 14 99 04 00 E2 20
0499F5,2,22 CB FB 0A 9D F8 1C E2 20 4C D5 83 C2 20 B5 28
1FD55B,2,A6 3A E2 20 22 6E D3 1F C2 20 AD C7 14 99 04 00
0499FC,2,E2 20 4C D5 83 C2 20 B5 28 18 69 03 00 E2 20 C2
0499E3,2,C2 20 20 4A A3 29 FF 00 E2 20 C2 20 8D A9 F0 BD
03EA12,2,A9 04 80 18 29 01 85 02 AD 9F 18 C9 1E B0 02 64
0BBBC1,2,95 16 E2 20 A9 0B 95 18 A9 0B 9D D5 1C A9 0B 9D
03EE27,2,E8 E8 4C 6F ED BB BD 01 80 29 FF 00 0A 0A 0A 0A
1FD56D,2,38 6B 8D C7 14 AD C7 14 99 22 00 96 06 C2 20 A9
0BBBB4,2,AD DA 14 29 FE 8D DA 14 C2 20 A9 E3 BB 95 16 E2
0499E1,2,E2 20 C2 20 20 4A A3 29 FF 00 E2 20 C2 20 8D A9
0BBB24,2,8D 73 15 E2 20 C2 20 A9 0C FE 8D 75 15 E2 20 C2
03EE16,2,D0 04 FA 4C 26 EE FA AC F9 16 BD 01 80 99 28 00
03EE1C,2,FA AC F9 16 BD 01 80 99 28 00 E8 E8 E8 4C 6F ED
0499DE,2,9D F8 1C E2 20 C2 20 20 4A A3 29 FF 00 E2 20 C2
03EE12,2,DA AE F9 16 D0 04 FA 4C 26 EE FA AC F9 16 BD 01
1FD3D8,2,96 02 E2 20 38 6B 18 6B C2 10 DA AE 1F 12 F0 13
1FD551,2,B0 07 A0 00 00 A6 3A 18 6B 9B A6 3A E2 20 22 6E
1FD3B7,2,B5 00 8D 21 12 98 D0 0C AD 1F 12 95 00 74 02 8E
1FD3AC,2,AE 21 12 D0 06 E2 20 BB 4C DE D3 B5 00 8D 21 12
0BBB0D,2,A9 CE FF 8D 8B 15 E2 20 C2 20 A9 0C FE 8D 71 15
1FD3A9,2,C2 20 9B AE 21 12 D0 06 E2 20 BB 4C DE D3 B5 00
0BBB06,2,29 1F 8D D8 14 C2 20 A9 CE FF 8D 8B 15 E2 20 C2
048B31,2,20 83 A0 E2 20 20 4A A3 99 00 00 4C C0 83 8E 59
1FD3AF,2,D0 06 E2 20 BB 4C DE D3 B5 00 8D 21 12 98 D0 0C
1FD3D0,2,96 00 94 02 B4 00 F0 02 96 02 E2 20 38 6B 18 6B
1FD3BD,2,D0 0C AD 1F 12 95 00 74 02 8E 1F 12 80 09 B9 00
1FD3D6,2,F0 02 96 02 E2 20 38 6B 18 6B C2 10 DA AE 1F 12
0BBB15,2,C2 20 A9 0C FE 8D 71 15 E2 20 C2 20 A9 F4 01 8D
03EA14,2,80 18 29 01 85 02 AD 9F 18 C9 1E B0 02 64 02 AD
1FD56E,2,6B 8D C7 14 AD C7 14 99 22 00 96 06 C2 20 A9 00
1FD565,2,AD C7 14 99 04 00 E2 20 38 6B 8D C7 14 AD C7 14
1FD3B9,2,8D 21 12 98 D0 0C AD 1F 12 95 00 74 02 8E 1F 12
1FD3BC,2,98 D0 0C AD 1F 12 95 00 74 02 8E 1F 12 80 09 B9
1FD54B,2,86 3A 22 A9 D3 1F B0 07 A0 00 00 A6 3A 18 6B 9B
0499FE,2,4C D5 83 C2 20 B5 28 18 69 03 00 E2 20 C2 20 8D
1FD56B,2,E2 20 38 6B 8D C7 14 AD C7 14 99 22 00 96 06 C2
1FD3CB,2,B9 00 00 95 00 96 00 94 02 B4 00 F0 02 96 02 E2
1FD3D4,2,B4 00 F0 02 96 02 E2 20 38 6B 18 6B C2 10 DA AE
048B3C,2,4C C0 83 8E 59 17 20 62 A3 20 83 A0 C2 20 20 4A
048B34,2,E2 20 20 4A A3 99 00 00 4C C0 83 8E 59 17 20 62
048B36,2,20 4A A3 99 00 00 4C C0 83 8E 59 17 20 62 A3 20
1FD55A,2,9B A6 3A E2 20 22 6E D3 1F C2 20 AD C7 14 99 04
1FD54D,2,22 A9 D3 1F B0 07 A0 00 00 A6 3A 18 6B 9B A6 3A
04896F,2,AD 59 17 99 00 00 4C C0 83 C2 20 20 4A A3 8D 5B
049BC3,2,9C 5A 17 C2 20 C2 20 AD 59 17 22 17 FB 0A A8 E2
048051,2,09 08 95 1D A9 00 95 25 9C AD F0 9C AE F0 B4 28
049BC0,2,8D 59 17 9C 5A 17 C2 20 C2 20 AD 59 17 22 17 FB
049BBF,2,1A 8D 59 17 9C 5A 17 C2 20 C2 20 AD 59 17 22 17
04804B,2,09 10 95 2E B5 1D 09 08 95 1D A9 00 95 25 9C AD
049BC6,2,C2 20 C2 20 AD 59 17 22 17 FB 0A A8 E2 20 DA 8C
049BC8,2,C2 20 AD 59 17 22 17 FB 0A A8 E2 20 DA 8C 5F 17
048057,2,95 25 9C AD F0 9C AE F0 B4 28 DA BB BF FE A3 04
048508,2,74 23 4C AB 83 8E 59 17 20 4A A3 20 83 A0 20 56
049C15,2,E2 20 C2 20 AD 5F 17 9D FA 1C E2 20 C2 20 20 4A
048053,2,95 1D A9 00 95 25 9C AD F0 9C AE F0 B4 28 DA BB
049C17,2,C2 20 AD 5F 17 9D FA 1C E2 20 C2 20 20 4A A3 AC
0BBBC5,2,A9 0B 95 18 A9 0B 9D D5 1C A9 0B 9D D2 1C C2 20
048049,2,B5 2E 09 10 95 2E B5 1D 09 08 95 1D A9 00 95 25
0998EB,2,8E 60 A0 AE 55 17 8E 9F A0 A2 2C 00 BD 05 17 9D
049BE4,2,1A 9D A1 A0 C8 E8 B9 A1 A0 9D A1 A0 B9 A2 A0 9D
049BE5,2,9D A1 A0 C8 E8 B9 A1 A0 9D A1 A0 B9 A2 A0 9D A2
0998CB,2,8E 3F 17 8D F7 1F AE 43 17 8E 74 17 AE ED 1E 8E
0BBB9B,2,8D DA 14 AD D9 14 29 FB 8D D9 14 AD DF 14 29 D7
0998EE,2,AE 55 17 8E 9F A0 A2 2C 00 BD 05 17 9D 62 A0 CA
049BE1,2,8D 59 17 1A 9D A1 A0 C8 E8 B9 A1 A0 9D A1 A0 B9
0998F4,2,A2 2C 00 BD 05 17 9D 62 A0 CA 10 F7 A2 07 00 BD
049C23,2,20 4A A3 AC 5B 17 99 A1 A0 E2 20 20 62 A3 99 A3
048039,2,C2 20 A9 C9 A2 9D D3 1C A9 5F F4 9D D0 1C E2 20
0998E8,2,AE 34 17 8E 60 A0 AE 55 17 8E 9F A0 A2 2C 00 BD
049C19,2,AD 5F 17 9D FA 1C E2 20 C2 20 20 4A A3 AC 5B 17
0BBBDB,2,A9 15 E2 9D D0 1C E2 20 20 AA E8 C2 20 B5 0C 22
049BD2,2,E2 20 DA 8C 5F 17 BC FA 1C AE 5F 17 B9 A1 A0 8D
0499F2,2,BD F8 1C 22 CB FB 0A 9D F8 1C E2 20 4C D5 83 C2
049C26,2,AC 5B 17 99 A1 A0 E2 20 20 62 A3 99 A3 A0 4C AB
049BD1,2,A8 E2 20 DA 8C 5F 17 BC FA 1C AE 5F 17 B9 A1 A0
049C29,2,99 A1 A0 E2 20 20 62 A3 99 A3 A0 4C AB 83 BC FA
049BD4,2,DA 8C 5F 17 BC FA 1C AE 5F 17 B9 A1 A0 8D 59 17
049C21,2,C2 20 20 4A A3 AC 5B 17 99 A1 A0 E2 20 20 62 A3
04805C,2,9C AE F0 B4 28 DA BB BF FE A3 04 FA 9D DC 1C C2
049BD5,2,8C 5F 17 BC FA 1C AE 5F 17 B9 A1 A0 8D 59 17 1A
049BDB,2,AE 5F 17 B9 A1 A0 8D 59 17 1A 9D A1 A0 C8 E8 B9
049BD8,2,BC FA 1C AE 5F 17 B9 A1 A0 8D 59 17 1A 9D A1 A0
0BBB53,2,A9 05 00 8D 7F 15 E2 20 C2 20 A9 01 FF 8D 79 15
049BCD,2,22 17 FB 0A A8 E2 20 DA 8C 5F 17 BC FA 1C AE 5F
049C2E,2,20 62 A3 99 A3 A0 4C AB 83 BC FA 1C D0 04 5C C0
048059,2,9C AD F0 9C AE F0 B4 28 DA BB BF FE A3 04 FA 9D
049C1F,2,E2 20 C2 20 20 4A A3 AC 5B 17 99 A1 A0 E2 20 20
0BBBDE,2,9D D0 1C E2 20 20 AA E8 C2 20 B5 0C 22 C8 D4 1F
049C1C,2,9D FA 1C E2 20 C2 20 20 4A A3 AC 5B 17 99 A1 A0
049C2C,2,E2 20 20 62 A3 99 A3 A0 4C AB 83 BC FA 1C D0 04
049BCA,2,AD 59 17 22 17 FB 0A A8 E2 20 DA 8C 5F 17 BC FA
049C34,2,4C AB 83 BC FA 1C D0 04 5C C0 83 04 B9 A1 A0 C9
0499CE,2,1A 1A E2 20 C2 20 8D A9 F0 BD F8 1C 22 CB FB 0A
0499D0,2,E2 20 C2 20 8D A9 F0 BD F8 1C 22 CB FB 0A 9D F8
049C31,2,99 A3 A0 4C AB 83 BC FA 1C D0 04 5C C0 83 04 B9
03F9AD,2,BD 45 17 3A F0 0B 9D 45 17 BB BD 01 80 AA 4C 6F
0BBBB9,2,8D DA 14 C2 20 A9 E3 BB 95 16 E2 20 A9 0B 95 18
049BB0,2,BC FA 1C B9 A1 A0 1A 8D 5D 17 0A 18 6D 5D 17 1A
049BE9,2,E8 B9 A1 A0 9D A1 A0 B9 A2 A0 9D A2 A0 B9 A3 A0
04802B,2,A9 04 95 18 A9 04 9D D5 1C A9 06 9D D2 1C C2 20
0998DD,2,8B A9 7E 48 AB AE 32 17 8E 5E A0 AE 34 17 8E 60
048004,2,A9 0A 95 2A A9 0A 95 2B 80 14 B5 1E 09 01 95 1E
049C07,2,8E 5B 17 FA BC FA 1C C2 20 98 22 34 FB 0A E2 20
0AF9B3,2,F0 2F B9 A1 A0 A8 D0 EB BD A1 A0 9D A5 A0 AC A1
0998D4,2,8E 74 17 AE ED 1E 8E 76 17 8B A9 7E 48 AB AE 32
049BE8,2,C8 E8 B9 A1 A0 9D A1 A0 B9 A2 A0 9D A2 A0 B9 A3
048962,2,5C 6F 89 04 AD 59 17 99 00 00 4C 9A A1 AD 59 17
049B7F,2,5C B0 9B 04 C2 20 A9 04 00 22 17 FB 0A A8 E2 20
0998E1,2,AB AE 32 17 8E 5E A0 AE 34 17 8E 60 A0 AE 55 17
0998E0,2,48 AB AE 32 17 8E 5E A0 AE 34 17 8E 60 A0 AE 55
04802D,2,95 18 A9 04 9D D5 1C A9 06 9D D2 1C C2 20 A9 C9
0AF9B0,2,CC A3 F0 F0 2F B9 A1 A0 A8 D0 EB BD A1 A0 9D A5
048006,2,95 2A A9 0A 95 2B 80 14 B5 1E 09 01 95 1E B5 1D
048029,2,E2 20 A9 04 95 18 A9 04 9D D5 1C A9 06 9D D2 1C
049C0B,2,BC FA 1C C2 20 98 22 34 FB 0A E2 20 C2 20 AD 5F
0BBB1A,2,8D 71 15 E2 20 C2 20 A9 F4 01 8D 73 15 E2 20 C2
0BBB13,2,E2 20 C2 20 A9 0C FE 8D 71 15 E2 20 C2 20 A9 F4
0BBB71,2,8D DC 14 A9 A8 8D E1 14 A9 08 8D D7 14 AD D2 14
049BBC,2,6D 5D 17 1A 8D 59 17 9C 5A 17 C2 20 C2 20 AD 59
048027,2,95 16 E2 20 A9 04 95 18 A9 04 9D D5 1C A9 06 9D
049C0A,2,FA BC FA 1C C2 20 98 22 34 FB 0A E2 20 C2 20 AD
049C11,2,22 34 FB 0A E2 20 C2 20 AD 5F 17 9D FA 1C E2 20
048024,2,A9 5F 80 95 16 E2 20 A9 04 95 18 A9 04 9D D5 1C
049C10,2,98 22 34 FB 0A E2 20 C2 20 AD 5F 17 9D FA 1C E2
049C0E,2,C2 20 98 22 34 FB 0A E2 20 C2 20 AD 5F 17 9D FA
049BBB,2,18 6D 5D 17 1A 8D 59 17 9C 5A 17 C2 20 C2 20 AD
049BDE,2,B9 A1 A0 8D 59 17 1A 9D A1 A0 C8 E8 B9 A1 A0 9D
04802F,2,A9 04 9D D5 1C A9 06 9D D2 1C C2 20 A9 C9 A2 9D
048031,2,9D D5 1C A9 06 9D D2 1C C2 20 A9 C9 A2 9D D3 1C
0483F7,2,20 4A A3 95 28 E2 20 4C 5F 80 C2 20 20 56 A3 95
049BB6,2,1A 8D 5D 17 0A 18 6D 5D 17 1A 8D 59 17 9C 5A 17
048B2B,2,8E 59 17 20 56 A3 20 83 A0 E2 20 20 4A A3 99 00
0483FE,2,4C 5F 80 C2 20 20 56 A3 95 28 E2 20 4C 5F 80 C2
0483FA,2,95 28 E2 20 4C 5F 80 C2 20 20 56 A3 95 28 E2 20
0483FC,2,E2 20 4C 5F 80 C2 20 20 56 A3 95 28 E2 20 4C 5F
049BBA,2,0A 18 6D 5D 17 1A 8D 59 17 9C 5A 17 C2 20 C2 20
049BB7,2,8D 5D 17 0A 18 6D 5D 17 1A 8D 59 17 9C 5A 17 C2
048B39,2,99 00 00 4C C0 83 8E 59 17 20 62 A3 20 83 A0 C2
049BB3,2,B9 A1 A0 1A 8D 5D 17 0A 18 6D 5D 17 1A 8D 59 17
03F9B0,2,3A F0 0B 9D 45 17 BB BD 01 80 AA 4C 6F ED 9E 4D
048B2E,2,20 56 A3 20 83 A0 E2 20 20 4A A3 99 00 00 4C C0
03F9B1,2,F0 0B 9D 45 17 BB BD 01 80 AA 4C 6F ED 9E 4D 17
0686A0,1,29 F7 95 20 B5 09 29 F7 95 09 DE F4 1C AC 8D 15
03F560,1,BB BD 01 80 29 FF 00 0A 0A 0A 0A 8D FD 16 DA AE
03F564,1,29 FF 00 0A 0A 0A 0A 8D FD 16 DA AE 1F 12 9B AE
06869E,1,B5 20 29 F7 95 20 B5 09 29 F7 95 09 DE F4 1C AC
0686A2,1,95 20 B5 09 29 F7 95 09 DE F4 1C AC 8D 15 C0 00
0686A8,1,95 09 DE F4 1C AC 8D 15 C0 00 00 D0 04 5C 12 8D
03F9CF,1,E8 4C 6F ED 5C EE BD 1F E8 4C 6F ED BB BD 01 80
0686A6,1,29 F7 95 09 DE F4 1C AC 8D 15 C0 00 00 D0 04 5C
0780E5,1,22 E5 B7 03 B5 14 85 3A A9 00 22 F7 D8 1F 95 14
03F9CE,1,E8 E8 4C 6F ED 5C EE BD 1F E8 4C 6F ED BB BD 01
0780E3,1,A9 32 22 E5 B7 03 B5 14 85 3A A9 00 22 F7 D8 1F
1FD620,1,AD C7 14 80 11 B5 15 CD C7 14 F0 0A 30 05 38 E5
0780D4,1,E2 20 A9 06 99 18 00 B9 20 00 09 08 99 20 00 A9
0780D8,1,99 18 00 B9 20 00 09 08 99 20 00 A9 32 22 E5 B7
0780B8,1,C2 20 A9 19 B2 8D C7 14 E2 20 22 4B D5 1F B0 04
0780DB,1,B9 20 00 09 08 99 20 00 A9 32 22 E5 B7 03 B5 14
03F9C1,1,9E 45 17 CE 55 17 CE 55 17 BB E8 E8 E8 E8 E8 4C
0780C6,1,B0 04 5C E3 80 07 C2 20 A9 71 86 99 16 00 E2 20
0780D6,1,A9 06 99 18 00 B9 20 00 09 08 99 20 00 A9 32 22
0780CC,1,C2 20 A9 71 86 99 16 00 E2 20 A9 06 99 18 00 B9
0780D1,1,99 16 00 E2 20 A9 06 99 18 00 B9 20 00 09 08 99
0B907B,1,A9 00 8D 54 15 A9 B1 9D E8 1C EE 54 15 AD 54 15
0780B5,1,8E 8D 15 C2 20 A9 19 B2 8D C7 14 E2 20 22 4B D5
03F9C4,1,CE 55 17 CE 55 17 BB E8 E8 E8 E8 E8 4C 6F ED 5C
03F9CB,1,E8 E8 E8 E8 E8 4C 6F ED 5C EE BD 1F E8 4C 6F ED
0780AF,1,B5 1E 09 10 95 1E 8E 8D 15 C2 20 A9 19 B2 8D C7
0780B3,1,95 1E 8E 8D 15 C2 20 A9 19 B2 8D C7 14 E2 20 22
0780B1,1,09 10 95 1E 8E 8D 15 C2 20 A9 19 B2 8D C7 14 E2
0BDEB6,1,A9 00 8D F0 14 AD DD 14 C9 03 F0 04 5C E1 DE 0B
0780E0,1,99 20 00 A9 32 22 E5 B7 03 B5 14 85 3A A9 00 22
0780DE,1,09 08 99 20 00 A9 32 22 E5 B7 03 B5 14 85 3A A9
0780C0,1,E2 20 22 4B D5 1F B0 04 5C E3 80 07 C2 20 A9 71
03F9D0,1,4C 6F ED 5C EE BD 1F E8 4C 6F ED BB BD 01 80 8D
0B9058,1,A9 3C 8D 53 15 C2 20 A9 85 90 95 16 E2 20 A9 0B
0B91EB,1,8D D2 14 A9 41 8D 0E 15 C2 20 A9 20 D3 8D C7 14
0B91E9,1,29 FE 8D D2 14 A9 41 8D 0E 15 C2 20 A9 20 D3 8D
08B1FF,1,6D 0F 15 95 26 E2 20 C2 20 A9 57 B2 95 16 E2 20
08B204,1,E2 20 C2 20 A9 57 B2 95 16 E2 20 A9 08 95 18 22
08B206,1,C2 20 A9 57 B2 95 16 E2 20 A9 08 95 18 22 1A D4
0B91EE,1,A9 41 8D 0E 15 C2 20 A9 20 D3 8D C7 14 E2 20 22
0B91F0,1,8D 0E 15 C2 20 A9 20 D3 8D C7 14 E2 20 22 4B D5
08B20B,1,95 16 E2 20 A9 08 95 18 22 1A D4 1F A9 02 95 2A
08B1FE,1,18 6D 0F 15 95 26 E2 20 C2 20 A9 57 B2 95 16 E2
08B1FC,1,B5 26 18 6D 0F 15 95 26 E2 20 C2 20 A9 57 B2 95
08B1F3,1,6D 0F 15 95 0C E2 20 C2 20 B5 26 18 6D 0F 15 95
08B1EA,1,09 08 95 1D C2 20 B5 0C 18 6D 0F 15 95 0C E2 20
0B91E6,1,AD D2 14 29 FE 8D D2 14 A9 41 8D 0E 15 C2 20 A9
08B1F6,1,95 0C E2 20 C2 20 B5 26 18 6D 0F 15 95 26 E2 20
0B91E3,1,8D CC 15 AD D2 14 29 FE 8D D2 14 A9 41 8D 0E 15
0B91E1,1,A9 00 8D CC 15 AD D2 14 29 FE 8D D2 14 A9 41 8D
0780CE,1,A9 71 86 99 16 00 E2 20 A9 06 99 18 00 B9 20 00
08B1E8,1,B5 1D 09 08 95 1D C2 20 B5 0C 18 6D 0F 15 95 0C
08B20D,1,E2 20 A9 08 95 18 22 1A D4 1F A9 02 95 2A A9 04
08B213,1,22 1A D4 1F A9 02 95 2A A9 04 95 2B A9 3C 95 15
08B225,1,29 F7 95 09 AC 3A 12 B5 2E 09 20 95 2E B5 2E 09
0B920C,1,99 16 00 E2 20 A9 07 99 18 00 B9 1E 00 09 01 99
08B221,1,95 15 B5 09 29 F7 95 09 AC 3A 12 B5 2E 09 20 95
0B920F,1,E2 20 A9 07 99 18 00 B9 1E 00 09 01 99 1E 00 22
0B9211,1,A9 07 99 18 00 B9 1E 00 09 01 99 1E 00 22 D9 DA
08B227,1,95 09 AC 3A 12 B5 2E 09 20 95 2E B5 2E 09 40 95
08B229,1,AC 3A 12 B5 2E 09 20 95 2E B5 2E 09 40 95 2E B5
0B91FB,1,E2 20 22 4B D5 1F B0 04 5C 3C 92 0B C2 20 A9 6D
0B9209,1,A9 6D 80 99 16 00 E2 20 A9 07 99 18 00 B9 1E 00
0B9207,1,C2 20 A9 6D 80 99 16 00 E2 20 A9 07 99 18 00 B9
08B217,1,A9 02 95 2A A9 04 95 2B A9 3C 95 15 B5 09 29 F7
0B91FD,1,22 4B D5 1F B0 04 5C 3C 92 0B C2 20 A9 6D 80 99
08B21F,1,A9 3C 95 15 B5 09 29 F7 95 09 AC 3A 12 B5 2E 09
0B9201,1,B0 04 5C 3C 92 0B C2 20 A9 6D 80 99 16 00 E2 20
08B21B,1,A9 04 95 2B A9 3C 95 15 B5 09 29 F7 95 09 AC 3A
08B219,1,95 2A A9 04 95 2B A9 3C 95 15 B5 09 29 F7 95 09
08B21D,1,95 2B A9 3C 95 15 B5 09 29 F7 95 09 AC 3A 12 B5
0AF9F1,1,9D A1 A0 B9 A3 A0 9D A3 A0 8A BC A1 A0 F0 03 99
08B1D2,1,E2 20 A9 06 95 23 82 0D 00 C2 20 A9 18 FC 95 26
049167,1,D0 04 5C DC 91 04 98 4C D7 91 AD A3 18 F0 39 AD
0B9070,1,A9 32 8D BB 15 A9 00 9F E9 1C 7E A9 00 8D 54 15
0B906E,1,95 20 A9 32 8D BB 15 A9 00 9F E9 1C 7E A9 00 8D
0B906C,1,29 F7 95 20 A9 32 8D BB 15 A9 00 9F E9 1C 7E A9
0B9072,1,8D BB 15 A9 00 9F E9 1C 7E A9 00 8D 54 15 A9 B1
0B9077,1,9F E9 1C 7E A9 00 8D 54 15 A9 B1 9D E8 1C EE 54
0B9075,1,A9 00 9F E9 1C 7E A9 00 8D 54 15 A9 B1 9D E8 1C
0B907D,1,8D 54 15 A9 B1 9D E8 1C EE 54 15 AD 54 15 C9 0C
0B9080,1,A9 B1 9D E8 1C EE 54 15 AD 54 15 C9 0C F0 04 5C
0B906A,1,B5 20 29 F7 95 20 A9 32 8D BB 15 A9 00 9F E9 1C
0B9066,1,A9 0B 95 18 B5 20 29 F7 95 20 A9 32 8D BB 15 A9
0B905D,1,C2 20 A9 85 90 95 16 E2 20 A9 0B 95 18 B5 20 29
0B905A,1,8D 53 15 C2 20 A9 85 90 95 16 E2 20 A9 0B 95 18
0B9068,1,95 18 B5 20 29 F7 95 20 A9 32 8D BB 15 A9 00 9F
0B905F,1,A9 85 90 95 16 E2 20 A9 0B 95 18 B5 20 29 F7 95
0B9062,1,95 16 E2 20 A9 0B 95 18 B5 20 29 F7 95 20 A9 32
03F567,1,0A 0A 0A 0A 8D FD 16 DA AE 1F 12 9B AE 21 12 D0
0B9064,1,E2 20 A9 0B 95 18 B5 20 29 F7 95 20 A9 32 8D BB
08B1D0,1,95 26 E2 20 A9 06 95 23 82 0D 00 C2 20 A9 18 FC
0B9082,1,9D E8 1C EE 54 15 AD 54 15 C9 0C F0 04 5C 98 90
03F9CC,1,E8 E8 E8 E8 4C 6F ED 5C EE BD 1F E8 4C 6F ED BB
03F122,1,AC F9 16 E2 20 A9 80 99 20 00 EE 3E 17 E8 4C 6F
03F116,1,BB DA AE F9 16 D0 04 FA 4C 2F F1 FA AC F9 16 E2
0B90D6,1,09 02 8D DA 14 C2 20 B5 0C 85 3A A9 00 00 22 6F
03F12C,1,EE 3E 17 E8 4C 6F ED BB E2 20 9C F3 16 E8 4C 6F
0780C2,1,22 4B D5 1F B0 04 5C E3 80 07 C2 20 A9 71 86 99
049155,1,20 4A A3 C9 06 F0 15 C2 20 29 FF 00 A8 E2 20 B9
04915A,1,F0 15 C2 20 29 FF 00 A8 E2 20 B9 A1 18 D0 04 5C
03F9CD,1,E8 E8 E8 4C 6F ED 5C EE BD 1F E8 4C 6F ED BB BD
0B90C8,1,A9 DB 90 95 16 E2 20 A9 0B 95 18 AD DA 14 09 02
0780BD,1,8D C7 14 E2 20 22 4B D5 1F B0 04 5C E3 80 07 C2
0B90A3,1,A9 81 9D E8 1C AD 54 15 C9 1E F0 04 5C B8 90 0B
03F9CA,1,BB E8 E8 E8 E8 E8 4C 6F ED 5C EE BD 1F E8 4C 6F
0B90C6,1,C2 20 A9 DB 90 95 16 E2 20 A9 0B 95 18 AD DA 14
03F9C7,1,CE 55 17 BB E8 E8 E8 E8 E8 4C 6F ED 5C EE BD 1F
0780BA,1,A9 19 B2 8D C7 14 E2 20 22 4B D5 1F B0 04 5C E3
0B90B3,1,A9 A1 9D E8 1C A9 32 8D 0E 15 CE 53 15 F0 04 5C
0B90B5,1,9D E8 1C A9 32 8D 0E 15 CE 53 15 F0 04 5C E3 BB
03F568,1,0A 0A 0A 8D FD 16 DA AE 1F 12 9B AE 21 12 D0 04
0AF9B5,1,B9 A1 A0 A8 D0 EB BD A1 A0 9D A5 A0 AC A1 A0 8E
03F56A,1,0A 8D FD 16 DA AE 1F 12 9B AE 21 12 D0 04 BB 4C
08B1F8,1,E2 20 C2 20 B5 26 18 6D 0F 15 95 26 E2 20 C2 20
08B1FA,1,C2 20 B5 26 18 6D 0F 15 95 26 E2 20 C2 20 A9 57
08B202,1,95 26 E2 20 C2 20 A9 57 B2 95 16 E2 20 A9 08 95
08B208,1,A9 57 B2 95 16 E2 20 A9 08 95 18 22 1A D4 1F A9
0AF9FA,1,8A BC A1 A0 F0 03 99 A3 A0 BC A3 A0 F0 05 99 A1
08B1F0,1,B5 0C 18 6D 0F 15 95 0C E2 20 C2 20 B5 26 18 6D
08B1F2,1,18 6D 0F 15 95 0C E2 20 C2 20 B5 26 18 6D 0F 15
0AF9F7,1,9D A3 A0 8A BC A1 A0 F0 03 99 A3 A0 BC A3 A0 F0
08B1EC,1,95 1D C2 20 B5 0C 18 6D 0F 15 95 0C E2 20 C2 20
08B20F,1,A9 08 95 18 22 1A D4 1F A9 02 95 2A A9 04 95 2B
1FD41A,1,C2 20 A9 A3 89 9D D3 1C A9 5F F4 9D D0 1C E2 20
1FD428,1,E2 20 A9 06 9D D5 1C A9 06 9D D2 1C 6B C2 20 A9
1FD42C,1,9D D5 1C A9 06 9D D2 1C 6B C2 20 A9 A3 89 99 D3
0AF9FE,1,F0 03 99 A3 A0 BC A3 A0 F0 05 99 A1 A0 80 03 8D
08B211,1,95 18 22 1A D4 1F A9 02 95 2A A9 04 95 2B A9 3C
0AF9FB,1,BC A1 A0 F0 03 99 A3 A0 BC A3 A0 F0 05 99 A1 A0
1FD41F,1,9D D3 1C A9 5F F4 9D D0 1C E2 20 A9 06 9D D5 1C
1FD425,1,9D D0 1C E2 20 A9 06 9D D5 1C A9 06 9D D2 1C 6B
1FD41C,1,A9 A3 89 9D D3 1C A9 5F F4 9D D0 1C E2 20 A9 06
0AFA00,1,99 A3 A0 BC A3 A0 F0 05 99 A1 A0 80 03 8D A1 A0
0AF9F4,1,B9 A3 A0 9D A3 A0 8A BC A1 A0 F0 03 99 A3 A0 BC
0AF9EE,1,B9 A1 A0 9D A1 A0 B9 A3 A0 9D A3 A0 8A BC A1 A0
0AF9E7,1,18 7D A1 A0 9D A5 A0 B9 A1 A0 9D A1 A0 B9 A3 A0
03F11B,1,D0 04 FA 4C 2F F1 FA AC F9 16 E2 20 A9 80 99 20
03F121,1,FA AC F9 16 E2 20 A9 80 99 20 00 EE 3E 17 E8 4C
03F125,1,E2 20 A9 80 99 20 00 EE 3E 17 E8 4C 6F ED BB E2
03F118,1,AE F9 16 D0 04 FA 4C 2F F1 FA AC F9 16 E2 20 A9
03F65C,1,4C 6F ED 8E FF 16 60 C2 20 A2 00 00 8E F9 16 FA
03F117,1,DA AE F9 16 D0 04 FA 4C 2F F1 FA AC F9 16 E2 20
0AF9E4,1,B9 A5 A0 18 7D A1 A0 9D A5 A0 B9 A1 A0 9D A1 A0
08B1D8,1,82 0D 00 C2 20 A9 18 FC 95 26 E2 20 A9 FA 95 23
03F127,1,A9 80 99 20 00 EE 3E 17 E8 4C 6F ED BB E2 20 9C
0AF9E8,1,7D A1 A0 9D A5 A0 B9 A1 A0 9D A1 A0 B9 A3 A0 9D
08B1CD,1,A9 E8 03 95 26 E2 20 A9 06 95 23 82 0D 00 C2 20
08B1D4,1,A9 06 95 23 82 0D 00 C2 20 A9 18 FC 95 26 E2 20
08B1D6,1,95 23 82 0D 00 C2 20 A9 18 FC 95 26 E2 20 A9 FA
03F129,1,99 20 00 EE 3E 17 E8 4C 6F ED BB E2 20 9C F3 16
08B1CB,1,C2 20 A9 E8 03 95 26 E2 20 A9 06 95 23 82 0D 00
03F130,1,4C 6F ED BB E2 20 9C F3 16 E8 4C 6F ED BB E2 20
0AF9EB,1,9D A5 A0 B9 A1 A0 9D A1 A0 B9 A3 A0 9D A3 A0 8A
03F12F,1,E8 4C 6F ED BB E2 20 9C F3 16 E8 4C 6F ED BB E2
03F657,1,AD FD 16 D0 03 4C 6F ED 8E FF 16 60 C2 20 A2 00
0AFA03,1,BC A3 A0 F0 05 99 A1 A0 80 03 8D A1 A0 20 41 FA
08B223,1,B5 09 29 F7 95 09 AC 3A 12 B5 2E 09 20 95 2E B5
0487B8,1,4C D5 83 20 11 88 B9 2E 00 09 10 99 2E 00 4C EA
04993B,1,C2 20 B5 28 C9 FF FF E2 20 D0 04 5C 7F A1 04 4C
049942,1,E2 20 D0 04 5C 7F A1 04 4C C0 83 C2 20 B5 28 1A
049944,1,D0 04 5C 7F A1 04 4C C0 83 C2 20 B5 28 1A 1A E2
049937,1,95 28 E2 20 C2 20 B5 28 C9 FF FF E2 20 D0 04 5C
0487B3,1,20 4A A3 95 2C 4C D5 83 20 11 88 B9 2E 00 09 10
0487B6,1,95 2C 4C D5 83 20 11 88 B9 2E 00 09 10 99 2E 00
078082,1,A9 07 95 18 A9 46 95 0A A9 1E 95 15 A9 C0 95 14
07808E,1,A9 C0 95 14 AC 3A 12 C2 20 B9 10 00 DD 10 00 E2
04994A,1,4C C0 83 C2 20 B5 28 1A 1A E2 20 C2 20 8D A9 F0
049DAF,1,95 1E 4C EA 83 DA 8B 08 A9 04 48 F4 CF 9D A9 04
049730,1,4C EA 83 20 4A A3 8D 59 17 DA B5 20 29 40 F0 04
0BBAFF,1,A9 0B 95 18 AD D8 14 29 1F 8D D8 14 C2 20 A9 CE
0BBB01,1,95 18 AD D8 14 29 1F 8D D8 14 C2 20 A9 CE FF 8D
049DAD,1,09 01 95 1E 4C EA 83 DA 8B 08 A9 04 48 F4 CF 9D
0BBAFB,1,95 16 E2 20 A9 0B 95 18 AD D8 14 29 1F 8D D8 14
0BBAF6,1,C2 20 A9 03 BB 95 16 E2 20 A9 0B 95 18 AD D8 14
04972E,1,95 09 4C EA 83 20 4A A3 8D 59 17 DA B5 20 29 40
0BBAF3,1,AE 3A 12 C2 20 A9 03 BB 95 16 E2 20 A9 0B 95 18
0AFA06,1,F0 05 99 A1 A0 80 03 8D A1 A0 20 41 FA 80 0F 8E
078090,1,95 14 AC 3A 12 C2 20 B9 10 00 DD 10 00 E2 20 30
08B251,1,A9 03 9F E9 1C 7E C2 20 A9 DC 05 9D CE 1C E2 20
0AFA13,1,80 0F 8E A1 A0 BD A1 A0 9D A5 A0 9E A3 A0 9E A1
08B232,1,B5 2E 09 40 95 2E B5 2E 09 01 95 2E C2 20 B5 26
08B234,1,09 40 95 2E B5 2E 09 01 95 2E C2 20 B5 26 8D 1D
049928,1,C2 20 BD F8 1C 22 28 FC 0A 9D F8 1C AD A9 F0 95
08B230,1,95 2E B5 2E 09 40 95 2E B5 2E 09 01 95 2E C2 20
0AFA0D,1,8D A1 A0 20 41 FA 80 0F 8E A1 A0 BD A1 A0 9D A5
0AFA10,1,20 41 FA 80 0F 8E A1 A0 BD A1 A0 9D A5 A0 9E A3
068733,1,22 01 D5 1F 6B A9 00 09 80 9D E7 1C B5 1E 09 01
08B253,1,9F E9 1C 7E C2 20 A9 DC 05 9D CE 1C E2 20 C2 20
04992D,1,22 28 FC 0A 9D F8 1C AD A9 F0 95 28 E2 20 C2 20
049934,1,AD A9 F0 95 28 E2 20 C2 20 B5 28 C9 FF FF E2 20
08B247,1,C2 20 AD 1D 15 9D CA 1C E2 20 A9 03 9F E9 1C 7E
08B24C,1,9D CA 1C E2 20 A9 03 9F E9 1C 7E C2 20 A9 DC 05
049931,1,9D F8 1C AD A9 F0 95 28 E2 20 C2 20 B5 28 C9 FF
08B242,1,8D 1D 15 E2 20 C2 20 AD 1D 15 9D CA 1C E2 20 A9
08B23E,1,C2 20 B5 26 8D 1D 15 E2 20 C2 20 AD 1D 15 9D CA
08B240,1,B5 26 8D 1D 15 E2 20 C2 20 AD 1D 15 9D CA 1C E2
08B236,1,95 2E B5 2E 09 01 95 2E C2 20 B5 26 8D 1D 15 E2
03F569,1,0A 0A 8D FD 16 DA AE 1F 12 9B AE 21 12 D0 04 BB
03F68F,1,60 BB BD 01 80 29 FF 00 0A 0A 8D FD 16 DA AE 1F
0AFABA,1,D0 F3 A9 00 00 80 51 8D A1 F0 BD A5 A0 38 ED A1
07808C,1,95 15 A9 C0 95 14 AC 3A 12 C2 20 B9 10 00 DD 10
0AF9C7,1,8A 99 A3 A0 98 9D A1 A0 9E A3 A0 80 50 B9 A5 A0
03EE3C,1,8E FF 16 60 BB E2 20 AD D9 14 29 80 D0 09 BD 01
03EE3A,1,E8 E8 8E FF 16 60 BB E2 20 AD D9 14 29 80 D0 09
03EE3F,1,60 BB E2 20 AD D9 14 29 80 D0 09 BD 01 80 8D 49
03F5AF,1,F0 05 09 00 FF 80 03 29 FF 00 0A 0A 99 0C 00 BD
03F5B1,1,09 00 FF 80 03 29 FF 00 0A 0A 99 0C 00 BD 03 80
0AF9C4,1,8E A1 A0 8A 99 A3 A0 98 9D A1 A0 9E A3 A0 80 50
03F5A9,1,BD 02 80 89 80 00 F0 05 09 00 FF 80 03 29 FF 00
03F5BE,1,BD 03 80 89 80 00 F0 05 09 00 FF 80 03 29 FF 00
078086,1,A9 46 95 0A A9 1E 95 15 A9 C0 95 14 AC 3A 12 C2
03F5CE,1,0A 0A 99 0E 00 BD 04 80 29 FF 00 0A 0A 0A 0A 5A
078080,1,E2 20 A9 07 95 18 A9 46 95 0A A9 1E 95 15 A9 C0
0AF9CB,1,98 9D A1 A0 9E A3 A0 80 50 B9 A5 A0 18 7D A1 A0
03EE35,1,0A 0A 8D FD 16 E8 E8 8E FF 16 60 BB E2 20 AD D9
03EE30,1,29 FF 00 0A 0A 0A 0A 8D FD 16 E8 E8 8E FF 16 60
0AF9C8,1,99 A3 A0 98 9D A1 A0 9E A3 A0 80 50 B9 A5 A0 18
078084,1,95 18 A9 46 95 0A A9 1E 95 15 A9 C0 95 14 AC 3A
03EE33,1,0A 0A 0A 0A 8D FD 16 E8 E8 8E FF 16 60 BB E2 20
0AF9CC,1,9D A1 A0 9E A3 A0 80 50 B9 A5 A0 18 7D A1 A0 99
03F5A7,1,C2 20 BD 02 80 89 80 00 F0 05 09 00 FF 80 03 29
03F5A1,1,E2 20 22 6E D3 1F C2 20 BD 02 80 89 80 00 F0 05
03F576,1,D0 04 BB 4C 63 F6 B5 00 8D 21 12 98 D0 0C AD 1F
0B9213,1,99 18 00 B9 1E 00 09 01 99 1E 00 22 D9 DA 1F C2
0AF9B8,1,A8 D0 EB BD A1 A0 9D A5 A0 AC A1 A0 8E A1 A0 8A
0BDEB8,1,8D F0 14 AD DD 14 C9 03 F0 04 5C E1 DE 0B C2 20
03F573,1,AE 21 12 D0 04 BB 4C 63 F6 B5 00 8D 21 12 98 D0
03F56E,1,DA AE 1F 12 9B AE 21 12 D0 04 BB 4C 63 F6 B5 00
03F56F,1,AE 1F 12 9B AE 21 12 D0 04 BB 4C 63 F6 B5 00 8D
03F56B,1,8D FD 16 DA AE 1F 12 9B AE 21 12 D0 04 BB 4C 63
03F5A3,1,22 6E D3 1F C2 20 BD 02 80 89 80 00 F0 05 09 00
0AF9B9,1,D0 EB BD A1 A0 9D A5 A0 AC A1 A0 8E A1 A0 8A 99
0AF9BE,1,9D A5 A0 AC A1 A0 8E A1 A0 8A 99 A3 A0 98 9D A1
03F59F,1,9B FA E2 20 22 6E D3 1F C2 20 BD 02 80 89 80 00
03F5A0,1,FA E2 20 22 6E D3 1F C2 20 BD 02 80 89 80 00 F0
0AF9BB,1,BD A1 A0 9D A5 A0 AC A1 A0 8E A1 A0 8A 99 A3 A0
03F59D,1,96 02 9B FA E2 20 22 6E D3 1F C2 20 BD 02 80 89
03F599,1,B4 00 F0 02 96 02 9B FA E2 20 22 6E D3 1F C2 20
03F59B,1,F0 02 96 02 9B FA E2 20 22 6E D3 1F C2 20 BD 02
0AF9C1,1,AC A1 A0 8E A1 A0 8A 99 A3 A0 98 9D A1 A0 9E A3
03F68E,1,AA 60 BB BD 01 80 29 FF 00 0A 0A 8D FD 16 DA AE
0AF9CF,1,9E A3 A0 80 50 B9 A5 A0 18 7D A1 A0 99 A5 A0 BB
03F5D6,1,29 FF 00 0A 0A 0A 0A 5A AC 3A 12 18 79 10 00 7A
03F61D,1,99 04 00 FA 80 2C BD 05 80 DA 29 FF 00 0A AA BF
0AFAB4,1,F0 0B BC A1 A0 BB D0 F3 A9 00 00 80 51 8D A1 F0
03F64F,1,C2 20 8C F9 16 20 77 F6 AD FD 16 D0 03 4C 6F ED
03F651,1,8C F9 16 20 77 F6 AD FD 16 D0 03 4C 6F ED 8E FF
03F618,1,AA BF 4B A6 00 99 04 00 FA 80 2C BD 05 80 DA 29
03F60E,1,BF 40 A8 00 C2 20 29 FF 00 0A AA BF 4B A6 00 99
03F617,1,0A AA BF 4B A6 00 99 04 00 FA 80 2C BD 05 80 DA
03F60B,1,99 18 00 BF 40 A8 00 C2 20 29 FF 00 0A AA BF 4B
0B921B,1,99 1E 00 22 D9 DA 1F C2 20 A9 CE FF 99 0C 00 A9
03F654,1,20 77 F6 AD FD 16 D0 03 4C 6F ED 8E FF 16 60 C2
03F677,1,BD 00 80 29 FF 00 C9 76 00 F0 07 8A 18 69 07 00
03F689,1,8A 18 69 06 00 AA 60 BB BD 01 80 29 FF 00 0A 0A
03F68A,1,18 69 06 00 AA 60 BB BD 01 80 29 FF 00 0A 0A 8D
03F68B,1,69 06 00 AA 60 BB BD 01 80 29 FF 00 0A 0A 8D FD
0AFAB6,1,BC A1 A0 BB D0 F3 A9 00 00 80 51 8D A1 F0 BD A5
03F680,1,F0 07 8A 18 69 07 00 AA 60 8A 18 69 06 00 AA 60
03F67D,1,C9 76 00 F0 07 8A 18 69 07 00 AA 60 8A 18 69 06
0AFAB9,1,BB D0 F3 A9 00 00 80 51 8D A1 F0 BD A5 A0 38 ED
03F67A,1,29 FF 00 C9 76 00 F0 07 8A 18 69 07 00 AA 60 8A
07807E,1,95 16 E2 20 A9 07 95 18 A9 46 95 0A A9 1E 95 15
0B9222,1,C2 20 A9 CE FF 99 0C 00 A9 9C FF 99 0E 00 B9 10
0B9233,1,18 69 38 FF 99 10 00 E2 20 A9 00 9F E8 1C 7E A9
049A93,1,BD F8 1C 22 28 FC 0A 9D F8 1C AD A9 F0 8D 59 17
03F5DD,1,5A AC 3A 12 18 79 10 00 7A 99 10 00 BD 00 80 29
078075,1,09 01 95 1E C2 20 A9 92 80 95 16 E2 20 A9 07 95
03F5E2,1,79 10 00 7A 99 10 00 BD 00 80 29 FF 00 C9 76 00
078077,1,95 1E C2 20 A9 92 80 95 16 E2 20 A9 07 95 18 A9
07807B,1,A9 92 80 95 16 E2 20 A9 07 95 18 A9 46 95 0A A9
03F5DA,1,0A 0A 0A 5A AC 3A 12 18 79 10 00 7A 99 10 00 BD
0AF9D2,1,80 50 B9 A5 A0 18 7D A1 A0 99 A5 A0 BB 20 41 FA
03F602,1,99 16 00 E2 20 BF 3F A8 00 99 18 00 BF 40 A8 00
03F5E9,1,BD 00 80 29 FF 00 C9 76 00 D0 2F BD 05 80 DA 29
03F5EC,1,29 FF 00 C9 76 00 D0 2F BD 05 80 DA 29 FF 00 0A
0B9237,1,99 10 00 E2 20 A9 00 9F E8 1C 7E A9 00 8D CE 14
03F5FD,1,AA BF 3D A8 00 99 16 00 E2 20 BF 3F A8 00 99 18
078071,1,95 09 B5 1E 09 01 95 1E C2 20 A9 92 80 95 16 E2
03F5F8,1,29 FF 00 0A 0A AA BF 3D A8 00 99 16 00 E2 20 BF
03F5F2,1,D0 2F BD 05 80 DA 29 FF 00 0A 0A AA BF 3D A8 00
07806F,1,29 F7 95 09 B5 1E 09 01 95 1E C2 20 A9 92 80 95
03F5EF,1,C9 76 00 D0 2F BD 05 80 DA 29 FF 00 0A 0A AA BF
08B22C,1,B5 2E 09 20 95 2E B5 2E 09 40 95 2E B5 2E 09 01
0B9242,1,A9 00 8D CE 14 5C 03 BB 0B A9 00 48 AB E2 20 C2
0B9219,1,09 01 99 1E 00 22 D9 DA 1F C2 20 A9 CE FF 99 0C
03F869,1,7D 07 80 99 10 00 BD 09 80 DA 29 FF 00 0A 0A AA
0DD22A,1,8D 88 17 E2 20 A9 0B 8D 8A 17 AB A2 39 52 6B 28
03F86C,1,99 10 00 BD 09 80 DA 29 FF 00 0A 0A AA BF 3D A8
0D8927,1,A2 32 09 22 CB 98 09 A2 32 09 6B 74 00 00 B8 0B
03F868,1,18 7D 07 80 99 10 00 BD 09 80 DA 29 FF 00 0A 0A
03F864,1,B9 10 00 7A 18 7D 07 80 99 10 00 BD 09 80 DA 29
03F867,1,7A 18 7D 07 80 99 10 00 BD 09 80 DA 29 FF 00 0A
03F65A,1,D0 03 4C 6F ED 8E FF 16 60 C2 20 A2 00 00 8E F9
03F5E6,1,99 10 00 BD 00 80 29 FF 00 C9 76 00 D0 2F BD 05
03F86F,1,BD 09 80 DA 29 FF 00 0A 0A AA BF 3D A8 00 99 16
03F9BA,1,AA 4C 6F ED 9E 4D 17 9E 45 17 CE 55 17 CE 55 17
03F878,1,AA BF 3D A8 00 99 16 00 E2 20 BF 3F A8 00 99 18
03F879,1,BF 3D A8 00 99 16 00 E2 20 BF 3F A8 00 99 18 00
0B91F3,1,C2 20 A9 20 D3 8D C7 14 E2 20 22 4B D5 1F B0 04
0D892A,1,22 CB 98 09 A2 32 09 6B 74 00 00 B8 0B 00 00 E8
03F877,1,0A AA BF 3D A8 00 99 16 00 E2 20 BF 3F A8 00 99
03F873,1,29 FF 00 0A 0A AA BF 3D A8 00 99 16 00 E2 20 BF
03F876,1,0A 0A AA BF 3D A8 00 99 16 00 E2 20 BF 3F A8 00
03F872,1,DA 29 FF 00 0A 0A AA BF 3D A8 00 99 16 00 E2 20
03F87D,1,99 16 00 E2 20 BF 3F A8 00 99 18 00 BF 40 A8 00
0D8921,1,E2 20 C2 10 A9 0D A2 32 09 22 CB 98 09 A2 32 09
03F860,1,5A AC 3A 12 B9 10 00 7A 18 7D 07 80 99 10 00 BD
03F40F,1,C2 20 BD 01 80 AA EE 34 17 4C 6F ED BB AC 32 17
03F852,1,C2 20 BD 03 80 99 0C 00 BD 05 80 99 0E 00 5A AC
03F854,1,BD 03 80 99 0C 00 BD 05 80 99 0E 00 5A AC 3A 12
03F5CF,1,0A 99 0E 00 BD 04 80 29 FF 00 0A 0A 0A 0A 5A AC
03F597,1,94 02 B4 00 F0 02 96 02 9B FA E2 20 22 6E D3 1F
03F84C,1,E2 20 22 6E D3 1F C2 20 BD 03 80 99 0C 00 BD 05
03F84E,1,22 6E D3 1F C2 20 BD 03 80 99 0C 00 BD 05 80 99
03F84B,1,FA E2 20 22 6E D3 1F C2 20 BD 03 80 99 0C 00 BD
03F861,1,AC 3A 12 B9 10 00 7A 18 7D 07 80 99 10 00 BD 09
03F411,1,BD 01 80 AA EE 34 17 4C 6F ED BB AC 32 17 88 E2
03F414,1,AA EE 34 17 4C 6F ED BB AC 32 17 88 E2 20 B9 05
03F85D,1,99 0E 00 5A AC 3A 12 B9 10 00 7A 18 7D 07 80 99
03F5DC,1,0A 5A AC 3A 12 18 79 10 00 7A 99 10 00 BD 00 80
03F857,1,99 0C 00 BD 05 80 99 0E 00 5A AC 3A 12 B9 10 00
03F5D9,1,0A 0A 0A 0A 5A AC 3A 12 18 79 10 00 7A 99 10 00
03F415,1,EE 34 17 4C 6F ED BB AC 32 17 88 E2 20 B9 05 17
03F5D3,1,BD 04 80 29 FF 00 0A 0A 0A 0A 5A AC 3A 12 18 79
03F85A,1,BD 05 80 99 0E 00 5A AC 3A 12 B9 10 00 7A 18 7D
03F84A,1,9B FA E2 20 22 6E D3 1F C2 20 BD 03 80 99 0C 00
0B91F8,1,8D C7 14 E2 20 22 4B D5 1F B0 04 5C 3C 92 0B C2
03F882,1,BF 3F A8 00 99 18 00 BF 40 A8 00 C2 20 29 FF 00
03F605,1,E2 20 BF 3F A8 00 99 18 00 BF 40 A8 00 C2 20 29
0B9224,1,A9 CE FF 99 0C 00 A9 9C FF 99 0E 00 B9 10 00 18
049DAB,1,B5 1E 09 01 95 1E 4C EA 83 DA 8B 08 A9 04 48 F4
0B9093,1,A9 91 9D E8 1C AD 54 15 C9 14 F0 04 5C A8 90 0B
03F607,1,BF 3F A8 00 99 18 00 BF 40 A8 00 C2 20 29 FF 00
03F8AA,1,D0 03 4C 6F ED 8E FF 16 60 C2 20 9C F9 16 68 18
0B9216,1,B9 1E 00 09 01 99 1E 00 22 D9 DA 1F C2 20 A9 CE
03F8A7,1,AD FD 16 D0 03 4C 6F ED 8E FF 16 60 C2 20 9C F9
03F8A6,1,AA AD FD 16 D0 03 4C 6F ED 8E FF 16 60 C2 20 9C
0B922D,1,99 0E 00 B9 10 00 18 69 38 FF 99 10 00 E2 20 A9
03F5FE,1,BF 3D A8 00 99 16 00 E2 20 BF 3F A8 00 99 18 00
03F5F7,1,DA 29 FF 00 0A 0A AA BF 3D A8 00 99 16 00 E2 20
03EE2C,1,BB BD 01 80 29 FF 00 0A 0A 0A 0A 8D FD 16 E8 E8
0BD196,1,A9 F8 FF C9 00 80 6A 10 03 69 00 00 C9 00 80 6A
03F8AC,1,4C 6F ED 8E FF 16 60 C2 20 9C F9 16 68 18 69 0A
049DB1,1,4C EA 83 DA 8B 08 A9 04 48 F4 CF 9D A9 04 48 C2
03F5FB,1,0A 0A AA BF 3D A8 00 99 16 00 E2 20 BF 3F A8 00
03F5FC,1,0A AA BF 3D A8 00 99 16 00 E2 20 BF 3F A8 00 99
03F880,1,E2 20 BF 3F A8 00 99 18 00 BF 40 A8 00 C2 20 29
03F8A3,1,69 0A 00 AA AD FD 16 D0 03 4C 6F ED 8E FF 16 60
03F8A2,1,18 69 0A 00 AA AD FD 16 D0 03 4C 6F ED 8E FF 16
03F892,1,0A AA BF 4B A6 00 99 04 00 FA 8C F9 16 C2 20 8A
03F893,1,AA BF 4B A6 00 99 04 00 FA 8C F9 16 C2 20 8A 18
03F894,1,BF 4B A6 00 99 04 00 FA 8C F9 16 C2 20 8A 18 69
03F621,1,80 2C BD 05 80 DA 29 FF 00 0A AA BF 4B A6 00 99
03F88F,1,29 FF 00 0A AA BF 4B A6 00 99 04 00 FA 8C F9 16
03F889,1,BF 40 A8 00 C2 20 29 FF 00 0A AA BF 4B A6 00 99
03F88D,1,C2 20 29 FF 00 0A AA BF 4B A6 00 99 04 00 FA 8C
03F886,1,99 18 00 BF 40 A8 00 C2 20 29 FF 00 0A AA BF 4B
03F612,1,C2 20 29 FF 00 0A AA BF 4B A6 00 99 04 00 FA 80
03F620,1,FA 80 2C BD 05 80 DA 29 FF 00 0A AA BF 4B A6 00
03F81E,1,AE 21 12 D0 04 BB 4C B3 F8 B5 00 8D 21 12 98 D0
03F8A1,1,8A 18 69 0A 00 AA AD FD 16 D0 03 4C 6F ED 8E FF
03F614,1,29 FF 00 0A AA BF 4B A6 00 99 04 00 FA 80 2C BD
03F898,1,99 04 00 FA 8C F9 16 C2 20 8A 18 69 0A 00 AA AD
03F89F,1,C2 20 8A 18 69 0A 00 AA AD FD 16 D0 03 4C 6F ED
03F89C,1,8C F9 16 C2 20 8A 18 69 0A 00 AA AD FD 16 D0 03
03F619,1,BF 4B A6 00 99 04 00 FA 80 2C BD 05 80 DA 29 FF
03F89B,1,FA 8C F9 16 C2 20 8A 18 69 0A 00 AA AD FD 16 D0
03F5F4,1,BD 05 80 DA 29 FF 00 0A 0A AA BF 3D A8 00 99 16
03F40C,1,8D F6 1F C2 20 BD 01 80 AA EE 34 17 4C 6F ED BB
03F846,1,F0 02 96 02 9B FA E2 20 22 6E D3 1F C2 20 BD 03
0B90CF,1,A9 0B 95 18 AD DA 14 09 02 8D DA 14 C2 20 B5 0C
1FD623,1,80 11 B5 15 CD C7 14 F0 0A 30 05 38 E5 3A 80 03
0B90CB,1,95 16 E2 20 A9 0B 95 18 AD DA 14 09 02 8D DA 14
0DD231,1,8D 8A 17 AB A2 39 52 6B 28 20 09 0D 00 F4 01 E8
0B90D1,1,95 18 AD DA 14 09 02 8D DA 14 C2 20 B5 0C 85 3A
0B90D8,1,8D DA 14 C2 20 B5 0C 85 3A A9 00 00 22 6F D6 1F
0D8923,1,C2 10 A9 0D A2 32 09 22 CB 98 09 A2 32 09 6B 74
0B90D3,1,AD DA 14 09 02 8D DA 14 C2 20 B5 0C 85 3A A9 00
0B90CD,1,E2 20 A9 0B 95 18 AD DA 14 09 02 8D DA 14 C2 20
0DD235,1,A2 39 52 6B 28 20 09 0D 00 F4 01 E8 03 00 00 40
03F3F3,1,8A 99 05 17 E2 20 AD F6 1F 99 07 17 C2 20 C8 C8
03F994,1,AE 55 17 9D 4D 17 B9 03 80 9D 45 17 EE 55 17 EE
03F402,1,C8 C8 8C 32 17 E2 20 BD 03 80 8D F6 1F C2 20 BD
0DD238,1,6B 28 20 09 0D 00 F4 01 E8 03 00 00 40 1F 42 68
03F401,1,C8 C8 C8 8C 32 17 E2 20 BD 03 80 8D F6 1F C2 20
03F99A,1,B9 03 80 9D 45 17 EE 55 17 EE 55 17 B9 01 80 AA
03F3FC,1,99 07 17 C2 20 C8 C8 C8 8C 32 17 E2 20 BD 03 80
03F3F4,1,99 05 17 E2 20 AD F6 1F 99 07 17 C2 20 C8 C8 C8
0B90A5,1,9D E8 1C AD 54 15 C9 1E F0 04 5C B8 90 0B A9 A1
0DD205,1,A2 09 52 6B 78 E2 20 AD D9 14 29 80 F0 04 A2 39
0DD20F,1,29 80 F0 04 A2 39 52 6B A2 1B 52 6B 78 8B A9 7E
04972A,1,B5 09 29 F7 95 09 4C EA 83 20 4A A3 8D 59 17 DA
0D892E,1,A2 32 09 6B 74 00 00 B8 0B 00 00 E8 03 F2 8C 00
0BBAF8,1,A9 03 BB 95 16 E2 20 A9 0B 95 18 AD D8 14 29 1F
0D8931,1,6B 74 00 00 B8 0B 00 00 E8 03 F2 8C 00 00 8A 3E
0D8925,1,A9 0D A2 32 09 22 CB 98 09 A2 32 09 6B 74 00 00
0BBAFD,1,E2 20 A9 0B 95 18 AD D8 14 29 1F 8D D8 14 C2 20
04972C,1,29 F7 95 09 4C EA 83 20 4A A3 8D 59 17 DA B5 20
0DD227,1,A9 EF BA 8D 88 17 E2 20 A9 0B 8D 8A 17 AB A2 39
0DD20C,1,AD D9 14 29 80 F0 04 A2 39 52 6B A2 1B 52 6B 78
0BBAF1,1,C2 10 AE 3A 12 C2 20 A9 03 BB 95 16 E2 20 A9 0B
0DD221,1,22 EF BA 0B C2 20 A9 EF BA 8D 88 17 E2 20 A9 0B
0DD217,1,A2 1B 52 6B 78 8B A9 7E 48 AB 22 EF BA 0B C2 20
0DD211,1,F0 04 A2 39 52 6B A2 1B 52 6B 78 8B A9 7E 48 AB
0BBAEF,1,E2 20 C2 10 AE 3A 12 C2 20 A9 03 BB 95 16 E2 20
0DD21C,1,8B A9 7E 48 AB 22 EF BA 0B C2 20 A9 EF BA 8D 88
0DD21F,1,48 AB 22 EF BA 0B C2 20 A9 EF BA 8D 88 17 E2 20
0DD21D,1,A9 7E 48 AB 22 EF BA 0B C2 20 A9 EF BA 8D 88 17
0DD220,1,AB 22 EF BA 0B C2 20 A9 EF BA 8D 88 17 E2 20 A9
03F848,1,96 02 9B FA E2 20 22 6E D3 1F C2 20 BD 03 80 99
048476,1,B5 1E 29 EF 95 1E 4C EA 83 20 4A A3 D5 24 D0 04
04847A,1,95 1E 4C EA 83 20 4A A3 D5 24 D0 04 5C D1 83 04
03F407,1,E2 20 BD 03 80 8D F6 1F C2 20 BD 01 80 AA EE 34
03F829,1,8D 21 12 98 D0 0C AD 1F 12 95 00 74 02 8E 1F 12
03F82C,1,98 D0 0C AD 1F 12 95 00 74 02 8E 1F 12 80 09 B9
03F82D,1,D0 0C AD 1F 12 95 00 74 02 8E 1F 12 80 09 B9 00
03F581,1,98 D0 0C AD 1F 12 95 00 74 02 8E 1F 12 80 09 B9
03F404,1,8C 32 17 E2 20 BD 03 80 8D F6 1F C2 20 BD 01 80
03F827,1,B5 00 8D 21 12 98 D0 0C AD 1F 12 95 00 74 02 8E
03F821,1,D0 04 BB 4C B3 F8 B5 00 8D 21 12 98 D0 0C AD 1F
03F57E,1,8D 21 12 98 D0 0C AD 1F 12 95 00 74 02 8E 1F 12
03F409,1,BD 03 80 8D F6 1F C2 20 BD 01 80 AA EE 34 17 4C
03F83B,1,B9 00 00 95 00 96 00 94 02 B4 00 F0 02 96 02 9B
02DAF1,1,EE BE 15 8B A9 7E 48 AB 22 D5 81 06 22 42 ED 03
03F844,1,B4 00 F0 02 96 02 9B FA E2 20 22 6E D3 1F C2 20
03F593,1,95 00 96 00 94 02 B4 00 F0 02 96 02 9B FA E2 20
03F842,1,94 02 B4 00 F0 02 96 02 9B FA E2 20 22 6E D3 1F
03F840,1,96 00 94 02 B4 00 F0 02 96 02 9B FA E2 20 22 6E
0B9095,1,9D E8 1C AD 54 15 C9 14 F0 04 5C A8 90 0B A9 81
03F83E,1,95 00 96 00 94 02 B4 00 F0 02 96 02 9B FA E2 20
048478,1,29 EF 95 1E 4C EA 83 20 4A A3 D5 24 D0 04 5C D1
03F81D,1,9B AE 21 12 D0 04 BB 4C B3 F8 B5 00 8D 21 12 98
03F819,1,DA AE 1F 12 9B AE 21 12 D0 04 BB 4C B3 F8 B5 00
048495,1,4C 9A A1 B5 1E 09 20 95 1E 4C EA 83 B5 1E 29 DF
048498,1,B5 1E 09 20 95 1E 4C EA 83 B5 1E 29 DF 95 1E 4C
04849A,1,09 20 95 1E 4C EA 83 B5 1E 29 DF 95 1E 4C EA 83
04849C,1,95 1E 4C EA 83 B5 1E 29 DF 95 1E 4C EA 83 20 4A
048493,1,E2 20 4C 9A A1 B5 1E 09 20 95 1E 4C EA 83 B5 1E
04848F,1,C2 20 F6 28 E2 20 4C 9A A1 B5 1E 09 20 95 1E 4C
048491,1,F6 28 E2 20 4C 9A A1 B5 1E 09 20 95 1E 4C EA 83
04847C,1,4C EA 83 20 4A A3 D5 24 D0 04 5C D1 83 04 F6 24
03F81A,1,AE 1F 12 9B AE 21 12 D0 04 BB 4C B3 F8 B5 00 8D
04849E,1,4C EA 83 B5 1E 29 DF 95 1E 4C EA 83 20 4A A3 95
0DD201,1,22 CB 98 09 A2 09 52 6B 78 E2 20 AD D9 14 29 80
03F813,1,BD 01 80 8D FD 16 DA AE 1F 12 9B AE 21 12 D0 04
03F816,1,8D FD 16 DA AE 1F 12 9B AE 21 12 D0 04 BB 4C B3
03F812,1,BB BD 01 80 8D FD 16 DA AE 1F 12 9B AE 21 12 D0
0DD1F8,1,E2 20 C2 10 A9 0D A2 09 52 22 CB 98 09 A2 09 52
0DD1FC,1,A9 0D A2 09 52 22 CB 98 09 A2 09 52 6B 78 E2 20
0DD1FA,1,C2 10 A9 0D A2 09 52 22 CB 98 09 A2 09 52 6B 78
0DD1FE,1,A2 09 52 22 CB 98 09 A2 09 52 6B 78 E2 20 AD D9
08B22E,1,09 20 95 2E B5 2E 09 40 95 2E B5 2E 09 01 95 2E
03EE2D,1,BD 01 80 29 FF 00 0A 0A 0A 0A 8D FD 16 E8 E8 8E
03F5C4,1,F0 05 09 00 FF 80 03 29 FF 00 0A 0A 99 0E 00 BD
049B8C,1,A8 E2 20 A9 01 99 A1 A0 C2 20 20 4A A3 99 A2 A0
078199,1,22 01 D5 1F 6B C2 20 A9 B9 81 95 16 E2 20 A9 07
049B8D,1,E2 20 A9 01 99 A1 A0 C2 20 20 4A A3 99 A2 A0 E2
049B8F,1,A9 01 99 A1 A0 C2 20 20 4A A3 99 A2 A0 E2 20 20
0686A4,1,B5 09 29 F7 95 09 DE F4 1C AC 8D 15 C0 00 00 D0
03F3EF,1,BB AC 32 17 8A 99 05 17 E2 20 AD F6 1F 99 07 17
049B88,1,22 17 FB 0A A8 E2 20 A9 01 99 A1 A0 C2 20 20 4A
03F3F0,1,AC 32 17 8A 99 05 17 E2 20 AD F6 1F 99 07 17 C2
03F3F7,1,E2 20 AD F6 1F 99 07 17 C2 20 C8 C8 C8 8C 32 17
049B91,1,99 A1 A0 C2 20 20 4A A3 99 A2 A0 E2 20 20 62 A3
049B96,1,20 4A A3 99 A2 A0 E2 20 20 62 A3 99 A4 A0 C2 20
049B9E,1,20 62 A3 99 A4 A0 C2 20 98 9D FA 1C E2 20 5C AB
03F997,1,9D 4D 17 B9 03 80 9D 45 17 EE 55 17 EE 55 17 B9
049BA1,1,99 A4 A0 C2 20 98 9D FA 1C E2 20 5C AB 83 04 BC
049B94,1,C2 20 20 4A A3 99 A2 A0 E2 20 20 62 A3 99 A4 A0
049B9C,1,E2 20 20 62 A3 99 A4 A0 C2 20 98 9D FA 1C E2 20
08B374,1,A9 85 B3 95 16 E2 20 A9 08 95 18 B5 09 09 08 95
08B372,1,C2 20 A9 85 B3 95 16 E2 20 A9 08 95 18 B5 09 09
049B99,1,99 A2 A0 E2 20 20 62 A3 99 A4 A0 C2 20 98 9D FA
03F99D,1,9D 45 17 EE 55 17 EE 55 17 B9 01 80 AA 4C 6F ED
03F3F9,1,AD F6 1F 99 07 17 C2 20 C8 C8 C8 8C 32 17 E2 20
03F3FF,1,C2 20 C8 C8 C8 8C 32 17 E2 20 BD 03 80 8D F6 1F
049164,1,B9 A1 18 D0 04 5C DC 91 04 98 4C D7 91 AD A3 18
04916D,1,98 4C D7 91 AD A3 18 F0 39 AD A4 18 F0 13 AD A2
03F418,1,4C 6F ED BB AC 32 17 88 E2 20 B9 05 17 8D F6 1F
04916E,1,4C D7 91 AD A3 18 F0 39 AD A4 18 F0 13 AD A2 18
049162,1,E2 20 B9 A1 18 D0 04 5C DC 91 04 98 4C D7 91 AD
04915E,1,29 FF 00 A8 E2 20 B9 A1 18 D0 04 5C DC 91 04 98
049161,1,A8 E2 20 B9 A1 18 D0 04 5C DC 91 04 98 4C D7 91
06869B,1,9D F4 1C B5 20 29 F7 95 20 B5 09 29 F7 95 09 DE
049B85,1,A9 04 00 22 17 FB 0A A8 E2 20 A9 01 99 A1 A0 C2
0491D7,1,95 25 4C D5 83 4C D5 83 AC 6B 17 D0 06 8E 6B 17
049916,1,8D A9 F0 BD F8 1C 22 CB FB 0A 9D F8 1C E2 20 4C
03F403,1,C8 8C 32 17 E2 20 BD 03 80 8D F6 1F C2 20 BD 01
049B83,1,C2 20 A9 04 00 22 17 FB 0A A8 E2 20 A9 01 99 A1
0491D9,1,4C D5 83 4C D5 83 AC 6B 17 D0 06 8E 6B 17 4C EA
049925,1,4C F5 83 C2 20 BD F8 1C 22 28 FC 0A 9D F8 1C AD
04991C,1,22 CB FB 0A 9D F8 1C E2 20 4C F5 83 C2 20 BD F8
049923,1,E2 20 4C F5 83 C2 20 BD F8 1C 22 28 FC 0A 9D F8
049919,1,BD F8 1C 22 CB FB 0A 9D F8 1C E2 20 4C F5 83 C2
04915C,1,C2 20 29 FF 00 A8 E2 20 B9 A1 18 D0 04 5C DC 91
049BA4,1,C2 20 98 9D FA 1C E2 20 5C AB 83 04 BC FA 1C B9
049BA6,1,98 9D FA 1C E2 20 5C AB 83 04 BC FA 1C B9 A1 A0
0B9234,1,69 38 FF 99 10 00 E2 20 A9 00 9F E8 1C 7E A9 00
08B249,1,AD 1D 15 9D CA 1C E2 20 A9 03 9F E9 1C 7E C2 20
0B9230,1,B9 10 00 18 69 38 FF 99 10 00 E2 20 A9 00 9F E8
08B245,1,E2 20 C2 20 AD 1D 15 9D CA 1C E2 20 A9 03 9F E9
08B24F,1,E2 20 A9 03 9F E9 1C 7E C2 20 A9 DC 05 9D CE 1C
0B923C,1,A9 00 9F E8 1C 7E A9 00 8D CE 14 5C 03 BB 0B A9
0B923A,1,E2 20 A9 00 9F E8 1C 7E A9 00 8D CE 14 5C 03 BB
0B923E,1,9F E8 1C 7E A9 00 8D CE 14 5C 03 BB 0B A9 00 48
0DD22D,1,E2 20 A9 0B 8D 8A 17 AB A2 39 52 6B 28 20 09 0D
0DD21A,1,6B 78 8B A9 7E 48 AB 22 EF BA 0B C2 20 A9 EF BA
0B9227,1,99 0C 00 A9 9C FF 99 0E 00 B9 10 00 18 69 38 FF
0DD20A,1,E2 20 AD D9 14 29 80 F0 04 A2 39 52 6B A2 1B 52
0DD208,1,6B 78 E2 20 AD D9 14 29 80 F0 04 A2 39 52 6B A2
0B922A,1,A9 9C FF 99 0E 00 B9 10 00 18 69 38 FF 99 10 00
0B921E,1,22 D9 DA 1F C2 20 A9 CE FF 99 0C 00 A9 9C FF 99
08B23A,1,09 01 95 2E C2 20 B5 26 8D 1D 15 E2 20 C2 20 AD
08B238,1,B5 2E 09 01 95 2E C2 20 B5 26 8D 1D 15 E2 20 C2
08B23C,1,95 2E C2 20 B5 26 8D 1D 15 E2 20 C2 20 AD 1D 15
03F9A0,1,EE 55 17 EE 55 17 B9 01 80 AA 4C 6F ED BD 45 17
0DD22F,1,A9 0B 8D 8A 17 AB A2 39 52 6B 28 20 09 0D 00 F4
0DD225,1,C2 20 A9 EF BA 8D 88 17 E2 20 A9 0B 8D 8A 17 AB
03F9A9,1,AA 4C 6F ED BD 45 17 3A F0 0B 9D 45 17 BB BD 01
03F9AA,1,4C 6F ED BD 45 17 3A F0 0B 9D 45 17 BB BD 01 80
049BAC,1,5C AB 83 04 BC FA 1C B9 A1 A0 1A 8D 5D 17 0A 18
03F9B7,1,BD 01 80 AA 4C 6F ED 9E 4D 17 9E 45 17 CE 55 17
049BAA,1,E2 20 5C AB 83 04 BC FA 1C B9 A1 A0 1A 8D 5D 17
049BA7,1,9D FA 1C E2 20 5C AB 83 04 BC FA 1C B9 A1 A0 1A
03F9A6,1,B9 01 80 AA 4C 6F ED BD 45 17 3A F0 0B 9D 45 17
03F9A3,1,EE 55 17 B9 01 80 AA 4C 6F ED BD 45 17 3A F0 0B
03F9BE,1,9E 4D 17 9E 45 17 CE 55 17 CE 55 17 BB E8 E8 E8
03F9BB,1,4C 6F ED 9E 4D 17 9E 45 17 CE 55 17 CE 55 17 BB
078073,1,B5 1E 09 01 95 1E C2 20 A9 92 80 95 16 E2 20 A9
0DD234,1,AB A2 39 52 6B 28 20 09 0D 00 F4 01 E8 03 00 00
0B9244,1,8D CE 14 5C 03 BB 0B A9 00 48 AB E2 20 C2 10 AE
07806D,1,B5 09 29 F7 95 09 B5 1E 09 01 95 1E C2 20 A9 92
0B9247,1,5C 03 BB 0B A9 00 48 AB E2 20 C2 10 AE 3A 12 C2
078088,1,95 0A A9 1E 95 15 A9 C0 95 14 AC 3A 12 C2 20 B9
07808A,1,A9 1E 95 15 A9 C0 95 14 AC 3A 12 C2 20 B9 10 00
078079,1,C2 20 A9 92 80 95 16 E2 20 A9 07 95 18 A9 46 95
03F5C9,1,80 03 29 FF 00 0A 0A 99 0E 00 BD 04 80 29 FF 00
049158,1,C9 06 F0 15 C2 20 29 FF 00 A8 E2 20 B9 A1 18 D0
049B62,1,95 1E 4C EA 83 B5 20 29 F7 95 20 B5 1E 29 FE 95
049AA0,1,8D 59 17 E2 20 4C EA 83 C2 20 BD F8 1C 22 28 FC
049A9D,1,AD A9 F0 8D 59 17 E2 20 4C EA 83 C2 20 BD F8 1C
068584,1,C2 20 A9 00 00 8D E6 14 E2 20 22 4A FC 02 6B B5
03F5AC,1,89 80 00 F0 05 09 00 FF 80 03 29 FF 00 0A 0A 99
049AA3,1,E2 20 4C EA 83 C2 20 BD F8 1C 22 28 FC 0A 9D F8
03F5B9,1,0A 0A 99 0C 00 BD 03 80 89 80 00 F0 05 09 00 FF
049AA5,1,4C EA 83 C2 20 BD F8 1C 22 28 FC 0A 9D F8 1C AD
08B323,1,5C 72 B3 08 B5 15 85 7E B5 13 8D A9 15 B5 12 8D
08B377,1,95 16 E2 20 A9 08 95 18 B5 09 09 08 95 09 B5 13
049A9A,1,9D F8 1C AD A9 F0 8D 59 17 E2 20 4C EA 83 C2 20
049A91,1,C2 20 BD F8 1C 22 28 FC 0A 9D F8 1C AD A9 F0 8D
06858C,1,E2 20 22 4A FC 02 6B B5 2E 09 10 95 2E A9 FF 95
03F582,1,D0 0C AD 1F 12 95 00 74 02 8E 1F 12 80 09 B9 00
049A96,1,22 28 FC 0A 9D F8 1C AD A9 F0 8D 59 17 E2 20 4C
068589,1,8D E6 14 E2 20 22 4A FC 02 6B B5 2E 09 10 95 2E
068586,1,A9 00 00 8D E6 14 E2 20 22 4A FC 02 6B B5 2E 09
03F590,1,B9 00 00 95 00 96 00 94 02 B4 00 F0 02 96 02 9B
03F595,1,96 00 94 02 B4 00 F0 02 96 02 9B FA E2 20 22 6E
03F57C,1,B5 00 8D 21 12 98 D0 0C AD 1F 12 95 00 74 02 8E
03F5C6,1,09 00 FF 80 03 29 FF 00 0A 0A 99 0E 00 BD 04 80
08B37B,1,A9 08 95 18 B5 09 09 08 95 09 B5 13 85 3A A9 00
03F5BB,1,99 0C 00 BD 03 80 89 80 00 F0 05 09 00 FF 80 03
03F5E5,1,7A 99 10 00 BD 00 80 29 FF 00 C9 76 00 D0 2F BD
03EE3B,1,E8 8E FF 16 60 BB E2 20 AD D9 14 29 80 D0 09 BD
03F5BA,1,0A 99 0C 00 BD 03 80 89 80 00 F0 05 09 00 FF 80
03EE37,1,8D FD 16 E8 E8 8E FF 16 60 BB E2 20 AD D9 14 29
03F5C1,1,89 80 00 F0 05 09 00 FF 80 03 29 FF 00 0A 0A 99
03EE36,1,0A 8D FD 16 E8 E8 8E FF 16 60 BB E2 20 AD D9 14
03EE34,1,0A 0A 0A 8D FD 16 E8 E8 8E FF 16 60 BB E2 20 AD
08B379,1,E2 20 A9 08 95 18 B5 09 09 08 95 09 B5 13 85 3A
03F5E1,1,18 79 10 00 7A 99 10 00 BD 00 80 29 FF 00 C9 76
03F5DE,1,AC 3A 12 18 79 10 00 7A 99 10 00 BD 00 80 29 FF
08B37F,1,B5 09 09 08 95 09 B5 13 85 3A A9 00 22 BD D8 1F
08B37D,1,95 18 B5 09 09 08 95 09 B5 13 85 3A A9 00 22 BD
03F5B4,1,80 03 29 FF 00 0A 0A 99 0C 00 BD 03 80 89 80 00
03F5D0,1,99 0E 00 BD 04 80 29 FF 00 0A 0A 0A 0A 5A AC 3A
03F5DB,1,0A 0A 5A AC 3A 12 18 79 10 00 7A 99 10 00 BD 00
08B381,1,09 08 95 09 B5 13 85 3A A9 00 22 BD D8 1F 95 13
08B383,1,95 09 B5 13 85 3A A9 00 22 BD D8 1F 95 13 90 04
049B64,1,4C EA 83 B5 20 29 F7 95 20 B5 1E 29 FE 95 1E 4C
03F572,1,9B AE 21 12 D0 04 BB 4C 63 F6 B5 00 8D 21 12 98
049912,1,C2 20 B5 28 8D A9 F0 BD F8 1C 22 CB FB 0A 9D F8
068693,1,A9 00 9D DF 1C AD 2E 15 9D F4 1C B5 20 29 F7 95
068695,1,9D DF 1C AD 2E 15 9D F4 1C B5 20 29 F7 95 20 B5
03F9B3,1,9D 45 17 BB BD 01 80 AA 4C 6F ED 9E 4D 17 9E 45
0B91F5,1,A9 20 D3 8D C7 14 E2 20 22 4B D5 1F B0 04 5C 3C
049939,1,E2 20 C2 20 B5 28 C9 FF FF E2 20 D0 04 5C 7F A1
06868F,1,09 20 95 1D A9 00 9D DF 1C AD 2E 15 9D F4 1C B5
068691,1,95 1D A9 00 9D DF 1C AD 2E 15 9D F4 1C B5 20 29
06868D,1,B5 1D 09 20 95 1D A9 00 9D DF 1C AD 2E 15 9D F4
06868A,1,8D 2E 15 B5 1D 09 20 95 1D A9 00 9D DF 1C AD 2E
03F9B6,1,BB BD 01 80 AA 4C 6F ED 9E 4D 17 9E 45 17 CE 55
04993D,1,B5 28 C9 FF FF E2 20 D0 04 5C 7F A1 04 4C C0 83
049B5E,1,B5 1E 09 01 95 1E 4C EA 83 B5 20 29 F7 95 20 B5
049B60,1,09 01 95 1E 4C EA 83 B5 20 29 F7 95 20 B5 1E 29
049B58,1,B5 20 09 08 95 20 B5 1E 09 01 95 1E 4C EA 83 B5
049B5C,1,95 20 B5 1E 09 01 95 1E 4C EA 83 B5 20 29 F7 95
049B5A,1,09 08 95 20 B5 1E 09 01 95 1E 4C EA 83 B5 20 29
068698,1,AD 2E 15 9D F4 1C B5 20 29 F7 95 20 B5 09 29 F7
04993F,1,C9 FF FF E2 20 D0 04 5C 7F A1 04 4C C0 83 C2 20
03F561,1,BD 01 80 29 FF 00 0A 0A 0A 0A 8D FD 16 DA AE 1F
1FD422,1,A9 5F F4 9D D0 1C E2 20 A9 06 9D D5 1C A9 06 9D
1FD42A,1,A9 06 9D D5 1C A9 06 9D D2 1C 6B C2 20 A9 A3 89
068673,1,95 0A B5 1E 09 01 95 1E C2 20 A9 AA 86 95 16 E2
068675,1,B5 1E 09 01 95 1E C2 20 A9 AA 86 95 16 E2 20 A9
068677,1,09 01 95 1E C2 20 A9 AA 86 95 16 E2 20 A9 06 95
068679,1,95 1E C2 20 A9 AA 86 95 16 E2 20 A9 06 95 18 B5
068671,1,A9 0A 95 0A B5 1E 09 01 95 1E C2 20 A9 AA 86 95
049920,1,9D F8 1C E2 20 4C F5 83 C2 20 BD F8 1C 22 28 FC
04992A,1,BD F8 1C 22 28 FC 0A 9D F8 1C AD A9 F0 95 28 E2
049914,1,B5 28 8D A9 F0 BD F8 1C 22 CB FB 0A 9D F8 1C E2
068688,1,B5 22 8D 2E 15 B5 1D 09 20 95 1D A9 00 9D DF 1C
06867B,1,C2 20 A9 AA 86 95 16 E2 20 A9 06 95 18 B5 22 8D
068680,1,95 16 E2 20 A9 06 95 18 B5 22 8D 2E 15 B5 1D 09
1FD431,1,9D D2 1C 6B C2 20 A9 A3 89 99 D3 1C A9 5F F4 99
1FD42F,1,A9 06 9D D2 1C 6B C2 20 A9 A3 89 99 D3 1C A9 5F
06867D,1,A9 AA 86 95 16 E2 20 A9 06 95 18 B5 22 8D 2E 15
1FD434,1,6B C2 20 A9 A3 89 99 D3 1C A9 5F F4 99 D0 1C E2
068684,1,A9 06 95 18 B5 22 8D 2E 15 B5 1D 09 20 95 1D A9
068686,1,95 18 B5 22 8D 2E 15 B5 1D 09 20 95 1D A9 00 9D
068682,1,E2 20 A9 06 95 18 B5 22 8D 2E 15 B5 1D 09 20 95
08B1EE,1,C2 20 B5 0C 18 6D 0F 15 95 0C E2 20 C2 20 B5 26