masterClock,pc,gsuRunning,cpuCycles
1929822802,7E5317,true,220483980
1929855514,7E534C,true,220487878
1929886368,7E52D4,true,220491570
1929916474,7E52E9,true,220495175
1929944570,7E4F34,true,220498561
1929969820,7E4F37,true,220501625
1929995092,7E4F39,true,220504687
1930020400,7E4F34,true,220507750
1930045612,7E4F37,true,220510814
1930077594,7E4F34,true,220514037
1930101718,7E4F37,true,220517101
1930125534,7E4F39,true,220520163
1930150156,7E4F34,true,220523226
1930175364,7E4F37,true,220526290
1930200640,7E4F39,true,220529352
1930225882,7E4F34,true,220532415
1930251160,7E4F37,true,220535479
1930276396,7E4F39,true,220538541
1930301680,7E4F34,true,220541604
1930326932,7E4F37,true,220544668
1930352216,7E4F39,true,220547730
1930377466,7E4F34,true,220550793
1930402756,7E4F37,true,220553857
1930428136,7E4F37,true,220556966
1930452500,7E4F39,true,220560028
1930476322,7E4F34,true,220563091
1930500666,7E4F37,true,220566155
1930525748,7E4F39,true,220569217
1930551070,7E4F34,true,220572280
1930576320,7E4F37,true,220575344
1930601584,7E4F39,true,220578406
1930626826,7E4F34,true,220581469
1930652124,7E4F37,true,220584533
1930677368,7E4F39,true,220587595
1930702650,7E4F34,true,220590658
1930727916,7E4F37,true,220593722
1930753192,7E4F39,true,220596784
1930778754,7E4F39,true,220599893
1930803330,7E4F34,true,220602956
1930829072,02F51A,false,220606247
1930855786,7E4EF7,true,220609623
1930890708,0BE1E2,false,220613108
1930921264,04A22E,false,220616783
1930952402,1FCC7E,false,220620520
1930983206,02FBBC,false,220624210
1931011738,03B343,false,220627621
1931045222,02F6B7,false,220631602
1931075118,03DBF7,false,220635187
1931099846,1FC06D,false,220638263
1931131678,7E3B07,false,220642059
1931247268,7E4EFC,true,220645170
1931272582,7E4EF7,true,220648233
1931297834,7E4EFA,true,220651297
1931323936,02DA49,false,220654386
1931349892,02DA4B,false,220657448
1931375880,02DA46,false,220660511
1931401870,02DA49,false,220663575
1931427844,02DA4B,false,220666637
1931453826,02DA46,false,220669700
1931479870,02DA49,false,220672764
1931597438,7E4F6E,true,220676070
1931630270,7E5791,true,220679977
1931661946,7E52D7,true,220683766
1931692082,7E51A3,true,220687373
1931722098,7E4F34,true,220690972
1931747388,7E4F37,true,220694036
1931772624,7E4F39,true,220697098
1931797906,7E4F34,true,220700161
1931823150,7E4F37,true,220703225
1931854352,7E3C71,true,220706334
1931879702,7E4F37,true,220709512
1931903558,7E4F39,true,220712574
1931927728,7E4F34,true,220715637
1931952836,7E4F37,true,220718701
1931978112,7E4F39,true,220721763
1932003340,7E4F34,true,220724826
1932028624,7E4F37,true,220727890
1932053868,7E4F39,true,220730952
1932079158,7E4F34,true,220734015
1932104416,7E4F37,true,220737079
1932129692,7E4F39,true,220740141
1932154950,7E4F34,true,220743204
1932180240,7E4F37,true,220746268
1932205850,7E4F37,true,220749377
1932230516,7E4F39,true,220752439
1932254378,7E4F34,true,220755502
1932278248,7E4F37,true,220758566
1932303246,7E4F39,true,220761628
1932328528,7E4F34,true,220764691
1932353772,7E4F37,true,220767755
1932379048,7E4F39,true,220770817
1932404298,7E4F34,true,220773880
1932429580,7E4F37,true,220776944
1932454840,7E4F39,true,220780006
1932480114,7E4F34,true,220783069
1932505388,7E4F37,true,220786133
1932530650,7E4F39,true,220789195
1932559838,02DB96,false,220792706
1932676466,02DCBF,false,220795940
1932711938,0BD1B8,false,220799462
1932742916,04A34B,false,220803183
1932773372,02FACB,false,220806846
1932804666,02FC71,false,220810579
1932832656,03B384,false,220813939
1932867374,02F6B2,false,220818052
1932896734,03DBBC,false,220821592
1933011662,1FC06E,false,220824684
1933039852,7E4EFA,true,220828093
1933065120,7E4EFC,true,220831155
1933090364,7E4EF7,true,220834218
1933118134,7E52C1,true,220837562
1933150918,7E52D4,true,220841467
1933182654,7E52E6,true,220845256
1933212742,7E5787,true,220848860
1933242240,7E4F39,true,220852401
1933267490,7E4F34,true,220855464
1933299310,7E4F39,true,220858688
1933323180,7E4F34,true,220861751
1933347050,7E4F37,true,220864815
1933371902,7E4F39,true,220867877
1933397154,7E4F34,true,220870940
1933422444,7E4F37,true,220874004
1933447688,7E4F39,true,220877066
1933472962,7E4F34,true,220880129
1933498200,7E4F37,true,220883193
1933523478,7E4F39,true,220886255
1933548722,7E4F34,true,220889318
1933574026,7E4F37,true,220892382
1933599264,7E4F39,true,220895444
1933624546,7E4F34,true,220898507
1933649838,7E4F34,true,220901616
1933674012,7E4F37,true,220904680
1933697828,7E4F39,true,220907742
1933722396,7E4F34,true,220910805
1933747568,7E4F37,true,220913869
1933772844,7E4F39,true,220916931
1933798094,7E4F34,true,220919994
1933823376,7E4F37,true,220923058
1933848608,7E4F39,true,220926120
1933873910,7E4F34,true,220929183
1933899148,7E4F37,true,220932247
1933924432,7E4F39,true,220935309
1933949682,7E4F34,true,220938372
1933974972,7E4F37,true,220941436
1934000406,7E4F37,true,220944545
1934024812,7E4F39,true,220947607
1934048634,7E4F34,true,220950670
1934075700,02F517,false,220954055
1934108896,02DB36,false,220957386
1934139172,1FD289,false,220960978
1934170096,1FD26E,false,220964699
1934200416,7E4EFC,true,220968337
1934231472,7E4EFA,true,220972050
1934259736,02F5BE,false,220975435
1934294718,02F5D0,false,220979573
1934323106,03DBBA,false,220983010
1934439184,00015B,false,220986226
1934466392,7E4EFA,true,220989526
1934491668,7E4EFC,true,220992588
1934516918,7E4EF7,true,220995651
1934542922,02DA46,false,220998740
1934568922,02DA49,false,221001804
1934594898,02DA4B,false,221004866
1934620878,02DA46,false,221007929
1934646876,02DA49,false,221010993
1934672844,02DA4B,false,221014055
1934698884,02DA46,false,221017118
1934817112,7E530A,true,221020514
1934849928,7E5706,true,221024421
1934881744,7E52CE,true,221028210
1934911856,7E52E1,true,221031817
1934941074,7E4F39,true,221035327
1934966350,7E4F34,true,221038390
1934991608,7E4F37,true,221041454
1935016892,7E4F39,true,221044516
1935042134,7E4F34,true,221047579
1935073966,7E3D16,true,221050770
1935098526,7E4F34,true,221053866
1935122356,7E4F37,true,221056930
1935146682,7E4F39,true,221059992
1935171786,7E4F34,true,221063055
1935197076,7E4F37,true,221066119
1935222312,7E4F39,true,221069181
1935247588,7E4F34,true,221072244
1935272840,7E4F37,true,221075308
1935298130,7E4F39,true,221078370
1935323374,7E4F34,true,221081433
1935348664,7E4F37,true,221084497
1935373908,7E4F39,true,221087559
1935399190,7E4F34,true,221090622
1935424768,7E4F34,true,221093731
1935449340,7E4F37,true,221096795
1935473196,7E4F39,true,221099857
1935497196,7E4F34,true,221102920
1935522226,7E4F37,true,221105984
1935547496,7E4F39,true,221109046
1935572746,7E4F34,true,221112109
1935598036,7E4F37,true,221115173
1935623266,7E4F39,true,221118235
1935648542,7E4F34,true,221121298
1935673794,7E4F37,true,221124362
1935699064,7E4F39,true,221127424
1935724308,7E4F34,true,221130487
1935749592,7E4F37,true,221133551
1935777490,7E4041,false,221136917
1935804650,7E4EFC,false,221140280
1935837658,1FC7D0,false,221143744
1935867156,1FC5A0,false,221147398
1935898338,1FCD83,false,221151156
1935929430,1FCE9D,false,221154879
1935958290,03B430,false,221158321
1935990772,02F5BB,false,221162188
1936022156,7E4EFC,true,221165928
1936047986,03DBBA,false,221169109
1936078162,02DA38,false,221172746
1936108234,02DA35,false,221176319
1936228132,7E4EFC,true,221179888
1936253374,7E4EF7,true,221182951
1936278658,7E4EFA,true,221186015
1936304130,02DA49,false,221189104
1936330104,02DA4B,false,221192166
1936356144,02DA46,false,221195229
1936382136,02DA49,false,221198293
1936408098,02DA4B,false,221201355
1936434086,02DA46,false,221204418
1936460070,02DA49,false,221207482
1936486026,02DA4B,false,221210544
1936604502,7E5342,true,221213960
1936637208,7E578C,true,221217854
1936668996,7E578B,true,221221652
1936699110,7E52D4,true,221225257
1936728206,7E4F37,true,221228754
1936753482,7E4F39,true,221231816
1936778726,7E4F34,true,221234879
1936804004,7E4F37,true,221237943
1936829248,7E4F39,true,221241005
1936861216,7E3D2D,true,221244212
1936885646,7E4F39,true,221247292
1936909508,7E4F34,true,221250355
1936933848,7E4F37,true,221253419
1936958918,7E4F39,true,221256481
1936984194,7E4F34,true,221259544
1937009524,7E4F37,true,221262608
1937034706,7E4F39,true,221265670
1937060022,7E4F34,true,221268733
1937085294,7E4F37,true,221271797
1937110564,7E4F39,true,221274859
1937135814,7E4F34,true,221277922
1937161104,7E4F37,true,221280986
1937186334,7E4F39,true,221284048
1937211864,7E4F39,true,221287157
1937236426,7E4F34,true,221290220
1937260296,7E4F37,true,221293284
1937284304,7E4F39,true,221296346
1937309332,7E4F34,true,221299409
1937334622,7E4F37,true,221302473
1937359860,7E4F39,true,221305535
1937385142,7E4F34,true,221308598
1937410392,7E4F37,true,221311662
1937435662,7E4F39,true,221314724
1937460978,7E4F34,true,221317787
1937486184,7E4F37,true,221320851
1937511520,7E4F39,true,221323913
1937536750,7E4F34,true,221326976
1937562040,7E4F37,true,221330040
1937587224,7E4F37,true,221333149
1937611088,7E4F39,true,221336211
1937634950,7E4F34,true,221339274
1937663318,7E4EFC,true,221342743
1937690324,7E4EFC,true,221346012
1937724588,0BE8C9,false,221349411
1937755368,09C03D,false,221353103
1937786066,1FCD57,false,221356790
1937817118,1FCE8A,false,221360510
1937845930,03B3F4,false,221363948
1937878422,02F6B7,false,221367816
1937909792,7E4EFC,true,221371560
1938026146,03DBB6,false,221374811
1938054652,7E4EF7,true,221378277
1938079904,7E4EFA,true,221381341
1938105180,7E4EFC,true,221384403
1938130822,02DA4B,false,221387492
1938156804,02DA46,false,221390555
1938182782,02DA49,false,221393619
1938208738,02DA4B,false,221396681
1938234726,02DA46,false,221399744
1938260698,02DA49,false,221402808
1938377324,03BC21,false,221405980
1938408626,7E5282,true,221409722
1938441432,7E578B,true,221413630
1938471560,7E518A,true,221417241
1938501482,7E52D1,true,221420822
1938528452,7E4F37,true,221424080
1938553728,7E4F39,true,221427142
1938578966,7E4F34,true,221430205
1938604256,7E4F37,true,221433269
1938629486,7E4F39,true,221436331
1938661322,7E4F37,true,221439556
1938685138,7E4F39,true,221442618
1938709000,7E4F34,true,221445681
1938733948,7E4F37,true,221448745
1938759192,7E4F39,true,221451807
1938784474,7E4F34,true,221454870
1938809732,7E4F37,true,221457934
1938835000,7E4F39,true,221460996
1938860230,7E4F34,true,221464059
1938885522,7E4F37,true,221467123
1938910760,7E4F39,true,221470185
1938936056,7E4F34,true,221473248
1938961380,7E4F37,true,221476312
1938986584,7E4F39,true,221479374
1939011900,7E4F39,true,221482483
1939035966,7E4F34,true,221485546
1939059796,7E4F37,true,221488610
1939084418,7E4F39,true,221491672
1939109622,7E4F34,true,221494735
1939134912,7E4F37,true,221497799
1939160156,7E4F39,true,221500861
1939185430,7E4F34,true,221503924
1939210668,7E4F37,true,221506988
1939235966,7E4F39,true,221510050
1939261202,7E4F34,true,221513113
1939286506,7E4F37,true,221516177
1939311744,7E4F39,true,221519239
1939337026,7E4F34,true,221522302
1939362474,7E4F34,true,221525411
1939386804,7E4F37,true,221528475
1939410620,7E4F39,true,221531537
1939437664,02F570,false,221534913
1939465312,7E4EFC,true,221538276
1939498924,0BD86F,false,221541600
1939529370,1FC44E,false,221545245
1939560206,1FCCE5,false,221548946
1939589688,7E4EFA,true,221552501
1939619974,03B3D3,false,221556103
1939650840,02F65D,false,221559796
1939684726,7E4EFA,true,221563816
1939804646,03DE63,false,221567419
1939832742,1FC098,false,221570857
1939858156,7E4EFC,true,221573939
1939883478,7E4EF7,true,221577002
1939908728,7E4EFA,true,221580066
1939934886,02DA49,false,221583155
1939960850,02DA4B,false,221586217
1939986818,02DA46,false,221589280
1940012816,02DA49,false,221592344
1940038772,02DA4B,false,221595406
1940064734,02DA46,false,221598469
1940184592,7E5344,true,221602054
1940217236,7E53A6,true,221605946
1940248168,7E51AB,true,221609644
1940278214,7E51BE,true,221613241
1940306792,7E4F39,true,221616678
1940332034,7E4F34,true,221619741
1940357324,7E4F37,true,221622805
1940382560,7E4F39,true,221625867
1940407842,7E4F34,true,221628930
1940440014,7E4F37,true,221632174
1940464124,7E4F39,true,221635236
1940487946,7E4F34,true,221638299
1940512510,7E4F37,true,221641363
1940537696,7E4F39,true,221644425
1940562978,7E4F34,true,221647488
1940588228,7E4F37,true,221650552
1940613492,7E4F39,true,221653614
1940638734,7E4F34,true,221656677
1940664026,7E4F37,true,221659741
1940689264,7E4F39,true,221662803
1940714554,7E4F34,true,221665866
1940739812,7E4F37,true,221668930
1940765088,7E4F39,true,221671992
1940790548,7E4F39,true,221675101
1940814914,7E4F34,true,221678164
1940838744,7E4F37,true,221681228
1940863014,7E4F39,true,221684290
1940888102,7E4F34,true,221687353
1940913392,7E4F37,true,221690417
1940938628,7E4F39,true,221693479
1940963904,7E4F34,true,221696542
1940989156,7E4F37,true,221699606
1941014440,7E4F39,true,221702668
1941039682,7E4F34,true,221705731
1941064972,7E4F37,true,221708795
1941090224,7E4F39,true,221711857
1941115506,7E4F34,true,221714920
1941141100,7E4F34,true,221718029
1941165728,7E4F37,true,221721093
1941189584,7E4F39,true,221724155
1941213528,7E4F34,true,221727218
1941239418,02F52A,false,221730381
1941268334,02DB96,false,221733865
1941301054,0682EF,false,221737117
1941331374,1FD284,false,221740722
1941362164,078193,false,221744423
1941392272,1FD05A,false,221748043
1941423400,03BA8E,false,221751748
1941452172,02F5E4,false,221755196
1941487172,02F5F1,false,221759341
1941604186,7E4EFA,true,221762612
1941629456,7E4EFC,true,221765674
1941654698,7E4EF7,true,221768737
1941679974,7E4EFA,true,221771801
1941705212,7E4EFC,true,221774863
1941730508,7E4EF7,true,221777926
1941755760,7E4EFA,true,221780990
1941781036,7E4EFC,true,221784052
1941806286,7E4EF7,true,221787115
1941831562,7E4EFA,true,221790179
1941947190,7E4EFA,true,221793294
1941972386,7E4EFC,true,221796356
1941997702,7E4EF7,true,221799419
1942022960,7E4EFA,true,221802483
1942048236,7E4EFC,true,221805545
1942073472,7E4EF7,true,221808608
1942098784,7E4EFA,true,221811672
1942124006,7E4EFC,true,221814734
1942149296,7E4EF7,true,221817797
1942174554,7E4EFA,true,221820861
1942199824,7E4EFC,true,221823923
1942234914,03DE7D,false,221827525
1942261656,1FC04E,false,221830983
1942286488,7E4EF7,true,221834156
1942311544,7E4EFA,true,221837220
1942336788,7E4EFC,true,221840282
1942365560,7E578C,true,221843743
1942398196,7E51F4,true,221847632
1942429994,7E57A0,true,221851427
1942460042,7E57B3,true,221855028
1942488556,7E4F37,true,221858466
1942513816,7E4F39,true,221861528
1942539138,7E4F34,true,221864591
1942564356,7E4F37,true,221867655
1942589606,7E4F37,true,221870764
1942613516,7E4F39,true,221873826
1942637338,7E4F34,true,221876889
1942662130,7E4F37,true,221879953
1942687376,7E4F39,true,221883015
1942712658,7E4F34,true,221886078
1942737902,7E4F37,true,221889142
1942763164,7E4F39,true,221892204
1942788414,7E4F34,true,221895267
1942813700,7E4F37,true,221898331
1942838944,7E4F39,true,221901393
1942864220,7E4F34,true,221904456
1942889472,7E4F37,true,221907520
1942914740,7E4F39,true,221910582
1942940120,7E4F39,true,221913691
1942964286,7E4F34,true,221916754
1942988116,7E4F37,true,221919818
1943012624,7E4F39,true,221922880
1943037794,7E4F34,true,221925943
1943063084,7E4F37,true,221929007
1943088320,7E4F39,true,221932069
1943113596,7E4F34,true,221935132
1943138848,7E4F37,true,221938196
1943164138,7E4F39,true,221941258
1943189382,7E4F34,true,221944321
1943214676,7E4F37,true,221947385
1943239928,7E4F39,true,221950447
1943265202,7E4F34,true,221953510
1943290700,7E4F34,true,221956619
1943315120,7E4F37,true,221959683
1943338936,7E4F39,true,221962745
1943363152,7E4F34,true,221965808
1943388192,7E4F37,true,221968872
1943413508,7E4F39,true,221971934
1943438750,7E4F34,true,221974997
1943466236,02F56E,false,221978314
1943494140,02DB9B,false,221981690
1943528328,0BDD98,false,221985082
1943558500,1FC548,false,221988692
1943589236,1FCDE9,false,221992391
1943619634,02FB22,false,221996045
1943739634,03B3EB,false,221999624
1943770504,02F66D,false,222003319
1943804398,7E4EFA,true,222007337
1943834046,03DBBB,false,222010907
1943862202,7E4EF7,true,222014343
1943887436,7E4EFA,true,222017407
1943912752,7E4EFC,true,222020469
1943938216,02DA4B,false,222023558
1943964206,02DA46,false,222026621
1943990190,02DA49,false,222029685
1944108472,7E5306,true,222033077
1944141252,7E5337,true,222036987
1944172982,7E5791,true,222040776
1944203080,7E52DB,true,222044380
1944232350,7E4F34,true,222047893
1944257594,7E4F37,true,222050957
1944282856,7E4F39,true,222054019
1944308126,7E4F34,true,222057082
1944333416,7E4F37,true,222060146
1944362462,7E3C33,true,222063271
1944389978,7E4F34,true,222066451
1944413808,7E4F37,true,222069515
1944438128,7E4F39,true,222072577
1944463230,7E4F34,true,222075640
1944488520,7E4F37,true,222078704
1944513750,7E4F39,true,222081766
1944539026,7E4F34,true,222084829
1944564284,7E4F37,true,222087893
1944589562,7E4F39,true,222090955
1944614798,7E4F34,true,222094018
1944640080,7E4F37,true,222097082
1944665340,7E4F39,true,222100144
1944690614,7E4F34,true,222103207
1944716176,7E4F34,true,222106316
1944740752,7E4F37,true,222109380
1944764608,7E4F39,true,222112442
1944788610,7E4F34,true,222115505
1944813654,7E4F37,true,222118569
1944838924,7E4F39,true,222121631
1944864162,7E4F34,true,222124694
1944889452,7E4F37,true,222127758
1944914688,7E4F39,true,222130820
1944939978,7E4F34,true,222133883
1944965236,7E4F37,true,222136947
1944990504,7E4F39,true,222140009
1945015770,7E4F34,true,222143072
1945041052,7E4F37,true,222146136
1945066284,7E4F39,true,222149198
1945091512,7E4F39,true,222152307
1945115422,7E4F34,true,222155370
1945139980,02F57B,false,222158520
1945168600,02DB7A,false,222162012
1945201758,068525,false,222165308
1945232070,1FD276,false,222168921
1945262878,1FD29F,false,222172630
1945293150,7E4EE8,false,222176261
1945323828,03BAE2,false,222179921
1945353108,02F6A5,false,222183424
1945388106,02F6B1,false,222187566
1945417336,03DE09,false,222191077
1945535270,1FC09B,false,222194500
1945562542,7E4EF7,true,222197796
1945587820,7E4EFA,true,222200860
1945613056,7E4EFC,true,222203922
1945639062,02DA4B,false,222207011
1945665052,02DA46,false,222210074
1945691036,02DA49,false,222213138
1945717018,02DA4B,false,222216200
1945742992,02DA46,false,222219263
1945769054,02DA49,false,222222327
1945886368,7E4F58,true,222225582
1945918000,7E5361,true,222229367
1945950646,7E4F91,true,222233258
1945980768,7E52D4,true,222236862
1946010966,7E4FAF,true,222240479
1946036738,7E4F34,true,222243599
1946061974,7E4F37,true,222246663
1946087272,7E4F39,true,222249725
1946112508,7E4F34,true,222252788
1946137792,7E4F37,true,222255852
1946169516,7E4F39,true,222259094
1946193338,7E4F34,true,222262157
1946217328,7E4F37,true,222265221
1946242376,7E4F39,true,222268283
1946267580,7E4F34,true,222271346
1946292904,7E4F37,true,222274410
1946318148,7E4F39,true,222277472
1946343430,7E4F34,true,222280535
1946368674,7E4F37,true,222283599
1946393944,7E4F39,true,222286661
1946419182,7E4F34,true,222289724
1946444492,7E4F37,true,222292788
1946469716,7E4F39,true,222295850
1946494998,7E4F34,true,222298913
1946520202,7E4F34,true,222302022
1946544136,7E4F37,true,222305086
1946567992,7E4F39,true,222308148
1946592726,7E4F34,true,222311211
1946617994,7E4F37,true,222314275
1946643232,7E4F39,true,222317337
1946668514,7E4F34,true,222320400
1946693844,7E4F37,true,222323464
1946719034,7E4F39,true,222326526
1946744378,7E4F34,true,222329589
1946769614,7E4F37,true,222332653
1946794898,7E4F39,true,222335715
1946820148,7E4F34,true,222338778
1946845432,7E4F37,true,222341842
1946870762,7E4F37,true,222344951
1946894936,7E4F39,true,222348013
1946918798,7E4F34,true,222351076
1946947180,03EB1B,false,222354592
1946972520,7E4EFA,true,222357669
1946998178,7E4EFC,true,222360776
1947023422,7E4EF7,true,222363839
1947050348,7E4EFA,true,222367103
1947084614,0BEA9A,false,222370497
1947115640,048484,false,222374212
1947146064,1FCD8B,false,222377867
1947177102,1FCEA8,false,222381594
1947206002,03B402,false,222385045
1947328394,02F5FA,false,222388911
1947360264,7E4EFA,true,222392704
1947389528,03DBB6,false,222396238
1947418024,7E4EF7,true,222399710
1947443316,7E4EFA,true,222402774
1947468626,7E4EFC,true,222405836
1947494220,02DA4B,false,222408925
1947520200,02DA46,false,222411988
1947546172,02DA49,false,222415052
1947662576,03BAE8,false,222418175
1947692682,7E52E6,true,222421783
1947725322,7E530A,true,222425670
1947756258,7E52D9,true,222429371
1947786428,7E52EE,true,222432977
1947814156,7E4F37,true,222436324
1947839394,7E4F39,true,222439386
1947864684,7E4F34,true,222442449
1947889936,7E4F37,true,222445513
1947915212,7E4F39,true,222448575
1947947140,7E4F37,true,222451800
1947971156,7E4F39,true,222454862
1947995018,7E4F34,true,222457925
1948019704,7E4F37,true,222460989
1948044864,7E4F39,true,222464051
1948070186,7E4F34,true,222467114
1948095436,7E4F37,true,222470178
1948120712,7E4F39,true,222473240
1948145948,7E4F34,true,222476303
1948171252,7E4F37,true,222479367
1948196490,7E4F39,true,222482429
1948221780,7E4F34,true,222485492
1948247032,7E4F37,true,222488556
1948272308,7E4F39,true,222491618
1948297686,7E4F39,true,222494727
1948322002,7E4F34,true,222497790
1948345832,7E4F37,true,222500854
1948370218,7E4F39,true,222503916
1948395302,7E4F34,true,222506979
1948420546,7E4F37,true,222510043
1948445816,7E4F39,true,222513105
1948471138,7E4F34,true,222516168
1948496356,7E4F37,true,222519232
1948521660,7E4F39,true,222522294
1948546902,7E4F34,true,222525357
1948572186,7E4F37,true,222528421
1948597426,7E4F39,true,222531483
1948622694,7E4F34,true,222534546
1948648202,7E4F34,true,222537655
1948673222,02F525,false,222540775
1948700448,7E4EF7,true,222544246
1948724668,7E4EFA,true,222547310
1948750166,7E4EFC,true,222550417
1948775442,7E4EF7,true,222553480
1948802332,7E4EFA,true,222556744
1948836516,1FC4AC,false,222560128
1948866984,1FD26B,false,222563776
1948898138,0BB04C,false,222567517
1948927962,7E4EFA,true,222571113
1948957708,03B3F3,false,222574648
1948989760,02F5D4,false,222578470
1949112096,7E4EF7,true,222582340
1949138308,03DBB6,false,222585548
1949166638,7E4EF7,true,222589004
1949191928,7E4EFA,true,222592068
1949217244,7E4EFC,true,222595130
1949242774,02DA4B,false,222598219
1949268736,02DA46,false,222601282
1949294716,02DA49,false,222604346
1949320700,02DA4B,false,222607408
1949346670,02DA46,false,222610471
1949464246,7E4F5C,true,222613766
1949496706,7E52F4,true,222617643
1949528470,7E51B7,true,222621430
1949558916,7E58C4,true,222625077
1949589028,7E4F39,true,222628680
1949614310,7E4F34,true,222631743
1949639560,7E4F37,true,222634807
1949664830,7E4F39,true,222637869
1949690074,7E4F34,true,222640932
1949715556,7E3BB4,true,222644025
1949746694,7E4F34,true,222647219
1949770564,7E4F37,true,222650283
1949794690,7E4F39,true,222653345
1949819744,7E4F34,true,222656408
1949845034,7E4F37,true,222659472
1949870272,7E4F39,true,222662534
1949895554,7E4F34,true,222665597
1949920812,7E4F37,true,222668661
1949946090,7E4F39,true,222671723
1949971318,7E4F34,true,222674786
1949996602,7E4F37,true,222677850
1950021860,7E4F39,true,222680912
1950047136,7E4F34,true,222683975
1950072756,000161,true,222687081
1950097500,7E4F37,true,222690148
1950121356,7E4F39,true,222693210
1950145178,7E4F34,true,222696273
1950170176,7E4F37,true,222699337
1950195452,7E4F39,true,222702399
1950220702,7E4F34,true,222705462
1950245992,7E4F37,true,222708526
1950271228,7E4F39,true,222711588
1950296498,7E4F34,true,222714651
1950321750,7E4F37,true,222717715
1950347020,7E4F39,true,222720777
1950372284,7E4F34,true,222723840
1950397568,7E4F37,true,222726904
1950422812,7E4F39,true,222729966
1950448088,7E4F39,true,222733075
1950475760,03EB7C,false,222736573
1950499818,7E4EFC,true,222739666
1950524988,7E4EF7,true,222742774
1950550274,7E4EFA,true,222745838
1950577220,7E4EFC,true,222749100
1950611448,0BE8BF,false,222752493
1950642500,04A19A,false,222756224
1950672956,1FCD91,false,222759875
1950704150,02FC62,false,222763609
1950733054,03B42F,false,222767056
1950765732,02F5FA,false,222770948
1950887204,7E4EFA,true,222774713
1950913112,03DBBC,false,222777901
1950941694,7E4EFA,true,222781374
1950966924,7E4EFC,true,222784436
1950992192,7E4EF7,true,222787499
1951017868,02DA46,false,222790588
1951043846,02DA49,false,222793652
1951069802,02DA4B,false,222796714
1951095784,02DA46,false,222799777
1951121774,02DA49,false,222802841
1951238240,7E4EF7,true,222805983
1951268790,7E52FC,true,222809633
1951301454,7E5328,true,222813525
1951332378,7E5782,true,222817226
1951362294,7E57A4,true,222820813
1951389656,7E4F37,true,222824113
1951414918,7E4F39,true,222827175
1951440160,7E4F34,true,222830238
1951465444,7E4F37,true,222833302
1951490688,7E4F39,true,222836364
1951522602,7E4F37,true,222839589
1951546562,7E4F39,true,222842651
1951570384,7E4F34,true,222845714
1951595126,7E4F37,true,222848778
1951620352,7E4F39,true,222851840
1951645634,7E4F34,true,222854903
1951670884,7E4F37,true,222857967
1951696154,7E4F39,true,222861029
1951721398,7E4F34,true,222864092
1951746690,7E4F37,true,222867156
1951771992,7E4F39,true,222870218
1951797210,7E4F34,true,222873281
1951822540,7E4F37,true,222876345
1951847784,7E4F39,true,222879407
1951873132,7E4F39,true,222882516
1951897350,7E4F34,true,222885579
1951921180,7E4F37,true,222888643
1951945630,7E4F39,true,222891705
1951970782,7E4F34,true,222894768
1951996072,7E4F37,true,222897832
1952021308,7E4F39,true,222900894
1952046584,7E4F34,true,222903957
1952071836,7E4F37,true,222907021
1952097126,7E4F39,true,222910083
1952122370,7E4F34,true,222913146
1952147668,7E4F37,true,222916210
1952172904,7E4F39,true,222919272
1952198186,7E4F34,true,222922335
1952223708,7E4F34,true,222925444
1952248188,7E4F37,true,222928508
1952272044,7E4F39,true,222931570
1952298182,02F50C,false,222934866
1952325296,7E4EFC,true,222938161
1952350578,7E4EF7,true,222941224
1952376244,7E4EFA,true,222944333
1952402014,06BB71,false,222947464
1952428644,02DCCA,false,222950686
1952463990,0BD121,false,222954193
1952494710,1FD312,false,222957890
1952525220,0BAE63,false,222961543
1952556616,1FCE51,false,222965296
1952675132,03B343,false,222968720
1952708922,02F66D,false,222972740
1952738730,03E055,false,222976313
1952763698,03DBB9,false,222979408
1952792798,7E4EFA,true,222982922
1952818030,7E4EFC,true,222985984
1952843306,7E4EF7,true,222989047
1952869158,02DA46,false,222992136
1952895148,02DA49,false,222995200
1952921104,02DA4B,false,222998262
1953038694,7E4F7B,true,223001564
1953071388,7E533F,true,223005455
1953102990,7E527C,true,223009235
1953133354,7E5933,true,223012864
1953163436,7E4F37,true,223016472
1953188672,7E4F39,true,223019534
1953213954,7E4F34,true,223022597
1953239204,7E4F37,true,223025661
1953264474,7E4F39,true,223028723
1953292842,7E3C00,true,223031824
1953321066,7E4F39,true,223035010
1953344888,7E4F34,true,223038073
1953369050,7E4F37,true,223041137
1953394160,7E4F39,true,223044199
1953419402,7E4F34,true,223047262
1953444678,7E4F37,true,223050326
1953469916,7E4F39,true,223053388
1953495198,7E4F34,true,223056451
1953520464,7E4F37,true,223059515
1953545740,7E4F39,true,223062577
1953570990,7E4F34,true,223065640
1953596288,7E4F37,true,223068704
1953621604,7E4F39,true,223071766
1953647158,7E4F39,true,223074875
1953671886,7E4F34,true,223077938
1953695716,7E4F37,true,223081002
1953719572,7E4F39,true,223084064
1953744576,7E4F34,true,223087127
1953769826,7E4F37,true,223090191
1953795096,7E4F39,true,223093253
1953820346,7E4F34,true,223096316
1953845636,7E4F37,true,223099380
1953870872,7E4F39,true,223102442
1953896170,7E4F34,true,223105505
1953921414,7E4F37,true,223108569
1953946712,7E4F39,true,223111631
1953971940,7E4F34,true,223114694
1953997224,7E4F37,true,223117758
1954022540,7E4F37,true,223120867
1954046548,7E4F39,true,223123929
1954071608,02F572,false,223127140
1954099078,7E4EFC,true,223130520
1954124322,7E4EF7,true,223133583
1954149954,7E4EFA,true,223136692
1954175192,7E4EFC,true,223139754
1954202346,02DCCA,false,223143045
1954237888,0BD164,false,223146573
1954268650,048068,false,223150273
1954299120,02DA04,false,223153933
1954330438,02FCD4,false,223157672
1954358638,03B383,false,223161054
1954482924,02F6BA,false,223165134
1954512586,03E06E,false,223168689
1954540626,03DBBB,false,223172115
1954569832,7E4EF7,true,223175634
1954595098,7E4EFA,true,223178698
1954620368,7E4EFC,true,223181760
1954646236,02DA4B,false,223184849
1954672218,02DA46,false,223187912
1954698208,02DA49,false,223190976
1954814934,03BBB6,false,223194159
1954845894,7E5006,true,223197856
1954878696,7E52EE,true,223201760
1954909200,7E586E,true,223205406
1954938732,7E51B5,true,223208949
1954966060,7E4F37,true,223212248
1954991336,7E4F39,true,223215310
1955016574,7E4F34,true,223218373
1955041864,7E4F37,true,223221437
1955067094,7E4F39,true,223224499
1955098966,7E4F37,true,223227724
1955122822,7E4F39,true,223230786
1955146644,7E4F34,true,223233849
1955171518,7E4F37,true,223236913
1955196770,7E4F39,true,223239975
1955222046,7E4F34,true,223243038
1955247304,7E4F37,true,223246102
1955272580,7E4F39,true,223249164
1955297808,7E4F34,true,223252227
1955323120,7E4F37,true,223255291
1955348422,7E4F39,true,223258353
1955373686,7E4F34,true,223261416
1955398970,7E4F37,true,223264480
1955424208,7E4F39,true,223267542
1955449526,7E4F39,true,223270651
1955473642,7E4F34,true,223273714
1955497472,7E4F37,true,223276778
1955522026,7E4F39,true,223279840
1955547198,7E4F34,true,223282903
1955572488,7E4F37,true,223285967
1955597724,7E4F39,true,223289029
1955623000,7E4F34,true,223292092
1955648252,7E4F37,true,223295156
1955673522,7E4F39,true,223298218
1955698766,7E4F34,true,223301281
1955724064,7E4F37,true,223304345
1955749380,7E4F39,true,223307407
1955774590,7E4F34,true,223310470
1955800054,7E4F34,true,223313579
1955827878,7E4EFC,true,223317055
1955852094,7E4EF7,true,223320170
1955876892,7E4EFA,true,223323279
1955902022,7E4EFC,true,223326341
1955928980,7E4EF7,true,223329604
1955962778,0BDDB9,false,223332949
1955992852,1FC58E,false,223336551
1956024590,1FD26C,false,223340383
1956054606,7E4EF7,true,223343991
1956085340,03BA84,false,223347647
1956115252,02F5A1,false,223351226
1956239926,02F4E4,false,223355343
1956269392,03DE41,false,223358886
1956297546,1FC058,false,223362334
1956323026,7E4EF7,true,223365418
1956348316,7E4EFA,true,223368482
1956373546,7E4EFC,true,223371544
1956399704,02DA4B,false,223374633
1956425666,02DA46,false,223377696
1956451664,02DA49,false,223380760
1956477632,02DA4B,false,223383822
1956503680,02DA46,false,223386885
1956623532,7E53A7,true,223390480
1956656186,7E52DB,true,223394371
1956686996,7E51C7,true,223398052
1956717082,7E51D6,true,223401654
1956745646,7E4F34,true,223405090
1956770882,7E4F37,true,223408154
1956796160,7E4F39,true,223411216
1956821476,7E4F34,true,223414279
1956846688,7E4F37,true,223417343
1956878664,7E4F34,true,223420566
1956902838,7E4F37,true,223423630
1956926654,7E4F39,true,223426692
1956951228,7E4F34,true,223429755
1956976420,7E4F37,true,223432819
1957001696,7E4F39,true,223435881
1957026938,7E4F34,true,223438944
1957052222,7E4F37,true,223442008
1957077460,7E4F39,true,223445070
1957102736,7E4F34,true,223448133
1957127988,7E4F37,true,223451197
1957153272,7E4F39,true,223454259
1957178522,7E4F34,true,223457322
1957203812,7E4F37,true,223460386
1957229228,7E4F37,true,223463495
1957253632,7E4F39,true,223466557
1957277454,7E4F34,true,223469620
1957301740,7E4F37,true,223472684
1957326794,7E4F39,true,223475746
1957352102,7E4F34,true,223478809
1957377312,7E4F37,true,223481873
1957402622,7E4F39,true,223484935
1957427866,7E4F34,true,223487998
1957453170,7E4F37,true,223491062
1957478408,7E4F39,true,223494124
1957503690,7E4F34,true,223497187
1957528940,7E4F37,true,223500251
1957556400,02F508,false,223503566
1957583596,7E4EFA,true,223506869
1957608104,7E4EFC,true,223509931
1957632274,7E4EF7,true,223513039
1957656614,03EB0C,false,223516126
1957689808,1FDAE7,false,223519456
1957720018,1FD2C8,false,223523051
1957750924,02DB13,false,223526766
1957781016,7E4EFC,true,223530381
1957811794,03BA58,false,223534041
1957841592,02F6A9,false,223537612
1957876064,7E4EFC,true,223541689
1957905864,03DBB9,false,223545266
1957934050,7E3AFF,false,223548712
1958049628,7E4EFC,true,223551824
1958074858,7E4EF7,true,223554887
1958100148,7E4EFA,true,223557951
1958126322,02DA49,false,223561040
1958152278,02DA4B,false,223564102
1958178266,02DA46,false,223567165
1958204238,02DA49,false,223570229
1958230218,02DA4B,false,223573291
1958256200,02DA46,false,223576354
1958282172,02DA49,false,223579418
1958399780,7E4F8D,true,223582723
1958432708,7E52F6,true,223586643
1958464400,7E578F,true,223590430
1958494420,7E51C3,true,223594025
1958524428,7E4F37,true,223597623
1958549736,7E4F39,true,223600685
1958574966,7E4F34,true,223603748
1958600258,7E4F37,true,223606812
1958625496,7E4F39,true,223609874
1958651012,7E3BB9,true,223612977
1958682192,7E4F37,true,223616181
1958706048,7E4F39,true,223619243
1958730228,7E4F34,true,223622306
1958755312,7E4F37,true,223625370
1958780576,7E4F39,true,223628432
1958805818,7E4F34,true,223631495
1958831108,7E4F37,true,223634559
1958856344,7E4F39,true,223637621
1958881630,7E4F34,true,223640684
1958906874,7E4F37,true,223643748
1958932136,7E4F39,true,223646810
1958957388,7E4F34,true,223649873
1958982672,7E4F37,true,223652937
1959008292,7E4F37,true,223656046
1959032960,7E4F39,true,223659108
1959056822,7E4F34,true,223662171
1959080694,7E4F37,true,223665235
1959105720,7E4F39,true,223668297
1959130994,7E4F34,true,223671360
1959156240,7E4F37,true,223674424
1959181516,7E4F39,true,223677486
1959206758,7E4F34,true,223680549
1959232048,7E4F37,true,223683613
1959257300,7E4F39,true,223686675
1959282574,7E4F34,true,223689738
1959307840,7E4F37,true,223692802
1959334986,02F57C,false,223696078
1959362280,7E4EFC,true,223699373
1959387472,7E4EFC,true,223702482
1959411682,7E4EF7,true,223705590
1959435512,7E4EFA,true,223708654
1959462330,02DCC8,false,223711943
1959498078,1FD26B,false,223715502
1959529106,1FC7C7,false,223719230
1959559238,7E4EFC,true,223722845
1959590662,03B9E8,false,223726598
1959619588,02F668,false,223730063
1959654642,02F678,false,223734205
1959684060,03DE7E,false,223737747
1959712366,1FC09A,false,223741208
1959829404,7E4EF7,true,223744476
1959854648,7E4EFA,true,223747540
1959879924,7E4EFC,true,223750602
1959905832,02DA4B,false,223753691
1959931800,02DA46,false,223756754
1959957790,02DA49,false,223759818
1959983754,02DA4B,false,223762880
1960009724,02DA46,false,223765943
1960035716,02DA49,false,223769007
1960061722,02DA4B,false,223772069
1960178708,03BCC7,false,223775278
1960210216,7E578B,true,223779052
1960242954,7E5304,true,223782951
1960273070,7E52EE,true,223786553
1960303230,7E52B2,true,223790164
1960329428,7E4F34,true,223793337
1960354712,7E4F37,true,223796401
1960379968,7E4F39,true,223799463
1960405250,7E4F34,true,223802526
1960430500,7E4F37,true,223805590
1960462214,7E4F34,true,223808813
1960486084,7E4F37,true,223811877
1960509900,7E4F39,true,223814939
1960534936,7E4F34,true,223818002
1960560266,7E4F37,true,223821066
1960585496,7E4F39,true,223824128
1960610778,7E4F34,true,223827191
1960636036,7E4F37,true,223830255
1960661304,7E4F39,true,223833317
1960686570,7E4F34,true,223836380
1960711852,7E4F37,true,223839444
1960737112,7E4F39,true,223842506
1960762380,7E4F34,true,223845569
1960787624,7E4F37,true,223848633
1960812900,7E4F37,true,223851742
1960836908,7E4F39,true,223854804
1960860730,7E4F34,true,223857867
1960885408,7E4F37,true,223860931
1960910604,7E4F39,true,223863993
1960935886,7E4F34,true,223867056
1960961216,7E4F37,true,223870120
1960986412,7E4F39,true,223873182
1961011728,7E4F34,true,223876245
1961037000,7E4F37,true,223879309
1961062264,7E4F39,true,223882371
1961087528,7E4F34,true,223885434
1961115900,03E9F8,false,223888856
1961141910,7E4EFA,true,223892007
1961167268,7E4EFA,true,223895116
1961191712,7E4EFC,true,223898223
1961216426,02DB95,false,223901394
1961249184,1FD278,false,223904728
1961279478,1FD282,false,223908338
1961310252,1FD31C,false,223912043
1961340186,7E4EEA,false,223915646
1961370424,03B3E3,false,223919233
1961401194,02F5FA,false,223922919
1961434554,7E4EF7,true,223926875
1961464026,03DBBA,false,223930431
1961492982,02DA35,false,223933950
1961611008,7E4EF7,true,223937319
1961636260,7E4EFA,true,223940383
1961661536,7E4EFC,true,223943445
1961687320,02DA4B,false,223946534
1961713282,02DA46,false,223949597
1961739270,02DA49,false,223952661
1961765254,02DA4B,false,223955723
1961791256,02DA46,false,223958786
1961817248,02DA49,false,223961850
1961843222,02DA4B,false,223964912
1961959718,7E4EFA,true,223968056
1961990342,7E5784,true,223971726
1962023030,7E52CC,true,223975622
1962054020,7E4FBA,true,223979324
1962083626,7E585C,true,223982880
1962111046,7E4F34,true,223986180
1962136242,7E4F37,true,223989244
1962161566,7E4F39,true,223992306
1962186816,7E4F34,true,223995369
1962212100,7E4F37,true,223998433
1962243926,7E4F34,true,224001656
1962267900,7E4F37,true,224004720
1962291716,7E4F39,true,224007782
1962316490,7E4F34,true,224010845
1962341758,7E4F37,true,224013909
1962366996,7E4F39,true,224016971
1962392278,7E4F34,true,224020034
1962417536,7E4F37,true,224023098
1962442798,7E4F39,true,224026160
1962468062,7E4F34,true,224029223
1962493338,7E4F37,true,224032287
1962518590,7E4F39,true,224035349
1962543872,7E4F34,true,224038412
1962569124,7E4F37,true,224041476
1962594486,7E4F37,true,224044585
1962618700,7E4F39,true,224047647
1962642562,7E4F34,true,224050710
1962667016,7E4F37,true,224053774
1962692192,7E4F39,true,224056836
1962717428,7E4F34,true,224059899
1962742704,7E4F37,true,224062963
1962767948,7E4F39,true,224066025
1962793230,7E4F34,true,224069088
1962818484,7E4F37,true,224072152
1962843760,7E4F39,true,224075214
1962868996,7E4F34,true,224078277
1962894280,7E4F37,true,224081341
1962919512,7E4F39,true,224084403
1962948314,03EB71,false,224087893
1962973136,7E4EFC,true,224091018
1962996958,7E4EF7,true,224094081
1963021694,7E4EFA,true,224097190
1963047694,02DB8B,false,224100357
1963081452,0B90BA,false,224103726
1963111970,1FD31D,false,224107362
1963142808,1FCC9C,false,224111068
1963172314,7E4EF7,true,224114618
1963202730,03B3D6,false,224118237
1963234064,02F60C,false,224121977
1963266584,7E4EFA,true,224125842
1963292630,03DBB9,false,224129043
1963411380,7E4EFA,true,224132553
1963436616,7E4EFC,true,224135615
1963461898,7E4EF7,true,224138678
1963487500,02DA46,false,224141767
1963513478,02DA49,false,224144831
1963539458,02DA4B,false,224147893
1963565448,02DA46,false,224150956
1963591438,02DA49,false,224154020
1963617422,02DA4B,false,224157082
1963643384,02DA46,false,224160145
1963761120,7E5258,true,224163471
1963794046,7E5349,true,224167396
1963825834,7E52D9,true,224171182
1963855930,7E52C6,true,224174786
1963885652,7E4F34,true,224178350
1963910896,7E4F37,true,224181414
1963936172,7E4F39,true,224184476
1963961418,7E4F34,true,224187539
1963986708,7E4F37,true,224190603
1964018078,7E4154,true,224193736
1964043226,7E4F37,true,224196890
1964067042,7E4F39,true,224199952
1964091260,7E4F34,true,224203015
1964116392,7E4F37,true,224206079
1964141636,7E4F39,true,224209141
1964166912,7E4F34,true,224212204
1964192164,7E4F37,true,224215268
1964217440,7E4F39,true,224218330
1964242684,7E4F34,true,224221393
1964267968,7E4F37,true,224224457
1964293204,7E4F39,true,224227519
1964318502,7E4F34,true,224230582
1964343746,7E4F37,true,224233646
1964369356,7E4F37,true,224236755
1964394020,7E4F39,true,224239817
1964417842,7E4F34,true,224242880
1964441752,7E4F37,true,224245944
1964466814,7E4F39,true,224249006
1964492042,7E4F34,true,224252069
1964517326,7E4F37,true,224255133
1964542564,7E4F39,true,224258195
1964567846,7E4F34,true,224261258
1964593104,7E4F37,true,224264322
1964618388,7E4F39,true,224267384
1964643630,7E4F34,true,224270447
1964668906,7E4F37,true,224273511
1964694144,7E4F39,true,224276573
1964719426,7E4F34,true,224279636
1964744652,7E4F34,true,224282745
1964771904,7E4EF7,true,224286199
1964796168,7E4EFA,true,224289315
1964821460,7E4EFC,true,224292422
1964846710,7E4EF7,true,224295485
1964873548,02DC9F,false,224298738
1964907620,0BDEF1,false,224302116
1964937866,04A2AB,false,224305743
1964968908,1FCC8F,false,224309470
1964999210,03B9CD,false,224313115
1965028750,03B3CE,false,224316624
1965061514,02F650,false,224320526
1965182048,7E4EFA,true,224324193
1965207364,7E4EFC,true,224327255
1965232606,7E4EF7,true,224330318
1965257896,7E4EFA,true,224333382
1965283126,7E4EFC,true,224336444
1965308410,7E4EF7,true,224339507
1965333648,7E4EFA,true,224342571
1965358924,7E4EFC,true,224345633
1965384176,7E4EF7,true,224348696
1965409460,7E4EFA,true,224351760
1965434704,7E4EFC,true,224354822
1965550304,7E4EFC,true,224357937
1965575626,7E4EF7,true,224361000
1965600830,7E4EFA,true,224364064
1965626132,7E4EFC,true,224367126
1965651382,7E4EF7,true,224370189
1965676674,7E4EFA,true,224373253
1965701912,7E4EFC,true,224376315
1965727202,7E4EF7,true,224379378
1965752452,7E4EFA,true,224382442
1965777728,7E4EFC,true,224385504
1965810302,03E084,false,224388792
1965834028,03DBB9,false,224391872
1965861540,7E4EF7,true,224395382
1965886108,7E4EFA,true,224398446
1965911316,7E4EFC,true,224401508
1965938226,7E4F72,true,224404761
1965970532,7E533D,true,224408614
1966002518,7E591D,true,224412428
1966033120,7E57FB,true,224416092
1966063104,7E4F39,true,224419687
1966088442,7E4F34,true,224422750
1966113660,7E4F37,true,224425814
1966138976,7E4F39,true,224428876
1966164368,7E4F39,true,224431985
1966188690,7E4F34,true,224435048
1966212560,7E4F37,true,224438112
1966236834,7E4F39,true,224441174
1966261968,7E4F34,true,224444237
1966287220,7E4F37,true,224447301
1966312488,7E4F39,true,224450363
1966337718,7E4F34,true,224453426
1966363008,7E4F37,true,224456490
1966388260,7E4F39,true,224459552
1966413542,7E4F34,true,224462615
1966438800,7E4F37,true,224465679
1966464084,7E4F39,true,224468741
1966489334,7E4F34,true,224471804
1966514920,7E4F34,true,224474913
1966539552,7E4F37,true,224477977
1966563368,7E4F39,true,224481039
1966587350,7E4F34,true,224484102
1966612392,7E4F37,true,224487166
1966637636,7E4F39,true,224490228
1966662906,7E4F34,true,224493291
1966688156,7E4F37,true,224496355
1966713432,7E4F39,true,224499417
1966738682,7E4F34,true,224502480
1966763980,7E4F37,true,224505544
1966789216,7E4F39,true,224508606
1966814514,7E4F34,true,224511669
1966839764,7E4F37,true,224514733
1966865028,7E4F39,true,224517795
1966890240,7E4F39,true,224520904
1966916848,02F55A,false,224524289
1966941728,7E4EFC,true,224527475
1966966688,7E4EF7,true,224530538
1966992368,7E4EFA,true,224533647
1967018468,02DB9B,false,224536810
1967052176,1FD2C4,false,224540171
1967082492,02DB0E,false,224543788
1967113442,1FDB16,false,224547513
1967143098,7E4EFA,true,224551079
1967173458,03B430,false,224554690
1967204510,02F5AB,false,224558399
1967327732,7E4EF7,true,224562359
1967353962,03DBBB,false,224565575
1967382162,7E4EFC,true,224569015
1967407470,7E4EF7,true,224572078
1967432722,7E4EFA,true,224575142
1967458278,02DA49,false,224578231
1967484234,02DA4B,false,224581293
1967510196,02DA46,false,224584356
1967536194,02DA49,false,224587420
1967562168,02DA4B,false,224590482
1967679046,03BB51,false,224593674
1967709686,7E570A,true,224597335
1967742466,7E5353,true,224601239
1967773212,7E57F4,true,224604915
1967802648,7E5934,true,224608443
1967830042,7E4F34,true,224611750
1967855324,7E4F37,true,224614814
1967880560,7E4F39,true,224617876
1967905842,7E4F34,true,224620939
1967931092,7E4F37,true,224624003
1967962966,7E4F34,true,224627226
1967986884,7E4F37,true,224630290
1968010700,7E4F39,true,224633352
1968035494,7E4F34,true,224636415
1968060814,7E4F37,true,224639479
1968086012,7E4F39,true,224642541
1968111334,7E4F34,true,224645604
1968136592,7E4F37,true,224648668
1968161860,7E4F39,true,224651730
1968187126,7E4F34,true,224654793
1968212402,7E4F37,true,224657857
1968237646,7E4F39,true,224660919
1968262928,7E4F34,true,224663982
1968288180,7E4F37,true,224667046
1968313526,7E4F37,true,224670155
1968337684,7E4F39,true,224673217
1968361506,7E4F34,true,224676280
1968386016,7E4F37,true,224679344
1968411176,7E4F39,true,224682406
1968436450,7E4F34,true,224685469
1968461688,7E4F37,true,224688533
1968486964,7E4F39,true,224691595
1968512286,7E4F34,true,224694658
1968537500,7E4F37,true,224697722
1968562816,7E4F39,true,224700784
1968588060,7E4F34,true,224703847
1968613336,7E4F37,true,224706911
1968638574,7E4F39,true,224709973
1968664034,7E4F39,true,224713082
1968691710,7E4EFC,true,224716536
1968715926,7E4EF7,true,224719651
1968740670,7E4EFA,true,224722760
1968765794,7E4EFC,true,224725822
1968792762,7E4EF7,true,224729085
1968826884,1FC59A,false,224732466
1968857890,09C02D,false,224736184
1968888168,1FD332,false,224739822
1968919326,02FC65,false,224743555
1968948360,03B355,false,224747016
1968981872,02F5B0,false,224750997
1969011760,00010D,false,224754577
1969129964,03DBBD,false,224758030
1969159116,7E4EFA,true,224761540
1969184346,7E4EFC,true,224764602
1969209622,7E4EF7,true,224767665
1969235484,02DA46,false,224770754
1969261482,02DA49,false,224773818
1969287438,02DA4B,false,224776880
1969313426,02DA46,false,224779943
1969339410,02DA49,false,224783007
1969365372,02DA4B,false,224786069
1969484396,7E5367,true,224789550
1969517048,7E51E0,true,224793438
1969548898,7E5174,true,224797234
1969578936,7E579F,true,224800834
1969607458,7E4F39,true,224804274
1969632734,7E4F34,true,224807337
1969658072,7E4F37,true,224810401
1969683316,7E4F39,true,224813463
1969708598,7E4F34,true,224816526
1969740616,7E4F39,true,224819750
1969764838,7E4F34,true,224822813
1969788708,7E4F37,true,224825877
1969813082,7E4F39,true,224828939
1969838242,7E4F34,true,224832002
1969863500,7E4F37,true,224835066
1969888762,7E4F39,true,224838128
1969913998,7E4F34,true,224841191
1969939288,7E4F37,true,224844255
1969964534,7E4F39,true,224847317
1969989810,7E4F34,true,224850380
1970015060,7E4F37,true,224853444
1970040344,7E4F39,true,224856506
1970065586,7E4F34,true,224859569
1970091090,7E4F34,true,224862678
1970115612,7E4F37,true,224865742
1970139468,7E4F39,true,224868804
1970163566,7E4F34,true,224871867
1970188662,7E4F37,true,224874931
1970213900,7E4F39,true,224877993
1970239174,7E4F34,true,224881056
1970264412,7E4F37,true,224884120
1970289688,7E4F39,true,224887182
1970314946,7E4F34,true,224890245
1970340236,7E4F37,true,224893309
1970365480,7E4F39,true,224896371
1970390754,7E4F34,true,224899434
1970416000,7E4F37,true,224902498
1970441356,000118,true,224905570
1970469684,7E4EF7,true,224909062
1970493948,7E4EFA,true,224912178
1970517892,7E4EFC,true,224915240
1970543318,7E4EF7,true,224918348
1970569610,02DB8B,false,224921538
1970603408,0BD41E,false,224924900
1970633890,09C02F,false,224928537
1970664434,1FCD2D,false,224932213
1970694088,00010C,false,224935780
1970724744,03B3CE,false,224939419
1970756286,02F5B3,false,224943186
1970788366,7E4EFA,true,224947008
1970908112,03DBB9,false,224950612
1970936472,7E4EF7,true,224954063
1970961722,7E4EFA,true,224957127
1970986992,7E4EFC,true,224960189
1971012636,02DA4B,false,224963278
1971038616,02DA46,false,224966341
1971064596,02DA49,false,224969405
1971090560,02DA4B,false,224972467
1971116534,02DA46,false,224975530
1971142524,02DA49,false,224978594
1971259842,7E4F74,true,224981853
1971291694,7E5310,true,224985657
1971324314,7E5799,true,224989547
1971354482,7E5796,true,224993158
1971384874,7E4F98,true,224996790
1971410176,7E4F39,true,224999861
1971435446,7E4F34,true,225002924
1971460718,7E4F37,true,225005988
1971485980,7E4F39,true,225009050
1971511230,7E4F34,true,225012113
1971542802,7E4F39,true,225015337
1971566624,7E4F34,true,225018400
1971590614,7E4F37,true,225021464
1971615658,7E4F39,true,225024526
1971640902,7E4F34,true,225027589
1971666192,7E4F37,true,225030653
1971691428,7E4F39,true,225033715
1971716710,7E4F34,true,225036778
1971741962,7E4F37,true,225039842
1971767232,7E4F39,true,225042904
1971792462,7E4F34,true,225045967
1971817774,7E4F37,true,225049031
1971843004,7E4F39,true,225052093
1971868286,7E4F34,true,225055156
1971893488,7E4F34,true,225058265
1971917420,7E4F37,true,225061329
1971941276,7E4F39,true,225064391
1971966080,7E4F34,true,225067454
1971991340,7E4F37,true,225070518
1972016616,7E4F39,true,225073580
1972041858,7E4F34,true,225076643
1972067148,7E4F37,true,225079707
1972092378,7E4F39,true,225082769
1972117674,7E4F34,true,225085832
1972142926,7E4F37,true,225088896
1972168216,7E4F39,true,225091958
1972195838,02F578,false,225095290
1972222622,7E4EFC,true,225098529
1972247892,7E4EFC,true,225101638
1972272300,7E4EF7,true,225104746
1972296578,02DD59,false,225107868
1972328870,0681E7,false,225111140
1972359246,1FD28C,false,225114755
1972390146,1FD30D,false,225118468
1972420258,7E4EFA,true,225122090
1972451028,03BAAE,false,225125758
1972481284,02F601,false,225129379
1972515310,7E4EF7,true,225133413
1972544994,03DBBA,false,225136982
1972573422,02DA35,false,225140449
1972691110,7E4EFA,true,225143784
1972716380,7E4EFC,true,225146846
1972741630,7E4EF7,true,225149909
1972767444,02DA46,false,225152998
1972793416,02DA49,false,225156062
1972819388,02DA4B,false,225159124
1972845360,02DA46,false,225162187
1972871338,02DA49,false,225165251
1972897314,02DA4B,false,225168313
1972923294,02DA46,false,225171376
1973040122,03BB86,false,225174561
1973070956,7E4FCE,true,225178249
1973103728,7E52DB,true,225182149
1973134290,7E585C,true,225185804
1973163816,7E51A3,true,225189344
1973191160,7E4F37,true,225192645
1973216404,7E4F39,true,225195707
1973241706,7E4F34,true,225198770
1973266956,7E4F37,true,225201834
1973292218,7E4F39,true,225204896
1973324096,7E4F37,true,225208121
1973347960,7E4F39,true,225211183
1973371822,7E4F34,true,225214246
1973396706,7E4F37,true,225217310
1973421918,7E4F39,true,225220372
1973447234,7E4F34,true,225223435
1973472492,7E4F37,true,225226499
1973497768,7E4F39,true,225229561
1973522996,7E4F34,true,225232624
1973548308,7E4F37,true,225235688
1973573538,7E4F39,true,225238750
1973598834,7E4F34,true,225241813
1973624086,7E4F37,true,225244877
1973649356,7E4F39,true,225247939
1973674660,7E4F39,true,225251048
1973698790,7E4F34,true,225254111
1973722660,7E4F37,true,225257175
1973747152,7E4F39,true,225260237
1973772342,7E4F34,true,225263300
1973797600,7E4F37,true,225266364
1973822876,7E4F39,true,225269426
1973848104,7E4F34,true,225272489
1973873388,7E4F37,true,225275553
1973898718,7E4F39,true,225278615
1973927656,03EA41,false,225282102
1973953080,7E4EFC,true,225285186
1973978730,7E4EF7,true,225288294
1974004020,7E4EFA,true,225291358
1974121294,7E4EF7,true,225294674
1974155736,02FCE2,false,225298094
1974186860,1FC458,false,225301825
1974217434,0BAE25,false,225305500
1974248268,1FCF1A,false,225309191
1974277104,03B349,false,225312635
1974311442,02F5F7,false,225316705
1974341240,03DD08,false,225320286
1974369364,1FC097,false,225323712
1974487604,7E4EFA,true,225327137
1974512880,7E4EFC,true,225330199
1974538130,7E4EF7,true,225333262
1974565394,7E4FB1,true,225336551
1974598198,7E5308,true,225340462
1974630022,7E52DB,true,225344255
1974660018,7E51D2,true,225347844
1974690018,7E4F34,true,225351441
1974715276,7E4F37,true,225354505
1974747370,7E4F39,true,225357747
1974771486,7E4F34,true,225360810
1974795316,7E4F37,true,225363874
1974819866,7E4F39,true,225366936
1974845058,7E4F34,true,225369999
1974870348,7E4F37,true,225373063
1974895584,7E4F39,true,225376125
1974920854,7E4F34,true,225379188
1974946104,7E4F37,true,225382252
1974971382,7E4F39,true,225385314
1974996698,7E4F34,true,225388377
1975021924,7E4F37,true,225391441
1975047240,7E4F39,true,225394503
1975072490,7E4F34,true,225397566
1975097910,7E4F34,true,225400675
1975122284,7E4F37,true,225403739
1975146140,7E4F39,true,225406801
1975170376,7E4F34,true,225409864
1975195472,7E4F37,true,225412928
1975220748,7E4F39,true,225415990
1975245990,7E4F34,true,225419053
1975271274,7E4F37,true,225422117
1975296512,7E4F39,true,225425179
1975321802,7E4F34,true,225428242
1975347052,7E4F37,true,225431306
1975372328,7E4F39,true,225434368
1975401072,7E4EFA,true,225437825
1975426768,7E4EFC,true,225440939
1975452538,03EB20,false,225444080
1975477094,7E4EF7,true,225447156
1975501954,02DB91,false,225450349
1975534106,1FD26E,false,225453659
1975564510,1FD2C4,false,225457288
1975595242,1FD32D,false,225460987
1975625164,7E4EF7,true,225464588
1975655666,03B3FC,false,225468205
1975686642,02F6B8,false,225471916
1975719504,7E4EFC,true,225475825
1975748934,03DBB9,false,225479375
1975778254,02DA38,false,225482921
1975897736,7E4EF7,true,225486450
1975923020,7E4EFA,true,225489514
1975948250,7E4EFC,true,225492576
1975973788,02DA4B,false,225495665
1975999750,02DA46,false,225498728
1976025728,02DA49,false,225501792
1976051704,02DA4B,false,225504854
1976077712,02DA46,false,225507917
1976103710,02DA49,false,225510981
1976129678,02DA4B,false,225514043
1976155640,02DA46,false,225517106
1976274782,7E5791,true,225520593
1976307302,7E51F9,true,225524479
1976339156,7E57A7,true,225528276
1976369216,7E57BA,true,225531877
1976397746,7E4F34,true,225535311
1976422998,7E4F37,true,225538375
1976448276,7E4F39,true,225541437
1976473506,7E4F34,true,225544500
1976498796,7E4F37,true,225547564
1976530828,7E4F34,true,225550787
1976555098,7E4F37,true,225553851
1976578914,7E4F39,true,225556913
1976603288,7E4F34,true,225559976
1976628448,7E4F37,true,225563040
1976653692,7E4F39,true,225566102
1976678974,7E4F34,true,225569165
1976704224,7E4F37,true,225572229
1976729488,7E4F39,true,225575291
1976754752,7E4F34,true,225578354
1976780028,7E4F37,true,225581418
1976805356,7E4F39,true,225584480
1976830552,7E4F34,true,225587543
1976855868,7E4F37,true,225590607
1976881354,7E4F37,true,225593716
1976905864,7E4F39,true,225596778
1976929686,7E4F34,true,225599841
1976953790,7E4F37,true,225602905
1976978862,7E4F39,true,225605967
1977004098,7E4F34,true,225609030
1977029388,7E4F37,true,225612094
1977058104,7E4EF7,true,225615549
1977083814,7E4EFA,true,225618665
1977109408,7E4EFC,true,225621772
1977134690,7E4EF7,true,225624835
1977161654,7E4EFA,true,225628099
1977195872,0BE8CD,false,225631489
1977226998,04A19C,false,225635219
1977347108,1FCDED,false,225638848
1977378340,02FCDE,false,225642591
1977407366,03B3F6,false,225646059
1977440682,02F611,false,225650021
1977470726,03E079,false,225653617
1977495542,03DBBD,false,225656692
1977524672,7E4EFA,true,225660206
1977549908,7E4EFC,true,225663268
1977575176,7E4EF7,true,225666331
1977692420,7E4F70,true,225669617
1977724224,7E530C,true,225673418
1977756882,7E5797,true,225677309
1977787086,7E578F,true,225680922
1977817476,7E4F95,true,225684555
1977842762,7E4F34,true,225687625
1977868052,7E4F37,true,225690689
1977893296,7E4F39,true,225693751
1977918578,7E4F34,true,225696814
1977943822,7E4F37,true,225699878
1977975378,7E4F34,true,225703101
1977999208,7E4F37,true,225706165
1978023182,7E4F39,true,225709227
1978048230,7E4F34,true,225712290
1978073480,7E4F37,true,225715354
1978098750,7E4F39,true,225718416
1978123994,7E4F34,true,225721479
1978149284,7E4F37,true,225724543
1978174536,7E4F39,true,225727605
1978199818,7E4F34,true,225730668
1978225068,7E4F37,true,225733732
1978250352,7E4F39,true,225736794
1978275594,7E4F34,true,225739857
1978300878,7E4F37,true,225742921
1978326090,7E4F37,true,225746030
1978350008,7E4F39,true,225749092
1978373870,7E4F34,true,225752155
1978398662,7E4F37,true,225755219
1978427706,03EB0E,false,225758716
1978453100,7E4EFA,true,225761790
1978478698,7E4EFC,true,225764897
1978503974,7E4EF7,true,225767960
1978530942,7E4EFA,true,225771224
1978565298,02FCD2,false,225774629
1978596464,1FC447,false,225778364
1978627072,0BAE0F,false,225782042
1978657850,1FCF07,false,225785727
1978776860,03B371,false,225789207
1978810400,02F5CC,false,225793186
1978840222,03DC06,false,225796770
1978865084,1FC079,false,225799854
1978893876,7E4EF7,true,225803326
1978919128,7E4EFA,true,225806390
1978944404,7E4EFC,true,225809452
1978970306,02DA4B,false,225812541
1978996296,02DA46,false,225815604
1979112792,7E4EFC,true,225818747
1979143402,7E5339,true,225822410
1979176128,7E5361,true,225826308
1979206982,7E4F9C,true,225830004
1979236826,7E5809,true,225833574
1979264156,7E4F37,true,225836873
1979289418,7E4F39,true,225839935
1979314676,7E4F34,true,225842998
1979339966,7E4F37,true,225846062
1979365204,7E4F39,true,225849124
1979397116,7E4F37,true,225852349
1979421076,7E4F39,true,225855411
1979444898,7E4F34,true,225858474
1979469640,7E4F37,true,225861538
1979494862,7E4F39,true,225864600
1979520138,7E4F34,true,225867663
1979545396,7E4F37,true,225870727
1979570672,7E4F39,true,225873789
1979595900,7E4F34,true,225876852
1979621212,7E4F37,true,225879916
1979646442,7E4F39,true,225882978
1979674056,02F517,false,225886299
1979700890,7E4EFC,true,225889549
1979726166,7E4EF7,true,225892612
1979751846,7E4EF7,true,225895766
1979776516,06BBB5,false,225898905
1979801556,02DCE2,false,225902116
1979837160,1FD271,false,225905720
1979867966,03E9D6,false,225909429
1979898436,1FD0FF,false,225913087
1979929676,02FBDD,false,225916815
1979958604,02F686,false,225920281
1979993646,02F6A9,false,225924425
1980021384,03DBBA,false,225927790
1980048162,1FC055,false,225931084
1980078480,02DA38,false,225934691
1980196048,7E4EFC,true,225938018
1980221330,7E4EF7,true,225941081
1980246580,7E4EFA,true,225944145
1980272448,02DA49,false,225947234
1980298404,02DA4B,false,225950296
1980324462,02DA46,false,225953359
1980350454,02DA49,false,225956423
1980376410,02DA4B,false,225959485
1980402400,02DA46,false,225962548
1980428382,02DA49,false,225965612
1980545118,03BB9C,false,225968796
1980575964,7E5011,true,225972486
1980608760,7E52FB,true,225976393
1980639234,7E5878,true,225980039
1980668766,7E51BE,true,225983582
1980696072,7E4F39,true,225986879
1980721386,7E4F34,true,225989942
1980746646,7E4F37,true,225993006
1980771922,7E4F39,true,225996068
1980797158,7E4F34,true,225999131
1980828976,7E4F39,true,226002355
1980852846,7E4F34,true,226005418
1980876716,7E4F37,true,226008482
1980901576,7E4F39,true,226011544
1980926816,7E4F34,true,226014607
1980952100,7E4F37,true,226017671
1980977344,7E4F39,true,226020733
1981002626,7E4F34,true,226023796
1981027876,7E4F37,true,226026860
1981056510,7E4EF7,true,226030305
1981083664,02DCD2,false,226033596
1981119072,0BD13F,false,226037112
1981150208,1FC4FE,false,226040863
1981270856,1FD322,false,226044561
1981301958,02FC62,false,226048283
1981330816,03B384,false,226051731
1981364772,02F67F,false,226055760
1981394554,03E150,false,226059330
1981422678,1FC083,false,226062763
1981450998,7E4EF7,true,226066186
1981476296,7E4EFA,true,226069250
1981501612,7E4EFC,true,226072312
1981618188,03BBFB,false,226075515
1981649398,7E527C,true,226079244
1981682280,7E5787,true,226083158
1981712418,7E5185,true,226086767
1981742294,7E52CC,true,226090347
1981769284,7E4F39,true,226093606
1981794534,7E4F34,true,226096669
1981819826,7E4F37,true,226099733
1981845056,7E4F39,true,226102795
1981870338,7E4F34,true,226105858
1981902312,7E4F37,true,226109102
1981926128,7E4F39,true,226112164
1981949990,7E4F34,true,226115227
1981974948,7E4F37,true,226118291
1982000184,7E4F39,true,226121353
1982025460,7E4F34,true,226124416
1982050712,7E4F37,true,226127480
1982077230,02F554,false,226130682
1982105668,02DB98,false,226134123
1982140090,0BDD82,false,226137543
1982170414,1FC548,false,226141173
1982201340,1FD30D,false,226144891
1982231658,7E4EF7,true,226148536
1982351546,03B3D3,false,226152103
1982383446,02F678,false,226155910
1982415008,7E4EFA,true,226159676
1982444188,03DBB6,false,226163204
1982472834,7E4EFC,true,226166677
1982498078,7E4EF7,true,226169740
1982523368,7E4EFA,true,226172804
1982549010,02DA49,false,226175893
1982575050,02DA4B,false,226178955
1982691572,03BC70,false,226182120
1982723304,7E5329,true,226185911
1982756122,7E571F,true,226189818
1982786084,7E5284,true,226193407
1982816206,7E4F98,true,226197017
1982842738,7E4F34,true,226200223
1982867996,7E4F37,true,226203287
1982893274,7E4F39,true,226206349
1982918518,7E4F34,true,226209412
1982943808,7E4F37,true,226212476
1982975688,7E4F39,true,226215718
1982999510,7E4F34,true,226218781
1983026722,7E4EFA,true,226222230
1983053448,7E4EFA,true,226225499
1983088364,1FC7D4,false,226228971
1983119048,1FC5D4,false,226232653
1983149804,1FCD87,false,226236350
1983181080,1FCE2F,false,226240088
1983209492,03B383,false,226243487
1983244168,02F6B4,false,226247594
1983273772,03DDF9,false,226251152
1983301842,1FC083,false,226254581
1983419936,7E4EFA,true,226257979
1983445160,7E4EFC,true,226261041
1983470442,7E4EF7,true,226264104
1983496382,02DA46,false,226267193
1983522400,02DA49,false,226270257
1983548374,02DA4B,false,226273319
1983574344,02DA46,false,226276382
1983600324,02DA49,false,226279446
1983626300,02DA4B,false,226282508
1983652272,02DA46,false,226285571
1983769686,7E4F6E,true,226288850
1983802018,7E5337,true,226292702
1983833992,7E5918,true,226296516
1983864594,7E57F9,true,226300183
1983894570,7E4F34,true,226303776
1983919828,7E4F37,true,226306840
1983945104,7E4F39,true,226309902
1983970434,7E4F34,true,226312965
1983995692,7E4F37,true,226316029
1984020962,7E4F39,true,226319091
1984052372,7E4F37,true,226322316
1984076228,7E4F39,true,226325378
1984100288,7E4F34,true,226328441
1984125336,7E4F37,true,226331505
1984150598,7E4F39,true,226334567
1984175834,7E4F34,true,226337630
1984201124,7E4F37,true,226340694
1984226368,7E4F39,true,226343756
1984254952,7E4EFC,true,226347200
1984281886,7E4EFC,true,226350469
1984317524,0BD134,false,226354015
1984348510,1FD319,false,226357738
1984379084,7E3AFB,false,226361410
1984500462,1FCE7F,false,226365167
1984529022,02F5EE,false,226368590
1984564066,02F601,false,226372738
1984593346,03DE3E,false,226376259
1984621576,1FC058,false,226379702
1984648420,7E4EF7,true,226382947
1984673680,7E4EFA,true,226386011
1984698956,7E4EFC,true,226389073
1984724970,02DA4B,false,226392162
1984842428,7E4F7D,true,226395448
1984874870,7E5784,true,226399312
1984906688,7E518F,true,226403117
1984937202,7E585C,true,226406768
1984967228,7E4F39,true,226410367
1984992510,7E4F34,true,226413430
1985017768,7E4F37,true,226416494
1985043052,7E4F39,true,226419556
1985068302,7E4F34,true,226422619
1985093770,7E3BA4,true,226425702
1985124982,7E4F34,true,226428906
1985148852,7E4F37,true,226431970
1985172946,7E4F39,true,226435032
1985198026,7E4F34,true,226438095
1985223284,7E4F37,true,226441159
1985248546,7E4F39,true,226444221
1985273782,7E4F34,true,226447284
1985299072,7E4F37,true,226450348
1985324324,7E4F39,true,226453410
1985349606,7E4F34,true,226456473
1985374864,7E4F37,true,226459537
1985402812,02F578,false,226462903
1985430604,7E4EFA,true,226466264
1985554970,0BDE4C,false,226469690
1985585210,1FC7BB,false,226473315
1985616402,0BB04E,false,226477065
1985646502,7E4EFA,false,226480682
1985676352,03B3E3,false,226484228
1985708964,02F5E7,false,226488111
1985739482,7E4EFA,true,226491751
1985768382,03DBBB,false,226495264
1985797172,7E4EFC,true,226498750
1985912818,7E4EFA,true,226501867
1985938062,7E4EFC,true,226504929
1985963338,7E4EF7,true,226507992
1985988596,7E4EFA,true,226511056
1986013872,7E4EFC,true,226514118
1986039116,7E4EF7,true,226517181
1986064392,7E4EFA,true,226520245
1986089630,7E4EFC,true,226523307
1986114926,7E4EF7,true,226526370
1986140172,7E4EFA,true,226529434
1986165542,00011C,true,226532508
1986199954,7E5310,true,226536084
1986230814,7E5721,true,226539981
1986261882,7E4FBA,true,226543783
1986291964,7E4FCE,true,226547387
1986320664,7E4F34,true,226550836
1986345908,7E4F37,true,226553900
1986371184,7E4F39,true,226556962
1986396442,7E4F34,true,226560025
1986421732,7E4F37,true,226563089
1986446976,7E4F39,true,226566151
1986472266,7E4F34,true,226569214
1986497524,7E4F37,true,226572278
1986522866,000119,true,226575350
1986547948,7E4F39,true,226578449
1986571770,7E4F34,true,226581512
1986595640,7E4F37,true,226584576
1986620498,7E4F39,true,226587638
1986645782,7E4F34,true,226590701
1986671112,7E4F37,true,226593765
1986696316,7E4F39,true,226596827
1986721630,7E4F34,true,226599890
1986746876,7E4F37,true,226602954
1986772146,7E4F39,true,226606016
1986801162,7E4EF7,true,226609514
1986826852,7E4EFA,true,226612623
1986852338,02FDE3,false,226615720
1986885708,068303,false,226619057
1986915270,02DB0B,false,226622687
1986944524,1FD2E7,false,226626417
1986973504,7E4EFC,true,226629999
1987004238,03BA1B,false,226633660
1987034662,02F668,false,226637298
1987068456,7E4EFC,true,226641315
1987094954,03DBBA,false,226644551
1987122988,02DA35,false,226647978
1987153070,02DA38,false,226651552
1987183142,02DA35,false,226655125
1987213224,02DA38,false,226658699
1987332870,7E4EFC,true,226662239
1987358108,7E4EF7,true,226665302
1987383392,7E4EFA,true,226668366
1987408916,02DA49,false,226671455
1987434954,02DA4B,false,226674517
1987460922,02DA46,false,226677580
1987486914,02DA49,false,226680644
1987512888,02DA4B,false,226683706
1987538876,02DA46,false,226686769
1987564860,02DA49,false,226689833
1987590822,02DA4B,false,226692895
1987709710,7E5349,true,226696367
1987742366,7E4FCF,true,226700259
1987774180,7E5011,true,226704056
1987804208,7E5168,true,226707654
1987832850,7E4F39,true,226711100
1987858126,7E4F34,true,226714163
1987883384,7E4F37,true,226717227
1987908668,7E4F39,true,226720289
1987933918,7E4F34,true,226723352
1987965968,7E4F39,true,226726576
1987990230,7E4F34,true,226729639
1988014100,7E4F37,true,226732703
1988038446,7E4F39,true,226735765
1988063570,7E4F34,true,226738828
1988088860,7E4F37,true,226741892
1988114096,7E4F39,true,226744954
1988139364,7E4F34,true,226748017
1988164688,7E4F37,true,226751081
1988189906,7E4F39,true,226754143
1988215222,7E4F34,true,226757206
1988240480,7E4F37,true,226760270
1988265764,7E4F39,true,226763332
1988291014,7E4F34,true,226766395
1988316520,7E4F34,true,226769504
1988344144,03EB69,false,226772938
1988368456,7E4EFC,true,226776065
1988393076,7E4EF7,true,226779173
1988419552,02D99D,false,226782405
1988454146,1FC430,false,226785840
1988484414,04A18E,false,226789474
1988515332,1FCD28,false,226793185
1988546198,02FBA3,false,226796891
1988575376,03B3CB,false,226800363
1988608350,02F6AC,false,226804289
1988638272,7E4EF7,true,226807869
1988663888,03DBBB,false,226811033
1988783052,7E4EF7,true,226814577
1988808304,7E4EFA,true,226817641
1988833572,7E4EFC,true,226820703
1988859296,02DA4B,false,226823792
1988885264,02DA46,false,226826855
1988911256,02DA49,false,226829919
1988937230,02DA4B,false,226832981
1988963222,02DA46,false,226836044
1988989206,02DA49,false,226839108
1989015220,02DA4B,false,226842170
1989132770,7E4F66,true,226845473
1989165592,7E578F,true,226849381
1989197356,7E52D4,true,226853168
1989227484,7E51A1,true,226856774
1989257530,7E4F39,true,226860375
1989282774,7E4F34,true,226863438
1989308064,7E4F37,true,226866502
1989333292,7E4F39,true,226869564
1989358574,7E4F34,true,226872627
1989386940,7E3C0E,true,226875729
1989415154,7E4F34,true,226878914
1989438984,7E4F37,true,226881978
1989463198,7E4F39,true,226885040
1989488230,7E4F34,true,226888103
1989513488,7E4F37,true,226891167
1989538756,7E4F39,true,226894229
1989563986,7E4F34,true,226897292
1989589276,7E4F37,true,226900356
1989614600,7E4F39,true,226903418
1989643218,7E4EFA,true,226906863
1989668836,7E4EFC,true,226909977
1989694492,7E4EF7,true,226913085
1989721448,7E4EFA,true,226916349
1989846202,02FC7E,false,226919807
1989877560,1FC428,false,226923570
1989907974,1FDAF4,false,226927220
1989938872,02FC7F,false,226930924
1989967730,03B341,false,226934371
1990001704,02F682,false,226938402
1990030820,03E085,false,226941895
1990055572,02DD0B,false,226944976
1990084696,7E4EFC,true,226948482
1990200308,7E4EFC,true,226951597
1990225558,7E4EF7,true,226954660
1990250834,7E4EFA,true,226957724
1990276136,7E4EFC,true,226960786
1990301346,7E4EF7,true,226963849
1990326684,7E4EFA,true,226966913
1990351928,7E4EFC,true,226969975
1990377210,7E4EF7,true,226973038
1990402460,7E4EFA,true,226976102
1990427724,7E4EFC,true,226979164
1990452966,7E4EF7,true,226982227
1990487306,7E5782,true,226985789
1990518178,7E52F6,true,226989688
1990549154,7E5782,true,226993484
1990579216,7E5794,true,226997086
1990608150,7E4F37,true,227000568
1990633388,7E4F39,true,227003630
1990658670,7E4F34,true,227006693
1990684008,7E4F37,true,227009757
1990709252,7E4F39,true,227012819
1990734534,7E4F34,true,227015882
1990759800,7E4F37,true,227018946
1990785076,7E4F39,true,227022008
1990810304,7E4F34,true,227025071
1990835506,7E4F34,true,227028180
1990859376,7E4F37,true,227031244
1990883192,7E4F39,true,227034306
1990911428,7E4EF7,true,227037755
1990937144,7E4EFA,true,227040871
1990962760,7E4EFC,true,227043978
1990989700,7E4EF7,true,227047241
1991023948,0BE8C9,false,227050634
1991055124,04A355,false,227054370
1991085440,1FD27B,false,227058018
1991116638,02FC6A,false,227061750
1991145452,03B349,false,227065193
1991268590,02F5AD,false,227069145
1991298374,7E4EFC,true,227072717
1991327260,03DBB9,false,227076226
1991356094,7E4EF7,true,227079717
1991381384,7E4EFA,true,227082781
1991406630,7E4EFC,true,227085843
1991432404,02DA4B,false,227088932
1991458392,02DA46,false,227091995
1991484384,02DA49,false,227095059
1991510350,02DA4B,false,227098121
1991627560,7E4F2F,true,227101354
1991659010,7E52F4,true,227105121
1991691740,7E5339,true,227109019
1991721844,7E52E1,true,227112619
1991752088,7E5791,true,227116236
1991778116,7E4F34,true,227119389
1991803368,7E4F37,true,227122453
1991828656,7E4F39,true,227125515
1991853906,7E4F34,true,227128578
1991879188,7E4F37,true,227131642
1991910830,7E4F34,true,227134865
1991934700,7E4F37,true,227137929
1991958556,7E4F39,true,227140991
1991983592,7E4F34,true,227144054
1992008882,7E4F37,true,227147118
1992034112,7E4F39,true,227150180
1992059394,7E4F34,true,227153243
1992088374,03EB20,false,227156732
1992113882,7E4EFC,false,227159825
1992139436,7E4EFA,true,227162917
1992166502,02DCBF,false,227166199
1992202098,0BD17F,false,227169726
1992233022,09C027,false,227173456
1992353500,1FD03E,false,227177124
1992384660,02FC7E,false,227180854
1992413022,02F591,false,227184255
1992448016,02F5A3,false,227188400
1992477138,03DE56,false,227191904
1992505154,1FC053,false,227195321
1992532686,7E4EFA,true,227198649
1992557916,7E4EFC,true,227201711
1992583184,7E4EF7,true,227204774
1992700492,7E4F70,true,227208048
1992732108,7E5349,true,227211827
1992764800,7E4F95,true,227215726
1992794860,7E5787,true,227219324
1992825028,7E4F9D,true,227222937
1992850884,7E4F34,true,227226068
1992876160,7E4F37,true,227229132
1992901418,7E4F39,true,227232194
1992926694,7E4F34,true,227235257
1992951952,7E4F37,true,227238321
1992983588,7E4F34,true,227241544
1993007418,7E4F37,true,227244608
1993031394,7E4F39,true,227247670
1993056366,7E4F34,true,227250733
1993081616,7E4F37,true,227253797
1993106892,7E4F39,true,227256859
1993132142,7E4F34,true,227259922
1993157424,7E4F37,true,227262986
1993182662,7E4F39,true,227266048
1993207940,7E4F34,true,227269111
1993233256,7E4F37,true,227272175
1993258474,7E4F39,true,227275237
1993287148,7E4EFA,true,227278691
1993312910,00011F,true,227281815
1993338348,7E4EFC,true,227284959
1993363776,7E4EF7,true,227288222
1993397082,0BEB1C,false,227291666
1993427866,1FC581,false,227295382
1993458630,1FCD2D,false,227299077
1993489776,02FCDC,false,227302800
1993518194,03B384,false,227306212
1993552704,02F668,false,227310299
1993581674,03DC4F,false,227313787
1993609784,1FC068,false,227317209
1993641344,02DA38,false,227320973
1993761422,7E4023,false,227324552
1993786898,7E4EFC,true,227327653
1993812166,7E4EF7,true,227330716
1993837496,7E4EFA,true,227333780
1993863612,02DA49,false,227336869
1993889568,02DA4B,false,227339931
1993915556,02DA46,false,227342994
1993941546,02DA49,false,227346058
1993967520,02DA4B,false,227349120
1993993502,02DA46,false,227352183
1994019474,02DA49,false,227355247
1994137190,7E500C,true,227358571
1994170136,7E5344,true,227362494
1994201916,7E52D4,true,227366282
1994231986,7E52C1,true,227369884
1994261752,7E4F37,true,227373452
1994286948,7E4F39,true,227376514
1994312258,7E4F34,true,227379577
1994337510,7E4F37,true,227382641
1994362780,7E4F39,true,227385703
1994388290,7E3BC6,true,227388810
1994419444,7E4F37,true,227392010
1994443260,7E4F39,true,227395072
1994467480,7E4F34,true,227398135
1994492596,7E4F37,true,227401199
1994517828,7E4F39,true,227404261
1994543110,7E4F34,true,227407324
1994568360,7E4F37,true,227410388
1994593636,7E4F39,true,227413450
1994618882,7E4F34,true,227416513
1994644164,7E4F37,true,227419577
1994669388,7E4F39,true,227422639
1994694672,7E4F34,true,227425702
1994719924,7E4F37,true,227428766
1994748908,7E4EF7,true,227432262
1994773824,7E4EFA,true,227435378
1994798028,7E4EFC,true,227438485
1994823812,7E4EF7,true,227441748
1994857848,1FD5B5,false,227445139
1994888918,04847F,false,227448873
1994919288,02DB04,false,227452522
1994950410,1FCEDA,false,227456255
1994979332,03B4B3,false,227459697
1995012680,02F678,false,227463663
1995042062,00010D,false,227467182
1995070802,03DBBB,false,227470676
1995192192,7E4EF4,false,227474441
1995217430,7E4EF7,true,227477506
1995242714,7E4EFA,true,227480570
1995268082,7E4EFA,false,227483650
1995294124,02DA4B,false,227486721
1995320164,02DA46,false,227489784
1995346156,02DA49,false,227492848
1995372118,02DA4B,false,227495910
1995398106,02DA46,false,227498973
1995424090,02DA49,false,227502037
1995450046,02DA4B,false,227505099
1995568186,7E52D4,true,227508479
1995600960,7E52FD,true,227512379
1995632758,7E52D1,true,227516170
1995662856,7E52E6,true,227519775
1995692224,7E4F39,true,227523304
1995717498,7E4F34,true,227526367
1995742744,7E4F37,true,227529431
1995768014,7E4F39,true,227532493
1995793258,7E4F34,true,227535556
1995818870,7E3BD8,true,227538670
1995849876,7E4F39,true,227541862
1995873738,7E4F34,true,227544925
1995898022,7E4F37,true,227547989
1995923140,7E4F39,true,227551051
1995948384,7E4F34,true,227554114
1995973668,7E4F37,true,227557178
1995998912,7E4F39,true,227560240
1996024194,7E4F34,true,227563303
1996049440,7E4F37,true,227566367
1996074708,7E4F39,true,227569429
1996099946,7E4F34,true,227572492
1996125230,7E4F37,true,227575556
1996150468,7E4F39,true,227578618
1996177388,02F501,false,227581888
1996204290,7E4EFC,true,227585233
1996228500,7E4EF7,true,227588341
1996253496,02DB97,false,227591502
1996286136,0682E2,false,227594763
1996316624,1FD2E7,false,227598391
1996347660,1FD2B8,false,227602126
1996377452,7E4EF7,true,227605710
1996408196,03BABB,false,227609370
1996438334,02F5F1,false,227612980
1996472436,7E4EFA,true,227617024
1996502016,03DE78,false,227620576
1996620170,7E3B39,false,227624015
1996645856,7E4EFA,true,227627141
1996671132,7E4EFC,true,227630203
1996696440,7E4EF7,true,227633266
1996722562,02DA46,false,227636355
1996748534,02DA49,false,227639419
1996774516,02DA4B,false,227642481
1996800490,02DA46,false,227645544
1996826478,02DA49,false,227648608
1996852462,02DA4B,false,227651670
1996878424,02DA46,false,227654733
1996996158,7E5258,true,227658059
1997029100,7E5349,true,227661984
1997060836,7E52D9,true,227665770
1997090938,7E52C6,true,227669374
1997120682,7E4F34,true,227672938
1997145940,7E4F37,true,227676002
1997171202,7E4F39,true,227679064
1997196466,7E4F34,true,227682127
1997221742,7E4F37,true,227685191
1997253142,7E4157,true,227688327
1997278262,7E4F37,true,227691478
1997302078,7E4F39,true,227694540
1997326296,7E4F34,true,227697603
1997351420,7E4F37,true,227700667
1997376658,7E4F39,true,227703729
1997401926,7E4F34,true,227706792
1997427184,7E4F37,true,227709856
1997452460,7E4F39,true,227712918
1997477712,7E4F34,true,227715981
1997502996,7E4F37,true,227719045
1997528218,7E4F39,true,227722107
1997553522,7E4F34,true,227725170
1997578766,7E4F37,true,227728234
1997604384,7E4F37,true,227731343
1997629044,7E4F39,true,227734405
1997652866,7E4F34,true,227737468
1997676892,7E4F34,false,227740548
1997705634,7E4EFA,true,227744038
1997731284,7E4EFC,true,227747145
1997757064,02DD57,false,227750267
1997790204,068299,false,227753575
1997820592,1FD27B,false,227757184
1997851624,1FD282,false,227760921
1997881598,7E4EFA,true,227764522
1997912302,03BA9B,false,227768177
1997942276,02F5CC,false,227771767
1998066944,7E4EF7,true,227775888
1998093692,03DBB6,false,227779142
1998120858,1FC098,false,227782478
1998146664,7E4EF7,true,227785608
1998171916,7E4EFA,true,227788672
1998197206,7E4EFC,true,227791734
1998223298,02DA4B,false,227794823
1998249268,02DA46,false,227797886
1998275268,02DA49,false,227800950
1998301272,02DA4B,false,227804012
1998418548,7E4F7D,true,227807262
1998450214,7E5358,true,227811048
1998482828,7E4F9F,true,227814935
1998512932,7E52CC,true,227818538
1998543108,7E4FA9,true,227822157
1998568906,7E4F34,true,227825280
1998594196,7E4F37,true,227828344
1998619434,7E4F39,true,227831406
1998644710,7E4F34,true,227834469
1998669968,7E4F37,true,227837533
1998701736,7E4F39,true,227840775
1998725598,7E4F34,true,227843838
1998749550,7E4F37,true,227846902
1998774554,7E4F39,true,227849964
1998799830,7E4F34,true,227853027
1998825088,7E4F37,true,227856091
1998850364,7E4F39,true,227859153
1998875592,7E4F34,true,227862216
1998900884,7E4F37,true,227865280
1998926116,7E4F39,true,227868342
1998951398,7E4F34,true,227871405
1998976650,7E4F37,true,227874469
1999002602,02F575,false,227877612
1999031216,7E4021,true,227881059
1999056470,7E4EF7,true,227884189
1999080910,06BBAE,false,227887325
1999106030,02DCCC,false,227890540
1999141382,0BD1F3,false,227894080
1999172538,04A1D5,false,227897832
1999202906,7E4EFC,true,227901473
1999234118,7E4EFE,false,227905201
1999263162,02F5F5,false,227908677
1999298172,02F605,false,227912821
1999325544,03DBB9,false,227916145
1999351898,1FC061,false,227919393
1999382410,02DA35,false,227923024
1999499046,7E4EFA,true,227926248
1999524316,7E4EFC,true,227929310
1999549558,7E4EF7,true,227932373
1999575540,02DA46,false,227935462
1999601530,02DA49,false,227938526
1999627516,02DA4B,false,227941588
1999653562,02DA46,false,227944651
1999679560,02DA49,false,227947715
1999705536,02DA4B,false,227950777
1999731508,02DA46,false,227953840
1999848838,7E4F7B,true,227957098
1999880580,7E52F4,true,227960896
1999913176,7E5018,true,227964784
1999943348,7E52E6,true,227968395
1999973724,7E52C9,true,227972028
1999999128,7E4F37,true,227975109
2000024352,7E4F39,true,227978171
2000049656,7E4F34,true,227981234
2000074900,7E4F37,true,227984298
2000100176,7E4F39,true,227987360
2000131794,7E4F37,true,227990585
2000155610,7E4F39,true,227993647
2000179592,7E4F34,true,227996710
2000204650,7E4F37,true,227999774
2000229848,7E4F39,true,228002836
2000255170,7E4F34,true,228005899
2000280420,7E4F37,true,228008963
2000305696,7E4F39,true,228012025
2000330940,7E4F34,true,228015088
2000356224,7E4F37,true,228018152
2000381448,7E4F39,true,228021214
2000406752,7E4F34,true,228024277
2000431996,7E4F37,true,228027341
2000457608,02F55D,false,228030445
2000486184,7E4EF7,true,228033954
2000510148,000137,false,228037031
2000534258,7E4EFC,true,228040125
2000561158,02DCCC,false,228043417
2000594044,1FD37A,false,228046710
2000621826,0BDF4B,false,228050057
2000653166,09C037,false,228053815
2000683602,1FD330,false,228057469
2000714818,1FCEDA,false,228061209
2000743638,03B3CB,false,228064651
2000776394,02F663,false,228068550
2000808010,7E4EF7,true,228072322
2000924838,03DBB9,false,228075602
2000953588,7E4EF7,true,228079112
2000978840,7E4EFA,true,228082176
2001004116,7E4EFC,true,228085238
2001029548,02DA4B,false,228088327
2001055536,02DA46,false,228091390
2001081508,02DA49,false,228094454
2001107472,02DA4B,false,228097516
2001133534,02DA46,false,228100579
2001159514,02DA49,false,228103643
2001276756,7E4F5A,true,228106886
2001308084,7E4FCE,true,228110635
2001340844,7E52DB,true,228114535
2001371832,7E5934,true,228118248
2001402802,7E4FAF,true,228121948
2001432566,7E581F,true,228125509
2001459876,7E4F39,true,228128806
2001485138,7E4F34,true,228131869
2001510428,7E4F37,true,228134933
2001535984,7E3BAE,true,228138041
2001567070,7E4F34,true,228141238
2001590900,7E4F37,true,228144302
2001615160,7E4F39,true,228147364
2001640210,7E4F34,true,228150427
2001665532,7E4F37,true,228153491
2001690770,7E4F39,true,228156553
2001716046,7E4F34,true,228159616
2001741304,7E4F37,true,228162680
2001766574,7E4F39,true,228165742
2001791818,7E4F34,true,228168805
2001817100,7E4F37,true,228171869
2001842360,7E4F39,true,228174931
2001867634,7E4F34,true,228177994
2001893220,7E4F34,true,228181103
2001917844,7E4F37,true,228184167
2001944180,02F568,false,228187534
2001969798,7E4EFA,true,228190775
2001995208,7E4EFC,true,228193882
2002021698,02DB97,false,228197089
2002056238,0BDF06,false,228200528
2002087048,1FC535,false,228204210
2002117820,1FD2C8,false,228207921
2002148190,7E4EF7,true,228211571
2002177642,03B42D,false,228215081
2002209086,02F67F,false,228218832
2002242812,7E4EF7,true,228222839
2002358470,7E4EFC,true,228225956
2002383714,7E4EF7,true,228229019
2002409004,7E4EFA,true,228232083
2002434226,7E4EFC,true,228235145
2002459502,7E4EF7,true,228238208
2002484774,7E4EFA,true,228241272
2002510044,7E4EFC,true,228244334
2002535294,7E4EF7,true,228247397
2002560592,7E4EFA,true,228250461
2002585836,7E4EFC,true,228253523
2002701416,7E4EFC,true,228256638
2002726746,7E4EF7,true,228259701
2002752004,7E4EFA,true,228262765
2002777280,7E4EFC,true,228265827
2002802522,7E4EF7,true,228268890
2002827806,7E4EFA,true,228271954
2002853038,7E4EFC,true,228275016
2002878314,7E4EF7,true,228278079
2002903586,7E4EFA,true,228281143
2002928856,7E4EFC,true,228284205
2002954106,7E4EF7,true,228287268
2002989668,03DD8C,false,228290938
2003016484,1FC06E,false,228294411
2003041374,7E4EF7,true,228297572
2003066470,7E4EFA,true,228300636
2003091708,7E4EFC,true,228303698
2003120672,7E52FC,true,228307182
2003153454,7E5328,true,228311085
2003186050,7E57A0,true,228314967
2003216368,7E52D9,true,228318586
2003246348,7E51D0,true,228322175
2003276364,7E4F39,true,228325773
2003301574,7E4F34,true,228328836
2003327086,7E4F34,true,228331945
2003351560,7E4F37,true,228335009
2003375416,7E4F39,true,228338071
2003399540,7E4F34,true,228341134
2003424624,7E4F37,true,228344198
2003449900,7E4F39,true,228347260
2003475136,7E4F34,true,228350323
2003500420,7E4F37,true,228353387
2003525664,7E4F39,true,228356449
2003550954,7E4F34,true,228359512
2003576212,7E4F37,true,228362576
2003601488,7E4F39,true,228365638
2003626738,7E4F34,true,228368701
2003652028,7E4F37,true,228371765
2003677614,00015F,true,228374867
2003702384,7E4F39,true,228377936
2003726246,7E4F34,true,228380999
2003750076,7E4F37,true,228384063
2003775042,7E4F39,true,228387125
2003802588,02F56E,false,228390454
2003829764,7E4EFC,true,228393733
2003855418,7E4EF7,true,228396841
2003881776,02DB8D,false,228400043
2003915296,0B90B8,false,228403371
2003945910,1FD26B,false,228407020
2003976960,1FD28E,false,228410753
2004006824,03B976,false,228414346
2004127468,03BA6D,false,228417997
2004156600,02F674,false,228421498
2004191688,02F686,false,228425644
2004219784,03DC5A,false,228429037
2004247854,1FC066,false,228432461
2004277056,7E4EF7,true,228435984
2004302340,7E4EFA,true,228439048
2004327592,7E4EFC,true,228442110
2004353466,02DA4B,false,228445199
2004379438,02DA46,false,228448262
2004496884,7E4F62,true,228451541
2004528960,7E52D1,true,228455370
2004561754,7E52FD,true,228459274
2004592766,7E52CC,true,228462973
2004622924,7E519A,true,228466584
2004652970,7E5782,true,228470182
2004679760,7E4F37,true,228473427
2004705048,7E4F39,true,228476489
2004730370,7E4F34,true,228479552
2004762014,7E405C,true,228482733
2004786756,7E4F39,true,228485858
2004810618,7E4F34,true,228488921
2004835014,7E4F37,true,228491985
2004860184,7E4F39,true,228495047
2004885426,7E4F34,true,228498110
2004910702,7E4F37,true,228501174
2004935940,7E4F39,true,228504236
2004961222,7E4F34,true,228507299
2004986482,7E4F37,true,228510363
2005011744,7E4F39,true,228513425
2005036986,7E4F34,true,228516488
2005062292,7E4F37,true,228519552
2005087528,7E4F39,true,228522614
2005113068,7E4F39,true,228525723
2005137586,7E4F34,true,228528786
2005161416,7E4F37,true,228531850
2005185510,7E4F39,true,228534912
2005210590,7E4F34,true,228537975
2005235848,7E4F37,true,228541039
2005262824,02F506,false,228544303
2005290568,7E4EFA,true,228547647
2005316186,7E4EFC,true,228550754
2005342472,02DB8E,false,228553939
2005376594,0BD45C,false,228557342
2005407322,1FD2C2,false,228561004
2005438340,0BB2ED,false,228564734
2005557856,02FADD,false,228568302
2005588306,03BA19,false,228571919
2005618068,02F60E,false,228575489
2005653046,02F649,false,228579627
2005681290,03DD55,false,228583034
2005709350,1FC051,false,228586460
2005737942,7E4EF7,true,228589906
2005763220,7E4EFA,true,228592970
2005788456,7E4EFC,true,228596032
2005814368,02DA4B,false,228599121
2005932560,7E52CE,true,228602504
2005965300,7E5782,true,228606405
2005998014,7E533F,true,228610302
2006028994,7E4FC9,true,228614002
2006059090,7E578B,true,228617601
2006089334,7E52A9,true,228621224
2006114966,7E4F34,true,228624327
2006140216,7E4F37,true,228627391
2006165486,7E4F39,true,228630453
2006197430,7E4F37,true,228633678
2006221452,7E4F39,true,228636740
2006245314,7E4F34,true,228639803
2006269946,7E4F37,true,228642867
2006295166,7E4F39,true,228645929
2006320410,7E4F34,true,228648992
2006345700,7E4F37,true,228652056
2006370936,7E4F39,true,228655118
2006396206,7E4F34,true,228658181
2006421478,7E4F37,true,228661245
2006446740,7E4F39,true,228664307
2006472004,7E4F34,true,228667370
2006497288,7E4F37,true,228670434
2006522532,7E4F39,true,228673496
2006547980,7E4F39,true,228676605
2006572262,7E4F34,true,228679668
2006596132,7E4F37,true,228682732
2006620450,7E4F39,true,228685794
2006645590,7E4F34,true,228688857
2006670848,7E4F37,true,228691921
2006696116,7E4F39,true,228694983
2006721354,7E4F34,true,228698046
2006746644,7E4F37,true,228701110
2006775364,03EA03,false,228704569
2006801360,7E4EFA,true,228707718
2006827012,7E4EFC,true,228710825
2006853896,7E4EF7,true,228714088
2006887988,1FC5E3,false,228717466
2007009248,1FC7C2,false,228721219
2007040382,0BB058,false,228724964
2007070400,000136,false,228728575
2007099962,03B419,false,228732095
2007131718,02F613,false,228735887
2007164900,7E4EFC,true,228739832
2007194556,03DE7B,false,228743387
2007222974,1FC04B,false,228746862
2007248682,7E4EFA,true,228749978
2007364328,7E4EFA,true,228753093
2007389564,7E4EFC,true,228756155
2007414846,7E4EF7,true,228759218
2007440090,7E4EFA,true,228762282
2007465360,7E4EFC,true,228765344
2007490624,7E4EF7,true,228768407
2007515908,7E4EFA,true,228771471
2007541156,7E4EFC,true,228774533
2007566446,7E4EF7,true,228777596
2007591696,7E4EFA,true,228780660
2007624146,03BB0A,false,228783938
2007652904,7E52E1,true,228787549
2007683826,7E570D,true,228791439
2007715234,7E51C0,true,228795218
2007746420,7E5784,true,228798936
2007776498,7E5796,true,228802538
2007805430,7E4F39,true,228806019
2007830746,7E4F34,true,228809082
2007856008,7E4F37,true,228812146
2007881278,7E4F39,true,228815208
2007906528,7E4F34,true,228818271
2007931812,7E4F37,true,228821335
2007957048,7E4F39,true,228824397
2007982368,7E4F39,true,228827506
2008006478,7E4F34,true,228830569
2008030308,7E4F37,true,228833633
2008054870,7E4F39,true,228836695
2008080062,7E4F34,true,228839758
2008105352,7E4F37,true,228842822
2008130596,7E4F39,true,228845884
2008155864,7E4F34,true,228848947
2008181108,7E4F37,true,228852011
2008206398,7E4F39,true,228855073
2008231714,7E4F34,true,228858136
2008256946,7E4F37,true,228861200
2008282256,7E4F39,true,228864262
2008307506,7E4F34,true,228867325
2008332938,7E4F34,true,228870434
2008357316,7E4F37,true,228873498
2008381172,7E4F39,true,228876560
2008405400,7E4F34,true,228879623
2008430504,7E4F37,true,228882687
2008455772,7E4F39,true,228885749
2008481016,7E4F34,true,228888812
2008506300,7E4F37,true,228891876
2008535334,7E4EFA,true,228895370
2008561006,7E4EFC,true,228898484
2008586662,7E4EF7,true,228901592
2008613628,7E4EFA,true,228904856
2008649092,0BD0BD,false,228908385
2008680102,7E3B07,false,228912117
2008801014,1FCCE2,false,228915842
2008832096,02FC76,false,228919559
2008860584,03B383,false,228922967
2008894020,02F5C0,false,228926942
2008924654,7E4EF7,true,228930599
2008953802,03DBBD,false,228934132
2008983036,7E4EFA,true,228937680
2009008300,7E4EFC,true,228940742
2009033542,7E4EF7,true,228943805
2009149218,7E4EF7,true,228946920
2009174500,7E4EFA,true,228949984
2009199724,7E4EFC,true,228953046
2009225006,7E4EF7,true,228956109
2009250264,7E4EFA,true,228959173
2009275536,7E4EFC,true,228962235
2009300786,7E4EF7,true,228965298
2009326070,7E4EFA,true,228968362
2009351300,7E4EFC,true,228971424
2009376576,7E4EF7,true,228974487
2009408866,03BB34,false,228977737
2009437908,7E5331,true,228981376
2009468640,7E52D1,true,228985249
2009499916,7E51D6,true,228989015
2009531194,7E4F94,true,228992751
2009561252,7E4F9F,true,228996347
2009590088,7E4F39,true,228999816
2009615370,7E4F34,true,229002879
2009640616,7E4F37,true,229005943
2009665892,7E4F39,true,229009005
2009691216,7E4F34,true,229012068
2009716428,7E4F37,true,229015132
2009741736,7E4F39,true,229018194
2009767058,7E4F39,true,229021303
2009791238,7E4F34,true,229024366
2009815108,7E4F37,true,229027430
2009839548,7E4F39,true,229030492
2009864730,7E4F34,true,229033555
2009889974,7E4F37,true,229036619
2009915236,7E4F39,true,229039681
2009940486,7E4F34,true,229042744
2009965776,7E4F37,true,229045808
2009991016,7E4F39,true,229048870
2010016298,7E4F34,true,229051933
2010041542,7E4F37,true,229054997
2010066812,7E4F39,true,229058059
2010092050,7E4F34,true,229061122
2010117580,7E4F34,true,229064231
2010142056,7E4F37,true,229067295
2010165872,7E4F39,true,229070357
2010190040,7E4F34,true,229073420
2010215156,7E4F37,true,229076484
2010240392,7E4F39,true,229079546
2010265668,7E4F34,true,229082609
2010293910,02F501,false,229086019
2010320406,7E4EF7,true,229089220
2010346070,7E4EFA,true,229092329
2010372702,02D988,false,229095562
2010407100,0BE8B3,false,229098978
2010437746,1FC582,false,229102647
2010558510,0BB33D,false,229106360
2010589258,03B986,false,229110054
2010618714,03B3F4,false,229113560
2010649664,02F5A6,false,229117265
2010684002,7E4EFC,true,229121336
2010710850,03DBBD,false,229124593
2010737704,1FC069,false,229127893
2010764470,7E4EFC,true,229131136
2010789752,7E4EF7,true,229134199
2010815004,7E4EFA,true,229137263
2010932720,7E4F79,true,229140596
2010965340,7E5310,true,229144482
2010998044,7E52F6,true,229148378
2011028864,7E5782,true,229152063
2011058896,7E5279,true,229155657
2011089094,7E529D,true,229159272
2011115668,7E4F37,true,229162483
2011140912,7E4F39,true,229165545
2011166186,7E4F34,true,229168608
2011198282,7E4F37,true,229171852
2011222434,7E4F39,true,229174914
2011246256,7E4F34,true,229177977
2011270830,7E4F37,true,229181041
2011296020,7E4F39,true,229184103
2011321302,7E4F34,true,229187166
2011346552,7E4F37,true,229190230
2011371814,7E4F39,true,229193292
2011397058,7E4F34,true,229196355
2011422362,7E4F37,true,229199419
2011447600,7E4F39,true,229202481
2011472886,7E4F34,true,229205544
2011498152,7E4F37,true,229208608
2011523420,7E4F39,true,229211670
2011548846,7E4F39,true,229214779
2011573258,7E4F34,true,229217842
2011597088,7E4F37,true,229220906
2011621354,7E4F39,true,229223968
2011646406,7E4F34,true,229227031
2011671730,7E4F37,true,229230095
2011696928,7E4F39,true,229233157
2011722250,7E4F34,true,229236220
2011747500,7E4F37,true,229239284
2011772772,7E4F39,true,229242346
2011798014,7E4F34,true,229245409
2011823292,7E4F37,true,229248473
2011848530,7E4F39,true,229251535
2011877712,7E4EFA,false,229255047
2011903464,7E4EFC,true,229258190
2011928334,7E4EF7,true,229261298
2011953942,02DCD2,false,229264585
2011987000,0BEA9D,false,229267957
2012018336,1FD2C6,false,229271719
2012048642,1FCDDD,false,229275362
2012079898,02FCD6,false,229279105
2012108738,03B3F3,false,229282551
2012141152,02F688,false,229286407
2012173384,7E4EFA,true,229290247
2012199698,03DBBC,false,229293463
2012228652,02DA35,false,229296993
2012348352,7E4EFA,true,229300538
2012373596,7E4EFC,true,229303600
2012398878,7E4EF7,true,229306663
2012424372,02DA46,false,229309752
2012450354,02DA49,false,229312816
2012476316,02DA4B,false,229315878
2012502370,02DA46,false,229318941
2012528360,02DA49,false,229322005
2012554342,02DA4B,false,229325067
2012580316,02DA46,false,229328130
2012606294,02DA49,false,229331194
2012724990,7E52D9,true,229334638
2012757682,7E52FB,true,229338535
2012790292,7E5328,true,229342418
2012820460,7E5197,true,229346031
2012851012,7E586C,true,229349682
2012881018,7E4F37,true,229353283
2012906296,7E4F39,true,229356345
2012931546,7E4F34,true,229359408
2012956836,7E4F37,true,229362472
2012988728,7E4F34,true,229365695
2013012710,7E4F37,true,229368759
2013036566,7E4F39,true,229371821
2013061244,7E4F34,true,229374884
2013086500,7E4F37,true,229377948
2013111744,7E4F39,true,229381010
2013137018,7E4F34,true,229384073
2013162270,7E4F37,true,229387137
2013187540,7E4F39,true,229390199
2013212784,7E4F34,true,229393262
2013238068,7E4F37,true,229396326
2013263320,7E4F39,true,229399388
2013288602,7E4F34,true,229402451
2013313860,7E4F37,true,229405515
2013339272,7E4F37,true,229408624
2013363492,7E4F39,true,229411686
2013387354,7E4F34,true,229414749
2013411754,7E4F37,true,229417813
2013436924,7E4F39,true,229420875
2013462174,7E4F34,true,229423938
2013487456,7E4F37,true,229427002
2013512694,7E4F39,true,229430064
2013537970,7E4F34,true,229433127
2013563236,7E4F37,true,229436191
2013588512,7E4F39,true,229439253
2013613754,7E4F34,true,229442316
2013640306,02F503,false,229445522
2013668476,7E4EFA,true,229448926
2013694312,7E4EFA,true,229452080
2013719476,02DB9B,false,229455243
2013750270,0681EC,false,229458479
2013780088,1FD293,false,229462098
2013811120,1FC7CB,false,229465835
2013841260,7E4EF7,true,229469448
2013872698,03BA37,false,229473204
2013900612,02F5C0,false,229476556
2013935560,02F5D4,false,229480697
2013964258,03DB7B,false,229484147
2013989284,03DBBB,false,229487245
2014021140,02DA38,false,229491058
2014139920,7E4EFC,true,229494505
2014165194,7E4EF7,true,229497568
2014190446,7E4EFA,true,229500632
2014216128,02DA49,false,229503721
2014242084,02DA4B,false,229506783
2014268054,02DA46,false,229509846
2014294086,02DA49,false,229512910
2014320052,02DA4B,false,229515972
2014346040,02DA46,false,229519035
2014372030,02DA49,false,229522099
2014398128,7E3B66,false,229525181
2014517986,7E578C,true,229528764
2014550650,7E52D7,true,229532657
2014582374,7E5196,true,229536446
2014613402,7E578C,true,229540148
2014643548,7E52D7,true,229543755
2014672634,7E4F39,true,229547250
2014697892,7E4F34,true,229550313
2014723176,7E4F37,true,229553377
2014748420,7E4F39,true,229556439
2014780214,7E4F37,true,229559664
2014804030,7E4F39,true,229562726
2014827892,7E4F34,true,229565789
2014852846,7E4F37,true,229568853
2014878090,7E4F39,true,229571915
2014903366,7E4F34,true,229574978
2014928624,7E4F37,true,229578042
2014953900,7E4F39,true,229581104
2014979136,7E4F34,true,229584167
2015004448,7E4F37,true,229587231
2015029670,7E4F39,true,229590293
2015054974,7E4F34,true,229593356
2015080218,7E4F37,true,229596420
2015105488,7E4F39,true,229599482
2015130822,7E4F39,true,229602591
2015154890,7E4F34,true,229605654
2015178720,7E4F37,true,229608718
2015203324,7E4F39,true,229611780
2015228514,7E4F34,true,229614843
2015253804,7E4F37,true,229617907
2015279048,7E4F39,true,229620969
2015304322,7E4F34,true,229624032
2015329560,7E4F37,true,229627096
2015354858,7E4F39,true,229630158
2015380094,7E4F34,true,229633221
2015408302,02F51A,false,229636621
2015434812,7E4EFA,true,229639831
2015460464,7E4EFC,true,229642938
2015487170,02D988,false,229646218
2015519208,0BD451,false,229649550
2015548358,02DB12,false,229653202
2015578934,1FD2CA,false,229656906
2015609066,7E4EF7,true,229660532
2015639708,03BACC,false,229664185
2015668412,02F5B5,false,229667630
2015703364,02F5C9,false,229671767
2015731776,03DBF4,false,229675183
2015756606,1FC07C,false,229678271
2015788666,02DA35,false,229682090
2015818746,02DA38,false,229685664
2015935812,7E4EF7,true,229688929
2015961064,7E4EFA,true,229691993
2015986340,7E4EFC,true,229695055
2016012264,02DA4B,false,229698144
2016038226,02DA46,false,229701207
2016064220,02DA49,false,229704271
2016090176,02DA4B,false,229707333
2016116146,02DA46,false,229710396
2016142136,02DA49,false,229713460
2016168098,02DA4B,false,229716522
2016285028,03BCB5,false,229719723
2016316450,7E5317,true,229723481
2016349140,7E5329,true,229727370
2016380572,7E586A,true,229731122
2016411110,7E52CE,true,229734773
2016441112,7E516B,true,229738370
2016468498,7E4F34,true,229741674
2016493804,7E4F37,true,229744738
2016519040,7E4F39,true,229747800
2016544544,7E3BB9,true,229750905
2016575714,7E4F37,true,229754107
2016599570,7E4F39,true,229757169
2016623774,7E4F34,true,229760232
2016648808,7E4F37,true,229763296
2016674084,7E4F39,true,229766358
2016699406,7E4F34,true,229769421
2016724610,7E4F37,true,229772485
2016749920,7E4F39,true,229775547
2016775184,7E4F34,true,229778610
2016800468,7E4F37,true,229781674
2016825712,7E4F39,true,229784736
2016850984,7E4F34,true,229787799
2016876236,7E4F37,true,229790863
2016901818,7E4F37,true,229793972
2016926480,7E4F39,true,229797034
2016950342,7E4F34,true,229800097
2016974214,7E4F37,true,229803161
2016999222,7E4F39,true,229806223
2017024498,7E4F34,true,229809286
2017049748,7E4F37,true,229812350
2017075024,7E4F39,true,229815412
2017100260,7E4F34,true,229818475
2017125544,7E4F37,true,229821539
2017150776,7E4F39,true,229824601
2017176058,7E4F34,true,229827664
2017204274,02F512,false,229831060
2017231966,7E4EFC,true,229834419
2017356044,0BDCE8,false,229837805
2017387070,04A223,false,229841517
2017417328,1FCDDB,false,229845163
2017447750,02FB25,false,229848820
2017477430,03B42F,false,229852355
2017508266,02F611,false,229856037
2017542902,7E4EF7,true,229860145
2017569792,03DBB9,false,229863406
2017596294,1FC07C,false,229866672
2017713644,7E4EF7,true,229869993
2017738928,7E4EFA,true,229873057
2017764172,7E4EFC,true,229876119
2017789446,7E4EF7,true,229879182
2017814684,7E4EFA,true,229882246
2017839960,7E4EFC,true,229885308
2017865218,7E4EF7,true,229888371
2017890508,7E4EFA,true,229891435
2017915754,7E4EFC,true,229894497
2017941030,7E4EF7,true,229897560
2017966280,7E4EFA,true,229900624
2017999748,7E4F74,true,229904058
2018030438,7E52FC,true,229907931
2018062098,7E5314,true,229911829
2018092964,7E52E1,true,229915524
2018123028,7E5784,true,229919126
2018153206,7E52B8,true,229922742
2018179426,7E4F34,true,229925910
2018204688,7E4F37,true,229928974
2018229950,7E4F39,true,229932036
2018255186,7E4F34,true,229935099
2018280478,7E4F37,true,229938163
2018305716,7E4F39,true,229941225
2018331298,7E4F39,true,229944334
2018355966,7E4F34,true,229947397
2018379836,7E4F37,true,229950461
2018403694,7E4F39,true,229953523
2018428708,7E4F34,true,229956586
2018453992,7E4F37,true,229959650
2018479228,7E4F39,true,229962712
2018504510,7E4F34,true,229965775
2018529754,7E4F37,true,229968839
2018555024,7E4F39,true,229971901
2018580342,7E4F34,true,229974964
2018605552,7E4F37,true,229978028
2018630870,7E4F39,true,229981090
2018656114,7E4F34,true,229984153
2018681404,7E4F37,true,229987217
2018706632,7E4F37,true,229990326
2018730600,7E4F39,true,229993388
2018754462,7E4F34,true,229996451
2018779150,7E4F37,true,229999515
2018804404,7E4F39,true,230002577
2018829654,7E4F34,true,230005640
2018854944,7E4F37,true,230008704
2018880180,7E4F39,true,230011766
2018909114,03EB69,false,230015240
2018936144,7E4EFA,true,230018522
2018970200,1FC5E2,false,230021894
2019001480,1FD330,false,230025644
2019032182,1FCD5C,false,230029333
2019152514,7E4EFC,false,230032992
2019182040,03B3DB,false,230036507
2019213582,02F5D6,false,230040273
2019247072,7E4EFC,true,230044252
2019273596,03DBB6,false,230047484
2019301746,1FC09B,false,230050931
2019327446,7E4EF7,true,230054046
2019352722,7E4EFA,true,230057110
2019377960,7E4EFC,true,230060172
2019494538,03B955,false,230063332
2019524972,7E5358,true,230066974
2019557502,7E529A,true,230070849
2019589318,7E5782,true,230074639
2019620064,7E581B,true,230078314
2019650122,7E5860,true,230081910
2019678708,7E4F39,true,230085350
2019703962,7E4F34,true,230088413
2019729252,7E4F37,true,230091477
2019754474,7E4F39,true,230094539
2019786138,7E4F37,true,230097764
2019809954,7E4F39,true,230100826
2019833940,7E4F34,true,230103889
2019858930,7E4F37,true,230106953
2019884174,7E4F39,true,230110015
2019909450,7E4F34,true,230113078
2019934780,7E4F37,true,230116142
2019959984,7E4F39,true,230119204
2019985300,7E4F34,true,230122267
2020010544,7E4F37,true,230125331
2020035814,7E4F39,true,230128393
2020061078,7E4F34,true,230131456
2020086356,7E4F37,true,230134520
2020111592,7E4F39,true,230137582
2020136836,7E4F39,true,230140691
2020160794,7E4F34,true,230143754
2020184624,7E4F37,true,230146818
2020209358,7E4F39,true,230149880
2020234580,7E4F34,true,230152943
2020259864,7E4F37,true,230156007
2020285108,7E4F39,true,230159069
2020310390,7E4F34,true,230162132
2020335634,7E4F37,true,230165196
2020360932,7E4F39,true,230168258
2020386160,7E4F34,true,230171321
2020415160,7E4EFC,true,230174807
2020442070,7E4EFC,true,230178076
2020567676,0BE9D5,false,230181625
2020598826,1FC4FF,false,230185369
2020629584,1FCCDD,false,230189066
2020660646,02FC70,false,230192781
2020688970,03B383,false,230196177
2020722382,02F6A9,false,230200146
2020753046,7E4EF7,true,230203813
2020778992,03DBB9,false,230207005
2020808182,7E4EF7,true,230210546
2020923834,7E4EF7,true,230213661
2020949084,7E4EFA,true,230216725
2020974360,7E4EFC,true,230219787
2020999596,7E4EF7,true,230222850
2021024872,7E4EFA,true,230225914
2021050116,7E4EFC,true,230228976
2021075394,7E4EF7,true,230232039
2021100652,7E4EFA,true,230235103
2021125922,7E4EFC,true,230238165
2021151166,7E4EF7,true,230241228
2021176448,7E4EFA,true,230244292
2021209622,7E4F16,false,230247653
2021239240,7E5713,true,230251399
2021270554,7E5353,true,230255295
2021301690,7E58C1,true,230259025
2021332390,7E5787,true,230262694
2021362344,7E57AB,true,230266282
2021389670,7E4F34,true,230269578
2021414968,7E4F37,true,230272642
2021440212,7E4F39,true,230275704
2021465486,7E4F34,true,230278767
2021490752,7E4F37,true,230281831
2021516028,7E4F39,true,230284893
2021541266,7E4F34,true,230287956
2021566504,7E4F34,true,230291065
2021590476,7E4F37,true,230294129
2021614292,7E4F39,true,230297191
2021639036,7E4F34,true,230300254
2021664356,7E4F37,true,230303318
2021689552,7E4F39,true,230306380
2021714874,7E4F34,true,230309443
2021740118,7E4F37,true,230312507
2021765388,7E4F39,true,230315569
2021790640,7E4F34,true,230318632
2021815916,7E4F37,true,230321696
2021841168,7E4F39,true,230324758
2021866450,7E4F34,true,230327821
2021891708,7E4F37,true,230330885
2021917056,7E4F37,true,230333994
2021941268,7E4F39,true,230337056
2021965130,7E4F34,true,230340119
2021989554,7E4F37,true,230343183
2022014700,7E4F39,true,230346245
2022039982,7E4F34,true,230349308
2022065232,7E4F37,true,230352372
2022092272,02F50F,false,230355638
2022120672,02DB91,false,230359066
2022153690,03ED58,false,230362342
2022184218,1FD27F,false,230365974
2022215256,1FD287,false,230369711
2022245166,7E4EF7,true,230373307
2022366210,03BA91,false,230377014
2022394554,02F64C,false,230380421
2022429580,02F65D,false,230384562
2022457996,03E07F,false,230387987
2022482714,03DBBF,false,230391052
2022512540,7E4EFC,true,230394649
2022537822,7E4EF7,true,230397712
2022563068,7E4EFA,true,230400776
2022588898,02DA49,false,230403865
2022614860,02DA4B,false,230406927
2022734222,7E5328,true,230410449
2022766938,7E5347,true,230414349
2022799400,7E57AB,true,230418215
2022829634,7E52E1,true,230421833
2022859628,7E51D6,true,230425421
2022889582,7E4F39,true,230429016
2022914826,7E4F34,true,230432079
2022940116,7E4F37,true,230435143
2022965360,7E4F39,true,230438205
2022997258,7E4F37,true,230441430
2023021162,7E4F39,true,230444492
2023044984,7E4F34,true,230447555
2023069782,7E4F37,true,230450619
2023095032,7E4F39,true,230453681
2023120314,7E4F34,true,230456744
2023145644,7E4F37,true,230459808
2023170826,7E4F39,true,230462870
2023196142,7E4F34,true,230465933
2023221402,7E4F37,true,230468997
2023246672,7E4F39,true,230472059
2023271922,7E4F34,true,230475122
2023297212,7E4F37,true,230478186
2023322456,7E4F39,true,230481248
2023347788,7E4F39,true,230484357
2023371950,7E4F34,true,230487420
2023395780,7E4F37,true,230490484
2023420286,7E4F39,true,230493546
2023445462,7E4F34,true,230496609
2023470752,7E4F37,true,230499673
2023495988,7E4F39,true,230502735
2023521256,7E4F34,true,230505798
2023546508,7E4F37,true,230508862
2023571798,7E4F39,true,230511924
2023597966,02F503,false,230515091
2023627112,02DB96,false,230518597
2023660124,02FC4A,false,230521884
2023780636,7E4070,false,230525516
2023811696,04A2AE,false,230529262
2023841806,02FD0D,false,230532876
2023873056,03BA6D,false,230536599
2023901272,02F5F1,false,230539978
2023936296,02F605,false,230544125
2023964888,03E07C,false,230547560
2023989658,03DBB6,false,230550636
2024019492,7E4EFC,true,230554228
2024044760,7E4EF7,true,230557291
2024160440,7E4EFC,true,230560407
2024185644,7E4EF7,true,230563470
2024210968,7E4EFA,true,230566534
2024236212,7E4EFC,true,230569596
2024261494,7E4EF7,true,230572659
2024286736,7E4EFA,true,230575723
2024312012,7E4EFC,true,230578785
2024337262,7E4EF7,true,230581848
2024362552,7E4EFA,true,230584912
2024387788,7E4EFC,true,230587974
2024420396,7E4F01,false,230591269
2024449580,7E5344,true,230594929
2024480408,7E5284,true,230598802
2024511990,7E52DE,true,230602602
2024542238,7E517E,true,230606225
2024572392,7E5193,true,230609824
2024600900,7E4F37,true,230613262
2024626176,7E4F39,true,230616324
2024651506,7E4F34,true,230619387
2024676764,7E4F37,true,230622451
2024702028,7E4F39,true,230625513
2024727270,7E4F34,true,230628576
2024752554,7E4F37,true,230631640
2024777858,7E4F37,true,230634749
2024801976,7E4F39,true,230637811
2024825838,7E4F34,true,230640874
2024850358,7E4F37,true,230643938
2024875532,7E4F39,true,230647000
2024900782,7E4F34,true,230650063
2024926072,7E4F37,true,230653127
2024951308,7E4F39,true,230656189
2024976578,7E4F34,true,230659252
2025001850,7E4F37,true,230662316
2025027112,7E4F39,true,230665378
2025052370,7E4F34,true,230668441
2025077660,7E4F37,true,230671505
2025102976,7E4F39,true,230674567
2025128410,7E4F39,true,230677676
2025152822,7E4F34,true,230680739
2025176652,7E4F37,true,230683803
2025200866,7E4F39,true,230686865
2025225986,7E4F34,true,230689928
2025251236,7E4F37,true,230692992
2025276500,7E4F39,true,230696054
2025303704,02F57B,false,230699339
2025331198,7E4EF7,true,230702663
2025358070,02DB8D,false,230705916
2025391964,0BD4D6,false,230709292
2025422738,1FD323,false,230712963
2025453746,1FCC82,false,230716690
2025573632,03B993,false,230720290
2025603678,02FC35,false,230723866
2025633572,02F666,false,230727445
2025668534,02F674,false,230731584
2025696702,03DBBD,false,230734985
2025721698,1FC097,false,230738089
2025749968,7E4EFC,true,230741501
2025775206,7E4EF7,true,230744564
2025800488,7E4EFA,true,230747628
2025826410,02DA49,false,230750717
2025944520,7E5284,true,230754082
2025977282,7E5784,true,230757982
2026009896,7E52CE,true,230761870
2026040782,7E57F2,true,230765558
2026071026,7E4F9F,true,230769177
2026101380,7E4F37,true,230772806
2026126590,7E4F39,true,230775868
2026151912,7E4F34,true,230778931
2026177164,7E4F37,true,230781995
2026209250,7E4F39,true,230785237
2026233318,7E4F34,true,230788300
2026257148,7E4F37,true,230791364
2026281758,7E4F39,true,230794426
2026306962,7E4F34,true,230797489
2026332252,7E4F37,true,230800553
2026357488,7E4F39,true,230803615
2026382764,7E4F34,true,230806678
2026408016,7E4F37,true,230809742
2026433286,7E4F39,true,230812804
2026458530,7E4F34,true,230815867
2026483828,7E4F37,true,230818931
2026509072,7E4F39,true,230821993
2026534354,7E4F34,true,230825056
2026559798,7E4F34,true,230828165
2026584116,7E4F37,true,230831229
2026607932,7E4F39,true,230834291
2026632264,7E4F34,true,230837354
2026657376,7E4F37,true,230840418
2026682652,7E4F39,true,230843480
2026707894,7E4F34,true,230846543
2026733178,7E4F37,true,230849607
2026758416,7E4F39,true,230852669
2026783712,7E4F34,true,230855732
2026812712,7E4EF7,true,230859226
2026838918,000137,false,230862400
2026872544,0682FA,false,230865758
2026903200,1FD27F,false,230869408
2027024018,1FC7C7,false,230873130
2027054132,7E4EFA,true,230876748
2027085604,03BA3B,false,230880500
2027113528,02F5BB,false,230883850
2027148492,02F5D0,false,230887990
2027177194,03DB75,false,230891441
2027202164,03DBBA,false,230894537
2027231876,7E4EFA,true,230898125
2027257152,7E4EFC,true,230901187
2027372812,7E4EFC,true,230904302
2027398054,7E4EF7,true,230907365
2027423330,7E4EFA,true,230910429
2027448568,7E4EFC,true,230913491
2027473850,7E4EF7,true,230916554
2027499110,7E4EFA,true,230919618
2027524372,7E4EFC,true,230922680
2027549614,7E4EF7,true,230925743
2027574920,7E4EFA,true,230928807
2027600156,7E4EFC,true,230931869
2027632092,7E3D27,false,230935073
2027661042,7E52FC,true,230938689
2027691852,7E530A,true,230942574
2027723200,7E51C3,true,230946355
2027754288,7E5788,true,230950074
2027784424,7E5292,true,230953680
2027813392,7E4F37,true,230957157
2027838630,7E4F39,true,230960219
2027863934,7E4F34,true,230963282
2027889170,7E4F37,true,230966346
2027914452,7E4F39,true,230969408
2027939694,7E4F34,true,230972471
2027964970,7E4F37,true,230975535
2027990354,7E4F37,true,230978644
2028014664,7E4F39,true,230981706
2028038486,7E4F34,true,230984769
2028062882,7E4F37,true,230987833
2028087972,7E4F39,true,230990895
2028113294,7E4F34,true,230993958
2028138498,7E4F37,true,230997022
2028163808,7E4F39,true,231000084
2028189058,7E4F34,true,231003147
2028214350,7E4F37,true,231006211
2028239580,7E4F39,true,231009273
2028264854,7E4F34,true,231012336
2028290128,7E4F37,true,231015400
2028315396,7E4F39,true,231018462
2028340888,7E4F39,true,231021571
2028365454,7E4F34,true,231024634
2028389284,7E4F37,true,231027698
2028413378,7E4F39,true,231030760
2028438378,7E4F34,true,231033823
2028463614,7E4F37,true,231036887
2028488884,7E4F39,true,231039949
2028517936,7E4EFC,true,231043443
2028544006,7E4EF7,true,231046603
2028571178,02DCD2,false,231049890
2028606666,0BD162,false,231053418
2028637868,04A2C6,false,231057170
2028668500,1FD03E,false,231060846
2028789674,02FCDC,false,231064594
2028817952,03B355,false,231067974
2028851692,02F649,false,231071986
2028881956,7E4EFA,true,231075603
2028907672,03DBBD,false,231078779
2028937016,7E4EFA,true,231082334
2028962292,7E4EFC,true,231085396
2028987616,7E4EF7,true,231088459
2029013196,02DA46,false,231091548
2029039174,02DA49,false,231094612
2029156750,7E4F7D,true,231097905
2029189042,7E5367,true,231101763
2029221752,7E52CE,true,231105657
2029252676,7E52D1,true,231109350
2029282776,7E52BE,true,231112953
2029312870,7E4FA2,true,231116558
2029339392,7E4F39,true,231119763
2029364674,7E4F34,true,231122826
2029390004,7E4F37,true,231125890
2029422084,000160,true,231129127
2029446298,7E4F34,true,231132195
2029470168,7E4F37,true,231135259
2029494606,7E4F39,true,231138321
2029519798,7E4F34,true,231141384
2029545056,7E4F37,true,231144448
2029570318,7E4F39,true,231147510
2029595554,7E4F34,true,231150573
2029620844,7E4F37,true,231153637
2029646090,7E4F39,true,231156699
2029671366,7E4F34,true,231159762
2029696624,7E4F37,true,231162826
2029721900,7E4F39,true,231165888
2029747142,7E4F34,true,231168951
2029772666,7E4F34,true,231172060
2029797096,7E4F37,true,231175124
2029820952,7E4F39,true,231178186
2029845106,7E4F34,true,231181249
2029870204,7E4F37,true,231184313
2029895440,7E4F39,true,231187375
2029920710,7E4F34,true,231190438
2029945960,7E4F37,true,231193502
2029971236,7E4F39,true,231196564
2029997706,02F565,false,231199765
2030025974,7E4EF7,true,231203173
2030052598,02DB8D,false,231206402
2030085174,068252,false,231209633
2030114746,0BBC0F,false,231213144
2030235932,04A0B3,false,231216908
2030266314,0BAE71,false,231220563
2030297718,02FC78,false,231224316
2030325896,03B34D,false,231227692
2030359864,02F6A2,false,231231721
2030389844,7E4EF7,true,231235312
2030415550,03DBBC,false,231238489
2030444914,7E4EF7,true,231242045
2030470244,7E4EFA,true,231245109
2030585830,7E4EFA,true,231248224
2030611092,7E4EFC,true,231251286
2030636342,7E4EF7,true,231254349
2030661632,7E4EFA,true,231257413
2030686868,7E4EFC,true,231260475
2030712154,7E4EF7,true,231263538
2030737390,7E4EFA,true,231266602
2030762660,7E4EFC,true,231269664
2030787912,7E4EF7,true,231272727
2030813196,7E4EFA,true,231275791
2030842146,7E3C20,false,231278894
2030873280,7E5305,true,231282498
2030904200,7E5328,true,231286397
2030936036,7E5174,true,231290269
2030966268,7E578C,true,231293880
2030996312,7E51C5,true,231297480
2031026310,7E4F34,true,231301077
2031051600,7E4F37,true,231304141
2031076840,7E4F39,true,231307203
2031102122,7E4F34,true,231310266
2031127366,7E4F37,true,231313330
2031152636,7E4F39,true,231316392
2031177874,7E4F34,true,231319455
2031203344,7E4F34,true,231322564
2031227764,7E4F37,true,231325628
2031251620,7E4F39,true,231328690
2031275836,7E4F34,true,231331753
2031300952,7E4F37,true,231334817
2031326144,7E4F39,true,231337879
2031351466,7E4F34,true,231340942
2031376716,7E4F37,true,231344006
2031401992,7E4F39,true,231347068
2031427238,7E4F34,true,231350131
2031452520,7E4F37,true,231353195
2031477744,7E4F39,true,231356257
2031503028,7E4F34,true,231359320
2031528280,7E4F37,true,231362384
2031553860,7E4F37,true,231365493
2031581040,02F575,false,231368861
2031606362,7E4EF7,true,231372102
2031632064,02DB9B,false,231375363
2031666112,0BD6A3,false,231378768
2031696978,09C02F,false,231382454
2031727752,1FCCE2,false,231386160
2031757344,7E4EFC,true,231389717
2031787608,03B3F8,false,231393317
2031817764,02F645,false,231396932
2031852816,02F655,false,231401075
2031880194,03DBBA,false,231404393
2031906052,1FC092,false,231407588
2032024014,7E4EF7,true,231410972
2032049266,7E4EFA,true,231414036
2032074536,7E4EFC,true,231417098
2032100474,02DA4B,false,231420187
2032126448,02DA46,false,231423250
2032152446,02DA49,false,231426314
2032178414,02DA4B,false,231429376
2032204400,02DA46,false,231432439
2032230392,02DA49,false,231435503
2032256348,02DA4B,false,231438565
2032373926,7E4F80,true,231441868
2032406404,7E5308,true,231445739
2032439180,7E5331,true,231449639
2032470208,7E5782,true,231453336
2032500280,7E5791,true,231456937
2032530488,7E52C6,true,231460558
2032556614,7E4F34,true,231463717
2032581892,7E4F37,true,231466781
2032607128,7E4F39,true,231469843
2032639158,7E4F37,true,231473068
2032663318,7E4F39,true,231476130
2032687140,7E4F34,true,231479193
2032711658,7E4F37,true,231482257
2032736828,7E4F39,true,231485319
2032762110,7E4F34,true,231488382
2032787360,7E4F37,true,231491446
2032812624,7E4F39,true,231494508
2032837866,7E4F34,true,231497571
2032863158,7E4F37,true,231500635
2032888396,7E4F39,true,231503697
2032913686,7E4F34,true,231506760
2032938944,7E4F37,true,231509824
2032964220,7E4F39,true,231512886
2032989708,7E4F39,true,231515995
2033014118,7E4F34,true,231519058
2033037948,7E4F37,true,231522122
2033062164,7E4F39,true,231525184
2033087240,7E4F34,true,231528247
2033114070,02F578,false,231531490
2033141946,7E4EF7,true,231534855
2033168710,02DB97,false,231538097
2033202684,0BD410,false,231541481
2033233440,02DB04,false,231545150
2033264458,1FDAF2,false,231548878
2033294272,7E4EFC,true,231552468
2033324318,03B263,false,231556045
2033443794,02F66D,false,231559584
2033478804,02F67F,false,231563730
2033507072,03E152,false,231567135
2033531990,1FC08E,false,231570231
2033560958,7E4EF7,true,231573725
2033586252,7E4EFA,true,231576789
2033611562,7E4EFC,true,231579851
2033637446,02DA4B,false,231582940
2033663408,02DA46,false,231586003
2033689386,02DA49,false,231589067
2033807648,7E52FD,true,231592463
2033840372,7E5314,true,231596361
2033873076,7E5337,true,231600253
2033903602,7E5878,true,231603902
2033934076,7E5168,true,231607550
2033964194,7E4F37,true,231611156
2033989458,7E4F39,true,231614218
2034014694,7E4F34,true,231617281
2034039978,7E4F37,true,231620345
2034071882,7E4F34,true,231623568
2034095952,7E4F37,true,231626632
2034119808,7E4F39,true,231629694
2034144440,7E4F34,true,231632757
2034169678,7E4F37,true,231635821
2034194908,7E4F39,true,231638883
2034220190,7E4F34,true,231641946
2034245440,7E4F37,true,231645010
2034270710,7E4F39,true,231648072
2034295974,7E4F34,true,231651135
2034321252,7E4F37,true,231654199
2034346496,7E4F39,true,231657261
2034371778,7E4F34,true,231660324
2034397036,7E4F37,true,231663388
2034422484,7E4F37,true,231666497
2034446752,7E4F39,true,231669559
2034470614,7E4F34,true,231672622
2034494962,7E4F37,true,231675686
2034522170,02F578,false,231678989
2034549502,7E4EF7,true,231682294
2034576402,02DB96,false,231685557
2034602272,02DCCE,false,231688675
2034637808,0BD0CD,false,231692209
2034669090,04A12B,false,231695969
2034699552,02DA04,false,231699629
2034730902,02FCD8,false,231703371
2034758952,03B384,false,231706738
2034882492,02F682,false,231710734
2034913264,7E4EF7,true,231714411
2034939184,03DBB9,false,231717601
2034968374,7E4EF7,true,231721142
2034993672,7E4EFA,true,231724206
2035018928,7E4EFC,true,231727268
2035044536,02DA4B,false,231730357
2035070540,02DA46,false,231733420
2035096512,02DA49,false,231736484
2035122474,02DA4B,false,231739546
2035241716,7E5308,true,231743057
2035274486,7E532C,true,231746956
2035307044,7E5798,true,231750831
2035337234,7E5791,true,231754442
2035367244,7E51C4,true,231758037
2035397236,7E4F39,true,231761635
2035422500,7E4F34,true,231764698
2035447784,7E4F37,true,231767762
2035473028,7E4F39,true,231770824
2035505032,7E4F34,true,231774067
2035528958,7E4F37,true,231777131
2035552774,7E4F39,true,231780193
2035577570,7E4F34,true,231783256
2035602836,7E4F37,true,231786320
2035628112,7E4F39,true,231789382
2035653434,7E4F34,true,231792445
2035678644,7E4F37,true,231795509
2035703948,7E4F39,true,231798571
2035729192,7E4F34,true,231801634
2035754476,7E4F37,true,231804698
2035779734,7E4F39,true,231807760
2035805010,7E4F34,true,231810823
2035830268,7E4F37,true,231813887
2035855600,7E4F37,true,231816996
2035879752,7E4F39,true,231820058
2035903574,7E4F34,true,231823121
2035928524,02F517,false,231826236
2035957432,7E4EFC,true,231829728
2035983964,02DB96,false,231832935
2036016778,068300,false,231836199
2036046734,1FD284,false,231839762
2036077838,04A34C,false,231843504
2036108250,7E4EFC,true,231847160
2036139376,7E4EFA,true,231850873
2036167162,03B384,false,231854207
2036291576,02F5D6,false,231858296
2036321316,7E4EF7,true,231861858
2036346978,03DBBC,false,231865029
2036376474,7E4EF7,true,231868592
2036401720,7E4EFA,true,231871656
2036427002,7E4EFC,true,231874718
2036452710,02DA4B,false,231877807
2036478672,02DA46,false,231880870
2036504670,02DA49,false,231883934
2036530626,02DA4B,false,231886996
2036646976,03BB06,false,231890122
2036677080,7E52E6,true,231893732
2036709662,7E530A,true,231897610
2036741440,7E5788,true,231901400
2036772482,7E5170,true,231905108
2036802588,7E579C,true,231908710
2036831190,7E4F34,true,231912148
2036856536,7E4F37,true,231915212
2036881766,7E4F39,true,231918274
2036907034,7E4F34,true,231921337
2036938824,7E4F37,true,231924581
2036962680,7E4F39,true,231927643
2036986544,7E4F34,true,231930706
2037011566,7E4F37,true,231933770
2037036836,7E4F39,true,231936832
2037062078,7E4F34,true,231939895
2037087368,7E4F37,true,231942959
2037112598,7E4F39,true,231946021
2037137874,7E4F34,true,231949084
2037163120,7E4F37,true,231952148
2037188396,7E4F39,true,231955210
2037213648,7E4F34,true,231958273
2037238932,7E4F37,true,231961337
2037264176,7E4F39,true,231964399
2037289436,7E4F39,true,231967508
2037313450,7E4F34,true,231970571
2037337280,7E4F37,true,231973635
2037365724,7E4EF7,true,231977130
2037391804,7E4EFA,true,231980291
2037418756,7E4EFC,true,231983553
2037454016,0BDF54,false,231987060
2037485428,1FC4F0,false,231990825
2037516150,1FCC9C,false,231994521
2037547094,1FCE0B,false,231998225
2037575548,03B341,false,232001623
2037608586,02F5FA,false,232005555
2037730076,7E4EFA,true,232009320
2037756220,03DBBD,false,232012523
2037785152,7E4EFA,true,232016051
2037810428,7E4EFC,true,232019113
2037835670,7E4EF7,true,232022176
2037861236,02DA46,false,232025265
2037887208,02DA49,false,232028329
2037913164,02DA4B,false,232031391
2037939148,02DA46,false,232034454
2037965120,02DA49,false,232037518
2038081832,03BBE1,false,232040695
2038112940,7E578F,true,232044408
2038145592,7E52E6,true,232048293
2038177376,7E4F9C,true,232052090
2038207488,7E578F,true,232055693
2038237604,7E52D9,true,232059295
2038265612,7E4F39,true,232062669
2038290878,7E4F34,true,232065732
2038316154,7E4F37,true,232068796
2038341566,7E3BBB,true,232071882
2038372932,7E4F34,true,232075101
2038396762,7E4F37,true,232078165
2038420862,7E4F39,true,232081227
2038445954,7E4F34,true,232084290
2038471206,7E4F37,true,232087354
2038496468,7E4F39,true,232090416
2038521718,7E4F34,true,232093479
2038547008,7E4F37,true,232096543
2038572254,7E4F39,true,232099605
2038597530,7E4F34,true,232102668
2038622846,7E4F37,true,232105732
2038648064,7E4F39,true,232108794
2038673372,7E4F34,true,232111857
2038698808,7E401E,true,232114944
2038723740,7E4F37,true,232118030
2038747556,7E4F39,true,232121092
2038771418,7E4F34,true,232124155
2038800194,7E4EFC,true,232127651
2038826250,7E4EF7,true,232130811
2038853374,02DCBF,false,232134098
2038888124,1FC7C7,false,232137550
2038919760,1FC461,false,232141345
2038950386,0BAE38,false,232145023
2038981212,1FCF18,false,232148716
2039009724,03B433,false,232152121
2039042624,02F5AD,false,232156035
2039164434,7E4EFC,true,232159832
2039190634,03DBBB,false,232163045
2039219512,7E4EFC,true,232166565
2039244834,7E4EF7,true,232169628
2039270052,7E4EFA,true,232172692
2039295602,02DA49,false,232175781
2039321586,02DA4B,false,232178843
2039347556,02DA46,false,232181906
2039373540,02DA49,false,232184970
2039399514,02DA4B,false,232188032
2039516852,7E4F7D,true,232191294
2039548504,7E5788,true,232195075
2039581280,7E52DE,true,232198976
2039612114,7E5289,true,232202659
2039642938,7E580A,true,232206345
2039672532,7E5191,true,232209886
2039699866,7E4F34,true,232213184
2039725164,7E4F37,true,232216248
2039750408,7E4F39,true,232219310
2039781684,7E3CA4,true,232222439
2039806940,7E4F37,true,232225617
2039830796,7E4F39,true,232228679
2039855092,7E4F34,true,232231742
2039880200,7E4F37,true,232234806
2039905470,7E4F39,true,232237868
2039930714,7E4F34,true,232240931
2039956004,7E4F37,true,232243995
2039981248,7E4F39,true,232247057
2040006518,7E4F34,true,232250120
2040031840,7E4F37,true,232253184
2040057038,7E4F39,true,232256246
2040082356,7E4F34,true,232259309
2040107600,7E4F37,true,232262373
2040133140,7E4F37,true,232265482
2040157704,7E4F39,true,232268544
2040181566,7E4F34,true,232271607
2040205586,7E4F37,true,232274671
2040234394,7E4EF7,true,232278166
2040260506,7E4EFA,true,232281327
2040287408,7E4EFC,true,232284589
2040321876,0BE8CE,false,232288002
2040353328,1FD304,false,232291773
2040383626,1FCDEE,false,232295418
2040414880,02FCDE,false,232299161
2040443546,03B3F6,false,232302581
2040475596,02F5E4,false,232306395
2040598702,7E4EFA,true,232310338
2040625224,03DBBD,false,232313568
2040653406,1FC053,false,232317018
2040679056,7E4EFC,true,232320131
2040704378,7E4EF7,true,232323194
2040729644,7E4EFA,true,232326258
2040755764,02DA49,false,232329347
2040781738,02DA4B,false,232332409
2040807728,02DA46,false,232335472
2040833700,02DA49,false,232338536
2040951320,7E4F6E,true,232341842
2040984020,7E534F,true,232345739
2041016704,7E5367,true,232349629
2041047628,7E5784,true,232353325
2041077718,7E52CC,true,232356926
2041108022,7E52F0,true,232360548
2041133954,7E4F39,true,232363687
2041159158,7E4F34,true,232366750
2041184488,7E4F37,true,232369814
2041216580,7E4F39,true,232373056
2041240710,7E4F34,true,232376119
2041264580,7E4F37,true,232379183
2041289076,7E4F39,true,232382245
2041314274,7E4F34,true,232385308
2041339524,7E4F37,true,232388372
2041364788,7E4F39,true,232391434
2041390030,7E4F34,true,232394497
2041415320,7E4F37,true,232397561
2041440560,7E4F39,true,232400623
2041465842,7E4F34,true,232403686
2041491094,7E4F37,true,232406750
2041516356,7E4F39,true,232409812
2041541600,7E4F34,true,232412875
2041567100,7E4F34,true,232415984
2041591488,7E4F37,true,232419048
2041615344,7E4F39,true,232422110
2041639796,02F513,false,232425202
2041668948,7E4EFC,true,232428721
2041695188,06BBB2,false,232431903
2041728982,1FD27D,false,232435278
2041758856,1FD276,false,232438833
2041789904,04A2B2,false,232442575
2041820104,02FCE6,false,232446194
2041851144,03BA7D,false,232449906
2041879022,02F59E,false,232453251
2041913972,02F5AD,false,232457391
2042032716,7E4EFA,true,232460854
2042058286,03DBBA,false,232464013
2042087862,7E4EFA,true,232467587
2042113100,7E4EFC,true,232470649
2042138368,7E4EF7,true,232473712
2042164126,02DA46,false,232476801
2042190098,02DA49,false,232479865
2042216076,02DA4B,false,232482927
2042242038,02DA46,false,232485990
2042268016,02DA49,false,232489054
2042386760,7E5304,true,232492508
2042419496,7E5326,true,232496404
2042452174,7E571B,true,232500291
2042482260,7E51B5,true,232503891
2042512740,7E58C2,true,232507540
2042542792,7E4F37,true,232511143
2042568082,7E4F39,true,232514205
2042593326,7E4F34,true,232517268
2042618616,7E4F37,true,232520332
2042650678,7E4F39,true,232523574
2042674644,7E4F34,true,232526637
2042698474,7E4F37,true,232529701
2042723208,7E4F39,true,232532763
2042748450,7E4F34,true,232535826
2042773740,7E4F37,true,232538890
2042798984,7E4F39,true,232541952
2042824252,7E4F34,true,232545015
2042849496,7E4F37,true,232548079
2042874774,7E4F39,true,232551141
2042900018,7E4F34,true,232554204
2042925316,7E4F37,true,232557268
2042950552,7E4F39,true,232560330
2042975834,7E4F34,true,232563393
2043001232,7E4F34,true,232566502
2043025452,7E4F37,true,232569566
2043049268,7E4F39,true,232572628
2043073716,7E4F34,true,232575691
2043101986,02F51E,false,232579115
2043128706,7E4EF7,true,232582347
2043155660,7E4EFA,true,232585611
2043190074,1FC4F8,false,232589030
2043221168,04A130,false,232592755
2043252036,1FCCE1,false,232596469
2043282784,02FB83,false,232600154
2043311398,03B419,false,232603575
2043342938,02F5E0,false,232607339
2043466794,7E4EFA,true,232611367
2043493386,03DBBD,false,232614610
2043520718,1FC075,false,232617965
2043547116,7E4EFC,true,232621160
2043572374,7E4EF7,true,232624223
2043597664,7E4EFA,true,232627287
2043623724,02DA49,false,232630376
2043649716,02DA4B,false,232633438
2043675698,02DA46,false,232636501
2043701864,7E3B45,false,232639586
2043821616,7E5362,true,232643164
2043854270,7E5787,true,232647052
2043886042,7E5188,true,232650849
2043917026,7E52E6,true,232654546
2043947160,7E5787,true,232658150
2043976302,7E4F37,true,232661654
2044001600,7E4F39,true,232664716
2044026836,7E4F34,true,232667779
2044052120,7E4F37,true,232670843
2044084080,7E4F39,true,232674085
2044107902,7E4F34,true,232677148
2044131772,7E4F37,true,232680212
2044156710,7E4F39,true,232683274
2044181946,7E4F34,true,232686337
2044207236,7E4F37,true,232689401
2044232472,7E4F39,true,232692463
2044257748,7E4F34,true,232695526
2044283000,7E4F37,true,232698590
2044308264,7E4F39,true,232701652
2044333514,7E4F34,true,232704715
2044358806,7E4F37,true,232707779
2044384036,7E4F39,true,232710841
2044409318,7E4F34,true,232713904
2044434594,7E4F34,true,232717013
2044458680,7E4F37,true,232720077
2044482536,7E4F39,true,232723139
2044507160,7E4F34,true,232726202
2044536162,7E4EFC,true,232729698
2044562232,7E4EF7,true,232732858
2044589256,00010C,false,232736130
2044624612,0BEA37,false,232739646
2044655680,1FC5E3,false,232743382
2044686398,1FCD92,false,232747072
2044717796,02FC70,false,232750823
2044745896,03B366,false,232754188
2044868934,02F6AD,false,232758132
2044900328,7E4EF7,true,232761877
2044926448,03DBB9,false,232765081
2044955464,7E4EF7,true,232768610
2044980754,7E4EFA,true,232771674
2045005998,7E4EFC,true,232774736
2045031556,02DA4B,false,232777825
2045057568,02DA46,false,232780888
2045083566,02DA49,false,232783952
2045109522,02DA4B,false,232787014
2045225998,7E4EFA,true,232790158
2045256542,7E530E,true,232793816
2045289038,7E5247,true,232797683
2045320972,7E52F0,true,232801492
2045351308,7E591D,true,232805123
2045381430,7E592B,true,232808717
2045410102,7E4F34,true,232812166
2045435376,7E4F37,true,232815230
2045460644,7E4F39,true,232818292
2045485882,7E4F34,true,232821355
2045517592,7E4F37,true,232824599
2045541408,7E4F39,true,232827661
2045565392,7E4F34,true,232830724
2045590438,7E4F37,true,232833788
2045615676,7E4F39,true,232836850
2045640958,7E4F34,true,232839913
2045666216,7E4F37,true,232842977
2045691478,7E4F39,true,232846039
2045716722,7E4F34,true,232849102
2045742006,7E4F37,true,232852166
2045767244,7E4F39,true,232855228
2045792520,7E4F34,true,232858291
2045817772,7E4F37,true,232861355
2045843048,7E4F39,true,232864417
2045868252,7E4F39,true,232867526
2045892178,7E4F34,true,232870589
2045916048,7E4F37,true,232873653
2045940838,7E4F39,true,232876715
2045968372,02F525,false,232880038
2045995564,7E4EFC,true,232883326
2046022496,02DB8D,false,232886589
2046056592,0BEB7A,false,232889982
2046087354,1FD306,false,232893653
2046118320,0BB30D,false,232897378
2046147972,7E4EFA,true,232900942
2046177760,03B278,false,232904500
2046297426,02F6A2,false,232908063
2046332458,02F6AE,false,232912208
2046360768,03E1D7,false,232915616
2046385542,1FC05A,false,232918700
2046414440,7E4EFA,true,232922187
2046439678,7E4EFC,true,232925249
2046464954,7E4EF7,true,232928312
2046490858,02DA46,false,232931401
2046516844,02DA49,false,232934465
2046542800,02DA4B,false,232937527
2046659478,03BC35,false,232940695
2046690864,7E5339,true,232944449
2046723494,7E5356,true,232948342
2046755208,7E516D,true,232952124
2046785448,7E5787,true,232955738
2046815542,7E5291,true,232959341
2046843246,7E4F34,true,232962679
2046868544,7E4F37,true,232965743
2046893780,7E4F39,true,232968805
2046919258,7E3BC1,true,232971900
2046950536,7E4F37,true,232975112
2046974392,7E4F39,true,232978174
2046998548,7E4F34,true,232981237
2047023652,7E4F37,true,232984301
2047048836,7E4F39,true,232987363
2047074158,7E4F34,true,232990426
2047099376,7E4F37,true,232993490
2047124684,7E4F39,true,232996552
2047149938,7E4F34,true,232999615
2047175214,7E4F37,true,233002679
2047200444,7E4F39,true,233005741
2047225728,7E4F34,true,233008804
2047250980,7E4F37,true,233011868
2047276584,7E4F37,true,233014977
2047301340,7E4F39,true,233018039
2047325162,7E4F34,true,233021102
2047349032,7E4F37,true,233024166
2047373986,7E4F39,true,233027228
2047400494,02F57C,false,233030433
2047428762,7E4EF7,true,233033837
2047455354,02DB98,false,233037064
2047489014,1FD32D,false,233040414
2047518960,1FD271,false,233043982
2047549990,1FD299,false,233047724
2047580276,7E4EE3,false,233051355
2047610932,03BABC,false,233055011
2047728680,03B2AA,false,233058365
2047763632,02F5FA,false,233062500
2047792458,7E4EF7,true,233065957
2047817934,03DBBC,false,233069112
2047847600,7E4EF7,true,233072691
2047872866,7E4EFA,true,233075755
2047898128,7E4EFC,true,233078817
2047923914,02DA4B,false,233081906
2047949896,02DA46,false,233084969
2047975878,02DA49,false,233088033
2048093178,7E4F76,true,233091288
2048124626,7E5276,true,233095049
2048157476,7E5365,true,233098961
2048188180,7E51C9,true,233102633
2048219320,7E57AE,true,233106349
2048248772,7E5922,true,233109877
2048276180,7E4F39,true,233113184
2048301438,7E4F34,true,233116247
2048326728,7E4F37,true,233119311
2048355178,7E3C1B,true,233122434
2048383286,7E4F34,true,233125616
2048407116,7E4F37,true,233128680
2048431446,7E4F39,true,233131742
2048456506,7E4F34,true,233134805
2048481830,7E4F37,true,233137869
2048507068,7E4F39,true,233140931
2048532350,7E4F34,true,233143994
2048557608,7E4F37,true,233147058
2048582872,7E4F39,true,233150120
2048608114,7E4F34,true,233153183
2048633398,7E4F37,true,233156247
2048658630,7E4F39,true,233159309
2048683906,7E4F34,true,233162372
2048709438,7E4F34,true,233165481
2048734064,7E4F37,true,233168545
2048757880,7E4F39,true,233171607
2048782804,02F50F,false,233174776
2048811114,7E4EF7,true,233178216
2048837678,02DB97,false,233181434
2048870646,068527,false,233184706
2048900624,1FD26C,false,233188276
2048931624,1FDC75,false,233192016
2048961986,7E4EF7,true,233195647
2048993402,03B9DE,false,233199400
2049020746,03B2B1,false,233202690
2049055712,02F605,false,233206832
2049174890,7E4EFA,true,233210338
2049200410,03DBBD,false,233213499
2049229982,7E4EFA,true,233217069
2049255252,7E4EFC,true,233220131
2049280494,7E4EF7,true,233223194
2049306196,02DA46,false,233226283
2049332180,02DA49,false,233229347
2049358220,02DA4B,false,233232409
2049384194,02DA46,false,233235472
2049410166,02DA49,false,233238536
2049527704,7E4F70,true,233241839
2049560258,7E5326,true,233245718
2049593010,7E5347,true,233249621
2049623910,7E52CC,true,233253310
2049654046,7E52DE,true,233256917
2049684284,7E578F,true,233260535
2049710326,7E4F39,true,233263687
2049735602,7E4F34,true,233266750
2049760860,7E4F37,true,233269814
2049792984,7E4F39,true,233273056
2049817154,7E4F34,true,233276119
2049840984,7E4F37,true,233279183
2049865480,7E4F39,true,233282245
2049890646,7E4F34,true,233285308
2049915928,7E4F37,true,233288372
2049941152,7E4F39,true,233291434
2049966434,7E4F34,true,233294497
2049991764,7E4F37,true,233297561
2050017004,7E4F39,true,233300623
2050042286,7E4F34,true,233303686
2050067538,7E4F37,true,233306750
2050092800,7E4F39,true,233309812
2050118044,7E4F34,true,233312875
2050143504,7E4F34,true,233315984
2050167932,7E4F37,true,233319048
2050191788,7E4F39,true,233322110
2050219726,7E4EFC,true,233325604
2050245694,7E4EF7,true,233328764
2050272560,7E4EFA,true,233332028
2050305506,03ED71,false,233335316
2050332914,1FC4EE,false,233338628
2050364530,04A223,false,233342416
2050394866,1FCDDB,false,233346062
2050425258,02FB25,false,233349719
2050454714,03B3FA,false,233353232
2050484458,02F666,false,233356795
2050609152,02F67F,false,233360912
2050637672,7E4EFC,true,233364338
2050663282,03DBB6,false,233367502
2050693480,7E4EFC,true,233371151
2050718796,7E4EF7,true,233374214
2050744048,7E4EFA,true,233377278
2050769676,02DA49,false,233380367
2050795674,02DA4B,false,233383429
2050821642,02DA46,false,233386492
2050847614,02DA49,false,233389556
2050966994,7E5328,true,233393085
2050999732,7E5347,true,233396985
2051032482,7E5365,true,233400884
2051063316,7E52C1,true,233404570
2051094446,7E52D4,true,233408288
2051124612,7E52E9,true,233411893
2051154706,7E52AC,true,233415501
2051180928,7E4F37,true,233418680
2051206306,000128,true,233421755
2051237636,7E4F37,true,233424967
2051261492,7E4F39,true,233428029
2051285604,7E4F34,true,233431092
2051310696,7E4F37,true,233434156
2051335900,7E4F39,true,233437218
2051361216,7E4F34,true,233440281
2051386468,7E4F37,true,233443345
2051411744,7E4F39,true,233446407
2051436994,7E4F34,true,233449470
2051462284,7E4F37,true,233452534
2051487520,7E4F39,true,233455596
2051512816,7E4F34,true,233458659
2051538060,7E4F37,true,233461723
2051563416,000116,true,233464795
2051588496,7E4F39,true,233467894
2051612318,7E4F34,true,233470957
2051636188,7E4F37,true,233474021
2051661038,7E4F39,true,233477083
2051686322,7E4F34,true,233480146
2051714662,02F503,false,233483557
2051741428,7E4EFC,true,233486796
2051768708,7E4EEF,false,233490102
2051802610,0BD8A2,false,233493456
2051833872,1FD30B,false,233497193
2051864814,0BB312,false,233500917
2051894476,7E4EF7,true,233504480
2052014646,03BABD,false,233508087
2052043298,02F663,false,233511528
2052078244,02F674,false,233515669
2052107560,7E4EF7,true,233519183
2052133320,03DBBC,false,233522358
2052163370,7E4EF7,true,233525994
2052188628,7E4EFA,true,233529058
2052213912,7E4EFC,true,233532120
2052239478,02DA4B,false,233535209
2052265524,02DA46,false,233538272
2052382902,7E4F7B,true,233541542
2052414598,7E52D4,true,233545331
2052447258,7E52DB,true,233549221
2052479024,7E52DE,true,233553014
2052510138,7E52CC,true,233556727
2052540456,7E5933,true,233560351
2052570550,7E517E,true,233563957
2052599136,7E4F34,true,233567396
2052624412,7E4F37,true,233570460
2052656440,7E4F39,true,233573702
2052680418,7E4F34,true,233576765
2052704288,7E4F37,true,233579829
2052728954,7E4F39,true,233582891
2052754206,7E4F34,true,233585954
2052779456,7E4F37,true,233589018
2052804718,7E4F39,true,233592080
2052829962,7E4F34,true,233595143
2052855252,7E4F37,true,233598207
2052880484,7E4F39,true,233601269
2052905766,7E4F34,true,233604332
2052931098,7E4F37,true,233607396
2052956296,7E4F39,true,233610458
2052981610,7E4F34,true,233613521
2053006966,7E4F34,true,233616630
2053031196,7E4F37,true,233619694
2053055052,7E4F39,true,233622756
2053079450,7E4F34,true,233625819
2053104632,7E4F37,true,233628883
2053129876,7E4F39,true,233631945
2053155150,7E4F34,true,233635008
2053181798,02F571,false,233638232
2053210234,7E4EF7,true,233641656
2053236880,02DB8E,false,233644876
2053269848,02FC59,false,233648154
2053297562,0BD709,false,233651490
2053326298,1FC7C9,false,233654913
2053448136,1FC4E6,false,233658743
2053479584,0BB376,false,233662545
2053510514,7E4EE7,false,233666251
2053541272,03BA5A,false,233669915
2053568622,03B381,false,233673207
2053603158,02F688,false,233677300
2053634580,7E4EF7,true,233681050
2053660994,03DBB9,false,233684273
2053690064,1FC04C,false,233687819
2053806032,7E4EF7,true,233690978
2053831356,7E4EFA,true,233694042
2053856560,7E4EFC,true,233697104
2053881868,7E4EF7,true,233700167
2053907112,7E4EFA,true,233703231
2053932388,7E4EFC,true,233706293
2053957646,7E4EF7,true,233709356
2053982936,7E4EFA,true,233712420
2054008182,7E4EFC,true,233715482
2054033450,7E4EF7,true,233718545
2054058700,7E4EFA,true,233721609
2054092130,7E4F76,true,233725027
2054122318,7E570A,true,233728846
2054153840,7E5349,true,233732740
2054185542,7E52CE,true,233736527
2054216742,7E5787,true,233740248
2054246806,7E51C1,true,233743847
2054276832,7E51C7,true,233747440
2054305446,7E4F39,true,233750881
2054330722,7E4F34,true,233753944
2054355988,7E4F37,true,233757008
2054381264,7E4F39,true,233760070
2054406514,7E4F34,true,233763133
2054431962,7E4F34,true,233766242
2054456380,7E4F37,true,233769306
2054480236,7E4F39,true,233772368
2054504418,7E4F34,true,233775431
2054529502,7E4F37,true,233778495
2054554772,7E4F39,true,233781557
2054580014,7E4F34,true,233784620
2054605298,7E4F37,true,233787684
2054630536,7E4F39,true,233790746
2054655826,7E4F34,true,233793809
2054681156,7E4F37,true,233796873
2054706352,7E4F39,true,233799935
2054731674,7E4F34,true,233802998
2054756918,7E4F37,true,233806062
2054782496,7E4F37,true,233809171
2054807156,7E4F39,true,233812233
2054831018,7E4F34,true,233815296
2054854888,7E4F37,true,233818360
2054879918,7E4F39,true,233821422
2054905200,7E4F34,true,233824485
2054930444,7E4F37,true,233827549
2054955720,7E4F39,true,233830611
2054987296,02F508,false,233834443
2055018216,7E4EFC,true,233838186
2055045124,7E4EFA,true,233841452
2055079894,1FC5E3,false,233844881
2055111244,09C042,false,233848635
2055231394,1FCD48,false,233852282
2055261456,7E4F05,false,233855890
2055292986,7E4EF7,true,233859633
2055321056,03B345,false,233863008
2055355090,02F5AD,false,233867044
2055384172,7E4EFA,true,233870535
2055409618,03DBBA,false,233873684
2055439176,7E4EFC,true,233877251
2055464458,7E4EF7,true,233880314
2055489704,7E4EFA,true,233883378
2055605360,7E4EFA,true,233886493
2055630636,7E4EFC,true,233889555
2055655864,7E4EF7,true,233892618
2055681148,7E4EFA,true,233895682
2055706392,7E4EFC,true,233898744
2055731676,7E4EF7,true,233901807
2055756920,7E4EFA,true,233904871
2055782196,7E4EFC,true,233907933
2055807454,7E4EF7,true,233910996
2055832736,7E4EFA,true,233914060
2055864904,7E4EFC,false,233917300
2055893948,7E52E1,true,233920922
2055924790,7E570D,true,233924812
2055956114,7E51C0,true,233928591
2055987274,7E5784,true,233932309
2056017346,7E5796,true,233935911
2056046244,7E4F39,true,233939392
2056071514,7E4F34,true,233942455
2056096786,7E4F37,true,233945519
2056122048,7E4F39,true,233948581
2056147318,7E4F34,true,233951644
2056172608,7E4F37,true,233954708
2056197924,7E4F39,true,233957770
2056223268,7E4F39,true,233960879
2056247490,7E4F34,true,233963942
2056271360,7E4F37,true,233967006
2056295746,7E4F39,true,233970068
2056320898,7E4F34,true,233973131
2056346156,7E4F37,true,233976195
2056371432,7E4F39,true,233979257
2056396674,7E4F34,true,233982320
2056421952,7E4F37,true,233985384
2056447210,7E4F39,true,233988446
2056472478,7E4F34,true,233991509
2056497736,7E4F37,true,233994573
2056523010,7E4F39,true,233997635
2056548246,7E4F34,true,234000698
2056573804,7E4F34,true,234003807
2056598328,7E4F37,true,234006871
2056622144,7E4F39,true,234009933
2056646246,7E4F34,true,234012996
2056671348,7E4F37,true,234016060
2056696570,7E4F39,true,234019122
2056721846,7E4F34,true,234022185
2056747104,7E4F37,true,234025249
2056774974,02F56E,false,234028610
2056802658,7E4EEC,false,234031965
2056836728,0BD9AD,false,234035336
2056865856,1FD2CC,false,234038809
2056896792,1FD330,false,234042536
2057017184,7E4EE3,false,234046184
2057048468,1FCE09,false,234049919
2057076874,7E4EFC,true,234053319
2057109406,02F5A9,false,234057194
2057140716,7E4EFC,true,234060928
2057166626,03DBBB,false,234064118
2057195732,7E4EF7,true,234067647
2057221022,7E4EFA,true,234070711
2057246258,7E4EFC,true,234073773
2057271856,02DA4B,false,234076862
2057389472,7E4F7B,true,234080164
2057421450,7E52D1,true,234083974
2057453436,7E5331,true,234087794
2057484470,7E5935,true,234091498
2057515392,7E4FB1,true,234095197
2057545144,7E5859,true,234098757
2057572468,7E4F34,true,234102054
2057597744,7E4F37,true,234105118
2057622982,7E4F39,true,234108180
2057655130,7E4F34,true,234111423
2057679304,7E4F37,true,234114487
2057703160,7E4F39,true,234117549
2057727672,7E4F34,true,234120612
2057752868,7E4F37,true,234123676
2057778064,7E4F39,true,234126738
2057803386,7E4F34,true,234129801
2057828636,7E4F37,true,234132865
2057853906,7E4F39,true,234135927
2057879170,7E4F34,true,234138990
2057904454,7E4F37,true,234142054
2057929696,7E4F39,true,234145116
2057954970,7E4F34,true,234148179
2057980216,7E4F37,true,234151243
2058005686,7E4F37,true,234154352
2058030092,7E4F39,true,234157414
2058053954,7E4F34,true,234160477
2058078142,7E4F37,true,234163541
2058103224,7E4F39,true,234166603
2058128498,7E4F34,true,234169666
2058153736,7E4F37,true,234172730
2058179012,7E4F39,true,234175792
2058204334,7E4F34,true,234178855
2058229594,7E4F37,true,234181919
2058257778,02F570,false,234185318
2058285180,7E4EFC,true,234188638
2058318992,0BD623,false,234191986
2058347628,1FC4F4,false,234195387
2058469036,1FC43F,false,234199177
2058498390,7E4EFA,true,234202712
2058530364,1FCED7,false,234206515
2058558630,03B42D,false,234209904
2058590784,02F663,false,234213741
2058623128,7E4EFA,true,234217589
2058649216,03DBBD,false,234220790
2058678076,7E4EFC,true,234224305
2058703318,7E4EF7,true,234227368
2058818966,7E4EF7,true,234230483
2058844256,7E4EFA,true,234233547
2058869478,7E4EFC,true,234236609
2058894754,7E4EF7,true,234239672
2058920012,7E4EFA,true,234242736
2058945296,7E4EFC,true,234245798
2058970546,7E4EF7,true,234248861
2058995836,7E4EFA,true,234251925
2059021084,7E4EFC,true,234254987
2059046360,7E4EF7,true,234258050
2059071912,7E3BAE,false,234261158
2059106284,7E578C,true,234264750
2059136474,7E530C,true,234268564
2059167954,7E536A,true,234272388
2059198862,7E52F0,true,234276077
2059228972,7E578F,true,234279680
2059259156,7E52C4,true,234283299
2059285236,7E4F39,true,234286459
2059310578,7E4F34,true,234289522
2059335828,7E4F37,true,234292586
2059361100,7E4F39,true,234295648
2059386342,7E4F34,true,234298711
2059411620,7E4F37,true,234301775
2059437028,7E4F37,true,234304884
2059461392,7E4F39,true,234307946
2059485214,7E4F34,true,234311009
2059509490,7E4F37,true,234314073
2059534606,7E4F39,true,234317135
2059559842,7E4F34,true,234320198
2059585132,7E4F37,true,234323262
2059610368,7E4F39,true,234326324
2059635644,7E4F34,true,234329387
2059660910,7E4F37,true,234332451
2059686186,7E4F39,true,234335513
2059711430,7E4F34,true,234338576
2059736708,7E4F37,true,234341640
2059762024,7E4F39,true,234344702
2059787552,7E4F39,true,234347811
2059812176,7E4F34,true,234350874
2059836006,7E4F37,true,234353938
2059859990,7E4F39,true,234357000
2059885050,7E4F34,true,234360063
2059910302,7E4F37,true,234363127
2059935564,7E4F39,true,234366189
2059964258,7E4EFA,true,234369645
2059991218,7E4EF7,true,234372909
2060024016,1FD26E,false,234376142
2060052848,0BD1BD,false,234379561
2060084228,048913,false,234383331
2060113546,02F96D,false,234386857
2060234984,7E4EFC,true,234390617
2060264030,03B406,false,234394083
2060294918,02F5BB,false,234397785
2060329186,7E4EF7,true,234401846
2060355816,03DBB9,false,234405089
2060383550,1FC06D,false,234408487
2060409474,7E4EFC,true,234411629
2060434764,7E4EF7,true,234414692
2060460014,7E4EFA,true,234417756
2060486124,02DA49,false,234420845
2060603628,7E4F7D,true,234424126
2060635206,7E52F4,true,234427898
2060667284,7E52D7,true,234431726
2060698314,7E5925,true,234435437
2060729236,7E4F90,true,234439128
2060758966,7E5813,true,234442697
2060786364,7E4F39,true,234445994
2060811560,7E4F34,true,234449057
2060836876,7E4F37,true,234452121
2060868858,7E4F34,true,234455344
2060893128,7E4F37,true,234458408
2060916984,7E4F39,true,234461470
2060941376,7E4F34,true,234464533
2060966540,7E4F37,true,234467597
2060991784,7E4F39,true,234470659
2061017066,7E4F34,true,234473722
2061042302,7E4F37,true,234476786
2061067572,7E4F39,true,234479848
2061092836,7E4F34,true,234482911
2061118120,7E4F37,true,234485975
2061143364,7E4F39,true,234489037
2061168654,7E4F34,true,234492100
2061193912,7E4F37,true,234495164
2061219418,7E4F37,true,234498273
2061243928,7E4F39,true,234501335
2061267790,7E4F34,true,234504398
2061291894,7E4F37,true,234507462
2061316966,7E4F39,true,234510524
2061342162,7E4F34,true,234513587
2061367492,7E4F37,true,234516651
2061392736,7E4F39,true,234519713
2061418010,7E4F34,true,234522776
2061443264,7E4F37,true,234525840
2061468526,7E4F39,true,234528902
2061493770,7E4F34,true,234531965
2061519062,7E4F37,true,234535029
2061544292,7E4F39,true,234538091
2061573278,7E4EF7,true,234541592
2061599872,02DCCC,false,234544901
2061632594,1FC4FE,false,234548312
2061662676,1FD28E,false,234552019
2061692728,0BB04A,false,234555638
2061723226,02FAA3,false,234559288
2061753606,03B9FA,false,234562900
2061781904,02F581,false,234566308
2061817004,02F5B3,false,234570456
2061845824,03E14E,false,234573923
2061870558,1FC075,false,234577001
2061902464,02DA38,false,234580799
2062022184,7E4EF7,true,234584346
2062047436,7E4EFA,true,234587410
2062072712,7E4EFC,true,234590472
2062098200,02DA4B,false,234593561
2062124162,02DA46,false,234596624
2062150134,02DA49,false,234599688
2062176116,02DA4B,false,234602750
2062202168,02DA46,false,234605813
2062228166,02DA49,false,234608877
2062254134,02DA4B,false,234611939
2062280096,02DA46,false,234615002
2062398910,7E5331,true,234618462
2062430952,7E5304,true,234622283
2062463076,7E52E1,true,234626111
2062493954,7E4F99,true,234629809
2062524156,7E578C,true,234633407
2062554312,7E4F90,true,234637025
2062580168,7E4F34,true,234640153
2062605426,7E4F37,true,234643217
2062630696,7E4F39,true,234646279
2062662600,7E4F37,true,234649504
2062686568,7E4F39,true,234652566
2062710430,7E4F34,true,234655629
2062735110,7E4F37,true,234658693
2062760340,7E4F39,true,234661755
2062785590,7E4F34,true,234664818
2062810880,7E4F37,true,234667882
2062836102,7E4F39,true,234670944
2062861378,7E4F34,true,234674007
2062886638,7E4F37,true,234677071
2062911908,7E4F39,true,234680133
2062937158,7E4F34,true,234683196
2062962448,7E4F37,true,234686260
2062987692,7E4F39,true,234689322
2063013114,7E4F39,true,234692431
2063037334,7E4F34,true,234695494
2063061204,7E4F37,true,234698558
2063085592,7E4F39,true,234701620
2063110752,7E4F34,true,234704683
2063136004,7E4F37,true,234707747
2063161280,7E4F39,true,234710809
2063186516,7E4F34,true,234713872
2063211792,7E4F37,true,234716936
2063237050,7E4F39,true,234719998
2063262326,7E4F34,true,234723061
2063287584,7E4F37,true,234726125
2063312860,7E4F39,true,234729187
2063341616,7E4EFA,true,234732653
2063367476,7E4EFA,true,234735814
2063392186,7E4EFC,true,234738921
2063416242,02E3FF,false,234742011
2063448592,068294,false,234745347
2063477694,0BE9D7,false,234748795
2063508702,04A0BE,false,234752518
2063538700,1FCC93,false,234756126
2063569978,7E4EF7,true,234759860
2063598736,03B3FC,false,234763293
2063629212,02F5C0,false,234766941
2063664176,7E4EF7,true,234771083
2063690914,03DBBC,false,234774335
2063807590,1FC066,false,234777617
2063834910,7E4EF7,true,234780919
2063860162,7E4EFA,true,234783983
2063885432,7E4EFC,true,234787045
2063911444,02DA4B,false,234790134
2063937406,02DA46,false,234793197
2063963404,02DA49,false,234796261
2063989360,02DA4B,false,234799323
2064015348,02DA46,false,234802386
2064041332,02DA49,false,234805450
2064067294,02DA4B,false,234808512
2064186316,7E5358,true,234811993
2064218308,7E5331,true,234815804
2064250354,7E5308,true,234819626
2064281322,7E4FBA,true,234823330
2064311490,7E52EE,true,234826935
2064341648,7E4FC6,true,234830548
2064367346,7E4F34,true,234833662
2064392604,7E4F37,true,234836726
2064417874,7E4F39,true,234839788
2064449794,7E4F37,true,234843013
2064473760,7E4F39,true,234846075
2064497622,7E4F34,true,234849138
2064522374,7E4F37,true,234852202
2064547560,7E4F39,true,234855264
2064572882,7E4F34,true,234858327
2064598132,7E4F37,true,234861391
2064623402,7E4F39,true,234864453
2064648646,7E4F34,true,234867516
2064673938,7E4F37,true,234870580
2064699168,7E4F39,true,234873642
2064724458,7E4F34,true,234876705
2064749716,7E4F37,true,234879769
2064774992,7E4F39,true,234882831
2064800332,7E4F39,true,234885940
2064824598,7E4F34,true,234889003
2064848428,7E4F37,true,234892067
2064872878,7E4F39,true,234895129
2064897990,7E4F34,true,234898192
2064923320,7E4F37,true,234901256
2064948516,7E4F39,true,234904318
2064973832,7E4F34,true,234907381
2064999044,7E4F37,true,234910445
2065024374,7E4F39,true,234913507
2065049618,7E4F34,true,234916570
2065074916,7E4F37,true,234919634
2065100152,7E4F39,true,234922696
2065126838,02F56B,false,234925919
2065154812,7E4EFA,true,234929323
2065179176,7E4EFC,true,234932385
2065203346,7E4EF7,true,234935493
2065228896,02DB8E,false,234938704
2065263174,0BD962,false,234942119
2065292260,1FD293,false,234945593
2065323224,02DB07,false,234949314
2065353560,03B970,false,234952953
2065384902,02FCE0,false,234956682
2065412900,7E4EFA,true,234960045
2065446012,02F67B,false,234963979
2065476780,7E4EFA,true,234967654
2065593090,03DBB6,false,234970895
2065622098,7E4EF7,true,234974424
2065647356,7E4EFA,true,234977488
2065672632,7E4EFC,true,234980550
2065698264,02DA4B,false,234983639
2065724226,02DA46,false,234986702
2065750224,02DA49,false,234989766
2065776180,02DA4B,false,234992828
2065802168,02DA46,false,234995891
2065828152,02DA49,false,234998955
2065854114,02DA4B,false,235002017
2065973148,7E5358,true,235005498
2066005140,7E5331,true,235009309
2066037186,7E5308,true,235013131
2066068154,7E4FBA,true,235016835
2066098322,7E52EE,true,235020440
2066128480,7E4FC6,true,235024053
2066154178,7E4F34,true,235027167
2066179436,7E4F37,true,235030231
2066204706,7E4F39,true,235033293
2066236626,7E4F37,true,235036518
2066260592,7E4F39,true,235039580
2066284454,7E4F34,true,235042643
2066309210,7E4F37,true,235045707
2066334392,7E4F39,true,235048769
2066359714,7E4F34,true,235051832
2066384972,7E4F37,true,235054896
2066410240,7E4F39,true,235057958
2066435484,7E4F34,true,235061021
2066460788,7E4F37,true,235064085
2066486020,7E4F39,true,235067147
2066511322,7E4F34,true,235070210
2066536560,7E4F37,true,235073274
2066561836,7E4F39,true,235076336
2066587196,7E4F39,true,235079445
2066611462,7E4F34,true,235082508
2066635292,7E4F37,true,235085572
2066659730,7E4F39,true,235088634
2066684822,7E4F34,true,235091697
2066710152,7E4F37,true,235094761
2066735348,7E4F39,true,235097823
2066760664,7E4F34,true,235100886
2066785876,7E4F37,true,235103950
2066811206,7E4F39,true,235107012
2066841244,1FC004,false,235110649
2066869126,7E4EFA,true,235114022
2066894402,7E4EFC,true,235117084
2066920006,7E4EF7,true,235120192
2066946992,7E4EFC,true,235123497
2066979652,0BDC96,false,235126877
2067008088,1FD2EB,false,235130458
2067037948,0BB33C,false,235134079
2067068952,03B93D,false,235137782
2067099844,03BA3B,false,235141468
2067127438,03B2A1,false,235144794
2067162444,02F649,false,235148932
2067190588,03DBBA,false,235152334
2067216632,1FC066,false,235155548
2067247272,02DA38,false,235159196
2067277344,02DA35,false,235162769
2067394716,7E4EFA,true,235166071
2067419992,7E4EFC,true,235169133
2067445242,7E4EF7,true,235172196
2067471120,02DA46,false,235175285
2067497098,02DA49,false,235178349
2067523148,02DA4B,false,235181411
2067549110,02DA46,false,235184474
2067575082,02DA49,false,235187538
2067601064,02DA4B,false,235190600
2067627026,02DA46,false,235193663
2067743670,03BC0B,false,235196836
2067774600,7E5C13,true,235200535
2067806660,7E5361,true,235204365
2067837600,7E4F9C,true,235208061
2067867382,7E5809,true,235211631
2067894728,7E4F37,true,235214930
2067920044,7E4F39,true,235217992
2067945242,7E4F34,true,235221055
2067970564,7E4F37,true,235224119
2067995802,7E4F39,true,235227181
2068027610,7E4F37,true,235230406
2068051426,7E4F39,true,235233468
2068075288,7E4F34,true,235236531
2068100224,7E4F37,true,235239595
2068125460,7E4F39,true,235242657
2068150736,7E4F34,true,235245720
2068175988,7E4F37,true,235248784
2068201264,7E4F39,true,235251846
2068226506,7E4F34,true,235254909
2068251804,7E4F37,true,235257973
2068277040,7E4F39,true,235261035
2068302314,7E4F34,true,235264098
2068327572,7E4F37,true,235267162
2068352840,7E4F39,true,235270224
2068378122,7E4F39,true,235273333
2068402198,7E4F34,true,235276396
2068426068,7E4F37,true,235279460
2068450680,7E4F39,true,235282522
2068475834,7E4F34,true,235285585
2068501156,7E4F37,true,235288649
2068526394,7E4F39,true,235291711
2068551670,7E4F34,true,235294774
2068576928,7E4F37,true,235297838
2068603146,02F51E,false,235301015
2068631034,7E4EFC,true,235304378
2068656276,7E4EF7,true,235307441
2068681942,7E4EFA,true,235310550
2068708824,7E4EFA,true,235313809
2068833320,0BDAF1,false,235317239
2068863012,1FD2C6,false,235320784
2068893362,1FCD4E,false,235324440
2068923502,03B9A3,false,235328058
2068954944,7E4EFA,true,235331794
2068983350,02F4D9,false,235335206
2069018428,02F5B0,false,235339355
2069046084,03DBBC,false,235342707
2069072678,1FC075,false,235345978
2069189172,7E4EFA,true,235349205
2069214488,7E4EFC,true,235352267
2069239738,7E4EF7,true,235355330
2069268738,7E533F,true,235358818
2069300832,7E5337,true,235362641
2069332046,7E52F0,true,235366366
2069362124,7E578F,true,235369969
2069391568,7E4F34,true,235373507
2069416852,7E4F37,true,235376571
2069448820,7E4F34,true,235379794
2069472994,7E4F37,true,235382858
2069496810,7E4F39,true,235385920
2069521368,7E4F34,true,235388983
2069546528,7E4F37,true,235392047
2069571844,7E4F39,true,235395109
2069597054,7E4F34,true,235398172
2069622370,7E4F37,true,235401236
2069647600,7E4F39,true,235404298
2069672896,7E4F34,true,235407361
2069698148,7E4F37,true,235410425
2069723438,7E4F39,true,235413487
2069748682,7E4F34,true,235416550
2069773972,7E4F37,true,235419614
2069799390,7E4F37,true,235422723
2069823808,7E4F39,true,235425785
2069847630,7E4F34,true,235428848
2069871906,7E4F37,true,235431912
2069896956,7E4F39,true,235434974
2069922198,7E4F34,true,235438037
2069947482,7E4F37,true,235441101
2069972720,7E4F39,true,235444163
2069998002,7E4F34,true,235447226
2070023326,7E4F37,true,235450290
2070048524,7E4F39,true,235453352
2070073838,7E4F34,true,235456415
2070100290,02F572,false,235459619
2070127964,7E4EFA,true,235462957
2070153474,7E4EFA,true,235466066
2070178366,7E4EFC,true,235469173
2070203738,7E4EFC,true,235472432
2070236548,0BD888,false,235475796
2070265470,02DB04,false,235479248
2070296408,1FD32C,false,235482971
2070326672,7E4EF7,true,235486601
2070357962,02FC76,false,235490322
2070386362,03B365,false,235493732
2070420780,02F678,false,235497817
2070449680,03DBB9,false,235501297
2070475020,1FC080,false,235504437
2070595944,02DA42,false,235508133
2070621286,7E4EF7,true,235511210
2070646536,7E4EFA,true,235514274
2070671812,7E4EFC,true,235517336
2070698024,02DA4B,false,235520425
2070723986,02DA46,false,235523488
2070749982,02DA49,false,235526552
2070775966,02DA4B,false,235529614
2070801946,02DA46,false,235532677
2070827946,02DA49,false,235535741
2070853974,02DA4B,false,235538803
2070972152,7E5308,true,235542186
2071004346,7E52EE,true,235546022
2071035572,7E5188,true,235549754
2071066160,7E5859,true,235553410
2071096178,7E4F39,true,235557006
2071121454,7E4F34,true,235560069
2071146690,7E4F37,true,235563133
2071171988,7E4F39,true,235566195
2071197224,7E4F34,true,235569258
2071222778,7E3BB9,true,235572372
2071253806,7E4F39,true,235575564
2071277668,7E4F34,true,235578627
2071301922,7E4F37,true,235581691
2071327024,7E4F39,true,235584753
2071352306,7E4F34,true,235587816
2071377542,7E4F37,true,235590880
2071402812,7E4F39,true,235593942
2071428062,7E4F34,true,235597005
2071453360,7E4F37,true,235600069
2071478676,7E4F39,true,235603131
2071503886,7E4F34,true,235606194
2071529220,7E4F37,true,235609258
2071554458,7E4F39,true,235612320
2071580010,7E4F39,true,235615429
2071604630,7E4F34,true,235618492
2071628500,7E4F37,true,235621556
2071652438,7E4F39,true,235624618
2071677444,7E4F34,true,235627681
2071702728,7E4F37,true,235630745
2071727972,7E4F39,true,235633807
2071753254,7E4F34,true,235636870
2071778490,7E4F37,true,235639934
2071806956,7E4EFA,true,235643360
2071832606,7E4EFC,true,235646474
2071858282,7E4EF7,true,235649582
2071884080,02DD53,false,235652702
2071910662,02DCD0,false,235655923
2072035708,1FC43A,false,235659395
2072066172,048074,false,235663043
2072096054,1FCCD6,false,235666639
2072126936,7E4EEC,false,235670332
2072156736,03BA58,false,235673888
2072185614,02F5B0,false,235677363
2072220588,7E4EFA,true,235681508
2072247170,03DBBA,false,235684747
2072274768,02DA42,false,235688130
2072390478,7E4EFC,true,235691259
2072415794,7E4EF7,true,235694322
2072441052,7E4EFA,true,235697386
2072466328,7E4EFC,true,235700448
2072491556,7E4EF7,true,235703511
2072516840,7E4EFA,true,235706575
2072542080,7E4EFC,true,235709637
2072567362,7E4EF7,true,235712700
2072592614,7E4EFA,true,235715764
2072617884,7E4EFC,true,235718826
2072643134,7E4EF7,true,235721889
2072676600,7E4F86,true,235725321
2072707074,7E535B,true,235729166
2072737900,7E579E,true,235732975
2072768064,7E5293,true,235736594
2072798284,7E4F9D,true,235740217
2072823674,7E4F39,true,235743290
2072848910,7E4F34,true,235746353
2072874200,7E4F37,true,235749417
2072899434,7E4F39,true,235752479
2072924710,7E4F34,true,235755542
2072949982,7E4F37,true,235758606
2072975252,7E4F39,true,235761668
2073000502,7E4F34,true,235764731
2073025760,7E4F34,true,235767840
2073049780,7E4F37,true,235770904
2073073596,7E4F39,true,235773966
2073098284,7E4F34,true,235777029
2073123508,7E4F37,true,235780093
2073148784,7E4F39,true,235783155
2073174026,7E4F34,true,235786218
2073199310,7E4F37,true,235789282
2073224620,7E4F39,true,235792344
2073249824,7E4F34,true,235795407
2073275148,7E4F37,true,235798471
2073300400,7E4F39,true,235801533
2073325682,7E4F34,true,235804596
2073350940,7E4F37,true,235807660
2073376312,7E4F37,true,235810769
2073400572,7E4F39,true,235813831
2073424394,7E4F34,true,235816894
2073448794,7E4F37,true,235819958
2073473932,7E4F39,true,235823020
2073499214,7E4F34,true,235826083
2073528082,7E4EFC,true,235829563
2073553398,7E4EF7,true,235832626
2073578984,7E4EFA,true,235835735
2073605384,02DB9B,false,235838928
2073639742,0BD648,false,235842354
2073668478,1FD37C,false,235845780
2073695438,1FD287,false,235849050
2073816136,1FD2C2,false,235852759
2073846572,7E4EFC,true,235856399
2073877632,02FCDC,false,235860104
2073906152,03B383,false,235863528
2073940148,02F5A3,false,235867562
2073969204,03DBE5,false,235871057
2073994066,1FC05C,false,235874142
2074022940,7E4EFA,true,235877620
2074048170,7E4EFC,true,235880682
2074073438,7E4EF7,true,235883745
2074189092,7E4EFC,true,235886861
2074214342,7E4EF7,true,235889924
2074239618,7E4EFA,true,235892988
2074264848,7E4EFC,true,235896050
2074290130,7E4EF7,true,235899113
2074315390,7E4EFA,true,235902177
2074340660,7E4EFC,true,235905239
2074365902,7E4EF7,true,235908302
2074391200,7E4EFA,true,235911366
2074416436,7E4EFC,true,235914428
2074448826,03BB01,false,235917688
2074477950,7E535B,true,235921327
2074507522,7E52FF,true,235925067
2074538318,7E591D,true,235928790
2074568364,7E592B,true,235932384
2074597058,7E4F34,true,235935833
2074622316,7E4F37,true,235938897
2074647584,7E4F39,true,235941959
2074672836,7E4F34,true,235945022
2074698126,7E4F37,true,235948086
2074723356,7E4F39,true,235951148
2074748640,7E4F34,true,235954211
2074773892,7E4F37,true,235957275
2074799450,7E4F37,true,235960384
2074823960,7E4F39,true,235963446
2074847782,7E4F34,true,235966509
2074871900,7E4F37,true,235969573
2074896984,7E4F39,true,235972635
2074922226,7E4F34,true,235975698
2074947510,7E4F37,true,235978762
2074972748,7E4F39,true,235981824
2074998030,7E4F34,true,235984887
2075023296,7E4F37,true,235987951
2075048572,7E4F39,true,235991013
2075073814,7E4F34,true,235994076
2075099112,7E4F37,true,235997140
2075124348,7E4F39,true,236000202
2075149712,00011E,true,236003276
2075174790,7E4F34,true,236006374
2075198620,7E4F37,true,236009438
2075222476,7E4F39,true,236012500
2075247408,7E4F34,true,236015563
2075272618,7E4F37,true,236018627
2075297928,7E4F39,true,236021689
2075323826,02F51A,false,236024825
2075352162,7E4EFC,true,236028249
2075377444,7E4EF7,true,236031312
2075403116,7E4EFA,true,236034421
2075429666,02DB91,false,236037639
2075463998,0BDA04,false,236041044
2075493210,1FD2A5,false,236044521
2075613274,09C03F,false,236048153
2075642698,02F942,false,236051695
2075674436,02FB63,false,236055477
2075703414,03B430,false,236058938
2075735532,02F611,false,236062773
2075767210,7E4EFC,true,236066546
2075793122,03DBBB,false,236069734
2075821530,7E4EFA,true,236073191
2075846806,7E4EFC,true,236076253
2075962460,7E4EFC,true,236079368
2075987702,7E4EF7,true,236082431
2076012992,7E4EFA,true,236085495
2076038236,7E4EFC,true,236088557
2076063510,7E4EF7,true,236091620
2076088762,7E4EFA,true,236094684
2076114034,7E4EFC,true,236097746
2076139270,7E4EF7,true,236100809
2076164574,7E4EFA,true,236103873
2076189812,7E4EFC,true,236106935
2076215094,7E4EF7,true,236109998
2076248580,7E4F7D,true,236113415
2076279146,7E5784,true,236117279
2076309922,7E518F,true,236121084
2076340346,7E585C,true,236124735
2076370362,7E4F39,true,236128334
2076395598,7E4F34,true,236131397
2076420876,7E4F37,true,236134461
2076446112,7E4F39,true,236137523
2076471390,7E4F34,true,236140586
2076496648,7E4F37,true,236143650
2076521926,7E4F39,true,236146712
2076547162,7E4F34,true,236149775
2076572444,7E4F37,true,236152839
2076597774,7E4F37,true,236155948
2076621836,7E4F39,true,236159010
2076645658,7E4F34,true,236162073
2076670282,7E4F37,true,236165137
2076695480,7E4F39,true,236168199
2076720762,7E4F34,true,236171262
2076746012,7E4F37,true,236174326
2076771282,7E4F39,true,236177388
2076796526,7E4F34,true,236180451
2076821810,7E4F37,true,236183515
2076847048,7E4F39,true,236186577
2076872338,7E4F34,true,236189640
2076897596,7E4F37,true,236192704
2076922872,7E4F39,true,236195766
2076948316,7E4F39,true,236198875
2076972626,7E4F34,true,236201938
2076996456,7E4F37,true,236205002
2077020776,7E4F39,true,236208064
2077045878,7E4F34,true,236211127
2077071168,7E4F37,true,236214191
2077099586,03EB66,false,236217623
2077125392,7E4EFA,true,236220751
2077151048,7E4EFC,true,236223858
2077176326,7E4EF7,true,236226921
2077203170,7E4EF7,true,236230180
2077237930,0BE8B8,false,236233610
2077266488,1FCA33,false,236237030
2077386934,1FD5B5,false,236240701
2077417292,02FA06,false,236244352
2077448758,02FBBF,false,236248102
2077476744,1FD028,false,236251458
2077509442,02F5A9,false,236255358
2077540016,7E4EFA,true,236259011
2077565732,03DBBA,false,236262182
2077594414,7E4EF7,true,236265656
2077619692,7E4EFA,true,236268720
2077644928,7E4EFC,true,236271782
2077760544,7E4EFC,true,236274897
2077785852,7E4EF7,true,236277960
2077811104,7E4EFA,true,236281024
2077836380,7E4EFC,true,236284086
2077861630,7E4EF7,true,236287149
2077886908,7E4EFA,true,236290213
2077912144,7E4EFC,true,236293275
2077937420,7E4EF7,true,236296338
2077962674,7E4EFA,true,236299402
2077987936,7E4EFC,true,236302464
2078019588,7E3D05,false,236305637
2078048870,7E5328,true,236309284
2078079734,7E5350,true,236313182
2078110188,7E52D9,true,236316873
2078140324,7E52EE,true,236320479
2078168444,7E4F39,true,236323863
2078193726,7E4F34,true,236326926
2078218970,7E4F37,true,236329990
2078244246,7E4F39,true,236333052
2078269482,7E4F34,true,236336115
2078294772,7E4F37,true,236339179
2078320024,7E4F39,true,236342241
2078345306,7E4F34,true,236345304
2078370820,7E4F34,true,236348413
2078395452,7E4F37,true,236351477
2078419268,7E4F39,true,236354539
2078443310,7E4F34,true,236357602
2078468304,7E4F37,true,236360666
2078493534,7E4F39,true,236363728
2078518810,7E4F34,true,236366791
2078544068,7E4F37,true,236369855
2078569344,7E4F39,true,236372917
2078594668,7E4F34,true,236375980
2078619864,7E4F37,true,236379044
2078645174,7E4F39,true,236382106
2078670438,7E4F34,true,236385169
2078695722,7E4F37,true,236388233
2078720960,7E4F39,true,236391295
2078746172,7E4F39,true,236394404
2078770082,7E4F34,true,236397467
2078793912,7E4F37,true,236400531
2078818702,7E4F39,true,236403593
2078843940,7E4F34,true,236406656
2078869224,7E4F37,true,236409720
2078897530,03EA03,false,236413131
2078923506,7E4EFA,true,236416280
2078949092,7E4EFC,true,236419387
2078974368,7E4EF7,true,236422450
2079001314,7E4EF7,true,236425709
2079036146,1FC430,false,236429151
2079064600,1FC9A0,false,236432557
2079184860,1FC586,false,236436212
2079214802,03B9BF,false,236439812
2079246626,02FC81,false,236443595
2079274524,03B3F6,false,236446947
2079307246,02F66D,false,236450845
2079338120,7E4EF7,true,236454527
2079363780,03DBBC,false,236457699
2079392430,7E4EFC,true,236461171
2079417706,7E4EF7,true,236464234
2079533346,7E4EF7,true,236467349
2079558594,7E4EFA,true,236470413
2079583864,7E4EFC,true,236473475
2079609114,7E4EF7,true,236476538
2079634404,7E4EFA,true,236479602
2079659634,7E4EFC,true,236482664
2079684938,7E4EF7,true,236485727
2079710174,7E4EFA,true,236488791
2079735458,7E4EFC,true,236491853
2079760708,7E4EF7,true,236494916
2079785992,7E4EFA,true,236497980
2079819354,7E4F80,true,236501369
2079849402,7E52FC,true,236505167
2079880690,7E5164,true,236509056
2079910784,7E52EE,true,236512670
2079941180,7E5787,true,236516300
2079966514,7E4F37,true,236519379
2079991776,7E4F39,true,236522441
2080017026,7E4F34,true,236525504
2080042312,7E4F37,true,236528568
2080067556,7E4F39,true,236531630
2080092832,7E4F34,true,236534693
2080118084,7E4F37,true,236537757
2080143352,7E4F39,true,236540819
2080168732,7E4F39,true,236543928
2080192898,7E4F34,true,236546991
2080216728,7E4F37,true,236550055
2080241236,7E4F39,true,236553117
2080266406,7E4F34,true,236556180
2080291696,7E4F37,true,236559244
2080316932,7E4F39,true,236562306
2080342208,7E4F34,true,236565369
2080367460,7E4F37,true,236568433
2080392750,7E4F39,true,236571495
2080417994,7E4F34,true,236574558
2080443288,7E4F37,true,236577622
2080468540,7E4F39,true,236580684
2080493814,7E4F34,true,236583747
2080519312,7E4F34,true,236586856
2080543732,7E4F37,true,236589920
2080567548,7E4F39,true,236592982
2080591764,7E4F34,true,236596045
2080616844,7E4F37,true,236599109
2080642120,7E4F39,true,236602171
2080668746,02F503,false,236605395
2080696358,7E4EFC,true,236608731
2080721640,7E4EF7,true,236611794
2080747328,7E4EFA,true,236614903
2080774170,7E4EFA,true,236618162
2080806456,068534,false,236621338
2080835698,0BD0D0,false,236624799
2080865750,0483D9,false,236628411
2080985350,0BB371,false,236631989
2081016270,03B953,false,236635692
2081047160,03BA4B,false,236639366
2081076578,02F5EA,false,236642890
2081111724,02F655,false,236647047
2081138932,03DBBD,false,236650352
2081165482,1FC061,false,236653621
2081191840,7E4EFA,true,236656806
2081217072,7E4EFC,true,236659868
2081332696,7E4EFC,true,236662983
2081357938,7E4EF7,true,236666046
2081383228,7E4EFA,true,236669110
2081408544,7E4EFC,true,236672172
2081433740,7E4EF7,true,236675235
2081459078,7E4EFA,true,236678299
2081484322,7E4EFC,true,236681361
2081509598,7E4EF7,true,236684424
2081534844,7E4EFA,true,236687488
2081560120,7E4EFC,true,236690550
2081591518,7E4157,false,236693686
2081620708,7E533D,true,236697321
2081650780,7E5AED,true,236701122
2081681524,7E52DE,true,236704862
2081711586,7E5782,true,236708464
2081740518,7E4F34,true,236711950
2081765776,7E4F37,true,236715014
2081791038,7E4F39,true,236718076
2081816286,7E4F34,true,236721139
2081841576,7E4F37,true,236724203
2081866878,7E4F39,true,236727265
2081892142,7E4F34,true,236730328
2081917418,7E4F37,true,236733392
2081942964,7E4F37,true,236736501
2081967624,7E4F39,true,236739563
2081991446,7E4F34,true,236742626
2082015356,7E4F37,true,236745690
2082040424,7E4F39,true,236748752
2082065668,7E4F34,true,236751815
2082090944,7E4F37,true,236754879
2082116188,7E4F39,true,236757941
2082141470,7E4F34,true,236761004
2082166720,7E4F37,true,236764068
2082192012,7E4F39,true,236767130
2082217254,7E4F34,true,236770193
2082242560,7E4F37,true,236773257
2082267868,7E4F39,true,236776319
2082293058,7E4F34,true,236779382
2082318350,7E4F34,true,236782491
2082342324,7E4F37,true,236785555
2082366140,7E4F39,true,236788617
2082390864,7E4F34,true,236791680
2082416092,7E4F37,true,236794744
2082441368,7E4F39,true,236797806
2082467382,02F50F,false,236800955
2082495726,7E4EFC,true,236804366
2082520970,7E4EF7,true,236807429
2082546588,7E4EFA,true,236810538
2082573196,02D991,false,236813764
2082607342,0BD6C2,false,236817150
2082635894,1FC54E,false,236820547
2082756012,1FC7D0,false,236824182
2082786038,0BAE1B,false,236827797
2082817382,7E4EEB,false,236831535
2082846970,03B3F8,false,236835059
2082878830,02F686,false,236838869
2082911042,7E4EF7,true,236842701
2082937054,03DBB9,false,236845900
2082965392,7E4EFC,true,236849345
2082990634,7E4EF7,true,236852408
2083106292,7E4EF7,true,236855523
2083131562,7E4EFA,true,236858587
2083156800,7E4EFC,true,236861649
2083182082,7E4EF7,true,236864712
2083207332,7E4EFA,true,236867776
2083232594,7E4EFC,true,236870838
2083257858,7E4EF7,true,236873901
2083283142,7E4EFA,true,236876965
2083308394,7E4EFC,true,236880027
2083333676,7E4EF7,true,236883090
2083358928,7E4EFA,true,236886154
2083392290,7E4F5A,true,236889536
2083421480,7E530A,true,236893230
2083452260,7E52FB,true,236897067
2083482592,7E5878,true,236900713
2083512162,7E51BE,true,236904256
2083539440,7E4F39,true,236907553
2083564690,7E4F34,true,236910616
2083589980,7E4F37,true,236913680
2083615232,7E4F39,true,236916742
2083640514,7E4F34,true,236919805
2083665760,7E4F37,true,236922869
2083691028,7E4F39,true,236925931
2083716266,7E4F34,true,236928994
2083741640,7E4F34,true,236932103
2083765866,7E4F37,true,236935167
2083789722,7E4F39,true,236938229
2083814168,7E4F34,true,236941292
2083839362,7E4F37,true,236944356
2083864592,7E4F39,true,236947418
2083889874,7E4F34,true,236950481
2083915118,7E4F37,true,236953545
2083940388,7E4F39,true,236956607
2083965652,7E4F34,true,236959670
2083990936,7E4F37,true,236962734
2084016188,7E4F39,true,236965796
2084041470,7E4F34,true,236968859
2084066720,7E4F37,true,236971923
2084092202,7E4F37,true,236975032
2084116668,7E4F39,true,236978094
2084140530,7E4F34,true,236981157
2084164690,7E4F37,true,236984221
2084189784,7E4F39,true,236987283
2084215026,7E4F34,true,236990346
2084240304,7E4F37,true,236993410
2084265540,7E4F39,true,236996472
2084294550,7E4EFA,true,236999970
2084319834,7E4EFC,true,237003032
2084345518,7E4EF7,true,237006140
2084371782,02DB97,false,237009325
2084406232,0BD5D4,false,237012759
2084434958,1FC444,false,237016170
2084554750,1FC536,false,237019762
2084584442,1FD282,false,237023339
2084615288,03B9A0,false,237027024
2084645336,03B3F3,false,237030598
2084676198,02F688,false,237034294
2084709838,7E4EF7,true,237038290
2084736270,03DBBC,false,237041515
2084764258,7E4EFC,true,237044936
2084789496,7E4EF7,true,237047999
2084905120,7E4EF7,true,237051114
2084930436,7E4EFA,true,237054178
2084955680,7E4EFC,true,237057240
2084980962,7E4EF7,true,237060303
2085006212,7E4EFA,true,237063367
2085031492,7E4EFC,true,237066429
2085056720,7E4EF7,true,237069492
2085082004,7E4EFA,true,237072556
2085107250,7E4EFC,true,237075618
2085132526,7E4EF7,true,237078681
2085160862,7E3BFD,false,237081779
2085192822,7E5367,true,237085412
2085223028,7E571F,true,237089225
2085253466,7E52CE,true,237092945
2085283684,7E52E1,true,237096552
2085313048,7E4F37,true,237100082
2085338324,7E4F39,true,237103144
2085363562,7E4F34,true,237106207
2085388860,7E4F37,true,237109271
2085414096,7E4F39,true,237112333
2085439378,7E4F34,true,237115396
2085464632,7E4F37,true,237118460
2085489908,7E4F39,true,237121522
2085515532,7E4F39,true,237124631
2085540204,7E4F34,true,237127694
2085564074,7E4F37,true,237130758
2085587890,7E4F39,true,237133820
2085612920,7E4F34,true,237136883
2085638178,7E4F37,true,237139947
2085663448,7E4F39,true,237143009
2085688770,7E4F34,true,237146072
2085713988,7E4F37,true,237149136
2085739296,7E4F39,true,237152198
2085764562,7E4F34,true,237155261
2085789838,7E4F37,true,237158325
2085815088,7E4F39,true,237161387
2085840370,7E4F34,true,237164450
2085865620,7E4F37,true,237167514
2085890884,7E4F37,true,237170623
2085914892,7E4F39,true,237173685
2085938714,7E4F34,true,237176748
2085963394,7E4F37,true,237179812
2085988600,7E4F39,true,237182874
2086013882,7E4F34,true,237185937
2086039126,7E4F37,true,237189001
2086065732,02F554,false,237192217
2086093414,7E4EFA,true,237195561
2086118704,7E4EFC,true,237198623
2086144382,7E4EF7,true,237201731
2086171242,7E4EF7,true,237204990
2086205396,0BDB26,false,237208368
2086324000,1FD5BB,false,237211795
2086354392,1FD31C,false,237215450
2086383610,0BAE4C,false,237218977
2086415014,7E4EFA,true,237222727
2086444524,03B428,false,237226243
2086476390,02F5A9,false,237230054
2086508402,7E4EF7,true,237233870
2086534458,03DBBC,false,237237063
2086562768,7E4EFC,true,237240514
2086678444,7E4EFC,true,237243629
2086703692,7E4EF7,true,237246692
2086728944,7E4EFA,true,237249756
2086754220,7E4EFC,true,237252818
2086779462,7E4EF7,true,237255881
2086804738,7E4EFA,true,237258945
2086829996,7E4EFC,true,237262007
2086855272,7E4EF7,true,237265070
2086880538,7E4EFA,true,237268134
2086905814,7E4EFC,true,237271196
2086931058,7E4EF7,true,237274259
2086963732,03BC88,false,237277563
2086993152,7E5233,true,237281277
2087023868,7E5306,true,237285115
2087054634,7E5164,true,237288813
2087084268,7E58C5,true,237292354
2087111640,7E4F37,true,237295660
2087136876,7E4F39,true,237298722
2087162158,7E4F34,true,237301785
2087187424,7E4F37,true,237304849
2087212692,7E4F39,true,237307911
2087237946,7E4F34,true,237310974
2087263222,7E4F37,true,237314038
2087288452,7E4F39,true,237317100
2087313842,7E4F39,true,237320209
2087338110,7E4F34,true,237323272
2087361980,7E4F37,true,237326336
2087386362,7E4F39,true,237329398
2087411522,7E4F34,true,237332461
2087436780,7E4F37,true,237335525
2087462042,7E4F39,true,237338587
2087487278,7E4F34,true,237341650
2087512568,7E4F37,true,237344714
2087537814,7E4F39,true,237347776
2087563090,7E4F34,true,237350839
2087588340,7E4F37,true,237353903
2087613624,7E4F39,true,237356965
2087638866,7E4F34,true,237360028
2087664370,7E4F34,true,237363137
2087688892,7E4F37,true,237366201
2087712748,7E4F39,true,237369263
2087736846,7E4F34,true,237372326
2087761874,7E4F37,true,237375390
2087787136,7E4F39,true,237378452
2087812380,7E4F34,true,237381515
2087837664,7E4F37,true,237384579
2087864156,02F57B,false,237387784
2087891992,7E4EFA,true,237391139
2087917222,7E4EFC,true,237394201
2087942878,7E4EF7,true,237397309
2087969760,7E4EF7,true,237400568
2088003848,0BDA42,false,237403939
2088122720,1FC7C6,false,237407393
2088152996,1FD32C,false,237411038
2088182292,0BAE5C,false,237414562
2088213670,7E4EF7,true,237418309
2088243670,03B3EE,false,237421882
2088276112,02F5E7,false,237425757
2088307256,7E4EFC,true,237429471
2088333096,03DBBB,false,237432653
2088361656,7E4EFA,true,237436119
2088477260,7E4EFA,true,237439234
2088502492,7E4EFC,true,237442296
2088527774,7E4EF7,true,237445359
2088553024,7E4EFA,true,237448423
2088578300,7E4EFC,true,237451485
2088603618,7E4EF7,true,237454548
2088628828,7E4EFA,true,237457612
2088654132,7E4EFC,true,237460674
2088679394,7E4EF7,true,237463737
2088704684,7E4EFA,true,237466801
2088730114,7E3BB8,false,237469887
2088764624,7E5787,true,237473479
2088794850,7E5715,true,237477299
2088825134,7E52D9,true,237481013
2088855106,7E51D0,true,237484602
2088885068,7E4F39,true,237488200
2088910310,7E4F34,true,237491263
2088935594,7E4F37,true,237494327
2088960836,7E4F39,true,237497389
2088986110,7E4F34,true,237500452
2089011434,7E4F37,true,237503516
2089036652,7E4F39,true,237506578
2089061968,7E4F34,true,237509641
2089087404,7E401E,true,237512728
2089112332,7E4F37,true,237515814
2089136148,7E4F39,true,237518876
2089160010,7E4F34,true,237521939
2089184974,7E4F37,true,237525003
2089210218,7E4F39,true,237528065
2089235494,7E4F34,true,237531128
2089260752,7E4F37,true,237534192
2089286028,7E4F39,true,237537254
2089311264,7E4F34,true,237540317
2089336576,7E4F37,true,237543381
2089361798,7E4F39,true,237546443
2089387102,7E4F34,true,237549506
2089412346,7E4F37,true,237552570
2089437616,7E4F39,true,237555632
2089462950,7E4F39,true,237558741
2089487018,7E4F34,true,237561804
2089510848,7E4F37,true,237564868
2089535452,7E4F39,true,237567930
2089560642,7E4F34,true,237570993
2089585932,7E4F37,true,237574057
2089611176,7E4F39,true,237577119
2089636780,02F56B,false,237580225
2089665432,7E4EFC,true,237583679
2089690766,7E4EF7,true,237586742
2089716360,7E4EFA,true,237589851
2089742842,02DB8E,false,237593057
2089775664,02FC59,false,237596307
2089894842,1FD4D1,false,237599776
2089924844,1FD2CA,false,237603397
2089955666,1FDB16,false,237607107
2089985624,7E4EF7,true,237610699
2090016892,02FCD2,false,237614420
2090045812,02F587,false,237617897
2090080886,02F5C0,false,237622046
2090108466,03DBBB,false,237625396
2090135128,1FC087,false,237628682
2090251634,7E4EF7,true,237631893
2090276860,7E4EFA,true,237634957
2090302136,7E4EFC,true,237638019
2090327372,7E4EF7,true,237641082
2090352648,7E4EFA,true,237644146
2090377892,7E4EFC,true,237647208
2090403170,7E4EF7,true,237650271
2090428428,7E4EFA,true,237653335
2090453708,7E4EFC,true,237656397
2090478958,7E4EF7,true,237659460
2090504236,7E4EFA,true,237662524
2090536904,03BC5D,false,237665827
2090566324,7E5225,true,237669535
2090597018,7E52FD,true,237673375
2090627802,7E5016,true,237677072
2090657376,7E58C0,true,237680618
2090684726,7E4F34,true,237683919
2090710010,7E4F37,true,237686983
2090735248,7E4F39,true,237690045
2090760532,7E4F34,true,237693108
2090785776,7E4F37,true,237696172
2090811060,7E4F39,true,237699234
2090836310,7E4F34,true,237702297
2090861600,7E4F37,true,237705361
2090887020,7E4F37,true,237708470
2090911276,7E4F39,true,237711532
2090935098,7E4F34,true,237714595
2090959498,7E4F37,true,237717659
2090984616,7E4F39,true,237720721
2091009898,7E4F34,true,237723784
2091035148,7E4F37,true,237726848
2091060410,7E4F39,true,237729910
2091085654,7E4F34,true,237732973
2091110958,7E4F37,true,237736037
2091136196,7E4F39,true,237739099
2091161478,7E4F34,true,237742162
2091186744,7E4F37,true,237745226
2091212020,7E4F39,true,237748288
2091237566,7E4F39,true,237751397
2091262082,7E4F34,true,237754460
2091285952,7E4F37,true,237757524
2091310002,7E4F39,true,237760586
2091335000,7E4F34,true,237763649
2091360324,7E4F37,true,237766713
2091385568,7E4F39,true,237769775
2091410850,7E4F34,true,237772838
2091439236,7E4EF7,true,237776264
2091464982,7E4EFA,true,237779380
2091490652,7E4EFC,true,237782487
2091516772,02DB98,false,237785649
2091549978,068580,false,237788948
2091579148,0BD159,false,237792412
2091699692,04A2C6,false,237796096
2091730624,1FCCDF,false,237799820
2091761466,7E4EEB,false,237803510
2091791754,03B3F6,false,237807116
2091822512,02F658,false,237810802
2091855626,7E4EFA,true,237814733
2091881812,03DBBA,false,237817943
2091909958,7E4EFC,true,237821371
2091935160,7E4EF7,true,237824434
2092050824,7E4EF7,true,237827549
2092076076,7E4EFA,true,237830613
2092101352,7E4EFC,true,237833675
2092126602,7E4EF7,true,237836738
2092151884,7E4EFA,true,237839802
2092177116,7E4EFC,true,237842864
2092202392,7E4EF7,true,237845927
2092227644,7E4EFA,true,237848991
2092252922,7E4EFC,true,237852053
2092278230,7E4EF7,true,237855116
2092303646,7E3BAC,false,237858200
2092338226,7E52DB,true,237861800
2092368412,7E5791,true,237865615
2092398738,7E5788,true,237869335
2092428826,7E5282,true,237872935
2092458634,7E4F39,true,237876512
2092483878,7E4F34,true,237879575
2092509168,7E4F37,true,237882639
2092534414,7E4F39,true,237885701
2092559682,7E4F34,true,237888764
2092584926,7E4F37,true,237891828
2092610216,7E4F39,true,237894890
2092635460,7E4F34,true,237897953
2092660936,7E3AEE,true,237901036
2092685900,7E4F37,true,237904126
2092709716,7E4F39,true,237907188
2092733578,7E4F34,true,237910251
2092758520,7E4F37,true,237913315
2092783744,7E4F39,true,237916377
2092809026,7E4F34,true,237919440
2092834284,7E4F37,true,237922504
2092859552,7E4F39,true,237925566
2092884796,7E4F34,true,237928629
2092910082,7E4F37,true,237931693
2092935312,7E4F39,true,237934755
2092960608,7E4F34,true,237937818
2092985860,7E4F37,true,237940882
2093011136,7E4F39,true,237943944
2093036412,7E4F39,true,237947053
2093060522,7E4F34,true,237950116
2093084352,7E4F37,true,237953180
2093108966,7E4F39,true,237956242
2093134164,7E4F34,true,237959305
2093159448,7E4F37,true,237962369
2093187124,02F503,false,237965710
2093213558,7E4EFC,true,237968909
2093239214,7E4EF7,true,237972017
2093264498,7E4EFA,true,237975081
2093291362,7E4EFA,true,237978340
2093326084,1FC5D4,false,237981765
2093356670,09C03A,false,237985429
2093477378,1FDB14,false,237989143
2093507344,7E4EFC,true,237992736
2093538612,02FCD6,false,237996457
2093566968,03B381,false,237999874
2093601660,02F5A1,false,238003977
2093630268,03DBBD,false,238007428
2093655900,1FC05F,false,238010597
2093682838,7E4EF7,true,238013860
2093708116,7E4EFA,true,238016924
2093733604,7E3B77,true,238020011
2093849016,7E4EFC,true,238023101
2093874298,7E4EF7,true,238026164
2093899542,7E4EFA,true,238029228
2093924812,7E4EFC,true,238032290
2093950062,7E4EF7,true,238035353
2093975340,7E4EFA,true,238038417
2094000584,7E4EFC,true,238041479
2094025868,7E4EF7,true,238044542
2094051120,7E4EFA,true,238047606
2094076382,7E4EFC,true,238050668
2094109140,03BBD9,false,238053983
2094138524,7E5BA8,true,238057676
2094168730,7E5308,true,238061466
2094199492,7E52D9,true,238065169
2094229472,7E5174,true,238068761
2094256828,7E4F37,true,238072065
2094282104,7E4F39,true,238075127
2094307354,7E4F34,true,238078190
2094332628,7E4F37,true,238081254
2094357872,7E4F39,true,238084316
2094383162,7E4F34,true,238087379
2094408420,7E4F37,true,238090443
2094433696,7E4F39,true,238093505
2094459076,7E4F39,true,238096614
2094483446,7E4F34,true,238099677
2094507276,7E4F37,true,238102741
2094531610,7E4F39,true,238105803
2094556686,7E4F34,true,238108866
2094582016,7E4F37,true,238111930
2094607208,7E4F39,true,238114992
2094632530,7E4F34,true,238118055
2094657780,7E4F37,true,238121119
2094683058,7E4F39,true,238124181
2094708302,7E4F34,true,238127244
2094733584,7E4F37,true,238130308
2094758844,7E4F39,true,238133370
2094784112,7E4F34,true,238136433
2094809626,7E4F34,true,238139542
2094834252,7E4F37,true,238142606
2094858068,7E4F39,true,238145668
2094882122,7E4F34,true,238148731
2094907124,7E4F37,true,238151795
2094932368,7E4F39,true,238154857
2094957638,7E4F34,true,238157920
2094986116,7E4EFC,true,238161348
2095011826,7E4EF7,true,238164463
2095037440,7E4EFA,true,238167572
2095063300,06BBCD,false,238170702
2095096820,068592,false,238174047
2095122502,1FD389,false,238177205
2095149956,0BDB70,false,238180521
2095269842,1FD431,false,238184096
2095300436,1FD284,false,238187784
2095331074,1FD316,false,238191478
2095361352,7E4EFC,true,238195112
2095392554,1FCE59,false,238198825
2095420600,03B366,false,238202190
2095455178,02F67B,false,238206278
2095484440,7E4EFC,true,238209788
2095510076,03DBBB,false,238212954
2095630150,7E4EFC,true,238216599
2095655466,7E4EF7,true,238219662
2095680684,7E4EFA,true,238222726
2095706738,03BC07,false,238225873
2095738080,7E5349,true,238229618
2095770042,7E5713,true,238233426
2095801488,7E58C2,true,238237184
2095833112,7E5788,true,238240958
2095863946,7E5782,true,238244643
2095899798,7E52CE,true,238248303
2095927326,7E4F39,true,238251804
2095951188,7E4F34,true,238254867
2095976226,7E4F37,true,238257931
2096001470,7E4F39,true,238260993
2096026746,7E4F34,true,238264056
2096052004,7E4F37,true,238267120
2096077280,7E4F39,true,238270182
2096102516,7E4F34,true,238273245
2096127828,7E4F37,true,238276309
2096153050,7E4F39,true,238279371
2096178346,7E4F34,true,238282434
2096203596,7E4F37,true,238285498
2096228872,7E4F39,true,238288560
2096254128,7E4F39,true,238291669
2096278190,7E4F34,true,238294732
2096302020,7E4F37,true,238297796
2096326698,7E4F39,true,238300858
2096351900,7E4F34,true,238303921
2096377184,7E4F37,true,238306985
2096402428,7E4F39,true,238310047
2096427710,7E4F34,true,238313110
2096452954,7E4F37,true,238316174
2096478252,7E4F39,true,238319236
2096503480,7E4F34,true,238322299
2096528776,7E4F37,true,238325363
2096554012,7E4F39,true,238328425
2096579280,7E4F34,true,238331488
2096606258,02F50A,false,238334778
2096632872,7E4EFA,true,238338134
2096656688,7E4EFC,true,238341196
2096681612,7E4EF7,true,238344304
2096708052,02DB97,false,238347519
2096742218,0BD5D4,false,238350910
2096771444,08B266,false,238354376
2096801710,1FD26E,false,238358025
2096832382,1FD304,false,238361727
2096862748,7E4EF7,true,238365365
2096893820,02FCD8,false,238369069
2096922488,03B345,false,238372513
2097045518,02F68B,false,238376447
2097076938,7E4EFA,true,238380196
2097103004,03DBBA,false,238383397
2097132256,7E4EFC,true,238386952
2097157524,7E4EF7,true,238390015
2097182780,7E4EFA,true,238393079
2097208300,02DA49,false,238396168
2097234262,02DA4B,false,238399230
2097260284,02DA46,false,238402293
2097286274,02DA49,false,238405357
2097403080,03BB61,false,238408544
2097433668,7E5329,true,238412204
2097465680,7E536E,true,238416019
2097497498,7E5314,true,238419825
2097528508,7E52AC,true,238423523
2097560196,7E57A7,true,238427303
2097590268,7E57BA,true,238430904
2097618828,7E4F34,true,238434338
2097644144,7E4F37,true,238437402
2097675568,7E414B,true,238440549
2097700610,7E4F34,true,238443707
2097724480,7E4F37,true,238446771
2097748814,7E4F39,true,238449833
2097773950,7E4F34,true,238452896
2097799208,7E4F37,true,238455960
2097824484,7E4F39,true,238459022
2097849720,7E4F34,true,238462085
2097874996,7E4F37,true,238465149
2097900254,7E4F39,true,238468211
2097925530,7E4F34,true,238471274
2097950788,7E4F37,true,238474338
2097976054,7E4F39,true,238477400
2098001298,7E4F34,true,238480463
2098026880,7E4F34,true,238483572
2098051452,7E4F37,true,238486636
2098075268,7E4F39,true,238489698
2098099306,7E4F34,true,238492761
2098124392,7E4F37,true,238495825
2098149622,7E4F39,true,238498887
2098174898,7E4F34,true,238501950
2098200156,7E4F37,true,238505014
2098225432,7E4F39,true,238508076
2098254350,7E4EF7,true,238511560
2098280072,7E4EFA,true,238514676
2098305736,7E4EFC,true,238517783
2098331002,7E4EF7,true,238520846
2098358108,02DCC8,false,238524130
2098483262,02FC71,false,238527614
2098513554,1FD271,false,238531256
2098544380,04852E,false,238534961
2098574602,1FCC89,false,238538602
2098605912,7E4EF7,true,238542336
2098635144,03B3E3,false,238545826
2098666392,02F608,false,238549560
2098700334,7E4EFC,true,238553583
2098726984,03DBB6,false,238556829
2098843918,1FC098,false,238560148
2098871284,7E4EF7,true,238563457
2098896560,7E4EFA,true,238566521
2098921804,7E4EFC,true,238569583
2098950292,7E52F3,true,238573007
2098982238,7E571F,true,238576813
2099014116,7E5329,true,238580626
2099045594,7E5813,true,238584386
2099077614,7E5174,true,238588204
2099112954,7E52D4,true,238591807
2099141478,7E5170,true,238595400
2099167316,7E4F39,true,238598703
2099192344,7E4F34,true,238601766
2099217582,7E4F37,true,238604830
2099242852,7E4F39,true,238607892
2099268102,7E4F34,true,238610955
2099293392,7E4F37,true,238614019
2099318628,7E4F39,true,238617081
2099343926,7E4F34,true,238620144
2099369170,7E4F37,true,238623208
2099394468,7E4F39,true,238626270
2099419696,7E4F34,true,238629333
2099444980,7E4F37,true,238632397
2099470242,7E4F37,true,238635506
2099494264,7E4F39,true,238638568
2099518126,7E4F34,true,238641631
2099542804,7E4F37,true,238644695
2099567960,7E4F39,true,238647757
2099593282,7E4F34,true,238650820
2099618500,7E4F37,true,238653884
2099643808,7E4F39,true,238656946
2099669006,7E4F34,true,238660009
2099694356,7E4F37,true,238663073
2099719580,7E4F39,true,238666135
2099744884,7E4F34,true,238669198
2099773800,7E4EF7,true,238672681
2099799510,7E4EFA,true,238675797
2099825212,7E4EFA,true,238678951
2099849404,000114,false,238682025
2099874906,02DCBF,false,238685300
2099908626,0BDE9A,false,238688684
2099938764,08B2DF,false,238692297
2099968542,1FC58A,false,238695877
2099999344,1FCC7E,false,238699596
2100030026,02FB01,false,238703260
2100060148,03BAC3,false,238706855
2100089314,02F613,false,238710358
2100124368,02F67F,false,238714507
2100152726,03E07C,false,238717920
2100267916,03DBBB,false,238721054
2100297864,7E4EF7,true,238724662
2100323148,7E4EFA,true,238727726
2100348392,7E4EFC,true,238730788
2100374120,02DA4B,false,238733877
2100400090,02DA46,false,238736940
2100426130,02DA49,false,238740004
2100452094,02DA4B,false,238743066
2100478076,02DA46,false,238746129
2100504066,02DA49,false,238749193
2100620778,03BBE1,false,238752370
2100651940,7E52F3,true,238756091
2100684314,7E4FD1,true,238759955
2100715992,7E527C,true,238763726
2100748042,7E52F4,true,238767553
2100778844,7E578C,true,238771229
2100808948,7E4FB8,true,238774835
2100836468,7E4F37,true,238778154
2100861704,7E4F39,true,238781216
2100893392,7E4054,true,238784395
2100918154,7E4F37,true,238787523
2100942010,7E4F39,true,238790585
2100966384,7E4F34,true,238793648
2100991544,7E4F37,true,238796712
2101016788,7E4F39,true,238799774
2101042070,7E4F34,true,238802837
2101067320,7E4F37,true,238805901
2101092584,7E4F39,true,238808963
2101117848,7E4F34,true,238812026
2101143124,7E4F37,true,238815090
2101168368,7E4F39,true,238818152
2101193648,7E4F34,true,238821215
2101218892,7E4F37,true,238824279
2101244410,7E4F37,true,238827388
2101268920,7E4F39,true,238830450
2101292782,7E4F34,true,238833513
2101316886,7E4F37,true,238836577
2101341958,7E4F39,true,238839639
2101367154,7E4F34,true,238842702
2101392484,7E4F37,true,238845766
2101417728,7E4F39,true,238848828
2101443002,7E4F34,true,238851891
2101471908,7E4EF7,true,238855374
2101497622,7E4EFA,true,238858490
2101523220,7E4EFC,true,238861597
2101548518,7E4EF7,true,238864660
2101575558,7E4EFC,false,238867936
2101699976,0BDD76,false,238871347
2101730088,7E4EF7,true,238874947
2101760436,1FC535,false,238878599
2101791256,1FCD4C,false,238882321
2101821358,03B99C,false,238885932
2101852832,7E4EFC,true,238889672
2101881216,03B34D,false,238893087
2101915480,02F5F7,false,238897152
2101945082,7E4EF7,true,238900693
2102061294,03DBBB,false,238903930
2102090810,7E4EF7,true,238907505
2102116068,7E4EFA,true,238910569
2102141344,7E4EFC,true,238913631
2102167372,03BBCF,false,238916782
2102198400,7E52FB,true,238920497
2102230794,7E5247,true,238924358
2102262650,7E5304,true,238928156
2102294684,7E52EB,true,238931981
2102330560,7E4FCE,true,238935650
2102359118,7E5008,true,238939251
2102386302,7E4F37,true,238942697
2102411334,7E4F39,true,238945759
2102436536,7E4F34,true,238948822
2102461860,7E4F37,true,238951886
2102487104,7E4F39,true,238954948
2102512386,7E4F34,true,238958011
2102537642,7E4F37,true,238961075
2102562918,7E4F39,true,238964137
2102588162,7E4F34,true,238967200
2102613454,7E4F37,true,238970264
2102638684,7E4F39,true,238973326
2102663966,7E4F34,true,238976389
2102689182,7E4F34,true,238979498
2102713108,7E4F37,true,238982562
2102736964,7E4F39,true,238985624
2102761712,7E4F34,true,238988687
2102786974,7E4F37,true,238991751
2102812212,7E4F39,true,238994813
2102837494,7E4F34,true,238997876
2102862824,7E4F37,true,239000940
2102888020,7E4F39,true,239004002
2102913358,7E4F34,true,239007065
2102938602,7E4F37,true,239010129
2102963878,7E4F39,true,239013191
2102989114,7E4F34,true,239016254
2103014404,7E4F37,true,239019318
2103039720,7E4F37,true,239022427
2103065566,02F50C,false,239025689
2103091640,7E4EFC,true,239029024
2103116248,7E4EF7,true,239032087
2103141888,7E4EFA,true,239035196
2103168804,7E4EFA,true,239038455
2103202882,0BDA49,false,239041826
2103232714,1FD05C,false,239045387
2103263444,0484C3,false,239049089
2103293576,1FCC86,false,239052723
2103324252,02FB0D,false,239056390
2103354348,03BADC,false,239059981
2103473170,00012E,false,239063453
2103508384,02F6AC,false,239067623
2103536806,00010F,false,239071039
2103562086,03DBBD,false,239074178
2103592072,7E4EFC,true,239077789
2103617366,7E4EF7,true,239080852
2103642616,7E4EFA,true,239083916
2103668388,02DA49,false,239087005
2103694362,02DA4B,false,239090067
2103720330,02DA46,false,239093130
2103837060,03BBE0,false,239096309
2103868148,7E5308,true,239100022
2103900544,7E5254,true,239103890
2103932384,7E5310,true,239107687
2103964400,7E52FD,true,239111505
2103995236,7E4FC9,true,239115190
2104024892,7E586E,true,239118738
2104052246,7E4F34,true,239122039
2104077504,7E4F37,true,239125103
2104109568,7E4F34,true,239128326
2104133838,7E4F37,true,239131390
2104157654,7E4F39,true,239134452
2104182048,7E4F34,true,239137515
2104207204,7E4F37,true,239140579
2104232480,7E4F39,true,239143641
2104257708,7E4F34,true,239146704
2104282992,7E4F37,true,239149768
2104308236,7E4F39,true,239152830
2104333520,7E4F34,true,239155893
2104358764,7E4F37,true,239158957
2104384040,7E4F39,true,239162019
2104409298,7E4F34,true,239165082
2104434580,7E4F37,true,239168146
2104460124,7E4F37,true,239171255
2104484632,7E4F39,true,239174317
2104508494,7E4F34,true,239177380
2104532560,7E4F37,true,239180444
2104557610,7E4F39,true,239183506
2104582886,7E4F34,true,239186569
2104608130,7E4F37,true,239189633
2104633392,7E4F39,true,239192695
2104658642,7E4F34,true,239195758
2104683940,7E4F37,true,239198822
2104709184,7E4F39,true,239201884
2104735242,02F51A,false,239205040
2104763798,7E4EF7,true,239208482
2104789088,7E4EFA,true,239211546
2104815034,7E4EFA,true,239214700
2104840820,02DB91,false,239217912
2104873108,0BD5A5,false,239221306
2104901358,1FD328,false,239224768
2104931756,1FD27F,false,239228446
2104962168,1FCD2D,false,239232108
2104992168,000136,false,239235707
2105023696,7E4EFC,true,239239457
2105052100,03B384,false,239242871
2105086268,02F5E4,false,239246923
2105115910,7E4EFC,true,239250476
2105141592,03DBB6,false,239253644
2105262484,7E4EFC,true,239257374
2105287716,7E4EF7,true,239260437
2105313000,7E4EFA,true,239263501
2105338556,02DA49,false,239266590
2105364532,02DA4B,false,239269652
2105390494,02DA46,false,239272715
2105416498,02DA49,false,239275779
2105442482,02DA4B,false,239278841
2105468462,02DA46,false,239281904
2105494454,02DA49,false,239284968
2105520410,02DA4B,false,239288030
2105638978,7E5361,true,239291459
2105670916,7E5715,true,239295270
2105702966,7E535B,true,239299092
2105734056,7E590C,true,239302804
2105766160,7E5819,true,239306632
2105796580,7E4FCE,true,239310274
2105826760,7E4F39,true,239313882
2105851970,7E4F34,true,239316945
2105877294,7E4F37,true,239320009
2105909140,7E4F39,true,239323251
2105933002,7E4F34,true,239326314
2105956832,7E4F37,true,239329378
2105981800,7E4F39,true,239332440
2106007070,7E4F34,true,239335503
2106032320,7E4F37,true,239338567
2106057596,7E4F39,true,239341629
2106082838,7E4F34,true,239344692
2106108122,7E4F37,true,239347756
2106133362,7E4F39,true,239350818
2106158630,7E4F34,true,239353881
2106183902,7E4F37,true,239356945
2106209172,7E4F39,true,239360007
2106234422,7E4F34,true,239363070
2106259714,7E4F34,true,239366179
2106283776,7E4F37,true,239369243
2106307632,7E4F39,true,239372305
2106332260,7E4F34,true,239375368
2106357494,7E4F37,true,239378432
2106382732,7E4F39,true,239381494
2106408014,7E4F34,true,239384557
2106433264,7E4F37,true,239387621
2106458528,7E4F39,true,239390683
2106483792,7E4F34,true,239393746
2106509068,7E4F37,true,239396810
2106534326,7E4F39,true,239399872
2106559602,7E4F34,true,239402935
2106584860,7E4F37,true,239405999
2106613890,7E4EF7,true,239409527
2106638456,7E4EFA,true,239412643
2106662660,7E4EFC,true,239415750
2106687764,06BB60,false,239418880
2106714244,02DCCE,false,239422094
2106748892,1FC4B0,false,239425509
2106778838,1FC549,false,239429101
2106809248,02DB12,false,239432767
2106839642,0BAE1D,false,239436423
2106870968,7E4EF1,false,239440162
2106900216,03B3FA,false,239443648
2106930722,02F5E8,false,239447305
2107055466,02F65A,false,239451436
2107083754,03DBB3,false,239454844
2107108544,1FC075,false,239457925
2107137228,7E4EF7,true,239461386
2107162512,7E4EFA,true,239464450
2107187764,7E4EFC,true,239467512
2107213676,02DA4B,false,239470601
2107239666,02DA46,false,239473664
2107265738,02DA49,false,239476728
2107291712,02DA4B,false,239479790
2107408252,7E4F05,false,239482952
2107438876,7E52CE,true,239486612
2107470856,7E53A6,true,239490423
2107502792,7E5295,true,239494237
2107533884,7E52F3,true,239497948
2107564928,7E590F,true,239501655
2107594950,7E591D,true,239505251
2107623574,7E4F39,true,239508697
2107648818,7E4F34,true,239511760
2107674430,7E3BD8,true,239514874
2107705436,7E4F39,true,239518066
2107729298,7E4F34,true,239521129
2107753582,7E4F37,true,239524193
2107778704,7E4F39,true,239527255
2107803954,7E4F34,true,239530318
2107829244,7E4F37,true,239533382
2107854466,7E4F39,true,239536444
2107879742,7E4F34,true,239539507
2107905014,7E4F37,true,239542571
2107930284,7E4F39,true,239545633
2107955534,7E4F34,true,239548696
2107980814,7E4F37,true,239551760
2108006052,7E4F39,true,239554822
2108031610,7E4F39,true,239557931
2108056270,7E4F34,true,239560994
2108080100,7E4F37,true,239564058
2108104076,7E4F39,true,239567120
2108129058,7E4F34,true,239570183
2108154342,7E4F37,true,239573247
2108179652,7E4F39,true,239576309
2108204862,7E4F34,true,239579372
2108230192,7E4F37,true,239582436
2108255422,7E4F39,true,239585498
2108280698,7E4F34,true,239588561
2108305944,7E4F37,true,239591625
2108331240,7E4F39,true,239594687
2108356812,02F576,false,239597793
2108388968,03EA05,false,239601695
2108414296,7E4EFA,true,239604844
2108438500,7E4EFC,true,239607951
2108462504,7E4EF7,true,239611014
2108489160,7E4EF7,true,239614273
2108524176,1FC447,false,239617733
2108554122,1FC4AD,false,239621326
2108584458,04A34C,false,239624984
2108614192,1FCD95,false,239628562
2108645632,7E4EFC,true,239632314
2108675054,03B406,false,239635823
2108706766,02F649,false,239639617
2108739188,7E4EFA,true,239643473
2108854842,7E4EF7,true,239646589
2108880046,7E4EFA,true,239649653
2108905348,7E4EFC,true,239652715
2108930598,7E4EF7,true,239655778
2108955888,7E4EFA,true,239658842
2108981128,7E4EFC,true,239661904
2109006410,7E4EF7,true,239664967
2109031654,7E4EFA,true,239668031
2109056924,7E4EFC,true,239671093
2109082162,7E4EF7,true,239674156
2109197786,7E4EF7,true,239677271
2109223116,7E4EFA,true,239680335
2109248312,7E4EFC,true,239683397
2109273634,7E4EF7,true,239686460
2109298878,7E4EFA,true,239689524
2109324148,7E4EFC,true,239692586
2109349386,7E4EF7,true,239695649
2109374676,7E4EFA,true,239698713
2109399922,7E4EFC,true,239701775
2109425198,7E4EF7,true,239704838
2109450456,7E4EFA,true,239707902
2109483400,03DBBB,false,239711295
2109509946,7E4EEF,false,239714739
2109533950,7E4EFA,true,239717805
2109558984,7E4EFC,true,239720867
2109584234,7E4EF7,true,239723930
2109614230,7E533D,true,239727521
2109646272,7E5712,true,239731340
2109677384,7E52D9,true,239735056
2109709190,7E5308,true,239738858
2109739160,7E500A,true,239742450
2109766572,7E4F39,true,239745756
2109791894,7E4F34,true,239748819
2109817446,7E4F34,true,239751928
2109842128,7E4F37,true,239754992
2109865944,7E4F39,true,239758054
2109889846,7E4F34,true,239761117
2109914918,7E4F37,true,239764181
2109940156,7E4F39,true,239767243
2109965430,7E4F34,true,239770306
2109990676,7E4F37,true,239773370
2110015952,7E4F39,true,239776432
2110041194,7E4F34,true,239779495
2110066492,7E4F37,true,239782559
2110091736,7E4F39,true,239785621
2110117014,7E4F34,true,239788684
2110142272,7E4F37,true,239791748
2110167534,7E4F39,true,239794810
2110192764,7E4F39,true,239797919
2110216738,7E4F34,true,239800982
2110240608,7E4F37,true,239804046
2110265338,7E4F39,true,239807108
2110290558,7E4F34,true,239810171
2110315848,7E4F37,true,239813235
2110341092,7E4F39,true,239816297
2110366360,7E4F34,true,239819360
2110391604,7E4F37,true,239822424
2110416882,7E4F39,true,239825486
2110442126,7E4F34,true,239828549
2110467424,7E4F37,true,239831613
2110492660,7E4F39,true,239834675
2110517942,7E4F34,true,239837738
2110543292,7E4F34,true,239840847
2110570858,03EB7C,false,239844313
2110594956,7E4EFC,true,239847406
2110619932,7E4EF7,true,239850514
2110645976,02DB98,false,239853672
2110672250,02DCCE,false,239856858
2110706724,0BDF11,false,239860252
2110736914,1FC434,false,239863876
2110767024,1FD32B,false,239867498
2110797190,1FCCEA,false,239871120
2110828518,7E4EFA,true,239874859
2110857800,03B3D6,false,239878356
2110978932,02F5AD,false,239882088
2111012426,7E4EFA,true,239886071
2111038822,03DBBA,false,239889292
2111067090,7E4EFC,true,239892747
2111092364,7E4EF7,true,239895810
2111117702,7E4EFA,true,239898874
2111143176,02DA49,false,239901963
2111169138,02DA4B,false,239905025
2111195120,02DA46,false,239908088
2111221110,02DA49,false,239911152
2111337520,03B94D,false,239914281
2111368082,7E5329,true,239917935
2111399324,7E5C69,true,239921669
2111431140,7E52DB,true,239925466
2111462628,7E5859,true,239929229
2111492178,7E519C,true,239932765
2111519504,7E4F37,true,239936067
2111544792,7E4F39,true,239939129
2111570042,7E4F34,true,239942192
2111595324,7E4F37,true,239945256
2111627038,7E4F34,true,239948479
2111650908,7E4F37,true,239951543
2111674724,7E4F39,true,239954605
2111699714,7E4F34,true,239957668
2111725004,7E4F37,true,239960732
2111750248,7E4F39,true,239963794
2111775530,7E4F34,true,239966857
2111800780,7E4F37,true,239969921
2111826044,7E4F39,true,239972983
2111851288,7E4F34,true,239976046
2111876572,7E4F37,true,239979110
2111901830,7E4F39,true,239982172
2111927106,7E4F34,true,239985235
2111952436,7E4F37,true,239988299
2111977640,7E4F37,true,239991408
2112001700,7E4F39,true,239994470
2112025562,7E4F34,true,239997533
2112050198,7E4F37,true,240000597
2112075428,7E4F39,true,240003659
2112100678,7E4F34,true,240006722
2112125968,7E4F37,true,240009786
2112151204,7E4F39,true,240012848
2112176474,7E4F34,true,240015911
2112201746,7E4F37,true,240018975
2112227008,7E4F39,true,240022037
2112252272,7E4F34,true,240025100
2112277556,7E4F37,true,240028164
2112302800,7E4F39,true,240031226
2112328208,7E4F39,true,240034335
2112352530,7E4F34,true,240037398
2112376400,7E4F37,true,240040462
2112400718,7E4F39,true,240043524
2112425858,7E4F34,true,240046587
2112451116,7E4F37,true,240049651
2112476384,7E4F39,true,240052713
2112501622,7E4F34,true,240055776
2112526912,7E4F37,true,240058840
2112552156,7E4F39,true,240061902
2112577438,7E4F34,true,240064965
2112606102,00010C,false,240068418
2112631736,7E4EFC,true,240071524
2112657340,7E4EF7,true,240074632
2112683832,02DB94,false,240077858
2112716192,1FD293,false,240081215
2112743566,1FD276,false,240084653
2112773606,1FD282,false,240088322
2112804304,1FCC7F,false,240092027
2112834168,7E4EF7,true,240095608
2112865724,02FBE6,false,240099357
2112894540,02F6CC,false,240102818
2112929660,02F5A1,false,240106972
2112958382,03DBBA,false,240110436
2112983486,1FC055,false,240113546
2113014692,02DA38,false,240117260
2113132942,7E4EF7,true,240120654
2113158272,7E4EFA,true,240123718
2113183516,7E4EFC,true,240126780
2113209230,02DA4B,false,240129869
2113235192,02DA46,false,240132932
2113261184,02DA49,false,240135996
2113287182,02DA4B,false,240139058
2113313150,02DA46,false,240142121
2113339148,02DA49,false,240145185
2113365104,02DA4B,false,240148247
2113481456,03B93C,false,240151367
2113511960,7E530C,true,240155024
2113543274,7E5C56,true,240158767
2113575012,7E578F,true,240162556
2113606602,7E5811,true,240166326
2113636142,7E5194,true,240169864
2113663446,7E4F39,true,240173162
2113688790,7E4F34,true,240176225
2113713986,7E4F37,true,240179289
2113739296,7E4F39,true,240182351
2113771150,7E4F34,true,240185594
2113795020,7E4F37,true,240188658
2113818836,7E4F39,true,240191720
2113843828,7E4F34,true,240194783
2113869104,7E4F37,true,240197847
2113894348,7E4F39,true,240200909
2113919630,7E4F34,true,240203972
2113944880,7E4F37,true,240207036
2113970150,7E4F39,true,240210098
2113995388,7E4F34,true,240213161
2114020672,7E4F37,true,240216225
2114045930,7E4F39,true,240219287
2114071206,7E4F34,true,240222350
2114096464,7E4F37,true,240225414
2114121748,7E4F37,true,240228523
2114145804,7E4F39,true,240231585
2114169666,7E4F34,true,240234648
2114194282,7E4F37,true,240237712
2114219504,7E4F39,true,240240774
2114244746,7E4F34,true,240243837
2114270036,7E4F37,true,240246901
2114295266,7E4F39,true,240249963
2114320542,7E4F34,true,240253026
2114345802,7E4F37,true,240256090
2114371064,7E4F39,true,240259152
2114396322,7E4F34,true,240262215
2114421612,7E4F37,true,240265279
2114446856,7E4F39,true,240268341
2114472256,7E4F39,true,240271450
2114496570,7E4F34,true,240274513
2114520440,7E4F37,true,240277577
2114544768,7E4F39,true,240280639
2114570756,02F578,false,240283803
2114598902,7E4EFA,true,240287199
2114624140,7E4EFC,true,240290261
2114649802,7E4EF7,true,240293369
2114676508,02DC8B,false,240296607
2114710830,0BDAF4,false,240300009
2114741052,02FD02,false,240303616
2114770726,1FC540,false,240307185
2114800642,1FCDED,false,240310795
2114922104,7E4EF7,true,240314567
2114952414,03B3F8,false,240318178
2114983224,02F5FE,false,240321861
2115017114,7E4EFC,true,240325890
2115043576,03DBBB,false,240329120
2115071718,7E4EF7,true,240332567
2115097016,7E4EFA,true,240335631
2115122244,7E4EFC,true,240338693
2115147732,02DC1F,false,240341779
2115173716,02DA46,false,240344845
2115293486,7E578C,true,240348424
2115325462,7E52D1,true,240352243
2115356532,7E528C,true,240355958
2115388566,7E570D,true,240359778
2115418502,7E5796,true,240363356
2115446176,7E4F39,true,240366697
2115471430,7E4F34,true,240369760
2115496706,7E4F37,true,240372824
2115522008,7E4F39,true,240375886
2115553870,7E4F37,true,240379111
2115577830,7E4F39,true,240382173
2115601652,7E4F34,true,240385236
2115626440,7E4F37,true,240388300
2115651708,7E4F39,true,240391362
2115676958,7E4F34,true,240394425
2115702248,7E4F37,true,240397489
2115727478,7E4F39,true,240400551
2115752746,7E4F34,true,240403614
2115778006,7E4F37,true,240406678
2115803276,7E4F39,true,240409740
2115828534,7E4F34,true,240412803
2115853824,7E4F37,true,240415867
2115879060,7E4F39,true,240418929
2115904418,7E4F39,true,240422038
2115928630,7E4F34,true,240425101
2115952500,7E4F37,true,240428165
2115976942,7E4F39,true,240431227
2116002120,7E4F34,true,240434290
2116027332,7E4F37,true,240437354
2116052648,7E4F39,true,240440416
2116077890,7E4F34,true,240443479
2116103168,7E4F37,true,240446543
2116128426,7E4F39,true,240449605
2116153694,7E4F34,true,240452668
2116178958,7E4F37,true,240455732
2116204616,02F512,false,240458844
2116233278,7E4EF7,true,240462295
2116258728,7E4EF7,true,240465404
2116283396,7E4EFA,true,240468513
2116308274,02DB98,false,240471708
2116341444,0BD536,false,240475110
2116371158,1FCF97,false,240478638
2116401454,04A34B,false,240482294
2116431486,1FD28C,false,240485918
2116462174,7E4EF7,true,240489589
2116492950,03BA5A,false,240493255
2116522768,02F674,false,240496828
2116557876,02F6C0,false,240500981
2116584836,03DBBB,false,240504254
2116701316,1FC09B,false,240507527
2116728328,7E4EFC,true,240510795
2116753572,7E4EF7,true,240513858
2116778856,7E4EFA,true,240516922
2116804912,02DA49,false,240520011
2116830868,02DA4B,false,240523073
2116856850,02DA46,false,240526136
2116882840,02DA49,false,240529200
2116908822,02DA4B,false,240532262
2116934796,02DA46,false,240535325
2116960774,02DA49,false,240538389
2117080662,7E52DE,true,240541981
2117112682,7E52EE,true,240545799
2117143806,7E5788,true,240549512
2117175710,7E5721,true,240553322
2117205702,7E4F97,true,240556914
2117233290,7E4F34,true,240560240
2117258594,7E4F37,true,240563304
2117283832,7E4F39,true,240566366
2117309114,7E4F34,true,240569429
2117341118,7E4F37,true,240572673
2117365036,7E4F39,true,240575735
2117388898,7E4F34,true,240578798
2117413634,7E4F37,true,240581862
2117438880,7E4F39,true,240584924
2117464130,7E4F34,true,240587987
2117489420,7E4F37,true,240591051
2117514650,7E4F39,true,240594113
2117539918,7E4F34,true,240597176
2117565250,7E4F37,true,240600240
2117590448,7E4F39,true,240603302
2117615784,7E4F34,true,240606365
2117641036,7E4F37,true,240609429
2117666312,7E4F39,true,240612491
2117691630,7E4F39,true,240615600
2117715802,7E4F34,true,240618663
2117739672,7E4F37,true,240621727
2117764118,7E4F39,true,240624789
2117789304,7E4F34,true,240627852
2117814548,7E4F37,true,240630916
2117839824,7E4F39,true,240633978
2117865060,7E4F34,true,240637041
2117890344,7E4F37,true,240640105
2117915602,7E4F39,true,240643167
2117940878,7E4F34,true,240646230
2117966144,7E4F37,true,240649294
2117994748,7E4EFC,true,240652737
2118020450,7E4EF7,true,240655852
2118046262,7E4EF7,true,240659006
2118070758,03EB0C,false,240662093
2118101996,02D9FF,false,240665391
2118130896,0BE214,false,240668884
2118160992,1FC592,false,240672504
2118193822,0AF9DE,false,240676474
2118224730,0BB309,false,240680211
2118254662,7E4EFA,true,240683800
2118286086,02FBC9,false,240687536
2118315006,02F6EE,false,240691001
2118350156,02F6AD,false,240695163
2118378874,03DBBB,false,240698624
2118493608,1FC053,false,240701707
2118522030,7E4EFC,true,240705140
2118547346,7E4EF7,true,240708203
2118572564,7E4EFA,true,240711267
2118598484,02DA49,false,240714356
2118624508,02DA4B,false,240717418
2118650482,02DA46,false,240720481
2118676472,02DA49,false,240723545
2118702448,02DA4B,false,240726607
2118728428,02DA46,false,240729670
2118845238,03BB6C,false,240732858
2118876174,7E52EB,true,240736543
2118907530,7E534C,true,240740289
2118939160,7E5011,true,240744070
2118969952,7E51DA,true,240747752
2119000226,7E5292,true,240751370
2119026726,7E4F34,true,240754585
2119052068,7E4F37,true,240757649
2119077312,7E4F39,true,240760711
2119102586,7E4F34,true,240763774
2119134164,7E4F39,true,240766998
2119158026,7E4F34,true,240770061
2119181984,7E4F37,true,240773125
2119207004,7E4F39,true,240776187
2119232286,7E4F34,true,240779250
2119257524,7E4F37,true,240782314
2119282800,7E4F39,true,240785376
2119308050,7E4F34,true,240788439
2119333340,7E4F37,true,240791503
2119358592,7E4F39,true,240794565
2119383866,7E4F34,true,240797628
2119409140,7E4F37,true,240800692
2119434408,7E4F39,true,240803754
2119459638,7E4F34,true,240806817
2119484890,7E4F34,true,240809926
2119508864,7E4F37,true,240812990
2119532680,7E4F39,true,240816052
2119557444,7E4F34,true,240819115
2119582712,7E4F37,true,240822179
2119607948,7E4F39,true,240825241
2119633230,7E4F34,true,240828304
2119658480,7E4F37,true,240831368
2119683750,7E4F39,true,240834430
2119709014,7E4F34,true,240837493
2119734298,7E4F37,true,240840557
2119760776,02F575,false,240843760
2119788598,7E4EF7,true,240847115
2119813856,7E4EFA,true,240850179
2119839484,7E4EFA,true,240853333
2119865100,7E4EFA,true,240856592
2119897696,0BDC93,false,240859984
2119927688,7E4EFA,true,240863599
2119958490,0AFB56,false,240867315
2119989596,04A0AA,false,240871083
2120019982,7E4EF7,true,240874725
2120051356,02FC7A,false,240878462
2120080582,03B357,false,240881960
2120114660,02F6AC,false,240886002
2120143624,03E07F,false,240889483
2120168332,02DD11,false,240892559
2120288044,7E4EF7,true,240896144
2120313296,7E4EFA,true,240899208
2120338572,7E4EFC,true,240902270
2120364372,02DA4B,false,240905359
2120390334,02DA46,false,240908422
2120416322,02DA49,false,240911486
2120442306,02DA4B,false,240914548
2120468276,02DA46,false,240917611
2120494260,02DA49,false,240920675
2120520234,02DA4B,false,240923737
2120637520,7E4F70,true,240926985
2120668426,7E5273,true,240930678
2120700572,7E535B,true,240934519
2120731356,7E52FB,true,240938201
2120763054,7E579F,true,240941990
2120793124,7E4F37,true,240945590
2120818440,7E4F39,true,240948652
2120843678,7E4F34,true,240951715
2120868968,7E4F37,true,240954779
2120894440,7E3BEB,true,240957876
2120925566,7E4F37,true,240961066
2120949382,7E4F39,true,240964128
2120973530,7E4F34,true,240967191
2120998620,7E4F37,true,240970255
2121023864,7E4F39,true,240973317
2121049138,7E4F34,true,240976380
2121074390,7E4F37,true,240979444
2121099660,7E4F39,true,240982506
2121124918,7E4F34,true,240985569
2121150208,7E4F37,true,240988633
2121175444,7E4F39,true,240991695
2121200718,7E4F34,true,240994758
2121225968,7E4F37,true,240997822
2121251622,7E4F37,true,241000931
2121276332,7E4F39,true,241003993
2121300154,7E4F34,true,241007056
2121324024,7E4F37,true,241010120
2121349034,7E4F39,true,241013182
2121374270,7E4F34,true,241016245
2121399560,7E4F37,true,241019309
2121424796,7E4F39,true,241022371
2121450072,7E4F34,true,241025434
2121475324,7E4F37,true,241028498
2121500588,7E4F39,true,241031560
2121525838,7E4F34,true,241034623
2121553326,02F578,false,241037943
2121580120,7E4EFC,true,241041182
2121605782,7E4EF7,true,241044290
2121630958,7E4EF7,true,241047399
2121656384,7E4EF7,true,241050658
2121689726,0BE8B3,false,241054108
2121719728,1FC4A2,false,241057725
2121750766,0AFC38,false,241061470
2121781750,1FD2CC,false,241065216
2121812166,7E4EFA,true,241068856
2121843260,02FCDB,false,241072561
2121871808,03B34D,false,241075991
2121905826,02F6A2,false,241080022
2121934926,03E07F,false,241083514
2121959638,02DD44,false,241086593
2122079280,7E4EF7,true,241090173
2122104532,7E4EFA,true,241093237
2122129808,7E4EFC,true,241096299
2122155638,02DA4B,false,241099388
2122181600,02DA46,false,241102451
2122207598,02DA49,false,241105515
2122233594,02DA4B,false,241108577
2122259572,02DA46,false,241111640
2122285572,02DA49,false,241114704
2122311528,02DA4B,false,241117766
2122429006,7E4F66,true,241121057
2122460930,7E52F6,true,241124866
2122492982,7E530C,true,241128685
2122523786,7E578C,true,241132366
2122554804,7E52E6,true,241136070
2122584312,7E4F37,true,241139619
2122609580,7E4F39,true,241142681
2122634846,7E4F34,true,241145744
2122660122,7E4F37,true,241148808
2122691652,7E3D53,true,241151973
2122716584,7E4F34,true,241155113
2122740414,7E4F37,true,241158177
2122764804,7E4F39,true,241161239
2122789906,7E4F34,true,241164302
2122815164,7E4F37,true,241167366
2122840432,7E4F39,true,241170428
2122865742,7E4F34,true,241173491
2122890952,7E4F37,true,241176555
2122916276,7E4F39,true,241179617
2122941526,7E4F34,true,241182680
2122966816,7E4F37,true,241185744
2122992072,7E4F39,true,241188806
2123017340,7E4F34,true,241191869
2123042844,7E4F34,true,241194978
2123067416,7E4F37,true,241198042
2123091232,7E4F39,true,241201104
2123115328,7E4F34,true,241204167
2123140334,7E4F37,true,241207231
2123165572,7E4F39,true,241210293
2123190854,7E4F34,true,241213356
2123216112,7E4F37,true,241216420
2123241380,7E4F39,true,241219482
2123266618,7E4F34,true,241222545
2123291902,7E4F37,true,241225609
2123317212,7E4F39,true,241228671
2123342424,7E4F34,true,241231734
2123368074,02F572,false,241234841
2123397016,7E4EFA,true,241238340
2123421724,7E4EFC,true,241241402
2123445894,7E4EF7,true,241244510
2123470890,02DB96,false,241247698
2123504994,0BD5CD,false,241251122
2123534868,7E4EF7,true,241254673
2123564890,0483DF,false,241258290
2123596600,09C027,false,241262133
2123626236,02F986,false,241265696
2123658092,02FB9B,false,241269502
2123687004,03B3D6,false,241272944
2123719092,02F649,false,241276776
2123750728,7E4EF7,true,241280549
2123866392,7E4EFC,true,241283666
2123891660,7E4EF7,true,241286729
2123916912,7E4EFA,true,241289793
2123942188,7E4EFC,true,241292855
2123967438,7E4EF7,true,241295918
2123992736,7E4EFA,true,241298982
2124017980,7E4EFC,true,241302044
2124043256,7E4EF7,true,241305107
2124068500,7E4EFA,true,241308171
2124093770,7E4EFC,true,241311233
2124209410,7E4EFC,true,241314348
2124234660,7E4EF7,true,241317411
2124259944,7E4EFA,true,241320475
2124285188,7E4EFC,true,241323537
2124310470,7E4EF7,true,241326600
2124335706,7E4EFA,true,241329664
2124360984,7E4EFC,true,241332726
2124386222,7E4EF7,true,241335789
2124411532,7E4EFA,true,241338853
2124436756,7E4EFC,true,241341915
2124462038,7E4EF7,true,241344978
2124494668,03DBBA,false,241348358
2124521440,7E4EFC,true,241351818
2124545548,7E4EF7,true,241354881
2124570570,7E4EFA,true,241357945
2124596168,03BAFD,false,241361044
2124626442,7E5787,true,241364674
2124658050,7E5BA8,true,241368443
2124689536,7E52EB,true,241372203
2124721300,7E4FCE,true,241375998
2124750924,7E5870,true,241379545
2124778282,7E4F37,true,241382848
2124803520,7E4F39,true,241385910
2124829054,7E4F39,true,241389019
2124853618,7E4F34,true,241392082
2124877488,7E4F37,true,241395146
2124901486,7E4F39,true,241398208
2124926510,7E4F34,true,241401271
2124951800,7E4F37,true,241404335
2124977030,7E4F39,true,241407397
2125002306,7E4F34,true,241410460
2125027564,7E4F37,true,241413524
2125052848,7E4F39,true,241416586
2125078170,7E4F34,true,241419649
2125103428,7E4F37,true,241422713
2125128712,7E4F39,true,241425775
2125153954,7E4F34,true,241428838
2125179230,7E4F37,true,241431902
2125204418,7E4F37,true,241435011
2125228288,7E4F39,true,241438073
2125252150,7E4F34,true,241441136
2125276950,7E4F37,true,241444200
2125302228,7E4F39,true,241447262
2125327478,7E4F34,true,241450325
2125352768,7E4F37,true,241453389
2125377998,7E4F39,true,241456451
2125403266,7E4F34,true,241459514
2125428526,7E4F37,true,241462578
2125453796,7E4F39,true,241465640
2125479132,7E4F34,true,241468703
2125504344,7E4F37,true,241471767
2125529660,7E4F39,true,241474829
2125558256,7E4EFC,true,241478319
2125582664,7E4EF7,true,241481434
2125606882,7E4EFA,true,241484543
2125631554,7E4EFC,true,241487605
2125658424,7E4EFC,true,241490864
2125693312,1FC536,false,241494311
2125723374,1FD5BB,false,241497920
2125755520,0AFBD5,false,241501805
2125785900,1FCD2A,false,241505480
2125815886,000136,false,241509077
2125847494,7E4EF7,true,241512828
2125875752,03B383,false,241516230
2126000356,02F5FE,false,241520336
2126029226,03DC05,false,241523808
2126054166,1FC08E,false,241526906
2126083028,7E4EFA,true,241530387
2126108304,7E4EFC,true,241533449
2126133548,7E4EF7,true,241536512
2126159440,02DA46,false,241539601
2126185420,02DA49,false,241542665
2126211394,02DA4B,false,241545727
2126237356,02DA46,false,241548790
2126354544,7E4F29,false,241552020
2126386062,7E5334,true,241555790
2126418736,7E52CE,true,241559684
2126449546,7E5788,true,241563366
2126480420,7E51C1,true,241567050
2126510394,7E4F34,true,241570646
2126535644,7E4F37,true,241573710
2126560912,7E4F39,true,241576772
2126586154,7E4F34,true,241579835
2126611620,7E3BC1,true,241582926
2126642774,7E4F34,true,241586122
2126666644,7E4F37,true,241589186
2126690754,7E4F39,true,241592248
2126715818,7E4F34,true,241595311
2126741108,7E4F37,true,241598375
2126766338,7E4F39,true,241601437
2126791606,7E4F34,true,241604500
2126816864,7E4F37,true,241607564
2126842148,7E4F39,true,241610626
2126867398,7E4F34,true,241613689
2126892688,7E4F37,true,241616753
2126917940,7E4F39,true,241619815
2126943222,7E4F34,true,241622878
2126968790,00015B,true,241625976
2126993588,7E4F37,true,241629051
2127017444,7E4F39,true,241632113
2127041266,7E4F34,true,241635176
2127066258,7E4F37,true,241638240
2127091520,7E4F39,true,241641302
2127116770,7E4F34,true,241644365
2127142052,7E4F37,true,241647429
2127167290,7E4F39,true,241650491
2127192566,7E4F34,true,241653554
2127217812,7E4F37,true,241656618
2127243088,7E4F39,true,241659680
2127268340,7E4F34,true,241662743
2127296938,7E4EFA,true,241666188
2127322648,7E4EFC,true,241669302
2127348208,7E4EFC,true,241672456
2127372258,7E4F04,false,241675537
2127403882,0681FF,false,241678853
2127433158,0BEA1C,false,241682343
2127463136,1FC5DE,false,241685947
2127495670,1FC53A,false,241689884
2127525584,1FCDE1,false,241693490
2127556730,7E4EFA,true,241697211
2127586746,03B3F6,false,241700783
2127617092,02F66D,false,241704420
2127651606,7E4EFC,true,241708512
2127678236,03DBBB,false,241711755
2127795544,1FC09B,false,241715120
2127821872,7E4EFC,true,241718308
2127847154,7E4EF7,true,241721371
2127872412,7E4EFA,true,241724435
2127898488,02DA49,false,241727524
2127924462,02DA4B,false,241730586
2127950430,02DA46,false,241733649
2127976410,02DA49,false,241736713
2128002384,02DA4B,false,241739775
2128028346,02DA46,false,241742838
2128145864,7E4F80,true,241746121
2128178144,7E52EB,true,241749979
2128210812,7E5710,true,241753871
2128241790,7E52F4,true,241757574
2128272422,7E579C,true,241761242
2128301034,7E4F34,true,241764680
2128326312,7E4F37,true,241767744
2128351550,7E4F39,true,241770806
2128376826,7E4F34,true,241773869
2128408550,7E3E47,true,241777047
2128433262,7E4F34,true,241780156
2128457092,7E4F37,true,241783220
2128481412,7E4F39,true,241786282
2128506474,7E4F34,true,241789345
2128531804,7E4F37,true,241792409
2128556994,7E4F39,true,241795471
2128582310,7E4F34,true,241798534
2128607568,7E4F37,true,241801598
2128632846,7E4F39,true,241804660
2128658082,7E4F34,true,241807723
2128683364,7E4F37,true,241810787
2128708624,7E4F39,true,241813849
2128733898,7E4F34,true,241816912
2128759412,7E4F34,true,241820021
2128784036,7E4F37,true,241823085
2128807852,7E4F39,true,241826147
2128831894,7E4F34,true,241829210
2128856902,7E4F37,true,241832274
2128882132,7E4F39,true,241835336
2128907400,7E4F34,true,241838399
2128932652,7E4F37,true,241841463
2128957928,7E4F39,true,241844525
2128983258,7E4F34,true,241847588
2129008476,7E4F37,true,241850652
2129037448,7E4EE3,false,241854143
2129062776,7E4EFA,true,241857212
2129088432,7E4EFC,true,241860319
2129204988,02DB97,false,241863540
2129238932,0BD40E,false,241866936
2129268536,1FD284,false,241870444
2129298584,1FD2C4,false,241874064
2129331182,0AFB6F,false,241878015
2129362106,1FD336,false,241881764
2129392614,03B978,false,241885413
2129423860,1FCE4A,false,241889132
2129452528,03B381,false,241892573
2129575806,02F605,false,241896545
2129605332,7E4EFA,true,241900079
2129630724,03DBBD,false,241903230
2129659964,7E4EFC,true,241906755
2129685206,7E4EF7,true,241909818
2129710482,7E4EFA,true,241912882
2129737346,7E4F58,true,241916126
2129769398,7E5308,true,241919953
2129802150,7E578B,true,241923846
2129834604,7E3C1B,true,241927418
2129867944,7E578F,true,241931218
2129896498,7E52AF,true,241934842
2129921506,7E4F39,true,241937940
2129946760,7E4F34,true,241941003
2129972012,7E4F37,true,241944067
2129997288,7E4F39,true,241947129
2130022610,7E4F34,true,241950192
2130047820,7E4F37,true,241953256
2130073152,7E4F39,true,241956318
2130098388,7E4F34,true,241959381
2130123678,7E4F37,true,241962445
2130148908,7E4F39,true,241965507
2130174190,7E4F34,true,241968570
2130199506,7E4F34,true,241971679
2130223692,7E4F37,true,241974743
2130247548,7E4F39,true,241977805
2130272000,7E4F34,true,241980868
2130297204,7E4F37,true,241983932
2130322440,7E4F39,true,241986994
2130347708,7E4F34,true,241990057
2130372960,7E4F37,true,241993121
2130398236,7E4F39,true,241996183
2130423488,7E4F34,true,241999246
2130448764,7E4F37,true,242002310
2130474088,7E4F39,true,242005372
2130499298,7E4F34,true,242008435
2130524620,7E4F37,true,242011499
2130550064,7E4F37,true,242014608
2130574524,7E4F39,true,242017670
2130601498,7E4EFA,true,242021116
2130626250,7E4EFC,true,242024230
2130651742,7E4EF7,true,242027338
2130677062,00010C,false,242030410
2130704142,02DCE2,false,242033686
2130739608,0BDF6C,false,242037202
2130769898,1FC4AA,false,242040839
2130801590,1FD5AF,false,242044667
2130831736,0BB0D2,false,242048304
2130862590,7E4EFA,true,242051999
2130892676,03B42F,false,242055581
2131012880,02F5C0,false,242059212
2131047844,7E4EF7,true,242063354
2131074576,03DBBC,false,242066605
2131101768,1FC08A,false,242069941
2131127788,7E4EFC,true,242073097
2131153038,7E4EF7,true,242076160
2131178328,7E4EFA,true,242079224
2131204438,02DA49,false,242082313
2131230402,02DA4B,false,242085375
2131256558,7E3B4F,false,242088459
2131376542,7E534C,true,242092064
2131408466,7E5715,true,242095871
2131439470,7E52D9,true,242099585
2131471346,7E52FF,true,242103383
2131501360,7E4FD7,true,242106974
2131528768,7E4F37,true,242110282
2131554026,7E4F39,true,242113344
2131579302,7E4F34,true,242116407
2131604560,7E4F37,true,242119471
2131636436,7E4F34,true,242122694
2131660354,7E4F37,true,242125758
2131684170,7E4F39,true,242128820
2131708958,7E4F34,true,242131883
2131734224,7E4F37,true,242134947
2131759500,7E4F39,true,242138009
2131784750,7E4F34,true,242141072
2131810032,7E4F37,true,242144136
2131835256,7E4F39,true,242147198
2131860540,7E4F34,true,242150261
2131885864,7E4F37,true,242153325
2131911122,7E4F39,true,242156387
2131936398,7E4F34,true,242159450
2131961656,7E4F37,true,242162514
2131986988,7E4F37,true,242165623
2132011140,7E4F39,true,242168685
2132034962,7E4F34,true,242171748
2132059478,7E4F37,true,242174812
2132084642,7E4F39,true,242177874
2132109918,7E4F34,true,242180937
2132135168,7E4F37,true,242184001
2132160430,7E4F39,true,242187063
2132185674,7E4F34,true,242190126
2132210978,7E4F37,true,242193190
2132236894,02F554,false,242196329
2132265288,7E4EFA,true,242199750
2132290524,7E4EFC,true,242202812
2132316202,7E4EF7,true,242205920
2132342868,02D972,false,242209188
2132375686,0BD885,false,242212598
2132403744,7E4EF7,true,242216130
2132434008,048072,false,242219809
2132465168,1FC5C8,false,242223578
2132495114,03B9BF,false,242227179
2132526942,02FCD2,false,242230964
2132555808,7E4EFC,true,242234418
2132588934,02F5A9,false,242238367
2132618764,7E4EF7,true,242241937
2132644326,03DBBC,false,242245095
2132675382,02DA35,false,242248824
2132792724,7E4EF7,true,242252124
2132818008,7E4EFA,true,242255188
2132843324,7E4EFC,true,242258250
2132869112,02DA4B,false,242261339
2132895074,02DA46,false,242264402
2132921142,02DA49,false,242267466
2132947106,02DA4B,false,242270528
2132973068,02DA46,false,242273591
2132999060,02DA49,false,242276655
2133025034,02DA4B,false,242279717
2133141694,03BC16,false,242282890
2133173038,7E5AD9,true,242286641
2133204432,7E535B,true,242290394
2133235590,7E58C0,true,242294118
2133267002,7E5791,true,242297862
2133297248,7E52EE,true,242301485
2133323150,7E4F37,true,242304624
2133348440,7E4F39,true,242307686
2133373684,7E4F34,true,242310749
2133398968,7E4F37,true,242313813
2133430452,7E4F34,true,242317036
2133454322,7E4F37,true,242320100
2133478364,7E4F39,true,242323162
2133503348,7E4F34,true,242326225
2133528632,7E4F37,true,242329289
2133553864,7E4F39,true,242332351
2133579146,7E4F34,true,242335414
2133604476,7E4F37,true,242338478
2133629680,7E4F39,true,242341540
2133655002,7E4F34,true,242344603
2133680252,7E4F37,true,242347667
2133705544,7E4F39,true,242350729
2133730786,7E4F34,true,242353792
2133756070,7E4F37,true,242356856
2133781260,7E4F37,true,242359965
2133805124,7E4F39,true,242363027
2133828986,7E4F34,true,242366090
2133853774,7E4F37,true,242369154
2133879050,7E4F39,true,242372216
2133904294,7E4F34,true,242375279
2133929584,7E4F37,true,242378343
2133958176,7E4EF7,true,242381787
2133983880,7E4EFA,true,242384903
2134009562,7E4EFC,true,242388010
2134034772,7E4EF7,true,242391073
2134061900,02DCBF,false,242394362
2134097318,0BDF2D,false,242397870
2134218040,1FD8FF,false,242401569
2134249928,1FC453,false,242405421
2134279888,1FCD25,false,242409032
2134310810,7E4EFA,true,242412732
2134340728,02FC38,false,242416297
2134370758,02F5BE,false,242419896
2134405710,7E4EFC,true,242424037
2134432462,03DBB6,false,242427286
2134459706,1FC091,false,242430631
2134576018,7E4EF7,true,242433831
2134601276,7E4EFA,true,242436895
2134626540,7E4EFC,true,242439957
2134651782,7E4EF7,true,242443020
2134677072,7E4EFA,true,242446084
2134702316,7E4EFC,true,242449146
2134727606,7E4EF7,true,242452209
2134752928,7E4EFA,true,242455273
2134778138,7E4EFC,true,242458335
2134803454,7E4EF7,true,242461398
2134828712,7E4EFA,true,242464462
2134862270,7E525C,true,242467939
2134892552,7E5328,true,242471767
2134923754,7E5328,true,242475593
2134954676,7E52EB,true,242479297
2134985466,7E52F0,true,242482971
2135014474,7E4F39,true,242486458
2135039750,7E4F34,true,242489521
2135065016,7E4F37,true,242492585
2135090292,7E4F39,true,242495647
2135115534,7E4F34,true,242498710
2135140832,7E4F37,true,242501774
2135166076,7E4F39,true,242504836
2135191670,7E4F39,true,242507945
2135216290,7E4F34,true,242511008
2135240120,7E4F37,true,242514072
2135264096,7E4F39,true,242517134
2135289150,7E4F34,true,242520197
2135314402,7E4F37,true,242523261
2135339672,7E4F39,true,242526323
2135364922,7E4F34,true,242529386
2135390212,7E4F37,true,242532450
2135415442,7E4F39,true,242535512
2135440718,7E4F34,true,242538575
2135465964,7E4F37,true,242541639
2135491260,7E4F39,true,242544701
2135516490,7E4F34,true,242547764
2135541780,7E4F37,true,242550828
2135566984,7E4F37,true,242553937
2135590904,7E4F39,true,242556999
2135614766,7E4F34,true,242560062
2135639556,7E4F37,true,242563126
2135668168,7E4EF7,true,242566570
2135693820,7E4EFA,true,242569686
2135719484,7E4EFC,true,242572793
2135744766,7E4EF7,true,242575856
2135771940,02DCC2,false,242579144
2135806922,02FC74,false,242582602
2135837466,1FD2C8,false,242586268
2135868926,0AFBEA,false,242590074
2135899112,1FDAF2,false,242593716
2136019804,03B957,false,242597403
2136050634,03BA49,false,242601078
2136079118,02F5B3,false,242604499
2136114254,02F5F1,false,242608652
2136142596,03DBB6,false,242612077
2136167950,1FC07C,false,242615217
2136195524,7E4EFA,true,242618546
2136220792,7E4EFC,true,242621608
2136246022,7E4EF7,true,242624671
2136363404,7E4F74,true,242627961
2136394684,7E5337,true,242631699
2136426744,7E534C,true,242635523
2136457456,7E5784,true,242639197
2136488796,7E58C1,true,242642939
2136518816,7E4F34,true,242646540
2136544100,7E4F37,true,242649604
2136569332,7E4F39,true,242652666
2136594614,7E4F34,true,242655729
2136626064,7E3CE3,true,242658870
2136651154,7E4F34,true,242662016
2136674984,7E4F37,true,242665080
2136699198,7E4F39,true,242668142
2136724310,7E4F34,true,242671205
2136749560,7E4F37,true,242674269
2136774836,7E4F39,true,242677331
2136800072,7E4F34,true,242680394
2136825356,7E4F37,true,242683458
2136850614,7E4F39,true,242686520
2136875890,7E4F34,true,242689583
2136901220,7E4F37,true,242692647
2136926414,7E4F39,true,242695709
2136951730,7E4F34,true,242698772
2136977280,7E4F34,true,242701881
2137001956,7E4F37,true,242704945
2137025772,7E4F39,true,242708007
2137049676,7E4F34,true,242711070
2137074730,7E4F37,true,242714134
2137099968,7E4F39,true,242717196
2137125250,7E4F34,true,242720259
2137153044,02F51A,false,242723611
2137179606,7E4EF7,true,242726819
2137205204,7E4EFA,true,242729928
2137230480,7E4EFC,true,242732990
2137257416,7E4EFC,true,242736249
2137289804,1FD389,false,242739476
2137315518,1FD383,false,242742639
2137435736,0BDE60,false,242746269
2137465088,1FD37B,false,242749815
2137492806,1FC5D6,false,242753135
2137523742,0AFB25,false,242756847
2137556452,049934,false,242760814
2137586780,0780A7,false,242764463
2137618662,0484D7,false,242768313
2137648482,1FD322,false,242771915
2137679206,7E4F04,false,242775593
2137796806,7E4EF7,true,242778923
2137822084,7E4EFA,true,242781987
2137847320,7E4EFC,true,242785049
2137872602,7E4EF7,true,242788112
2137897852,7E4EFA,true,242791176
2137923132,7E4EFC,true,242794238
2137948368,7E4EF7,true,242797301
2137973644,7E4EFA,true,242800365
2137998890,7E4EFC,true,242803427
2138024166,7E4EF7,true,242806490
2138055622,7E3D35,false,242809635
2138084314,03B3F8,false,242813189
2138112772,02F5F5,false,242816804
2138147152,02F65D,false,242820954
2138174914,03E07F,false,242824300
2138199610,02DD11,false,242827376
2138229804,7E4EFA,true,242831002
2138255048,7E4EFC,true,242834064
2138280338,7E4EF7,true,242837127
2138307222,7E4F64,true,242840375
2138338944,7E5B38,true,242844162
2138370424,7E52C6,true,242847918
2138402162,7E52F0,true,242851708
2138432292,7E5787,true,242855397
2138462290,7E4F9F,true,242859190
2138491076,7E580E,true,242862762
2138518290,7E4F34,true,242866059
2138543568,7E4F37,true,242869123
2138568804,7E4F39,true,242872185
2138594086,7E4F34,true,242875248
2138619336,7E4F37,true,242878312
2138644620,7E4F39,true,242881374
2138669870,7E4F34,true,242884437
2138695164,7E4F37,true,242887501
2138720386,7E4F39,true,242890563
2138745662,7E4F34,true,242893626
2138771108,7E4F34,true,242896735
2138795528,7E4F37,true,242899799
2138819344,7E4F39,true,242902861
2138843628,7E4F34,true,242905924
2138868696,7E4F37,true,242908988
2138894012,7E4F39,true,242912050
2138919202,7E4F34,true,242915113
2138944532,7E4F37,true,242918177
2138969776,7E4F39,true,242921239
2138995060,7E4F34,true,242924302
2139020312,7E4F37,true,242927366
2139045574,7E4F39,true,242930428
2139070838,7E4F34,true,242933491
2139096114,7E4F37,true,242936555
2139121660,7E4F37,true,242939664
2139146320,7E4F39,true,242942726
2139170142,7E4F34,true,242945789
2139197956,7E4EFA,true,242949299
2139223474,7E4EFC,true,242952413
2139249092,7E4EF7,true,242955521
2139275234,02DB8D,false,242958687
2139309218,0BD405,false,242962081
2139338458,09C039,false,242965548
2139369468,1FC544,false,242969292
2139401220,0AFAE2,false,242973132
2139431278,0BB05A,false,242976759
2139461864,02FAB3,false,242980418
2139582600,03BA3F,false,242984095
2139610834,03B384,false,242987485
2139645474,02F5BB,false,242991591
2139675298,7E4EF7,true,242995160
2139701078,03DBBC,false,242998338
2139730740,7E4EFC,true,243001924
2139756062,7E4EF7,true,243004987
2139781294,7E4EFA,true,243008051
2139806938,02DA49,false,243011140
2139832972,00011F,false,243014212
2139952822,7E534F,true,243017799
2139984672,7E532C,true,243021597
2140016700,7E5305,true,243025416
2140047516,7E52FD,true,243029101
2140078406,7E52D7,true,243032790
2140109322,7E52C6,true,243036483
2140138974,7E4F34,true,243040047
2140164264,7E4F37,true,243043111
2140189500,7E4F39,true,243046173
2140221006,7E4F37,true,243049398
2140244822,7E4F39,true,243052460
2140268920,7E4F34,true,243055523
2140293934,7E4F37,true,243058587
2140319178,7E4F39,true,243061649
2140344454,7E4F34,true,243064712
2140369712,7E4F37,true,243067776
2140394988,7E4F39,true,243070838
2140420224,7E4F34,true,243073901
2140445508,7E4F37,true,243076965
2140470818,7E4F39,true,243080027
2140496082,7E4F34,true,243083090
2140521360,7E4F37,true,243086154
2140546596,7E4F39,true,243089216
2140571788,7E4F39,true,243092325
2140595650,7E4F34,true,243095388
2140619480,7E4F37,true,243098452
2140644350,7E4F39,true,243101514
2140669608,7E4F34,true,243104577
2140694892,7E4F37,true,243107641
2140720136,7E4F39,true,243110703
2140745418,7E4F34,true,243113766
2140773652,02F508,false,243117169
2140800186,7E4EFC,true,243120385
2140825842,7E4EF7,true,243123493
2140851088,7E4EFA,true,243126557
2140878018,7E4EFA,true,243129816
2141003274,1FC41E,false,243133326
2141033158,1FD28C,false,243136910
2141063832,0AFA25,false,243140606
2141094644,1FCCDD,false,243144333
2141124476,7E4EFC,true,243147911
2141156046,7E4EEB,false,243151669
2141184428,03B362,false,243155079
2141218144,02F60C,false,243159087
2141249122,7E4EFC,true,243162780
2141365770,03DBBD,false,243166048
2141394888,7E4EF7,true,243169598
2141420218,7E4EFA,true,243172662
2141445456,7E4EFC,true,243175724
2141470904,02DC1F,false,243178810
2141500936,7E5784,true,243182408
2141532840,7E5314,true,243186217
2141564892,7E52D9,true,243190038
2141595568,7E578C,true,243193708
2141631430,7E3D13,true,243197353
2141662068,7E4F97,true,243201166
2141690634,7E4F32,true,243204791
2141715424,7E4F34,true,243207854
2141740768,7E4F37,true,243210918
2141766004,7E4F39,true,243213980
2141791286,7E4F34,true,243217043
2141816536,7E4F37,true,243220107
2141841806,7E4F39,true,243223169
2141867070,7E4F34,true,243226232
2141892354,7E4F37,true,243229296
2141917604,7E4F39,true,243232358
2141942886,7E4F34,true,243235421
2141968144,7E4F37,true,243238485
2141993480,7E4F37,true,243241594
2142017632,7E4F39,true,243244656
2142041494,7E4F34,true,243247719
2142065970,7E4F37,true,243250783
2142091112,7E4F39,true,243253845
2142116394,7E4F34,true,243256908
2142141724,7E4F37,true,243259972
2142166960,7E4F39,true,243263034
2142192236,7E4F34,true,243266097
2142217508,7E4F37,true,243269161
2142242778,7E4F39,true,243272223
2142268026,7E4F34,true,243275286
2142293308,7E4F37,true,243278350
2142322288,03EB74,false,243281843
2142348176,7E4EFC,true,243285014
2142372786,7E4EF7,true,243288122
2142396656,7E4EFA,true,243291186
2142422722,7E4EFA,true,243294445
2142457178,0BDE57,false,243297865
2142486800,1FD2E9,false,243301410
2142517226,09C045,false,243305071
2142548322,1FD287,false,243308827
2142578668,7E4EE3,false,243312468
2142609834,02FC70,false,243316176
2142637958,03B365,false,243319554
2142671962,02F6B2,false,243323589
2142792934,7E4EF7,true,243327301
2142818252,7E4EFA,true,243330365
2142843448,7E4EFC,true,243333427
2142868770,7E4EF7,true,243336490
2142894020,7E4EFA,true,243339554
2142919298,7E4EFC,true,243342616
2142944536,7E4EF7,true,243345679
2142969812,7E4EFA,true,243348743
2142995070,7E4EFC,true,243351805
2143020346,7E4EF7,true,243354868
2143045604,7E4EFA,true,243357932
2143161204,7E4EFA,true,243361047
2143186520,7E4EFC,true,243364109
2143211722,7E4EF7,true,243367172
2143237046,7E4EFA,true,243370236
2143262284,7E4EFC,true,243373298
2143287574,7E4EF7,true,243376361
2143312824,7E4EFA,true,243379425
2143338112,7E4EFC,true,243382487
2143363370,7E4EF7,true,243385550
2143388646,7E4EFA,true,243388614
2143420388,7E3E34,true,243391809
2143445354,03DBBB,false,243395020
2143473458,7E4EFA,true,243398621
2143498070,7E4EFC,true,243401683
2143523272,7E4EF7,true,243404746
2143549350,03BC46,false,243407890
2143580834,7E534F,true,243411656
2143612514,7E578C,true,243415442
2143644478,7E4FD4,true,243419259
2143675006,7E586E,true,243422903
2143706460,7E52CC,true,243426656
2143736334,7E51BE,true,243430229
2143765230,7E4F37,true,243433713
2143789940,7E4F39,true,243436775
2143813802,7E4F34,true,243439838
2143837632,7E4F37,true,243442902
2143862618,7E4F39,true,243445964
2143887886,7E4F34,true,243449027
2143913144,7E4F37,true,243452091
2143938420,7E4F39,true,243455153
2143963662,7E4F34,true,243458216
2143988946,7E4F37,true,243461280
2144014178,7E4F39,true,243464342
2144039454,7E4F34,true,243467405
2144064726,7E4F37,true,243470469
2144089996,7E4F39,true,243473531
2144115246,7E4F34,true,243476594
2144140530,7E4F34,true,243479703