masterClock,pc,gsuRunning,cpuCycles
1929822802,7E5310,true,220518030
1929855520,7E5344,true,220521926
1929886356,7E52CC,true,220525618
1929916472,7E52DE,true,220529225
1929944598,7E4F34,true,220532614
1929969922,7E4F37,true,220535678
1929995126,7E4F39,true,220538740
1930020442,7E4F34,true,220541803
1930045700,7E4F37,true,220544867
1930077592,7E4F34,true,220548090
1930101718,7E4F37,true,220551154
1930125534,7E4F39,true,220554216
1930150156,7E4F34,true,220557279
1930175364,7E4F37,true,220560343
1930200640,7E4F39,true,220563405
1930225882,7E4F34,true,220566468
1930251160,7E4F37,true,220569532
1930276396,7E4F39,true,220572594
1930301680,7E4F34,true,220575657
1930326932,7E4F37,true,220578721
1930352216,7E4F39,true,220581783
1930377466,7E4F34,true,220584846
1930402756,7E4F37,true,220587910
1930428136,7E4F37,true,220591019
1930452500,7E4F39,true,220594081
1930476322,7E4F34,true,220597144
1930500666,7E4F37,true,220600208
1930525748,7E4F39,true,220603270
1930551070,7E4F34,true,220606333
1930576320,7E4F37,true,220609397
1930601584,7E4F39,true,220612459
1930626826,7E4F34,true,220615522
1930652124,7E4F37,true,220618586
1930677368,7E4F39,true,220621648
1930702650,7E4F34,true,220624711
1930727916,7E4F37,true,220627775
1930753192,7E4F39,true,220630837
1930778754,7E4F39,true,220633946
1930803330,7E4F34,true,220637009
1930830966,02DB96,false,220640534
1930864004,0BD6F1,false,220643951
1930894446,1FC426,false,220647595
1930925292,1FCC8C,false,220651303
1930954804,7E4EFC,true,220654853
1930984912,03B3FA,false,220658435
1931015562,02F5C2,false,220662104
1931049150,7E4EFC,true,220666089
1931075284,03DBBB,false,220669295
1931104292,02DA35,false,220672817
1931224336,7E4EFA,true,220676401
1931249566,7E4EFC,true,220679463
1931274810,7E4EF7,true,220682526
1931300290,02DA46,false,220685615
1931326274,02DA49,false,220688679
1931352230,02DA4B,false,220691741
1931378218,02DA46,false,220694804
1931404248,02DA49,false,220697868
1931430222,02DA4B,false,220700930
1931456204,02DA46,false,220703993
1931482176,02DA49,false,220707057
1931600464,7E52F3,true,220710450
1931633190,7E5312,true,220714349
1931664988,7E52EE,true,220718144
1931695052,7E578C,true,220721741
1931724406,7E4F34,true,220725265
1931749650,7E4F37,true,220728329
1931774912,7E4F39,true,220731391
1931800182,7E4F34,true,220734454
1931825472,7E4F37,true,220737518
1931854494,7E3C22,true,220740640
1931882034,7E4F34,true,220743823
1931905864,7E4F37,true,220746887
1931930190,7E4F39,true,220749949
1931955310,7E4F34,true,220753012
1931980592,7E4F37,true,220756076
1932005830,7E4F39,true,220759138
1932031106,7E4F34,true,220762201
1932056364,7E4F37,true,220765265
1932081634,7E4F39,true,220768327
1932106878,7E4F34,true,220771390
1932132160,7E4F37,true,220774454
1932157420,7E4F39,true,220777516
1932182694,7E4F34,true,220780579
1932208258,7E4F34,true,220783688
1932232832,7E4F37,true,220786752
1932256648,7E4F39,true,220789814
1932280692,7E4F34,true,220792877
1932305684,7E4F37,true,220795941
1932331000,7E4F39,true,220799003
1932356196,7E4F34,true,220802066
1932381520,7E4F37,true,220805130
1932406764,7E4F39,true,220808192
1932432054,7E4F34,true,220811255
1932457312,7E4F37,true,220814319
1932482588,7E4F39,true,220817381
1932507838,7E4F34,true,220820444
1932533128,7E4F37,true,220823508
1932558358,7E4F39,true,220826570
1932583578,7E4F39,true,220829679
1932607874,02F503,false,220832791
1932635760,7E4EFC,true,220836346
1932669390,0BDD90,false,220839697
1932699584,1FC547,false,220843312
1932730292,1FCDE1,false,220847010
1932760708,02FB1F,false,220850662
1932790320,03B3F8,false,220854191
1932821512,02F5BB,false,220857916
1932854328,7E4EFA,true,220861821
1932880326,03DBBA,false,220865017
1932909808,02DA38,false,220868586
1933026856,7E4EF7,true,220871851
1933052100,7E4EFA,true,220874915
1933077376,7E4EFC,true,220877977
1933103318,02DA4B,false,220881066
1933129286,02DA46,false,220884129
1933155284,02DA49,false,220887193
1933181252,02DA4B,false,220890255
1933207222,02DA46,false,220893318
1933233222,02DA49,false,220896382
1933259186,02DA4B,false,220899444
1933376116,03BCB5,false,220902645
1933407602,7E5342,true,220906415
1933440364,7E578F,true,220910315
1933470390,7E52C6,true,220913911
1933500470,7E4FA7,true,220917515
1933526948,7E4F39,true,220920716
1933552222,7E4F34,true,220923779
1933577488,7E4F37,true,220926843
1933602764,7E4F39,true,220929905
1933628002,7E4F34,true,220932968
1933659716,7E4F39,true,220936192
1933683578,7E4F34,true,220939255
1933707408,7E4F37,true,220942319
1933732424,7E4F39,true,220945381
1933757738,7E4F34,true,220948444
1933782944,7E4F37,true,220951508
1933808260,7E4F39,true,220954570
1933833502,7E4F34,true,220957633
1933858792,7E4F37,true,220960697
1933884044,7E4F39,true,220963759
1933909318,7E4F34,true,220966822
1933934584,7E4F37,true,220969886
1933959860,7E4F39,true,220972948
1933985098,7E4F34,true,220976011
1934010372,7E4F34,true,220979120
1934034392,7E4F37,true,220982184
1934058208,7E4F39,true,220985246
1934082880,7E4F34,true,220988309
1934108100,7E4F37,true,220991373
1934133376,7E4F39,true,220994435
1934158612,7E4F34,true,220997498
1934183896,7E4F37,true,221000562
1934209212,7E4F39,true,221003624
1934234410,7E4F34,true,221006687
1934259740,7E4F37,true,221009751
1934284986,7E4F39,true,221012813
1934310262,7E4F34,true,221015876
1934337896,02F503,false,221019215
1934455782,7E4EFA,true,221022598
1934491272,0BD083,false,221026131
1934521966,1FD27D,false,221029819
1934552448,1FCDD9,false,221033481
1934583810,02FC81,false,221037230
1934612098,03B374,false,221040618
1934646220,02F6BA,false,221044662
1934676212,03DDF0,false,221048262
1934701088,1FC093,false,221051353
1934819390,7E4EF7,true,221054783
1934844648,7E4EFA,true,221057847
1934869924,7E4EFC,true,221060909
1934897094,7E4F64,true,221064189
1934929852,7E578C,true,221068093
1934961616,7E52D1,true,221071882
1934991794,7E51A0,true,221075492
1935021826,7E4F37,true,221079093
1935047096,7E4F39,true,221082155
1935079170,7E4F34,true,221085398
1935103308,7E4F37,true,221088462
1935127164,7E4F39,true,221091524
1935151720,7E4F34,true,221094587
1935176880,7E4F37,true,221097651
1935202196,7E4F39,true,221100713
1935227398,7E4F34,true,221103776
1935252716,7E4F37,true,221106840
1935277912,7E4F39,true,221109902
1935303236,7E4F34,true,221112965
1935328488,7E4F37,true,221116029
1935353772,7E4F39,true,221119091
1935379022,7E4F34,true,221122154
1935404312,7E4F37,true,221125218
1935429724,7E4F37,true,221128327
1935454132,7E4F39,true,221131389
1935477954,7E4F34,true,221134452
1935502172,7E4F37,true,221137516
1935527272,7E4F39,true,221140578
1935552514,7E4F34,true,221143641
1935577798,7E4F37,true,221146705
1935603036,7E4F39,true,221149767
1935628318,7E4F34,true,221152830
1935653570,7E4F37,true,221155894
1935678840,7E4F39,true,221158956
1935704154,7E4F34,true,221162019
1935729388,7E4F37,true,221165083
1935754696,7E4F39,true,221168145
1935780228,7E4F39,true,221171254
1935804898,7E4F34,true,221174317
1935828728,7E4F37,true,221177381
1935855164,02F51E,false,221180731
1935882590,02DCF9,false,221184081
1935918598,02DB04,false,221187665
1935949538,04A2C8,false,221191392
1935979982,7E4EEF,false,221195045
1936011094,7E4EFC,true,221198759
1936039214,02F6B4,false,221202136
1936074172,02F5A3,false,221206274
1936102702,03DBB6,false,221209720
1936128994,1FC098,false,221212964
1936245952,7E4EFC,true,221216235
1936271202,7E4EF7,true,221219298
1936296486,7E4EFA,true,221222362
1936322470,02DA49,false,221225451
1936348432,02DA4B,false,221228513
1936374420,02DA46,false,221231576
1936400404,02DA49,false,221234640
1936426368,02DA4B,false,221237702
1936452398,02DA46,false,221240765
1936478378,02DA49,false,221243829
1936595704,7E4F66,true,221247091
1936627468,7E5308,true,221250890
1936660122,7E5172,true,221254782
1936690392,7E578B,true,221258393
1936720688,7E5796,true,221262025
1936746020,7E4F37,true,221265101
1936771296,7E4F39,true,221268163
1936796534,7E4F34,true,221271226
1936821824,7E4F37,true,221274290
1936847060,7E4F39,true,221277352
1936878630,7E4F37,true,221280577
1936902486,7E4F39,true,221283639
1936926490,7E4F34,true,221286702
1936951494,7E4F37,true,221289766
1936976804,7E4F39,true,221292828
1937001992,7E4F34,true,221295891
1937027316,7E4F37,true,221298955
1937052560,7E4F39,true,221302017
1937077850,7E4F34,true,221305080
1937103108,7E4F37,true,221308144
1937128384,7E4F39,true,221311206
1937153620,7E4F34,true,221314269
1937178896,7E4F37,true,221317333
1937204140,7E4F39,true,221320395
1937229356,7E4F39,true,221323504
1937253266,7E4F34,true,221326567
1937277096,7E4F37,true,221329631
1937301890,7E4F39,true,221332693
1937327146,7E4F34,true,221335756
1937352436,7E4F37,true,221338820
1937377672,7E4F39,true,221341882
1937402940,7E4F34,true,221344945
1937428264,7E4F37,true,221348009
1937453470,7E4F39,true,221351071
1937478786,7E4F34,true,221354134
1937504044,7E4F37,true,221357198
1937529320,7E4F39,true,221360260
1937555634,02F517,false,221363444
1937584492,7E4EFA,true,221366974
1937617270,0BEABD,false,221370396
1937646930,04A21D,false,221374112
1937677674,1FD323,false,221377829
1937708046,7E4EFA,true,221381472
1937737510,03B3CB,false,221384984
1937769372,02F668,false,221388785
1937801702,7E4EF7,true,221392638
1937827712,03DBBB,false,221395837
1937857152,02DA35,false,221399399
1937887226,02DA38,false,221402973
1937917336,02DA35,false,221406546
1938033640,7E4EFC,true,221409737
1938058922,7E4EF7,true,221412800
1938084174,7E4EFA,true,221415864
1938110276,02DA49,false,221418953
1938136232,02DA4B,false,221422015
1938162220,02DA46,false,221425078
1938188204,02DA49,false,221428142
1938214184,02DA4B,false,221431204
1938240166,02DA46,false,221434267
1938266138,02DA49,false,221437331
1938383510,7E4F6E,true,221440601
1938415558,7E5367,true,221444426
1938447944,7E580E,true,221448289
1938478312,7E4FBF,true,221451927
1938508514,7E4F34,true,221455539
1938533732,7E4F37,true,221458603
1938559048,7E4F39,true,221461665
1938584290,7E4F34,true,221464728
1938609568,7E4F37,true,221467792
1938634804,7E4F39,true,221470854
1938666310,7E4F37,true,221474079
1938690126,7E4F39,true,221477141
1938714164,7E4F34,true,221480204
1938739238,7E4F37,true,221483268
1938764482,7E4F39,true,221486330
1938789758,7E4F34,true,221489393
1938815016,7E4F37,true,221492457
1938840292,7E4F39,true,221495519
1938865528,7E4F34,true,221498582
1938890812,7E4F37,true,221501646
1938916044,7E4F39,true,221504708
1938941346,7E4F34,true,221507771
1938966584,7E4F37,true,221510835
1938991860,7E4F39,true,221513897
1939017044,7E4F39,true,221517006
1939040914,7E4F34,true,221520069
1939064784,7E4F37,true,221523133
1939089654,7E4F39,true,221526195
1939114912,7E4F34,true,221529258
1939140196,7E4F37,true,221532322
1939165440,7E4F39,true,221535384
1939190722,7E4F34,true,221538447
1939215958,7E4F37,true,221541511
1939241256,7E4F39,true,221544573
1939266492,7E4F34,true,221547636
1939291796,7E4F37,true,221550700
1939317034,7E4F39,true,221553762
1939342310,7E4F34,true,221556825
1939367614,7E4F34,true,221559934
1939391792,7E4F37,true,221562998
1939415608,7E4F39,true,221566060
1939441986,02F576,false,221569337
1939470206,02DB94,false,221572747
1939504270,0BD7DC,false,221576129
1939534690,1FC43D,false,221579771
1939565462,1FCCA6,false,221583477
1939594940,7E4EF7,true,221587029
1939625236,03B42F,false,221590627
1939656060,02F649,false,221594318
1939690016,7E4EF7,true,221598344
1939806948,03DBB9,false,221601642
1939834670,1FC097,false,221605033
1939860132,7E4EFC,true,221608124
1939885414,7E4EF7,true,221611187
1939910736,7E4EFA,true,221614251
1939936880,02DA49,false,221617340
1939962838,02DA4B,false,221620402
1939988806,02DA46,false,221623465
1940014798,02DA49,false,221626529
1940040760,02DA4B,false,221629591
1940156894,7E4054,false,221632684
1940187102,7E5350,true,221636302
1940219758,7E5788,true,221640190
1940250660,7E578F,true,221643887
1940280738,7E52D9,true,221647489
1940308708,7E4F39,true,221650863
1940333984,7E4F34,true,221653926
1940359242,7E4F37,true,221656990
1940384512,7E4F39,true,221660052
1940409762,7E4F34,true,221663115
1940441718,7E4F39,true,221666339
1940465780,7E4F34,true,221669402
1940489610,7E4F37,true,221672466
1940514222,7E4F39,true,221675528
1940539498,7E4F34,true,221678591
1940564716,7E4F37,true,221681655
1940590032,7E4F39,true,221684717
1940615274,7E4F34,true,221687780
1940640552,7E4F37,true,221690844
1940665810,7E4F39,true,221693906
1940691078,7E4F34,true,221696969
1940716350,7E4F37,true,221700033
1940741620,7E4F39,true,221703095
1940766870,7E4F34,true,221706158
1940792278,7E4F34,true,221709267
1940816608,7E4F37,true,221712331
1940840464,7E4F39,true,221715393
1940864748,7E4F34,true,221718456
1940889864,7E4F37,true,221721520
1940915140,7E4F39,true,221724582
1940940382,7E4F34,true,221727645
1940965660,7E4F37,true,221730709
1940990896,7E4F39,true,221733771
1941016186,7E4F34,true,221736834
1941041516,7E4F37,true,221739898
1941066760,7E4F39,true,221742960
1941092050,7E4F34,true,221746023
1941117308,7E4F37,true,221749087
1941142830,7E4F37,true,221752196
1941167400,7E4F39,true,221755258
1941191262,7E4F34,true,221758321
1941216424,02F506,false,221761516
1941244948,02DB8D,false,221764979
1941279122,0BD52E,false,221768388
1941309542,04A1F6,false,221772014
1941340462,0BB2FB,false,221775733
1941369986,7E4EFC,true,221779292
1941400062,03B40B,false,221782869
1941430728,02F5AD,false,221786536
1941465098,7E4EFC,true,221790607
1941494782,00011A,false,221794175
1941612814,1FC055,false,221797620
1941638476,7E4EF7,true,221800731
1941663760,7E4EFA,true,221803795
1941689004,7E4EFC,true,221806857
1941715116,02DA4B,false,221809946
1941741170,02DA46,false,221813009
1941767170,02DA49,false,221816073
1941793144,02DA4B,false,221819135
1941819134,02DA46,false,221822198
1941845106,02DA49,false,221825262
1941963126,7E528E,true,221828626
1941995926,7E52CE,true,221832531
1942027760,7E52DE,true,221836325
1942057850,7E5782,true,221839927
1942087328,7E4F34,true,221843470
1942112618,7E4F37,true,221846534
1942137856,7E4F39,true,221849596
1942163126,7E4F34,true,221852659
1942188384,7E4F37,true,221855723
1942220008,7E4021,true,221858884
1942244854,7E4F37,true,221862010
1942268710,7E4F39,true,221865072
1942292976,7E4F34,true,221868135
1942318060,7E4F37,true,221871199
1942343336,7E4F39,true,221874261
1942368650,7E4F34,true,221877324
1942393848,7E4F37,true,221880388
1942419164,7E4F39,true,221883450
1942444422,7E4F34,true,221886513
1942469712,7E4F37,true,221889577
1942494956,7E4F39,true,221892639
1942520246,7E4F34,true,221895702
1942545504,7E4F37,true,221898766
1942571050,7E4F37,true,221901875
1942595668,7E4F39,true,221904937
1942619530,7E4F34,true,221908000
1942643520,7E4F37,true,221911064
1942668480,7E4F39,true,221914126
1942693756,7E4F34,true,221917189
1942719008,7E4F37,true,221920253
1942744284,7E4F39,true,221923315
1942769534,7E4F34,true,221926378
1942794818,7E4F37,true,221929442
1942820120,7E4F39,true,221932504
1942845324,7E4F34,true,221935567
1942870668,7E4F37,true,221938631
1942895900,7E4F39,true,221941693
1942921182,7E4F34,true,221944756
1942946386,7E4F34,true,221947865
1942970312,7E4F37,true,221950929
1942994168,7E4F39,true,221953991
1943018908,7E4F34,true,221957054
1943047726,7E4EFC,true,221960523
1943074960,02DCCA,false,221963818
1943110520,0BD1D0,false,221967348
1943141570,1FDC6B,false,221971081
1943172136,1FD0DD,false,221974746
1943203232,1FCE7B,false,221978466
1943231222,03B282,false,221981823
1943266270,02F605,false,221985967
1943384604,7E4EF7,true,221989390
1943409880,7E4EFA,true,221992454
1943435124,7E4EFC,true,221995516
1943460398,7E4EF7,true,221998579
1943485722,7E4EFA,true,222001643
1943510934,7E4EFC,true,222004705
1943536256,7E4EF7,true,222007768
1943561508,7E4EFA,true,222010832
1943586778,7E4EFC,true,222013894
1943612022,7E4EF7,true,222016957
1943637312,7E4EFA,true,222020021
1943752880,7E4EFA,true,222023136
1943778148,7E4EFC,true,222026198
1943803386,7E4EF7,true,222029261
1943828676,7E4EFA,true,222032325
1943853912,7E4EFC,true,222035387
1943879190,7E4EF7,true,222038450
1943904520,7E4EFA,true,222041514
1943929766,7E4EFC,true,222044576
1943955034,7E4EF7,true,222047639
1943980278,7E4EFA,true,222050703
1944013244,03DC2B,false,222054042
1944040094,1FC096,false,222057477
1944067158,7E4EFC,true,222060935
1944091952,7E4EF7,true,222063998
1944117270,7E4EFA,true,222067062
1944144326,7E4F74,true,222070331
1944176880,7E5305,true,222074208
1944208670,7E51C4,true,222077994
1944239132,7E58D4,true,222081642
1944269164,7E4F34,true,222085244
1944294430,7E4F37,true,222088308
1944319700,7E4F39,true,222091370
1944344950,7E4F34,true,222094433
1944370282,7E4F34,true,222097542
1944394448,7E4F37,true,222100606
1944418304,7E4F39,true,222103668
1944442808,7E4F34,true,222106731
1944468018,7E4F37,true,222109795
1944493248,7E4F39,true,222112857
1944518530,7E4F34,true,222115920
1944543780,7E4F37,true,222118984
1944569050,7E4F39,true,222122046
1944594314,7E4F34,true,222125109
1944619592,7E4F37,true,222128173
1944644842,7E4F39,true,222131235
1944670110,7E4F34,true,222134298
1944695360,7E4F37,true,222137362
1944720812,7E4F37,true,222140471
1944745224,7E4F39,true,222143533
1944769086,7E4F34,true,222146596
1944793314,7E4F37,true,222149660
1944818440,7E4F39,true,222152722
1944843690,7E4F34,true,222155785
1944868966,7E4F37,true,222158849
1944894196,7E4F39,true,222161911
1944919478,7E4F34,true,222164974
1944944744,7E4F37,true,222168038
1944970020,7E4F39,true,222171100
1944995270,7E4F34,true,222174163
1945020568,7E4F37,true,222177227
1945045812,7E4F39,true,222180289
1945071382,7E4F39,true,222183398
1945096094,7E4F34,true,222186461
1945119924,7E4F37,true,222189525
1945143820,7E4F39,true,222192587
1945168784,7E4F34,true,222195650
1945194074,7E4F37,true,222198714
1945219376,7E4F39,true,222201776
1945245414,02F50F,false,222204928
1945274392,02DB8E,false,222208420
1945300674,02DCD0,false,222211602
1945334558,1FC582,false,222214945
1945365350,1FD31C,false,222218632
1945396278,1FCCB0,false,222222352
1945426434,7E3B04,false,222225979
1945546006,03B432,false,222229510
1945577854,02F65A,false,222233310
1945610288,7E4EFA,true,222237167
1945639654,03DBB6,false,222240711
1945668126,7E4EF7,true,222244173
1945693336,7E4EFA,true,222247237
1945718664,7E4EFC,true,222250299
1945744220,02DA4B,false,222253388
1945770182,02DA46,false,222256451
1945887564,7E4F62,true,222259718
1945919502,7E5337,true,222263530
1945952088,7E57B0,true,222267412
1945982340,7E4F97,true,222271035
1946012602,7E4F32,true,222274660
1946037878,7E4F34,true,222277723
1946063136,7E4F37,true,222280787
1946088400,7E4F39,true,222283849
1946113650,7E4F34,true,222286912
1946138932,7E4F37,true,222289976
1946170452,7E4F34,true,222293199
1946194322,7E4F37,true,222296263
1946218320,7E4F39,true,222299325
1946243354,7E4F34,true,222302388
1946268644,7E4F37,true,222305452
1946293876,7E4F39,true,222308514
1946319158,7E4F34,true,222311577
1946344408,7E4F37,true,222314641
1946369692,7E4F39,true,222317703
1946394942,7E4F34,true,222320766
1946420224,7E4F37,true,222323830
1946445484,7E4F39,true,222326892
1946470758,7E4F34,true,222329955
1946496082,7E4F37,true,222333019
1946521232,7E4F37,true,222336128
1946545136,7E4F39,true,222339190
1946568958,7E4F34,true,222342253
1946593786,7E4F37,true,222345317
1946619062,7E4F39,true,222348379
1946644306,7E4F34,true,222351442
1946669596,7E4F37,true,222354506
1946694832,7E4F39,true,222357568
1946720100,7E4F34,true,222360631
1946745372,7E4F37,true,222363695
1946770642,7E4F39,true,222366757
1946795906,7E4F34,true,222369820
1946821190,7E4F37,true,222372884
1946846428,7E4F39,true,222375946
1946871764,7E4F39,true,222379055
1946895934,7E4F34,true,222382118
1946919804,7E4F37,true,222385182
1946947832,7E4EF7,true,222388650
1946975056,7E4F01,false,222391949
1947010648,0BD1AE,false,222395485
1947041468,09C03F,false,222399193
1947072048,02FAB9,false,222402864
1947103356,02FC66,false,222406601
1947131404,03B383,false,222409966
1947166162,02F5BE,false,222414080
1947195636,03DC55,false,222417620
1947313520,03DBBC,false,222421028
1947342710,7E4EFA,true,222424549
1947367980,7E4EFC,true,222427611
1947393222,7E4EF7,true,222430674
1947419066,02DA46,false,222433763
1947445060,02DA49,false,222436827
1947471016,02DA4B,false,222439889
1947496978,02DA46,false,222442952
1947522976,02DA49,false,222446016
1947548932,02DA4B,false,222449078
1947665474,00010F,false,222452230
1947696104,7E5721,true,222455897
1947728814,7E578F,true,222459794
1947759750,7E4FB3,true,222463493
1947789498,7E585A,true,222467053
1947816844,7E4F37,true,222470352
1947842066,7E4F39,true,222473414
1947867356,7E4F34,true,222476477
1947892614,7E4F37,true,222479541
1947917884,7E4F39,true,222482603
1947949764,7E4F37,true,222485828
1947973684,7E4F39,true,222488890
1947997546,7E4F34,true,222491953
1948022348,7E4F37,true,222495017
1948047542,7E4F39,true,222498079
1948072858,7E4F34,true,222501142
1948098076,7E4F37,true,222504206
1948123392,7E4F39,true,222507268
1948148628,7E4F34,true,222510331
1948173940,7E4F37,true,222513395
1948199162,7E4F39,true,222516457
1948224452,7E4F34,true,222519520
1948249710,7E4F37,true,222522584
1948274980,7E4F39,true,222525646
1948300310,7E4F39,true,222528755
1948324490,7E4F34,true,222531818
1948348360,7E4F37,true,222534882
1948372800,7E4F39,true,222537944
1948397982,7E4F34,true,222541007
1948423226,7E4F37,true,222544071
1948448488,7E4F39,true,222547133
1948473738,7E4F34,true,222550196
1948499028,7E4F37,true,222553260
1948524340,7E4F39,true,222556322
1948549550,7E4F34,true,222559385
1948574874,7E4F37,true,222562449
1948600104,7E4F39,true,222565511
1948625380,7E4F34,true,222568574
1948650832,7E4F34,true,222571683
1948675308,7E4F37,true,222574747
1948699124,7E4F39,true,222577809
1948726928,7E4EFC,true,222581286
1948752474,7E4EF7,true,222584401
1948778152,7E4EFA,true,222587510
1948803396,7E4EFC,true,222590572
1948829962,02DB9B,false,222593792
1948864138,0BDD88,false,222597182
1948894352,1FC53C,false,222600795
1948925082,1FCDD9,false,222604496
1948955426,02FB11,false,222608137
1948985358,03B402,false,222611693
1949106298,02F643,false,222615415
1949140252,7E4EFA,true,222619443
1949169918,03DBB6,false,222623014
1949197972,7E4EF7,true,222626449
1949223256,7E4EFA,true,222629513
1949248588,7E4EFC,true,222632575
1949274034,02DA4B,false,222635664
1949300024,02DA46,false,222638727
1949326024,02DA49,false,222641791
1949351980,02DA4B,false,222644853
1949470674,7E52DE,true,222648298
1949503356,7E5317,true,222652192
1949535254,7E529F,true,222655994
1949565330,7E4F9D,true,222659593
1949594180,7E4F37,true,222663063
1949619416,7E4F39,true,222666125
1949644692,7E4F34,true,222669188
1949669938,7E4F37,true,222672252
1949695208,7E4F39,true,222675314
1949727268,7E4F37,true,222678539
1949751572,7E4F39,true,222681601
1949775394,7E4F34,true,222684664
1949799782,7E4F37,true,222687728
1949824864,7E4F39,true,222690790
1949850186,7E4F34,true,222693853
1949875422,7E4F37,true,222696917
1949900692,7E4F39,true,222699979
1949925942,7E4F34,true,222703042
1949951234,7E4F37,true,222706106
1949976464,7E4F39,true,222709168
1950001746,7E4F34,true,222712231
1950027012,7E4F37,true,222715295
1950052280,7E4F39,true,222718357
1950077770,7E4F39,true,222721466
1950102338,7E4F34,true,222724529
1950126168,7E4F37,true,222727593
1950150260,7E4F39,true,222730655
1950175276,7E4F34,true,222733718
1950200528,7E4F37,true,222736782
1950225790,7E4F39,true,222739844
1950251026,7E4F34,true,222742907
1950276316,7E4F37,true,222745971
1950301640,7E4F39,true,222749033
1950326890,7E4F34,true,222752096
1950352180,7E4F37,true,222755160
1950377416,7E4F39,true,222758222
1950402686,7E4F34,true,222761285
1950427936,7E4F37,true,222764349
1950453128,7E4F37,true,222767458
1950480402,7E4EF7,true,222770933
1950504706,7E4EFA,true,222774049
1950530150,7E4EFC,true,222777156
1950555426,7E4EF7,true,222780219
1950581906,02DB9B,false,222783441
1950615896,0BD8CA,false,222786810
1950646328,1FC49C,false,222790448
1950677098,1FCD39,false,222794148
1950706780,00010D,false,222797716
1950737118,03B3EE,false,222801325
1950768234,02F5AB,false,222805041
1950892248,7E4EFA,true,222809084
1950918770,03DBB9,false,222812322
1950946774,7E4EF1,false,222815744
1950971992,7E4EFC,true,222818810
1950997314,7E4EF7,true,222821873
1951022646,000136,false,222824947
1951048744,02DA49,false,222828026
1951074712,02DA4B,false,222831088
1951100702,02DA46,false,222834151
1951126684,02DA49,false,222837215
1951243288,03BC68,false,222840381
1951274942,7E52F3,true,222844163
1951307690,7E5314,true,222848065
1951337610,7E51C4,true,222851647
1951367774,7E52F0,true,222855260
1951394448,7E4F37,true,222858487
1951419692,7E4F39,true,222861549
1951444970,7E4F34,true,222864612
1951470220,7E4F37,true,222867676
1951495482,7E4F39,true,222870738
1951527286,7E4F37,true,222873963
1951551102,7E4F39,true,222877025
1951574964,7E4F34,true,222880088
1951599912,7E4F37,true,222883152
1951625188,7E4F39,true,222886214
1951650438,7E4F34,true,222889277
1951675728,7E4F37,true,222892341
1951700964,7E4F39,true,222895403
1951726234,7E4F34,true,222898466
1951751558,7E4F37,true,222901530
1951776756,7E4F39,true,222904592
1951802092,7E4F34,true,222907655
1951827344,7E4F37,true,222910719
1951852620,7E4F39,true,222913781
1951877864,7E4F39,true,222916890
1951901890,7E4F34,true,222919953
1951925760,7E4F37,true,222923017
1951950382,7E4F39,true,222926079
1951975618,7E4F34,true,222929142
1952000876,7E4F37,true,222932206
1952026152,7E4F39,true,222935268
1952051394,7E4F34,true,222938331
1952076672,7E4F37,true,222941395
1952101930,7E4F39,true,222944457
1952127198,7E4F34,true,222947520
1952152550,7E4F37,true,222950584
1952177740,7E4F39,true,222953646
1952203062,7E4F34,true,222956709
1952228438,7E4F34,true,222959818
1952256174,7E4EFC,true,222963294
1952280430,7E4EF7,true,222966409
1952305206,03EB31,false,222969505
1952330496,7E4EFC,true,222972580
1952356944,02DB97,false,222975787
1952391032,0BD72C,false,222979175
1952421588,1FC45E,false,222982823
1952452328,1FCCF4,false,222986524
1952481890,7E4EF7,true,222990080
1952512380,03B3CE,false,222993697
1952543436,02F6B4,false,222997408
1952667434,7E4EFC,true,223001455
1952693916,03DBBA,false,223004690
1952721910,7E4EF4,false,223008114
1952747246,7E4EF7,true,223011179
1952772456,7E4EFA,true,223014243
1952797900,7E4EFA,false,223017323
1952823944,02DA4B,false,223020394
1952849918,02DA46,false,223023457
1952875916,02DA49,false,223026521
1952901884,02DA4B,false,223029583
1952927852,02DA46,false,223032646
1953047044,7E5306,true,223036151
1953079694,7E524F,true,223040037
1953111412,7E5811,true,223043822
1953141428,7E581F,true,223047418
1953169938,7E4F39,true,223050855
1953195206,7E4F34,true,223053918
1953220550,7E4F37,true,223056982
1953245740,7E4F39,true,223060044
1953271054,7E4F34,true,223063107
1953303018,7E4F39,true,223066331
1953327232,7E4F34,true,223069394
1953351102,7E4F37,true,223072458
1953375542,7E4F39,true,223075520
1953400734,7E4F34,true,223078583
1953425984,7E4F37,true,223081647
1953451260,7E4F39,true,223084709
1953476496,7E4F34,true,223087772
1953501780,7E4F37,true,223090836
1953527038,7E4F39,true,223093898
1953552314,7E4F34,true,223096961
1953577580,7E4F37,true,223100025
1953602856,7E4F39,true,223103087
1953628098,7E4F34,true,223106150
1953653580,7E4F34,true,223109259
1953678060,7E4F37,true,223112323
1953701916,7E4F39,true,223115385
1953726068,7E4F34,true,223118448
1953751172,7E4F37,true,223121512
1953776368,7E4F39,true,223124574
1953801676,7E4F34,true,223127637
1953826928,7E4F37,true,223130701
1953852204,7E4F39,true,223133763
1953877462,7E4F34,true,223136826
1953902752,7E4F37,true,223139890
1953927996,7E4F39,true,223142952
1953953286,7E4F34,true,223146015
1953978536,7E4F37,true,223149079
1954004130,7E4F37,true,223152188
1954028892,7E4F39,true,223155250
1954052714,7E4F34,true,223158313
1954077192,02F527,false,223161453
1954105630,7E4EF7,true,223164904
1954130920,7E4EFA,true,223167968
1954156576,7E4EFC,true,223171075
1954181826,7E4EF7,true,223174138
1954208732,7E4EFA,true,223177402
1954243390,0BEB26,false,223180838
1954274110,1FC586,false,223184520
1954305138,1FD323,false,223188242
1954336106,1FCEFE,false,223191957
1954455012,03B3F4,false,223195415
1954487968,02F6B2,false,223199338
1954518628,7E4EFC,true,223203003
1954544286,03DBBD,false,223206175
1954573136,7E4EFC,true,223209666
1954598410,7E4EF7,true,223212729
1954623668,7E4EFA,true,223215793
1954649428,02DA49,false,223218882
1954675396,02DA4B,false,223221944
1954701364,02DA46,false,223225007
1954818444,7E4F0F,false,223228229
1954849840,7E5362,true,223231990
1954882642,7E52EB,true,223235892
1954912628,7E52D4,true,223239485
1954942718,7E4FC6,true,223243088
1954969064,7E4F34,true,223246279
1954994340,7E4F37,true,223249343
1955019678,7E4F39,true,223252405
1955044874,7E4F34,true,223255468
1955070204,7E4F37,true,223258532
1955101956,7E4F39,true,223261774
1955125818,7E4F34,true,223264837
1955149688,7E4F37,true,223267901
1955174712,7E4F39,true,223270963
1955199982,7E4F34,true,223274026
1955225232,7E4F37,true,223277090
1955250508,7E4F39,true,223280152
1955275750,7E4F34,true,223283215
1955301034,7E4F37,true,223286279
1955326274,7E4F39,true,223289341
1955351542,7E4F34,true,223292404
1955376814,7E4F37,true,223295468
1955402084,7E4F39,true,223298530
1955427334,7E4F34,true,223301593
1955452594,7E4F34,true,223304702
1955476616,7E4F37,true,223307766
1955500432,7E4F39,true,223310828
1955525144,7E4F34,true,223313891
1955550388,7E4F37,true,223316955
1955575632,7E4F39,true,223320017
1955600914,7E4F34,true,223323080
1955626150,7E4F37,true,223326144
1955651420,7E4F39,true,223329206
1955676672,7E4F34,true,223332269
1955701956,7E4F37,true,223335333
1955727200,7E4F39,true,223338395
1955752482,7E4F34,true,223341458
1955777740,7E4F37,true,223344522
1955803122,7E4F37,true,223347631
1955827376,7E4F39,true,223350693
1955851238,7E4F34,true,223353756
1955879344,7E4F01,false,223357249
1955904866,7E4EF7,true,223360347
1955930460,7E4EFA,true,223363456
1955955736,7E4EFC,true,223366518
1955982668,7E4EF7,true,223369781
1956017338,0BEADD,false,223373226
1956048200,1FC4F1,false,223376919
1956079008,1FD28C,false,223380622
1956109994,02FC74,false,223384337
1956138686,03B3E6,false,223387766
1956261636,02F650,false,223391699
1956292558,7E4EFA,true,223395394
1956321548,03DBB6,false,223398913
1956350324,7E4EF7,true,223402400
1956375616,7E4EFA,true,223405464
1956400860,7E4EFC,true,223408526
1956426546,02DA4B,false,223411615
1956452584,02DA46,false,223414678
1956478568,02DA49,false,223417742
1956504674,7E3B56,false,223420824
1956624622,7E52E9,true,223424420
1956657246,7E530C,true,223428306
1956688128,7E5286,true,223432000
1956718266,7E52C6,true,223435608
1956746594,7E4F37,true,223439014
1956771832,7E4F39,true,223442076
1956797120,7E4F34,true,223445139
1956822372,7E4F37,true,223448203
1956847634,7E4F39,true,223451265
1956879586,7E4F37,true,223454490
1956903656,7E4F39,true,223457552
1956927518,7E4F34,true,223460615
1956952094,7E4F37,true,223463679
1956977312,7E4F39,true,223466741
1957002562,7E4F34,true,223469804
1957027844,7E4F37,true,223472868
1957053068,7E4F39,true,223475930
1957078350,7E4F34,true,223478993
1957103610,7E4F37,true,223482057
1957128880,7E4F39,true,223485119
1957154138,7E4F34,true,223488182
1957179428,7E4F37,true,223491246
1957204664,7E4F39,true,223494308
1957230124,7E4F39,true,223497417
1957254454,7E4F34,true,223500480
1957278324,7E4F37,true,223503544
1957302602,7E4F39,true,223506606
1957327734,7E4F34,true,223509669
1957352992,7E4F37,true,223512733
1957378256,7E4F39,true,223515795
1957403498,7E4F34,true,223518858
1957428788,7E4F37,true,223521922
1957454034,7E4F39,true,223524984
1957479310,7E4F34,true,223528047
1957504554,7E4F37,true,223531111
1957529852,7E4F39,true,223534173
1957555080,7E4F34,true,223537236
1957580674,7E4F34,true,223540345
1957608712,7E4EFC,true,223543821
1957632968,7E4EF7,true,223546936
1957657140,7E4EFA,true,223550000
1957682578,7E4EFC,true,223553107
1957708880,02DB98,false,223556293
1957743062,0BD6E3,false,223559699
1957773608,1FC422,false,223563346
1957804416,0AFB76,false,223567069
1957834518,00010F,false,223570688
1957865920,03BA58,false,223574431
1957895044,02F6A5,false,223577913
1957930018,02F6B1,false,223582055
1958045844,7E4EFA,true,223585193
1958071112,7E4EFC,true,223588255
1958096342,7E4EF7,true,223591318
1958121632,7E4EFA,true,223594382
1958146876,7E4EFC,true,223597444
1958172154,7E4EF7,true,223600507
1958197412,7E4EFA,true,223603571
1958222682,7E4EFC,true,223606633
1958247918,7E4EF7,true,223609696
1958273202,7E4EFA,true,223612760
1958388848,7E4EFA,true,223615875
1958414086,7E4EFC,true,223618937
1958439362,7E4EF7,true,223622000
1958464620,7E4EFA,true,223625064
1958489896,7E4EFC,true,223628126
1958515124,7E4EF7,true,223631189
1958540436,7E4EFA,true,223634253
1958565666,7E4EFC,true,223637315
1958590954,7E4EF7,true,223640378
1958616212,7E4EFA,true,223643442
1958641488,7E4EFC,true,223646504
1958676596,03DE01,false,223650129
1958703322,1FC061,false,223653584
1958728218,7E4EFA,true,223656750
1958753290,7E4EFC,true,223659812
1958778540,7E4EF7,true,223662875
1958807702,7E5342,true,223666373
1958840350,7E52C4,true,223670265
1958871730,7E5871,true,223674014
1958901808,7E5881,true,223677612
1958930384,7E4F34,true,223681054
1958955656,7E4F37,true,223684118
1958980926,7E4F39,true,223687180
1959006366,7E4054,true,223690267
1959031282,7E4F34,true,223693352
1959055152,7E4F37,true,223696416
1959078968,7E4F39,true,223699478
1959103924,7E4F34,true,223702541
1959129182,7E4F37,true,223705605
1959154452,7E4F39,true,223708667
1959179702,7E4F34,true,223711730
1959204992,7E4F37,true,223714794
1959230300,7E4F39,true,223717856
1959255526,7E4F34,true,223720919
1959280842,7E4F37,true,223723983
1959306100,7E4F39,true,223727045
1959331368,7E4F34,true,223730108
1959356620,7E4F37,true,223733172
1959381914,7E4F37,true,223736281
1959405976,7E4F39,true,223739343
1959429798,7E4F34,true,223742406
1959454416,7E4F37,true,223745470
1959479600,7E4F39,true,223748532
1959504882,7E4F34,true,223751595
1959530140,7E4F37,true,223754659
1959555408,7E4F39,true,223757721
1959580638,7E4F34,true,223760784
1959605950,7E4F37,true,223763848
1959631180,7E4F39,true,223766910
1959656476,7E4F34,true,223769973
1959681800,7E4F37,true,223773037
1959707004,7E4F39,true,223776099
1959732780,02F55D,false,223779250
1959760454,7E4EFC,true,223782717
1959784276,7E4EF7,true,223785780
1959809130,7E4EFA,true,223788889
1959834300,7E4EFC,true,223791951
1959861252,7E4EF7,true,223795214
1959895544,0BEAAE,false,223798612
1959926510,04A20B,false,223802331
1959956870,1FD30B,false,223805978
1959987866,02FCD8,false,223809688
1960016628,03B35F,false,223813123
1960050210,02F5BB,false,223817106
1960170128,03DB7B,false,223820698
1960198290,03DBBA,false,223824140
1960227392,7E4EFA,true,223827648
1960252596,7E4EFC,true,223830710
1960277910,7E4EF7,true,223833773
1960303746,02DA46,false,223836862
1960329762,02DA49,false,223839926
1960355730,02DA4B,false,223842988
1960381718,02DA46,false,223846051
1960407702,02DA49,false,223849115
1960433664,02DA4B,false,223852177
1960553372,7E52F6,true,223855736
1960585922,7E5317,true,223859625
1960617040,7E5935,true,223863340
1960647112,7E5188,true,223866943
1960675684,7E4F39,true,223870382
1960700952,7E4F34,true,223873445
1960726212,7E4F37,true,223876509
1960751476,7E4F39,true,223879571
1960776718,7E4F34,true,223882634
1960808742,7E4F39,true,223885858
1960832908,7E4F34,true,223888921
1960856738,7E4F37,true,223891985
1960881222,7E4F39,true,223895047
1960906370,7E4F34,true,223898110
1960931660,7E4F37,true,223901174
1960956904,7E4F39,true,223904236
1960982178,7E4F34,true,223907299
1961007430,7E4F37,true,223910363
1961032720,7E4F39,true,223913425
1961058036,7E4F34,true,223916488
1961083252,7E4F37,true,223919552
1961108560,7E4F39,true,223922614
1961133758,7E4F34,true,223925677
1961159268,7E4F34,true,223928786
1961183688,7E4F37,true,223931850
1961207544,7E4F39,true,223934912
1961231720,7E4F34,true,223937975
1961256804,7E4F37,true,223941039
1961282068,7E4F39,true,223944101
1961307310,7E4F34,true,223947164
1961332600,7E4F37,true,223950228
1961357836,7E4F39,true,223953290
1961383122,7E4F34,true,223956353
1961408366,7E4F37,true,223959417
1961433628,7E4F39,true,223962479
1961458880,7E4F34,true,223965542
1961487718,7E4EF7,true,223968999
1961513668,7E4EF7,true,223972160
1961538192,7E4EFA,true,223975224
1961562396,7E4EFC,true,223978331
1961587448,02DB9B,false,223981509
1961620826,1FD2C8,false,223984854
1961651054,1FD2E9,false,223988459
1961681918,1FDAF2,false,223992170
1961711754,7E4EF7,true,223995758
1961741944,03B410,false,223999346
1961772926,02F655,false,224003044
1961806062,7E4EF7,true,224006983
1961835598,03DBBA,false,224010540
1961864604,000119,false,224014069
1961980312,7E4EFC,true,224017191
1962005542,7E4EF7,true,224020254
1962030832,7E4EFA,true,224023318
1962056956,02DA49,false,224026407
1962082912,02DA4B,false,224029469
1962108900,02DA46,false,224032532
1962134872,02DA49,false,224035596
1962160892,02DA4B,false,224038658
1962186874,02DA46,false,224041721
1962212846,02DA49,false,224044785
1962330378,7E4F70,true,224048088
1962363202,7E52CC,true,224051994
1962394964,7E52D9,true,224055783
1962425094,7E51A5,true,224059391
1962455120,7E4F37,true,224062990
1962480364,7E4F39,true,224066052
1962505632,7E4F34,true,224069115
1962530904,7E4F37,true,224072179
1962556166,7E4F39,true,224075241
1962581696,7E3BB5,true,224078340
1962612880,7E4F37,true,224081548
1962636696,7E4F39,true,224084610
1962660912,7E4F34,true,224087673
1962685956,7E4F37,true,224090737
1962711260,7E4F39,true,224093799
1962736502,7E4F34,true,224096862
1962761792,7E4F37,true,224099926
1962787028,7E4F39,true,224102988
1962812314,7E4F34,true,224106051
1962837558,7E4F37,true,224109115
1962862820,7E4F39,true,224112177
1962888072,7E4F34,true,224115240
1962913356,7E4F37,true,224118304
1962938976,7E4F37,true,224121413
1962963644,7E4F39,true,224124475
1962987506,7E4F34,true,224127538
1963011336,7E4F37,true,224130602
1963036362,7E4F39,true,224133664
1963061612,7E4F34,true,224136727
1963086896,7E4F37,true,224139791
1963112212,7E4F39,true,224142853
1963137422,7E4F34,true,224145916
1963162744,7E4F37,true,224148980
1963188004,7E4F39,true,224152042
1963213272,7E4F34,true,224155105
1963238536,7E4F37,true,224158169
1963267238,7E4EFA,true,224161626
1963292908,7E4EFC,true,224164740
1963318484,7E4EFC,true,224167894
1963342346,7E4EF7,true,224170957
1963367408,02DBA3,false,224174180
1963401234,0BDD76,false,224177565
1963431528,1FC535,false,224181185
1963462274,1FD306,false,224184884
1963492590,7E4EFC,true,224188531
1963522226,03B3EE,false,224192054
1963554336,02F5DE,false,224195881
1963585568,7E4EFC,true,224199609
1963614540,03DBB9,false,224203129
1963645020,02DA38,false,224206795
1963761768,7E4EFA,true,224210032
1963787012,7E4EFC,true,224213094
1963812286,7E4EF7,true,224216157
1963838258,02DA46,false,224219246
1963864258,02DA49,false,224222310
1963890246,02DA4B,false,224225372
1963916220,02DA46,false,224228435
1963942258,02DA49,false,224231499
1963968234,02DA4B,false,224234561
1963994206,02DA46,false,224237624
1964111508,7E4F5A,true,224240876
1964143122,7E5362,true,224244659
1964175774,7E4FA7,true,224248554
1964205874,7E52D7,true,224252156
1964236146,7E4FB1,true,224255773
1964261838,7E4F37,true,224258893
1964287100,7E4F39,true,224261955
1964312364,7E4F34,true,224265018
1964337648,7E4F37,true,224268082
1964362892,7E4F39,true,224271144
1964394542,7E4F37,true,224274369
1964418398,7E4F39,true,224277431
1964442340,7E4F34,true,224280494
1964467320,7E4F37,true,224283558
1964492636,7E4F39,true,224286620
1964517878,7E4F34,true,224289683
1964543168,7E4F37,true,224292747
1964568404,7E4F39,true,224295809
1964593688,7E4F34,true,224298872
1964618934,7E4F37,true,224301936
1964644196,7E4F39,true,224304998
1964669460,7E4F34,true,224308061
1964694744,7E4F37,true,224311125
1964719988,7E4F39,true,224314187
1964745222,7E4F39,true,224317296
1964769186,7E4F34,true,224320359
1964793016,7E4F37,true,224323423
1964817758,7E4F39,true,224326485
1964842986,7E4F34,true,224329548
1964868276,7E4F37,true,224332612
1964893592,7E4F39,true,224335674
1964918794,7E4F34,true,224338737
1964944118,7E4F37,true,224341801
1964969376,7E4F39,true,224344863
1964994652,7E4F34,true,224347926
1965019924,7E4F37,true,224350990
1965045188,7E4F39,true,224354052
1965070430,7E4F34,true,224357115
1965099182,7E4EFC,true,224360615
1965123678,7E4EF7,true,224363730
1965147856,7E4EFA,true,224366839
1965172478,7E4EFC,true,224369901
1965199010,02D974,false,224373127
1965233596,1FC434,false,224376558
1965263852,04A2B2,false,224380189
1965294460,1FCD58,false,224383870
1965325520,1FCE94,false,224387588
1965354490,03B3F8,false,224391045
1965387526,02F5AB,false,224394971
1965417568,7E4F05,false,224398568
1965533404,03DBBD,false,224401768
1965562260,7E4EFA,true,224405261
1965587496,7E4EFC,true,224408323
1965612778,7E4EF7,true,224411386
1965638544,02DA46,false,224414475
1965664526,02DA49,false,224417539
1965690518,02DA4B,false,224420601
1965716488,02DA46,false,224423664
1965742484,02DA49,false,224426728
1965768460,02DA4B,false,224429790
1965794432,02DA46,false,224432853
1965914180,7E5326,true,224436421
1965946930,7E534F,true,224440322
1965977872,7E5198,true,224444022
1966007964,7E51A1,true,224447616
1966036506,7E4F34,true,224451058
1966061796,7E4F37,true,224454122
1966087118,7E4F39,true,224457184
1966112320,7E4F34,true,224460247
1966137644,7E4F37,true,224463311
1966169588,7E4F34,true,224466534
1966193760,7E4F37,true,224469598
1966217616,7E4F39,true,224472660
1966242128,7E4F34,true,224475723
1966267344,7E4F37,true,224478787
1966292588,7E4F39,true,224481849
1966317870,7E4F34,true,224484912
1966343106,7E4F37,true,224487976
1966368376,7E4F39,true,224491038
1966393640,7E4F34,true,224494101
1966418924,7E4F37,true,224497165
1966444182,7E4F39,true,224500227
1966469458,7E4F34,true,224503290
1966494716,7E4F37,true,224506354
1966520206,7E4F37,true,224509463
1966544584,7E4F39,true,224512525
1966568446,7E4F34,true,224515588
1966592662,7E4F37,true,224518652
1966617768,7E4F39,true,224521714
1966643018,7E4F34,true,224524777
1966668294,7E4F37,true,224527841
1966693524,7E4F39,true,224530903
1966718806,7E4F34,true,224533966
1966744072,7E4F37,true,224537030
1966769348,7E4F39,true,224540092
1966794598,7E4F34,true,224543155
1966819896,7E4F37,true,224546219
1966845140,7E4F39,true,224549281
1966870710,7E4F39,true,224552390
1966895922,02F576,false,224555516
1966922944,7E4EFC,true,224558961
1966947018,7E4EF7,true,224562024
1966972478,7E4EFA,true,224565133
1966997716,7E4EFC,true,224568195
1967024632,7E4EF7,true,224571458
1967059328,0BEB14,false,224574902
1967090048,1FC594,false,224578587
1967120818,1FCD46,false,224582284
1967152012,1FCE26,false,224586016
1967180484,03B347,false,224589418
1967215194,02F5A3,false,224593528
1967333176,7E4EFC,true,224596910
1967358452,7E4EF7,true,224599973
1967383704,7E4EFA,true,224603037
1967408980,7E4EFC,true,224606099
1967434222,7E4EF7,true,224609162
1967459508,7E4EFA,true,224612226
1967484744,7E4EFC,true,224615288
1967510014,7E4EF7,true,224618351
1967535266,7E4EFA,true,224621415
1967560536,7E4EFC,true,224624477
1967676200,7E4EFC,true,224627592
1967701450,7E4EF7,true,224630655
1967726740,7E4EFA,true,224633719
1967751970,7E4EFC,true,224636781
1967777238,7E4EF7,true,224639844
1967802496,7E4EFA,true,224642908
1967827768,7E4EFC,true,224645970
1967853018,7E4EF7,true,224649033
1967878302,7E4EFA,true,224652097
1967903540,7E4EFC,true,224655159
1967928814,7E4EF7,true,224658222
1967962314,03DBBC,false,224661648
1967987128,1FC087,false,224664880
1968012218,7E4EFA,true,224668101
1968037118,7E4EFC,true,224671163
1968062400,7E4EF7,true,224674226
1968090974,7E5334,true,224677661
1968123670,7E5796,true,224681555
1968155478,7E4FD1,true,224685358
1968185562,7E500F,true,224688959
1968214224,7E4F34,true,224692405
1968239550,7E4F37,true,224695469
1968264788,7E4F39,true,224698531
1968290070,7E4F34,true,224701594
1968315350,7E4F34,true,224704703
1968339428,7E4F37,true,224707767
1968363284,7E4F39,true,224710829
1968387852,7E4F34,true,224713892
1968413078,7E4F37,true,224716956
1968438308,7E4F39,true,224720018
1968463590,7E4F34,true,224723081
1968488840,7E4F37,true,224726145
1968514110,7E4F39,true,224729207
1968539374,7E4F34,true,224732270
1968564658,7E4F37,true,224735334
1968589902,7E4F39,true,224738396
1968615178,7E4F34,true,224741459
1968640508,7E4F37,true,224744523
1968665888,7E4F37,true,224747632
1968690212,7E4F39,true,224750694
1968714074,7E4F34,true,224753757
1968738366,7E4F37,true,224756821
1968763492,7E4F39,true,224759883
1968788742,7E4F34,true,224762946
1968814020,7E4F37,true,224766010
1968839256,7E4F39,true,224769072
1968864538,7E4F34,true,224772135
1968889798,7E4F37,true,224775199
1968915068,7E4F39,true,224778261
1968940304,7E4F34,true,224781324
1968965616,7E4F37,true,224784388
1968990838,7E4F39,true,224787450
1969016432,7E4F39,true,224790559
1969041050,7E4F34,true,224793622
1969068152,7E4EF7,true,224797076
1969092710,7E4EFA,true,224800192
1969118146,7E4EFC,true,224803299
1969143390,7E4EF7,true,224806362
1969169944,02DB8B,false,224809582
1969204118,0BDD98,false,224812972
1969234264,1FC596,false,224816582
1969265318,1FDAF2,false,224820312
1969295472,7E4EF7,true,224823937
1969325344,03B3CE,false,224827487
1969357748,02F6B1,false,224831353
1969478816,7E4EFC,true,224835071
1969504560,03DBBA,false,224838251
1969533292,7E4EFA,true,224841728
1969558568,7E4EFC,true,224844790
1969583810,7E4EF7,true,224847853
1969609504,02DA46,false,224850942
1969635482,02DA49,false,224854006
1969661486,02DA4B,false,224857068
1969687460,02DA46,false,224860131
1969713450,02DA49,false,224863195
1969830780,7E4F72,true,224866457
1969862774,7E5344,true,224870274
1969895228,7E57F2,true,224874152
1969925512,7E4F9F,true,224877771
1969955808,7E4F37,true,224881400
1969981052,7E4F39,true,224884462
1970006322,7E4F34,true,224887525
1970031594,7E4F37,true,224890589
1970056856,7E4F39,true,224893651
1970082106,7E4F34,true,224896714
1970113678,7E4F39,true,224899938
1970137540,7E4F34,true,224903001
1970161546,7E4F37,true,224906065
1970186534,7E4F39,true,224909127
1970211856,7E4F34,true,224912190
1970237108,7E4F37,true,224915254
1970262384,7E4F39,true,224918316
1970287626,7E4F34,true,224921379
1970312910,7E4F37,true,224924443
1970338148,7E4F39,true,224927505
1970363418,7E4F34,true,224930568
1970388690,7E4F37,true,224933632
1970413952,7E4F39,true,224936694
1970439202,7E4F34,true,224939757
1970464418,7E4F34,true,224942866
1970488336,7E4F37,true,224945930
1970512152,7E4F39,true,224948992
1970536956,7E4F34,true,224952055
1970562216,7E4F37,true,224955119
1970587492,7E4F39,true,224958181
1970612814,7E4F34,true,224961244
1970638024,7E4F37,true,224964308
1970663326,7E4F39,true,224967370
1970688590,7E4F34,true,224970433
1970713874,7E4F37,true,224973497
1970739132,7E4F39,true,224976559
1970764408,7E4F34,true,224979622
1970789660,7E4F37,true,224982686
1970816086,02F578,false,224985920
1970842812,7E4EFA,true,224989301
1970866628,7E4EFC,true,224992363
1970891652,7E4EF7,true,224995471
1970916872,7E4EFA,true,224998535
1970943810,7E4EFC,true,225001797
1970978950,0BE9E2,false,225005291
1971009724,04A0CC,false,225008978
1971040158,02DB20,false,225012640
1971071506,02FCDC,false,225016384
1971100092,02F597,false,225019810
1971135076,02F5A9,false,225023955
1971254634,03DE75,false,225027512
1971282668,1FC072,false,225030933
1971310116,7E4EFA,true,225034252
1971335352,7E4EFC,true,225037314
1971360620,7E4EF7,true,225040377
1971386618,02DA46,false,225043466
1971412600,02DA49,false,225046530
1971438562,02DA4B,false,225049592
1971464544,02DA46,false,225052655
1971490534,02DA49,false,225055719
1971606874,03BB28,false,225058839
1971637394,7E53A7,true,225062488
1971670090,7E52DB,true,225066379
1971700982,7E52E9,true,225070079
1971731010,7E5003,true,225073679
1971758420,7E4F39,true,225076986
1971783702,7E4F34,true,225080049
1971809036,7E4F37,true,225083113
1971834226,7E4F39,true,225086175
1971859534,7E4F34,true,225089238
1971891444,7E4F39,true,225092462
1971915456,7E4F34,true,225095525
1971939286,7E4F37,true,225098589
1971963994,7E4F39,true,225101651
1971989246,7E4F34,true,225104714
1972014504,7E4F37,true,225107778
1972039780,7E4F39,true,225110840
1972065022,7E4F34,true,225113903
1972090306,7E4F37,true,225116967
1972115564,7E4F39,true,225120029
1972140834,7E4F34,true,225123092
1972166106,7E4F37,true,225126156
1972191368,7E4F39,true,225129218
1972216618,7E4F34,true,225132281
1972242010,7E4F34,true,225135390
1972266284,7E4F37,true,225138454
1972290140,7E4F39,true,225141516
1972314528,7E4F34,true,225144579
1972339684,7E4F37,true,225147643
1972364928,7E4F39,true,225150705
1972390202,7E4F34,true,225153768
1972415454,7E4F37,true,225156832
1972440724,7E4F39,true,225159894
1972465982,7E4F34,true,225162957
1972491272,7E4F37,true,225166021
1972516508,7E4F39,true,225169083
1972541798,7E4F34,true,225172146
1972567056,7E4F37,true,225175210
1972592562,7E4F37,true,225178319
1972620370,7E4EF7,true,225181774
1972644634,7E4EFA,true,225184890
1972669250,7E4EFC,true,225187997
1972694386,7E4EF7,true,225191060
1972721292,7E4EFA,true,225194324
1972755380,1FC5D8,false,225197702
1972786466,09C03A,false,225201424
1972816772,02DB04,false,225205069
1972847928,1FCED5,false,225208799
1972877028,03B341,false,225212265
1972910558,02F5DA,false,225216252
1972940384,03DC0B,false,225219828
1973058594,03DBB6,false,225223275
1973087672,7E4EFC,true,225226785
1973112994,7E4EF7,true,225229848
1973138204,7E4EFA,true,225232912
1973164060,02DA49,false,225236001
1973190036,02DA4B,false,225239063
1973216056,02DA46,false,225242126
1973242054,02DA49,false,225245190
1973268022,02DA4B,false,225248252
1973293984,02DA46,false,225251315
1973412254,7E530C,true,225254709
1973445056,7E5709,true,225258617
1973476804,7E52D1,true,225262405
1973506894,7E52E6,true,225266010
1973536108,7E4F34,true,225269520
1973561360,7E4F37,true,225272584
1973586636,7E4F39,true,225275646
1973611886,7E4F34,true,225278709
1973637176,7E4F37,true,225281773
1973668848,7E3E37,true,225284950
1973693608,7E4F37,true,225288060
1973717424,7E4F39,true,225291122
1973741700,7E4F34,true,225294185
1973766828,7E4F37,true,225297249
1973792072,7E4F39,true,225300311
1973817346,7E4F34,true,225303374
1973842598,7E4F37,true,225306438
1973867868,7E4F39,true,225309500
1973893204,7E4F34,true,225312563
1973918416,7E4F37,true,225315627
1973943732,7E4F39,true,225318689
1973968982,7E4F34,true,225321752
1973994272,7E4F37,true,225324816
1974019794,7E4F37,true,225327925
1974044408,7E4F39,true,225330987
1974068230,7E4F34,true,225334050
1974092222,7E4F37,true,225337114
1974117254,7E4F39,true,225340176
1974142498,7E4F34,true,225343239
1974167788,7E4F37,true,225346303
1974193032,7E4F39,true,225349365
1974218300,7E4F34,true,225352428
1974243552,7E4F37,true,225355492
1974268822,7E4F39,true,225358554
1974294066,7E4F34,true,225361617
1974319350,7E4F37,true,225364681
1974348042,7E4EF7,true,225368136
1974374094,7E4EF7,true,225371297
1974399172,7E4EFA,true,225374406
1974422988,7E4EFC,true,225377468
1974447984,02DB95,false,225380669
1974481980,0BDCDA,false,225384071
1974512304,1FC502,false,225387701
1974543056,1FD304,false,225391399
1974573436,7E4EFA,true,225395048
1974603304,03B400,false,225398601
1974635686,02F682,false,225402460
1974666460,7E4EF7,true,225406137
1974695442,03DBBA,false,225409650
1974726156,02DA35,false,225413341
1974842430,7E4EF7,true,225416530
1974867720,7E4EFA,true,225419594
1974893036,7E4EFC,true,225422656
1974919064,02DA4B,false,225425745
1974945036,02DA46,false,225428808
1974971038,02DA49,false,225431872
1974997014,02DA4B,false,225434934
1975022994,02DA46,false,225437997
1975048994,02DA49,false,225441061
1975074958,02DA4B,false,225444123
1975192360,7E4F58,true,225447398
1975224566,7E52F6,true,225451237
1975256706,7E5880,true,225455074
1975287280,7E5172,true,225458727
1975317326,7E4F39,true,225462328
1975342570,7E4F34,true,225465391
1975367860,7E4F37,true,225468455
1975393092,7E4F39,true,225471517
1975418374,7E4F34,true,225474580
1975443624,7E4F37,true,225477644
1975475116,7E4F34,true,225480867
1975498946,7E4F37,true,225483931
1975522982,7E4F39,true,225486993
1975548060,7E4F34,true,225490056
1975573310,7E4F37,true,225493120
1975598580,7E4F39,true,225496182
1975623830,7E4F34,true,225499245
1975649120,7E4F37,true,225502309
1975674366,7E4F39,true,225505371
1975699634,7E4F34,true,225508434
1975724878,7E4F37,true,225511498
1975750168,7E4F39,true,225514560
1975775412,7E4F34,true,225517623
1975800696,7E4F37,true,225520687
1975825876,7E4F37,true,225523796
1975849740,7E4F39,true,225526858
1975873602,7E4F34,true,225529921
1975898478,7E4F37,true,225532985
1975923718,7E4F39,true,225536047
1975948986,7E4F34,true,225539110
1975974244,7E4F37,true,225542174
1975999520,7E4F39,true,225545236
1976024762,7E4F34,true,225548299
1976051410,02F512,false,225551516
1976079206,7E4EF7,true,225554870
1976104482,7E4EFA,true,225557934
1976130160,7E4EFC,true,225561041
1976155356,7E4EF7,true,225564104
1976272916,02DCC2,false,225567450
1976307324,0BEB26,false,225570856
1976338000,1FC59D,false,225574536
1976368742,1FCD4F,false,225578233
1976399986,1FCE2C,false,225581969
1976428516,03B343,false,225585384
1976463362,02F5DD,false,225589509
1976493152,03DDF4,false,225593083
1976610786,1FC069,false,225596470
1976639004,7E4EFC,true,225599873
1976664254,7E4EF7,true,225602936
1976689536,7E4EFA,true,225606000
1976717440,7E52F4,true,225609362
1976750204,7E5314,true,225613264
1976781928,7E52F0,true,225617056
1976812004,7E578F,true,225620659
1976841318,7E4F37,true,225624179
1976866548,7E4F39,true,225627241
1976898412,7E4F37,true,225630466
1976922268,7E4F39,true,225633528
1976946090,7E4F34,true,225636591
1976970970,7E4F37,true,225639655
1976996292,7E4F39,true,225642717
1977021502,7E4F34,true,225645780
1977046832,7E4F37,true,225648844
1977072062,7E4F39,true,225651906
1977097330,7E4F34,true,225654969
1977122590,7E4F37,true,225658033
1977147860,7E4F39,true,225661095
1977173118,7E4F34,true,225664158
1977198408,7E4F37,true,225667222
1977223644,7E4F39,true,225670284
1977248952,7E4F39,true,225673393
1977273066,7E4F34,true,225676456
1977296896,7E4F37,true,225679520
1977321458,7E4F39,true,225682582
1977346650,7E4F34,true,225685645
1977371940,7E4F37,true,225688709
1977397170,7E4F39,true,225691771
1977422438,7E4F34,true,225694834
1977447768,7E4F37,true,225697898
1977472974,7E4F39,true,225700960
1977498290,7E4F34,true,225704023
1977523556,7E4F37,true,225707087
1977552244,7E4EF7,true,225710542
1977577920,7E4EFA,true,225713658
1977603666,7E4EFA,true,225716812
1977627874,7E4EFC,true,225719874
1977652790,02DB9B,false,225723076
1977686028,0BD70B,false,225726467
1977716610,1FC450,false,225730120
1977746846,0BB38A,false,225733760
1977777560,7E4EF7,true,225737451
1977807298,03B3CB,false,225740986
1977839312,02F5C2,false,225744802
1977870648,7E4EFC,true,225748541
1977899670,03DBB9,false,225752063
1977930072,02DA38,false,225755721
1978048358,7E4EFC,true,225759120
1978073586,7E4EF7,true,225762183
1978098870,7E4EFA,true,225765247
1978124620,02DA49,false,225768336
1978150576,02DA4B,false,225771398
1978176546,02DA46,false,225774461
1978202546,02DA49,false,225777525
1978228510,02DA4B,false,225780587
1978254492,02DA46,false,225783650
1978280482,02DA49,false,225786714
1978396814,03BB28,false,225789834
1978427328,7E5787,true,225793485
1978460034,7E52E6,true,225797377
1978490920,7E52F0,true,225801075
1978520952,7E500A,true,225804675
1978548356,7E4F39,true,225807981
1978573638,7E4F34,true,225811044
1978598970,7E4F37,true,225814108
1978624168,7E4F39,true,225817170
1978649482,7E4F34,true,225820233
1978681488,7E4F37,true,225823477
1978705496,7E4F39,true,225826539
1978729358,7E4F34,true,225829602
1978754042,7E4F37,true,225832666
1978779288,7E4F39,true,225835728
1978804530,7E4F34,true,225838791
1978829806,7E4F37,true,225841855
1978855044,7E4F39,true,225844917
1978880326,7E4F34,true,225847980
1978905572,7E4F37,true,225851044
1978930848,7E4F39,true,225854106
1978956100,7E4F34,true,225857169
1978981384,7E4F37,true,225860233
1979006614,7E4F39,true,225863295
1979032008,7E4F39,true,225866404
1979056270,7E4F34,true,225869467
1979080140,7E4F37,true,225872531
1979104538,7E4F39,true,225875593
1979129694,7E4F34,true,225878656
1979154952,7E4F37,true,225881720
1979180966,02F563,false,225884869
1979209332,7E4EFA,true,225888291
1979234642,7E4EFC,true,225891353
1979260242,7E4EF7,true,225894461
1979285532,7E4EFA,true,225897525
1979312564,000136,false,225900798
1979348170,0BD1AF,false,225904338
1979469100,1FD28E,false,225908072
1979499566,1FD0DE,false,225911729
1979530800,02FBCB,false,225915457
1979559666,02F66D,false,225918915
1979594726,02F67F,false,225923061
1979622566,03DBBC,false,225926438
1979649338,1FC04C,false,225929730
1979675496,7E4EFA,true,225932899
1979700740,7E4EFC,true,225935961
1979726014,7E4EF7,true,225939024
1979844400,7E52EE,true,225942440
1979877140,7E5310,true,225946338
1979908884,7E52EB,true,225950134
1979938936,7E578B,true,225953732
1979968268,7E4F39,true,225957255
1979993550,7E4F34,true,225960318
1980018794,7E4F37,true,225963382
1980044076,7E4F39,true,225966444
1980069398,7E4F34,true,225969507
1980100954,7E4054,true,225972667
1980125810,7E4F34,true,225975794
1980149680,7E4F37,true,225978858
1980173958,7E4F39,true,225981920
1980199090,7E4F34,true,225984983
1980224348,7E4F37,true,225988047
1980249612,7E4F39,true,225991109
1980274854,7E4F34,true,225994172
1980300144,7E4F37,true,225997236
1980325390,7E4F39,true,226000298
1980350666,7E4F34,true,226003361
1980375910,7E4F37,true,226006425
1980401208,7E4F39,true,226009487
1980426436,7E4F34,true,226012550
1980452030,7E4F34,true,226015659
1980476656,7E4F37,true,226018723
1980500472,7E4F39,true,226021785
1980524462,7E4F34,true,226024848
1980550762,02F575,false,226028059
1980578630,7E4EF7,true,226031419
1980603888,7E4EFA,true,226034483
1980629552,7E4EFC,true,226037590
1980654834,7E4EF7,true,226040653
1980682020,02DCC5,false,226043944
1980715992,1FC4F1,false,226047292
1980746662,1FD304,false,226050973
1980776918,0BB08E,false,226054611
1980898080,02FB7D,false,226058356
1980927448,03B430,false,226061848
1980960376,02F68B,false,226065766
1980990396,7E4EFC,true,226069357
1981015786,03DBBA,false,226072510
1981044834,7E4EFA,true,226076012
1981070064,7E4EFC,true,226079074
1981095346,7E4EF7,true,226082137
1981121178,02DA46,false,226085226
1981147158,02DA49,false,226088290
1981264396,7E4F70,true,226091533
1981295882,7E5312,true,226095298
1981328608,7E5784,true,226099195
1981358668,7E52CC,true,226102796
1981388886,7E52F0,true,226106418
1981414800,7E4F39,true,226109557
1981440042,7E4F34,true,226112620
1981465334,7E4F37,true,226115684
1981490644,7E4F39,true,226118746
1981515854,7E4F34,true,226121809
1981547676,7E4F37,true,226125053
1981571492,7E4F39,true,226128115
1981595396,7E4F34,true,226131178
1981620454,7E4F37,true,226134242
1981645692,7E4F39,true,226137304
1981670974,7E4F34,true,226140367
1981696224,7E4F37,true,226143431
1981721486,7E4F39,true,226146493
1981746730,7E4F34,true,226149556
1981772016,7E4F37,true,226152620
1981797252,7E4F39,true,226155682
1981825970,7E4EFA,true,226159139
1981851660,7E4EFC,true,226162253
1981877482,7E3AF0,true,226165381
1981902434,7E4EF7,true,226168470
1981927364,02DB9B,false,226171674
1981960376,0BDDE1,false,226175103
1981990402,1FC7BB,false,226178718
1982021280,1FCDDF,false,226182431
1982051628,02FB25,false,226186086
1982081686,03B3FA,false,226189659
1982113564,02F652,false,226193461
1982145204,7E4EF7,true,226197238
1982171074,03DBB6,false,226200421
1982201166,02DA35,false,226204049
1982231320,02DA38,false,226207623
1982347536,7E4EF7,true,226210804
1982372788,7E4EFA,true,226213868
1982398064,7E4EFC,true,226216930
1982424102,02DA4B,false,226220019
1982450074,02DA46,false,226223082
1982476076,02DA49,false,226226146
1982502052,02DA4B,false,226229208
1982528072,02DA46,false,226232271
1982554072,02DA49,false,226235335
1982580036,02DA4B,false,226238397
1982697456,7E4F80,true,226241676
1982729662,7E5317,true,226245520
1982761698,7E590C,true,226249346
1982792324,7E57B2,true,226253007
1982822336,7E4F39,true,226256602
1982847586,7E4F34,true,226259665
1982872870,7E4F37,true,226262729
1982898128,7E4F39,true,226265791
1982923398,7E4F34,true,226268854
1982948648,7E4F37,true,226271918
1982980140,7E4F34,true,226275141
1983003970,7E4F37,true,226278205
1983028062,7E4F39,true,226281267
1983053068,7E4F34,true,226284330
1983078398,7E4F37,true,226287394
1983103636,7E4F39,true,226290456
1983128918,7E4F34,true,226293519
1983154176,7E4F37,true,226296583
1983180290,02F52D,false,226299746
1983209054,02DB9B,false,226303212
1983242864,0BD33A,false,226306578
1983273286,1FD32B,false,226310209
1983304002,1FD2EB,false,226313912
1983423892,00010D,false,226317513
1983455240,03BA68,false,226321256
1983484704,02F5E7,false,226324782
1983519648,7E4EFA,true,226328914
1983549224,03DE74,false,226332467
1983577308,7E4EE8,false,226335910
1983602620,7E4EF7,true,226338976
1983627878,7E4EFA,true,226342040
1983653208,00010D,false,226345110
1983770826,7E4F79,true,226348416
1983803356,7E52DE,true,226352292
1983835018,7E51A3,true,226356080
1983865594,7E5880,true,226359733
1983895602,7E4F37,true,226363334
1983920840,7E4F39,true,226366396
1983946122,7E4F34,true,226369459
1983971388,7E4F37,true,226372523
1983996664,7E4F39,true,226375585
1984022086,7E3BB1,true,226378672
1984053312,7E4F39,true,226381872
1984077134,7E4F34,true,226384935
1984101296,7E4F37,true,226387999
1984126308,7E4F39,true,226391061
1984151544,7E4F34,true,226394124
1984176820,7E4F37,true,226397188
1984202064,7E4F39,true,226400250
1984230348,02E20E,false,226403650
1984257726,7E4EFA,true,226406966
1984292326,02FC76,false,226410395
1984323460,1FC497,false,226414136
1984354104,0BAE44,false,226417814
1984475078,02FC71,false,226421528
1984504014,03B357,false,226424981
1984537674,02F5F1,false,226428984
1984567394,03DC0B,false,226432545
1984595432,1FC06C,false,226435966
1984624274,7E4EFA,true,226439449
1984649512,7E4EFC,true,226442511
1984674798,7E4EF7,true,226445574
1984700692,02DA46,false,226448663
1984726664,02DA49,false,226451727
1984844210,7E4F79,true,226455026
1984876986,7E5365,true,226458931
1984908636,7E5784,true,226462715
1984938916,7E5194,true,226466334
1984968906,7E4F37,true,226469932
1984994136,7E4F39,true,226472994
1985019418,7E4F34,true,226476057
1985044684,7E4F37,true,226479121
1985069960,7E4F39,true,226482183
1985098234,7E3BF2,true,226485280
1985126536,7E4F39,true,226488470
1985150358,7E4F34,true,226491533
1985177858,7E4EFA,true,226494982
1985204924,02DCC2,false,226498277
1985239572,0BDF2B,false,226501716
1985270284,1FC5E2,false,226505392
1985300928,1FCD91,false,226509084
1985332300,02FC6C,false,226512834
1985360634,03B381,false,226516224
1985395352,02F5A6,false,226520336
1985424942,03DE37,false,226523892
1985542854,1FC091,false,226527307
1985571100,7E4EFA,true,226530717
1985596362,7E4EFC,true,226533779
1985621598,7E4EF7,true,226536842
1985647534,02DA46,false,226539931
1985673506,02DA49,false,226542995
1985699482,02DA4B,false,226546057
1985725462,02DA46,false,226549120
1985751464,02DA49,false,226552184
1985777432,02DA4B,false,226555246
1985803412,02DA46,false,226558309
1985922268,7E5310,true,226561762
1985954990,7E5721,true,226565659
1985986804,7E4FBA,true,226569461
1986016922,7E4FCE,true,226573065
1986045610,7E4F34,true,226576514
1986070940,7E4F37,true,226579578
1986096130,7E4F39,true,226582640
1986121464,7E4F34,true,226585703
1986146716,7E4F37,true,226588767
1986178772,7E4F34,true,226591990
1986203048,7E4F37,true,226595054
1986226864,7E4F39,true,226598116
1986251256,7E4F34,true,226601179
1986276408,7E4F37,true,226604243
1986301684,7E4F39,true,226607305
1986326926,7E4F34,true,226610368
1986352210,7E4F37,true,226613432
1986377500,00010F,false,226616501
1986406844,02DB5C,false,226620032
1986433204,02DCDA,false,226623223
1986469338,02DB07,false,226626823
1986500406,04A193,false,226630567
1986620762,7E4EFA,true,226634216
1986652180,03BA50,false,226637968
1986681266,02F6AC,false,226641458
1986716272,02F6B4,false,226645591
1986745356,03DE01,false,226649095
1986773736,1FC053,false,226652557
1986799486,7E4EF7,true,226655677
1986824752,7E4EFA,true,226658741
1986850028,7E4EFC,true,226661803
1986876130,02DA4B,false,226664892
1986995136,7E5358,true,226668373
1987027730,7E5008,true,226672261
1987059490,7E5166,true,226676054
1987089580,7E5797,true,226679657
1987118212,7E4F39,true,226683097
1987143494,7E4F34,true,226686160
1987168744,7E4F37,true,226689224
1987194036,7E4F39,true,226692286
1987219278,7E4F34,true,226695349
1987251338,7E4F39,true,226698573
1987275600,7E4F34,true,226701636
1987299470,7E4F37,true,226704700
1987323850,7E4F39,true,226707762
1987349022,7E4F34,true,226710825
1987374232,7E4F37,true,226713889
1987399542,7E4F39,true,226716951
1987424786,7E4F34,true,226720014
1987450076,7E4F37,true,226723078
1987475314,7E4F39,true,226726140
1987500590,7E4F34,true,226729203
1987525840,7E4F37,true,226732267
1987554498,7E4EFA,true,226735714
1987581566,7E4EF7,true,226738995
1987706666,0BEAE3,false,226742490
1987737644,1FC4F4,false,226746213
1987768392,1FCCA0,false,226749909
1987799464,02FC6A,false,226753623
1987828032,03B345,false,226757039
1987862444,02F65D,false,226761124
1987891874,03E1EF,false,226764650
1987919934,1FC058,false,226768075
1987948174,7E4EF7,true,226771480
1988063806,7E4EFC,true,226774596
1988089050,7E4EF7,true,226777659
1988114340,7E4EFA,true,226780723
1988139584,7E4EFC,true,226783785
1988164852,7E4EF7,true,226786848
1988190110,7E4EFA,true,226789912
1988215386,7E4EFC,true,226792974
1988240630,7E4EF7,true,226796037
1988265916,7E4EFA,true,226799101
1988291152,7E4EFC,true,226802163
1988323504,03BAFA,false,226805424
1988352474,7E5329,true,226809042
1988383364,7E5353,true,226812943
1988414018,7E52DE,true,226816637
1988444054,7E4F9D,true,226820237
1988471744,7E4F37,true,226823567
1988496988,7E4F39,true,226826629
1988522262,7E4F34,true,226829692
1988547522,7E4F37,true,226832756
1988572798,7E4F39,true,226835818
1988598034,7E4F34,true,226838881
1988623326,7E4F37,true,226841945
1988648564,7E4F39,true,226845007
1988674082,7E4F39,true,226848116
1988698598,7E4F34,true,226851179
1988722468,7E4F37,true,226854243
1988746570,7E4F39,true,226857305
1988771648,7E4F34,true,226860368
1988796866,7E4F37,true,226863432
1988822176,7E4F39,true,226866494
1988847426,7E4F34,true,226869557
1988872716,7E4F37,true,226872621
1988897954,7E4F39,true,226875683
1988924768,02F506,false,226878927
1988952218,7E4EFA,true,226882245
1988977890,7E4EFC,true,226885352
1989004208,02DB8D,false,226888546
1989037828,0BD44E,false,226891914
1989067044,09C045,false,226895550
1989096028,1FCD2B,false,226899246
1989125310,000114,false,226902819
1989155824,03B3DE,false,226906441
1989187272,02F688,false,226910198
1989219524,7E4EFA,true,226914038
1989245688,03DBBC,false,226917244
1989274808,02DA35,false,226920782
1989304962,02DA38,false,226924356
1989335036,02DA35,false,226927929
1989365110,02DA38,false,226931503
1989483460,7E4EFC,true,226934914
1989508742,7E4EF7,true,226937977
1989533978,7E4EFA,true,226941041
1989559728,02DA49,false,226944130
1989585684,02DA4B,false,226947192
1989611662,02DA46,false,226950255
1989637644,02DA49,false,226953319
1989663606,02DA4B,false,226956381
1989689660,02DA46,false,226959444
1989715650,02DA49,false,226962508
1989831998,03BAFD,false,226965633
1989862240,7E532C,true,226969253
1989895010,7E5356,true,226973154
1989925882,7E52E1,true,226976846
1989955914,7E4F9F,true,226980446
1989983500,7E4F39,true,226983775
1990008822,7E4F34,true,226986838
1990034084,7E4F37,true,226989902
1990059346,7E4F39,true,226992964
1990084582,7E4F34,true,226996027
1990116564,7E4F39,true,226999251
1990140576,7E4F34,true,227002314
1990164406,7E4F37,true,227005378
1990189078,7E4F39,true,227008440
1990214294,7E4F34,true,227011503
1990239584,7E4F37,true,227014567
1990264820,7E4F39,true,227017629
1990290096,7E4F34,true,227020692
1990315348,7E4F37,true,227023756
1990340618,7E4F39,true,227026818
1990365862,7E4F34,true,227029881
1990391160,7E4F37,true,227032945
1990416404,7E4F39,true,227036007
1990441686,7E4F34,true,227039070
1990467098,7E4F34,true,227042179
1990494498,7E4EFC,true,227045623
1990518754,7E4EF7,true,227048738
1990543664,7E4EFA,true,227051847
1990570488,7E4EFC,true,227055109
1990605098,02FCD6,false,227058538
1990636252,1FC4B0,false,227062276
1990666920,1FCC8C,false,227065969
1990697882,1FCDFC,false,227069669
1990726566,03B345,false,227073095
1990760816,02F5F1,false,227077160
1990789896,03DC28,false,227080653
1990904630,03DBBB,false,227083736
1990933792,7E4EFC,true,227087248
1990959028,7E4EF7,true,227090311
1990984304,7E4EFA,true,227093375
1991010180,02DA49,false,227096464
1991036164,02DA4B,false,227099526
1991062168,02DA46,false,227102589
1991088160,02DA49,false,227105653
1991114142,02DA4B,false,227108715
1991140116,02DA46,false,227111778
1991166088,02DA49,false,227114842
1991285518,7E534C,true,227118371
1991318110,7E5784,true,227122260
1991349470,7E587E,true,227126010
1991379490,7E58C1,true,227129604
1991408128,7E4F37,true,227133047
1991433404,7E4F39,true,227136109
1991458734,7E4F34,true,227139172
1991483952,7E4F37,true,227142236
1991509260,7E4F39,true,227145298
1991541230,7E4F37,true,227148523
1991565438,7E4F39,true,227151585
1991589300,7E4F34,true,227154648
1991613750,7E4F37,true,227157712
1991638940,7E4F39,true,227160774
1991664182,7E4F34,true,227163837
1991689458,7E4F37,true,227166901
1991714696,7E4F39,true,227169963
1991739978,7E4F34,true,227173026
1991765646,02F571,false,227176133
1991794300,7E4EF7,true,227179585
1991819906,7E4EFA,true,227182694
1991845818,06BBB8,false,227185832
1991879712,1FD2E9,false,227189221
1991999944,1FD282,false,227192832
1992030872,02DB07,false,227196555
1992060722,02FD06,false,227200146
1992091424,02FC49,false,227203796
1992122058,02F6BA,false,227207452
1992155718,7E4EFA,true,227211445
1992182164,03DBB9,false,227214676
1992210136,7E4EF7,true,227218100
1992235412,7E4EFA,true,227221164
1992351060,7E4EFA,true,227224279
1992376282,7E4EFC,true,227227341
1992401558,7E4EF7,true,227230404
1992426816,7E4EFA,true,227233468
1992452092,7E4EFC,true,227236530
1992477330,7E4EF7,true,227239593
1992502620,7E4EFA,true,227242657
1992527850,7E4EFC,true,227245719
1992553134,7E4EF7,true,227248782
1992578372,7E4EFA,true,227251846
1992610336,7E3D2F,false,227255051
1992639514,7E5362,true,227258691
1992670306,7E52D1,true,227262580
1992700890,7E52D9,true,227266277
1992731012,7E52EE,true,227269883
1992758970,7E4F34,true,227273248
1992784222,7E4F37,true,227276312
1992809492,7E4F39,true,227279374
1992834750,7E4F34,true,227282437
1992860040,7E4F37,true,227285501
1992885276,7E4F39,true,227288563
1992910566,7E4F34,true,227291626
1992935896,7E4F37,true,227294690
1992961392,7E4F37,true,227297799
1992985948,7E4F39,true,227300861
1993009770,7E4F34,true,227303924
1993033832,7E4F37,true,227306988
1993062594,03EB20,false,227310475
1993088142,7E4EFC,false,227313568
1993113640,7E4EFA,true,227316660
1993146852,02D9ED,false,227319978
1993177178,02DB12,false,227323585
1993208350,1FD289,false,227327331
1993238534,02FCFB,false,227330962
1993269284,03BACA,false,227334627
1993299058,02F65A,false,227338185
1993423724,02F671,false,227342298
1993452606,03DE75,false,227345779
1993480958,1FC09A,false,227349236
1993507080,7E4EFA,true,227352405
1993532350,7E4EFC,true,227355467
1993557614,7E4EF7,true,227358530
1993583700,02DA46,false,227361619
1993609762,02DA49,false,227364683
1993635746,02DA4B,false,227367745
1993661708,02DA46,false,227370808
1993779332,7E4FBA,true,227374124
1993812168,7E530E,true,227378038
1993843974,7E52E6,true,227381830
1993873956,7E51D8,true,227385420
1993903908,7E4F34,true,227389013
1993929192,7E4F37,true,227392077
1993954436,7E4F39,true,227395139
1993979714,7E4F34,true,227398202
1994004964,7E4F37,true,227401266
1994036176,7E3CAA,true,227404376
1994061522,7E4F37,true,227407553
1994085378,7E4F39,true,227410615
1994109556,7E4F34,true,227413678
1994134656,7E4F37,true,227416742
1994159932,7E4F39,true,227419804
1994185170,7E4F34,true,227422867
1994211786,02F51E,false,227426083
1994239520,7E4EF7,true,227429432
1994265208,7E4EFA,true,227432541
1994291444,02DB9B,false,227435722
1994325700,0BD72E,false,227439137
1994356402,1FC44E,false,227442804
1994477022,1FCD2D,false,227446496
1994506700,7E4EF7,false,227450074
1994537036,03B42F,false,227453681
1994568428,02F668,false,227457429
1994600840,7E4EF7,true,227461282
1994630334,03DBBD,false,227464836
1994658726,7E4EFA,true,227468285
1994683970,7E4EFC,true,227471347
1994709246,7E4EF7,true,227474410
1994734800,02DA46,false,227477499
1994852836,7E528E,true,227480860
1994885634,7E52CE,true,227484765
1994917410,7E52DE,true,227488559
1994947484,7E5782,true,227492161
1994976998,7E4F34,true,227495704
1995002248,7E4F37,true,227498768
1995027524,7E4F39,true,227501830
1995052854,7E4F34,true,227504893
1995078072,7E4F37,true,227507957
1995109592,7E409C,true,227511106
1995134576,7E4F37,true,227514244
1995158392,7E4F39,true,227517306
1995182668,7E4F34,true,227520369
1995207764,7E4F37,true,227523433
1995233040,7E4F39,true,227526495
1995258282,7E4F34,true,227529558
1995283566,7E4F37,true,227532622
1995308804,7E4F39,true,227535684
1995334094,7E4F34,true,227538747
1995359344,7E4F37,true,227541811
1995384620,7E4F39,true,227544873
1995410012,7E4F41,false,227547954
1995438990,7E4EFC,true,227551441
1995464846,7E4EFC,true,227554595
1995489734,02D964,false,227557713
1995514926,02DCC2,false,227560942
1995549394,0BD160,false,227564474
1995580296,048061,false,227568200
1995610834,02FCE9,false,227571863
1995641978,7E4EFC,true,227575593
1995670840,02F6AD,false,227579048
1995705764,02F6B7,false,227583185
1995734726,03DE4F,false,227586675
1995762856,1FC063,false,227590105
1995793540,02DA38,false,227593757
1995912562,7E4EF7,true,227597238
1995937812,7E4EFA,true,227600302
1995963076,7E4EFC,true,227603364
1995988750,02DA4B,false,227606453
1996014720,02DA46,false,227609516
1996040692,02DA49,false,227612580
1996066676,02DA4B,false,227615642
1996092648,02DA46,false,227618705
1996118646,02DA49,false,227621769
1996144620,02DA4B,false,227624831
1996170582,02DA46,false,227627894
1996290290,7E5312,true,227631460
1996322982,7E5347,true,227635357
1996353952,7E5194,true,227639064
1996383936,7E519A,true,227642657
1996412540,7E4F34,true,227646099
1996437816,7E4F37,true,227649163
1996463068,7E4F39,true,227652225
1996488350,7E4F34,true,227655288
1996513680,7E4F37,true,227658352
1996545602,7E4F34,true,227661575
1996569776,7E4F37,true,227664639
1996593632,7E4F39,true,227667701
1996618144,7E4F34,true,227670764
1996643332,7E4F37,true,227673828
1996668576,7E4F39,true,227676890
1996693858,7E4F34,true,227679953
1996719108,7E4F37,true,227683017
1996744372,7E4F39,true,227686079
1996769636,7E4F34,true,227689142
1996794912,7E4F37,true,227692206
1996820164,7E4F39,true,227695268
1996845446,7E4F34,true,227698331
1996870704,7E4F37,true,227701395
1996899488,7E4EF7,true,227704891
1996924208,7E4EFA,true,227708007
1996948412,7E4EFC,true,227711114
1996974428,7E4EF7,true,227714377
1997009528,0BE9FE,false,227717873
1997040444,04A0C3,false,227721588
1997070826,02DB10,false,227725247
1997102180,02FC7A,false,227728991
1997130452,03B28B,false,227732374
1997165440,02F60C,false,227736519
1997194478,03DD0D,false,227740007
1997222610,1FC09A,false,227743436
1997342678,7E4EFC,true,227747047
1997367960,7E4EF7,true,227750110
1997393212,7E4EFA,true,227753174
1997418892,02DA49,false,227756263
1997444848,02DA4B,false,227759325
1997470810,02DA46,false,227762388
1997496818,02DA49,false,227765452
1997522782,02DA4B,false,227768514
1997548768,02DA46,false,227771577
1997574760,02DA49,false,227774641
1997600810,02DA4B,false,227777703
1997720674,7E5784,true,227781298
1997753384,7E52E1,true,227785192
1997784160,7E51CD,true,227788871
1997814332,7E51DA,true,227792475
1997842820,7E4F39,true,227795908
1997868136,7E4F34,true,227798971
1997893352,7E4F37,true,227802035
1997918660,7E4F39,true,227805097
1997943904,7E4F34,true,227808160
1997975880,7E4F39,true,227811384
1997999998,7E4F34,true,227814447
1998023828,7E4F37,true,227817511
1998048390,7E4F39,true,227820573
1998073554,7E4F34,true,227823636
1998098844,7E4F37,true,227826700
1998124088,7E4F39,true,227829762
1998149362,7E4F34,true,227832825
1998174608,7E4F37,true,227835889
1998199904,7E4F39,true,227838951
1998225134,7E4F34,true,227842014
1998250432,7E4F37,true,227845078
1998275676,7E4F39,true,227848140
1998300958,7E4F34,true,227851203
1998329326,02DA7C,false,227854655
1998354434,7E4EF7,true,227857818
1998378612,7E4EFA,true,227860927
1998404294,02DB91,false,227864139
1998438144,0BD74E,false,227867513
1998468808,1FC453,false,227871177
1998499178,0BB376,false,227874833
1998529928,7E4EEF,false,227878523
1998559332,03B406,false,227882027
1998591256,02F65D,false,227885831
1998622880,7E4EFA,true,227889605
1998652138,03DBB6,false,227893143
1998770950,7E4EF7,true,227896658
1998796228,7E4EFA,true,227899722
1998821544,7E4EFC,true,227902784
1998847094,02DA4B,false,227905873
1998873068,02DA46,false,227908936
1998899058,02DA49,false,227912000
1998925034,02DA4B,false,227915062
1998951014,02DA46,false,227918125
1998977084,02DA49,false,227921189
1999003058,02DA4B,false,227924251
1999029020,02DA46,false,227927314
1999148570,7E52DE,true,227930867
1999181148,7E5306,true,227934751
1999212290,7E5922,true,227938475
1999242310,7E5934,true,227942072
1999270952,7E4F34,true,227945519
1999296268,7E4F37,true,227948583
1999321520,7E4F39,true,227951645
1999346802,7E4F34,true,227954708
1999372060,7E4F37,true,227957772
1999404054,7E4F34,true,227960995
1999428228,7E4F37,true,227964059
1999452044,7E4F39,true,227967121
1999476556,7E4F34,true,227970184
1999501712,7E4F37,true,227973248
1999526988,7E4F39,true,227976310
1999552238,7E4F34,true,227979373
1999577520,7E4F37,true,227982437
1999602744,7E4F39,true,227985499
1999628048,7E4F34,true,227988562
1999653292,7E4F37,true,227991626
1999678576,7E4F39,true,227994688
1999703826,7E4F34,true,227997751
1999729116,7E4F37,true,228000815
1999754622,7E4F37,true,228003924
1999779028,7E4F39,true,228006986
1999802850,7E4F34,true,228010049
1999828640,02F513,false,228013297
1999855998,7E4EFA,true,228016619
1999881662,7E4EFC,true,228019726
1999907944,02DB9B,false,228022916
1999942154,0BD6D0,false,228026319
1999972874,1FC429,false,228029986
2000003076,0BB335,false,228033623
2000033692,02FB5A,false,228037303
2000063326,03B3CB,false,228040833
2000095066,02F5FA,false,228044621
2000217266,7E4EFC,true,228048467
2000243472,03DBBA,false,228051682
2000271728,7E4EFA,true,228055125
2000296972,7E4EFC,true,228058187
2000322254,7E4EF7,true,228061250
2000347848,02DA46,false,228064339
2000373820,02DA49,false,228067403
2000399784,02DA4B,false,228070465
2000425764,02DA46,false,228073528
2000451742,02DA49,false,228076592
2000569410,7E4FC4,true,228079911
2000602236,7E5317,true,228083826
2000633998,7E52F0,true,228087617
2000664004,7E5276,true,228091209
2000693920,7E4F37,true,228094797
2000719196,7E4F39,true,228097859
2000744446,7E4F34,true,228100922
2000769744,7E4F37,true,228103986
2000794988,7E4F39,true,228107048
2000826192,7E3CBD,true,228110159
2000851524,7E4F39,true,228113335
2000875386,7E4F34,true,228116398
2000899574,7E4F37,true,228119462
2000924640,7E4F39,true,228122524
2000949922,7E4F34,true,228125587
2000975172,7E4F37,true,228128651
2001000436,7E4F39,true,228131713
2001025758,7E4F34,true,228134776
2001050976,7E4F37,true,228137840
2001076292,7E4F39,true,228140902
2001101542,7E4F34,true,228143965
2001126840,7E4F37,true,228147029
2001154258,02F57B,false,228150339
2001181450,7E4EFC,true,228153641
2001206318,7E4EF7,true,228156749
2001231254,02DB8E,false,228159948
2001262770,068383,false,228163195
2001293280,1FD289,false,228166834
2001324174,1FD26E,false,228170556
2001354044,02FD0D,false,228174146
2001384658,03BA26,false,228177785
2001415096,02F67B,false,228181432
2001448904,7E4EFC,true,228185441
2001475374,03DBBD,false,228188671
2001503432,02DA38,false,228192103
2001623492,7E4024,false,228195680
2001649080,7E4EFA,true,228198783
2001674276,7E4EFC,true,228201845
2001699592,7E4EF7,true,228204908
2001725710,02DA46,false,228207997
2001751682,02DA49,false,228211061
2001777664,02DA4B,false,228214123
2001803644,02DA46,false,228217186
2001829642,02DA49,false,228220250
2001855610,02DA4B,false,228223312
2001881572,02DA46,false,228226375
2001999300,7E500A,true,228229701
2002032206,7E5342,true,228233622
2002063956,7E52D1,true,228237408
2002094032,7E52BE,true,228241011
2002123780,7E4F34,true,228244580
2002148984,7E4F37,true,228247644
2002174300,7E4F39,true,228250706
2002199558,7E4F34,true,228253769
2002224848,7E4F37,true,228256833
2002256194,7E4151,true,228259964
2002281312,7E4F37,true,228263120
2002305168,7E4F39,true,228266182
2002329388,7E4F34,true,228269245
2002354500,7E4F37,true,228272309
2002379744,7E4F39,true,228275371
2002405018,7E4F34,true,228278434
2002430264,7E4F37,true,228281498
2002455540,7E4F39,true,228284560
2002480790,7E4F34,true,228287623
2002506080,7E4F37,true,228290687
2002531324,7E4F39,true,228293749
2002556614,7E4F34,true,228296812
2002581872,7E4F37,true,228299876
2002608866,02F506,false,228303147
2002635740,7E4EF7,true,228306489
2002659958,7E4EFA,true,228309598
2002684886,02DB98,false,228312757
2002717974,03ED49,false,228316073
2002743526,1FD387,false,228319220
2002773640,1FD31C,false,228322807
2002804658,09C03D,false,228326536
2002835222,7E4EF7,true,228330207
2002866278,7E4EFC,true,228333919
2002894266,02F6F8,false,228337284
2002929350,02F678,false,228341433
2002957912,7E4EF7,true,228344863
2003073954,03DBB9,false,228348088
2003103450,7E4EF7,true,228351653
2003128686,7E4EFA,true,228354717
2003153956,7E4EFC,true,228357779
2003179696,02DA4B,false,228360868
2003205684,02DA46,false,228363931
2003231656,02DA49,false,228366995
2003257620,02DA4B,false,228370057
2003283600,02DA46,false,228373120
2003309572,02DA49,false,228376184
2003427144,7E4F79,true,228379483
2003459652,7E5308,true,228383361
2003492498,7E533D,true,228387271
2003523522,7E52CC,true,228390970
2003553646,7E52DE,true,228394577
2003583812,7E578F,true,228398195
2003609818,7E4F39,true,228401347
2003635134,7E4F34,true,228404410
2003660380,7E4F37,true,228407474
2003692378,7E4F34,true,228410697
2003716552,7E4F37,true,228413761
2003740368,7E4F39,true,228416823
2003764880,7E4F34,true,228419886
2003790036,7E4F37,true,228422950
2003815312,7E4F39,true,228426012
2003840562,7E4F34,true,228429075
2003865844,7E4F37,true,228432139
2003891068,7E4F39,true,228435201
2003916372,7E4F34,true,228438264
2003941616,7E4F37,true,228441328
2003966900,7E4F39,true,228444390
2003992150,7E4F34,true,228447453
2004017440,7E4F37,true,228450517
2004042946,7E4F37,true,228453626
2004067352,7E4F39,true,228456688
2004094750,7E4EFA,true,228460182
2004119534,7E4EFC,true,228463296
2004145012,7E4EF7,true,228466404
2004171994,7E4EFA,true,228469668
2004205802,0BDDBC,false,228473014
2004236884,1FC444,false,228476733
2004267216,0BB34F,false,228480383
2004298010,03B996,false,228484071
2004327382,03B42F,false,228487575
2004358386,02F5C0,false,228491282
2004483116,7E4EF7,true,228495403
2004508364,7E4EFA,true,228498467
2004533602,7E4EFC,true,228501529
2004558878,7E4EF7,true,228504592
2004584136,7E4EFA,true,228507656
2004609412,7E4EFC,true,228510718
2004634662,7E4EF7,true,228513781
2004659952,7E4EFA,true,228516845
2004685192,7E4EFC,true,228519907
2004710466,7E4EF7,true,228522970
2004735704,7E4EFA,true,228526034
2004851360,7E4EFA,true,228529149
2004876636,7E4EFC,true,228532211
2004901872,7E4EF7,true,228535274
2004927156,7E4EFA,true,228538338
2004952400,7E4EFC,true,228541400
2004977690,7E4EF7,true,228544463
2005002948,7E4EFA,true,228547527
2005028224,7E4EFC,true,228550589
2005053474,7E4EF7,true,228553652
2005078764,7E4EFA,true,228556716
2005103994,7E4EFC,true,228559778
2005139754,03DBBA,false,228563510
2005166870,7E4EF1,false,228567016
2005191238,7E4EFC,true,228570082
2005216398,7E4EF7,true,228573145
2005241656,7E4EFA,true,228576209
2005271560,7E52D1,true,228579791
2005304328,7E52FC,true,228583695
2005336118,7E51BE,true,228587481
2005367228,7E5782,true,228591200
2005397376,7E5794,true,228594802
2005426296,7E4F37,true,228598284
2005451540,7E4F39,true,228601346
2005476932,7E4F39,true,228604455
2005501194,7E4F34,true,228607518
2005525064,7E4F37,true,228610582
2005549420,7E4F39,true,228613644
2005574548,7E4F34,true,228616707
2005599832,7E4F37,true,228619771
2005625148,7E4F39,true,228622833
2005650344,7E4F34,true,228625896
2005675660,7E4F37,true,228628960
2005700918,7E4F39,true,228632022
2005726194,7E4F34,true,228635085
2005751452,7E4F37,true,228638149
2005776728,7E4F39,true,228641211
2005801970,7E4F34,true,228644274
2005827470,7E4F34,true,228647383
2005851992,7E4F37,true,228650447
2005875848,7E4F39,true,228653509
2005899916,7E4F34,true,228656572
2005924970,7E4F37,true,228659636
2005953280,02F572,false,228663043
2005979774,7E4EFA,true,228666244
2006005344,7E4EFC,true,228669351
2006032008,02D98B,false,228672585
2006066312,0BDEFC,false,228675985
2006097164,1FC4FD,false,228679673
2006127964,1FD293,false,228683382
2006158452,7E4EFC,true,228687033
2006278020,03B42D,false,228690573
2006308956,02F686,false,228694270
2006343406,7E4EF7,true,228698355
2006371974,03DE77,false,228701796
2006400252,1FC09B,false,228705251
2006427164,7E4EFC,true,228708500
2006452354,7E4EF7,true,228711563
2006477706,7E4EFA,true,228714627
2006503732,02DA49,false,228717716
2006529688,02DA4B,false,228720778
2006647982,7E52FF,true,228724177
2006680742,7E532C,true,228728080
2006713608,7E5721,true,228731984
2006743968,7E58C8,true,228735622
2006774522,7E57A0,true,228739279
2006804530,7E4F39,true,228742879
2006829800,7E4F34,true,228745942
2006855044,7E4F37,true,228749006
2006880314,7E4F39,true,228752068
2006912272,7E4F37,true,228755293
2006936288,7E4F39,true,228758355
2006960150,7E4F34,true,228761418
2006984790,7E4F37,true,228764482
2007010014,7E4F39,true,228767544
2007035250,7E4F34,true,228770607
2007060540,7E4F37,true,228773671
2007085776,7E4F39,true,228776733
2007111052,7E4F34,true,228779796
2007136324,7E4F37,true,228782860
2007161588,7E4F39,true,228785922
2007186918,7E4F34,true,228788985
2007212128,7E4F37,true,228792049
2007237444,7E4F39,true,228795111
2007262820,7E4F39,true,228798220
2007287094,7E4F34,true,228801283
2007310964,7E4F37,true,228804347
2007335298,7E4F39,true,228807409
2007360446,7E4F34,true,228810472
2007385704,7E4F37,true,228813536
2007414120,02F565,false,228816959
2007440400,7E4EFA,true,228820144
2007466064,7E4EFC,true,228823251
2007492870,02DC95,false,228826500
2007527040,0BDEF9,false,228829890
2007557928,1FC4FC,false,228833581
2007588660,1FD291,false,228837288
2007708808,02FB22,false,228840927
2007738618,03B3F6,false,228844478
2007769478,02F66D,false,228848163
2007804028,7E4EFC,true,228852262
2007832584,03DE75,false,228855700
2007860934,1FC09A,false,228859157
2007887740,7E4EFA,true,228862406
2007913018,7E4EFC,true,228865468
2007938254,7E4EF7,true,228868531
2007964280,02DA46,false,228871620
2008084016,7E530E,true,228875191
2008116770,7E52DB,true,228879091
2008149202,7E57AE,true,228882963
2008179452,7E52E6,true,228886580
2008209454,7E51D8,true,228890170
2008239406,7E4F34,true,228893763
2008264704,7E4F37,true,228896827
2008289940,7E4F39,true,228899889
2008315222,7E4F34,true,228902952
2008347166,7E4F37,true,228906196
2008370982,7E4F39,true,228909258
2008394844,7E4F34,true,228912321
2008419726,7E4F37,true,228915385
2008445014,7E4F39,true,228918447
2008470258,7E4F34,true,228921510
2008495548,7E4F37,true,228924574
2008520784,7E4F39,true,228927636
2008546052,7E4F34,true,228930699
2008571404,7E4F37,true,228933763
2008596594,7E4F39,true,228936825
2008621922,7E4F34,true,228939888
2008647180,7E4F37,true,228942952
2008672456,7E4F39,true,228946014
2008697736,7E4F39,true,228949123
2008721806,7E4F34,true,228952186
2008745676,7E4F37,true,228955250
2008770228,7E4F39,true,228958312
2008795442,7E4F34,true,228961375
2008820692,7E4F37,true,228964439
2008845962,7E4F39,true,228967501
2008871206,7E4F34,true,228970564
2008896496,7E4F37,true,228973628
2008925540,7E4EFC,true,228977122
2008951188,7E4EF7,true,228980237
2008976886,7E4EFA,true,228983346
2009003832,7E4EFC,true,228986608
2009128494,7E3B3F,false,228990056
2009159894,1FD31C,false,228993830
2009190232,0BB095,false,228997478
2009221510,1FCEC8,false,229001224
2009250308,03B3D6,false,229004665
2009282778,02F5AB,false,229008528
2009314906,7E4EFA,true,229012353
2009344438,03DBB6,false,229015915
2009373292,7E4EFC,true,229019434
2009488944,7E4EFC,true,229022549
2009514230,7E4EF7,true,229025612
2009539488,7E4EFA,true,229028676
2009564756,7E4EFC,true,229031738
2009589986,7E4EF7,true,229034801
2009615276,7E4EFA,true,229037865
2009640516,7E4EFC,true,229040927
2009665798,7E4EF7,true,229043990
2009691050,7E4EFA,true,229047054
2009716320,7E4EFC,true,229050116
2009741562,7E4EF7,true,229053179
2009774908,7E4F62,true,229056561
2009804578,7E5291,true,229060314
2009835950,7E5347,true,229064212
2009867306,7E581A,true,229067971
2009897760,7E52F0,true,229071614
2009927792,7E500A,true,229075214
2009955224,7E4F39,true,229078520
2009980514,7E4F34,true,229081583
2010005772,7E4F37,true,229084647
2010031048,7E4F39,true,229087709
2010056284,7E4F34,true,229090772
2010081560,7E4F37,true,229093836
2010106804,7E4F39,true,229096898
2010132020,7E4F39,true,229100007
2010155930,7E4F34,true,229103070
2010179760,7E4F37,true,229106134
2010204554,7E4F39,true,229109196
2010229810,7E4F34,true,229112259
2010255100,7E4F37,true,229115323
2010280336,7E4F39,true,229118385
2010305604,7E4F34,true,229121448
2010330928,7E4F37,true,229124512
2010356134,7E4F39,true,229127574
2010381450,7E4F34,true,229130637
2010406708,7E4F37,true,229133701
2010431984,7E4F39,true,229136763
2010457234,7E4F34,true,229139826
2010482566,7E4F34,true,229142935
2010506736,7E4F37,true,229145999
2010530552,7E4F39,true,229149061
2010555064,7E4F34,true,229152124
2010580248,7E4F37,true,229155188
2010605524,7E4F39,true,229158250
2010630766,7E4F34,true,229161313
2010656988,02F506,false,229164482
2010685580,7E4EFA,true,229167923
2010711176,7E4EFC,true,229171030
2010737198,02DB7A,false,229174182
2010770956,1FD2E7,false,229177553
2010801358,1FD26E,false,229181179
2010922254,1FD2B1,false,229184902
2010952480,7E4EFC,true,229188535
2010983162,03BAD0,false,229192192
2011011980,02F5DA,false,229195651
2011047046,02F5E7,false,229199796
2011075272,03DC05,false,229203199
2011103336,1FC072,false,229206622
2011132844,7E4EFA,true,229210181
2011158120,7E4EFC,true,229213243
2011273788,7E4EFC,true,229216358
2011299034,7E4EF7,true,229219421
2011324310,7E4EFA,true,229222485
2011349540,7E4EFC,true,229225547
2011374822,7E4EF7,true,229228610
2011400080,7E4EFA,true,229231674
2011425340,7E4EFC,true,229234736
2011450590,7E4EF7,true,229237799
2011475888,7E4EFA,true,229240863
2011501204,7E4EFC,true,229243925
2011526414,7E4EF7,true,229246988
2011559064,03BC61,false,229250291
2011588944,7E532C,true,229254055
2011620054,7E5305,true,229257932
2011651668,7E5291,true,229261728
2011681758,7E52E1,true,229265331
2011711824,7E5784,true,229268933
2011739944,7E4F39,true,229272317
2011765194,7E4F34,true,229275380
2011790476,7E4F37,true,229278444
2011815708,7E4F39,true,229281506
2011841010,7E4F34,true,229284569
2011866248,7E4F37,true,229287633
2011891524,7E4F39,true,229290695
2011916760,7E4F39,true,229293804
2011940726,7E4F34,true,229296867
2011964596,7E4F37,true,229299931
2011989274,7E4F39,true,229302993
2012014524,7E4F34,true,229306056
2012039768,7E4F37,true,229309120
2012065044,7E4F39,true,229312182
2012090286,7E4F34,true,229315245
2012115570,7E4F37,true,229318309
2012140828,7E4F39,true,229321371
2012166098,7E4F34,true,229324434
2012191448,7E4F37,true,229327498
2012216632,7E4F39,true,229330560
2012241954,7E4F34,true,229333623
2012267314,7E4F34,true,229336732
2012291548,7E4F37,true,229339796
2012315404,7E4F39,true,229342858
2012339792,7E4F34,true,229345921
2012364948,7E4F37,true,229348985
2012390192,7E4F39,true,229352047
2012415466,7E4F34,true,229355110
2012444494,7E4EF7,true,229358604
2012470172,7E4EFA,true,229361720
2012495852,7E4EFC,true,229364827
2012522750,7E4EF7,true,229368090
2012557188,02FC76,false,229371495
2012588594,048061,false,229375262
2012709260,1FCD2A,false,229378960
2012740166,02FBAC,false,229382669
2012769046,03B400,false,229386118
2012801092,02F5DA,false,229389933
2012833854,7E4EFC,true,229393827
2012860284,03DBBA,false,229397058
2012888872,02DA35,false,229400549
2012914328,7E4EFC,true,229403627
2012939538,7E4EF7,true,229406690
2012964862,7E4EFA,true,229409754
2013084046,7E578C,true,229413270
2013116760,7E5359,true,229417168
2013149294,7E52FF,true,229421035
2013179528,7E5177,true,229424657
2013210130,7E5818,true,229428315
2013240106,7E4F34,true,229431910
2013265384,7E4F37,true,229434974
2013290620,7E4F39,true,229438036
2013315896,7E4F34,true,229441099
2013347786,7E4F39,true,229444323
2013371710,7E4F34,true,229447386
2013395580,7E4F37,true,229450450
2013420378,7E4F39,true,229453512
2013445590,7E4F34,true,229456575
2013470920,7E4F37,true,229459639
2013496156,7E4F39,true,229462701
2013521438,7E4F34,true,229465764
2013546682,7E4F37,true,229468828
2013571972,7E4F39,true,229471890
2013597216,7E4F34,true,229474953
2013622520,7E4F37,true,229478017
2013647752,7E4F39,true,229481079
2013673034,7E4F34,true,229484142
2013698362,7E4F34,true,229487251
2013722588,7E4F37,true,229490315
2013746404,7E4F39,true,229493377
2013770902,7E4F34,true,229496440
2013796028,7E4F37,true,229499504
2013821264,7E4F39,true,229502566
2013846546,7E4F34,true,229505629
2013871862,7E4F37,true,229508693
2013897060,7E4F39,true,229511755
2013922396,7E4F34,true,229514818
2013947648,7E4F37,true,229517882
2013972938,7E4F39,true,229520944
2013999278,02F517,false,229524137
2014027644,7E4EF7,true,229527553
2014053416,7E4EF7,true,229530707
2014078450,02DB87,false,229533866
2014110222,1FD27D,false,229537218
2014140166,1FD2E9,false,229540843
2014171188,1FD2BA,false,229544577
2014201012,7E4EFA,true,229548162
2014231696,03BAA7,false,229551818
2014261090,02F5A3,false,229555344
2014296134,02F5B0,false,229559484
2014324456,03E1FB,false,229562901
2014349262,1FC061,false,229565975
2014380976,02DA35,false,229569760
2014499362,7E4EFC,true,229573167
2014524598,7E4EF7,true,229576230
2014549888,7E4EFA,true,229579294
2014575558,02DA49,false,229582383
2014601604,02DA4B,false,229585445
2014627574,02DA46,false,229588508
2014653558,02DA49,false,229591572
2014679532,02DA4B,false,229594634
2014705520,02DA46,false,229597697
2014731504,02DA49,false,229600761
2014847898,03BB15,false,229603886
2014878030,7E52FC,true,229607501
2014910644,7E5328,true,229611384
2014942360,7E52D4,true,229615172
2014973406,7E579E,true,229618876
2015003512,7E57B0,true,229622477
2015032084,7E4F39,true,229625912
2015057382,7E4F34,true,229628975
2015082626,7E4F37,true,229632039
2015107888,7E4F39,true,229635101
2015139670,7E4F34,true,229638344
2015163540,7E4F37,true,229641408
2015187396,7E4F39,true,229644470
2015212426,7E4F34,true,229647533
2015237704,7E4F37,true,229650597
2015262940,7E4F39,true,229653659
2015288222,7E4F34,true,229656722
2015313472,7E4F37,true,229659786
2015338742,7E4F39,true,229662848
2015364066,7E4F34,true,229665911
2015389264,7E4F37,true,229668975
2015414602,7E4F39,true,229672037
2015439838,7E4F34,true,229675100
2015465128,7E4F37,true,229678164
2015490356,7E4F37,true,229681273
2015514324,7E4F39,true,229684335
2015538186,7E4F34,true,229687398
2015562866,7E4F37,true,229690462
2015588096,7E4F39,true,229693524
2015613346,7E4F34,true,229696587
2015638636,7E4F37,true,229699651
2015663858,7E4F39,true,229702713
2015689134,7E4F34,true,229705776
2015714394,7E4F37,true,229708840
2015739664,7E4F39,true,229711902
2015764914,7E4F34,true,229714965
2015793246,02F56E,false,229718376
2015819712,7E4EFA,true,229721575
2015845332,7E4EFA,true,229724729
2015870636,02DB8D,false,229727950
2015903322,0BDE55,false,229731372
2015933990,1FC4A9,false,229735070
2015964528,02DB13,false,229738743
2015995166,7E4EFA,true,229742423
2016024478,03B3FC,false,229745917
2016055730,02F5FA,false,229749648
2016089790,7E4EFA,true,229753687
2016116500,03DBB9,false,229756939
2016143736,1FC06C,false,229760283
2016174274,02DA35,false,229763914
2016291590,7E4EF7,true,229767211
2016316842,7E4EFA,true,229770275
2016342112,7E4EFC,true,229773337
2016367988,02DA4B,false,229776426
2016393950,02DA46,false,229779489
2016419938,02DA49,false,229782553
2016445922,02DA4B,false,229785615
2016471884,02DA46,false,229788678
2016497876,02DA49,false,229791742
2016523850,02DA4B,false,229794804
2016640478,03BC24,false,229797977
2016671778,7E5314,true,229801719
2016704426,7E533F,true,229805605
2016736232,7E5011,true,229809398
2016766442,7E52DE,true,229813008
2016796536,7E5782,true,229816610
2016824298,7E4F34,true,229819956
2016849596,7E4F37,true,229823020
2016874832,7E4F39,true,229826082
2016900292,7E3BAC,true,229829174
2016931588,7E4F37,true,229832389
2016955444,7E4F39,true,229835451
2016979560,7E4F34,true,229838514
2017004626,7E4F37,true,229841578
2017029888,7E4F39,true,229844640
2017055138,7E4F34,true,229847703
2017080428,7E4F37,true,229850767
2017105664,7E4F39,true,229853829
2017130950,7E4F34,true,229856892
2017156186,7E4F37,true,229859956
2017181456,7E4F39,true,229863018
2017206780,7E4F34,true,229866081
2017231992,7E4F37,true,229869145
2017257636,7E4F37,true,229872254
2017282352,7E4F39,true,229875316
2017306214,7E4F34,true,229878379
2017330044,7E4F37,true,229881443
2017355038,7E4F39,true,229884505
2017380320,7E4F34,true,229887568
2017405572,7E4F37,true,229890632
2017430848,7E4F39,true,229893694
2017456098,7E4F34,true,229896757
2017481374,7E4F37,true,229899821
2017506632,7E4F39,true,229902883
2017531900,7E4F34,true,229905946
2017560952,7E4EF7,true,229909440
2017586636,7E4EFA,true,229912556
2017612296,7E4EFC,true,229915663
2017639078,7E4EFC,true,229918972
2017671994,1FC7C6,false,229922429
2017702496,1FC438,false,229926221
2017732868,1FCD92,false,229929881
2017764080,02FC70,false,229933620
2017792780,03B3E3,false,229937050
2017824966,02F605,false,229940885
2017857514,7E4EFC,true,229944753
2017883768,03DBBB,false,229947971
2017912618,02DA38,false,229951488
2017942728,02DA35,false,229955061
2018062820,00015B,false,229958644
2018088250,7E4EFA,true,229961734
2018113480,7E4EFC,true,229964796
2018138762,7E4EF7,true,229967859
2018164888,02DA46,false,229970948
2018190860,02DA49,false,229974012
2018216882,02DA4B,false,229977074
2018242862,02DA46,false,229980137
2018268852,02DA49,false,229983201
2018294828,02DA4B,false,229986263
2018320790,02DA46,false,229989326
2018438542,7E4FBD,true,229992652
2018471342,7E5308,true,229996556
2018504088,7E5329,true,230000452
2018535012,7E4FD4,true,230004153
2018565152,7E52CC,true,230007755
2018595494,7E52B4,true,230011384
2018620992,7E4F37,true,230014479
2018646268,7E4F39,true,230017541
2018671510,7E4F34,true,230020604
2018703642,7E4F37,true,230023848
2018727752,7E4F39,true,230026910
2018751614,7E4F34,true,230029973
2018776174,7E4F37,true,230033037
2018801372,7E4F39,true,230036099
2018826622,7E4F34,true,230039162
2018851904,7E4F37,true,230042226
2018877142,7E4F39,true,230045288
2018902418,7E4F34,true,230048351
2018927670,7E4F37,true,230051415
2018952940,7E4F39,true,230054477
2018978198,7E4F34,true,230057540
2019003488,7E4F37,true,230060604
2019028732,7E4F39,true,230063666
2019054156,7E4F39,true,230066775
2019078518,7E4F34,true,230069838
2019102388,7E4F37,true,230072902
2019126662,7E4F39,true,230075964
2019151724,7E4F34,true,230079027
2019177008,7E4F37,true,230082091
2019202316,7E4F39,true,230085153
2019227506,7E4F34,true,230088216
2019252836,7E4F37,true,230091280
2019278088,7E4F39,true,230094342
2019303370,7E4F34,true,230097405
2019328628,7E4F37,true,230100469
2019357542,7E4EF7,true,230103954
2019384554,7E4EF7,true,230107223
2019510470,0BD11F,false,230110819
2019541636,04A0BF,false,230114561
2019572096,02DB0B,false,230118222
2019603446,02FC81,false,230121966
2019631562,03B349,false,230125339
2019665620,02F5A9,false,230129382
2019695542,7E4EF7,true,230132959
2019721274,03DBB9,false,230136136
2019750710,7E4EF7,true,230139692
2019866290,7E4EF7,true,230142807
2019891566,7E4EFA,true,230145871
2019916804,7E4EFC,true,230148933
2019942086,7E4EF7,true,230151996
2019967344,7E4EFA,true,230155060
2019992608,7E4EFC,true,230158122
2020017850,7E4EF7,true,230161185
2020043134,7E4EFA,true,230164249
2020068456,7E4EFC,true,230167311
2020093666,7E4EF7,true,230170374
2020125208,7E409C,false,230173524
2020154196,7E52F3,true,230177138
2020184952,7E5306,true,230181022
2020216582,7E5881,true,230184854
2020247306,7E52EE,true,230188521
2020277352,7E578C,true,230192118
2020306832,7E4F39,true,230195661
2020332106,7E4F34,true,230198724
2020357380,7E4F37,true,230201788
2020382648,7E4F39,true,230204850
2020407886,7E4F34,true,230207913
2020433170,7E4F37,true,230210977
2020458408,7E4F39,true,230214039
2020483878,7E4F39,true,230217148
2020508210,7E4F34,true,230220211
2020532080,7E4F37,true,230223275
2020556350,7E4F39,true,230226337
2020581470,7E4F34,true,230229400
2020606728,7E4F37,true,230232464
2020631996,7E4F39,true,230235526
2020657240,7E4F34,true,230238589
2020682524,7E4F37,true,230241653
2020707776,7E4F39,true,230244715
2020733058,7E4F34,true,230247778
2020758308,7E4F37,true,230250842
2020783592,7E4F39,true,230253904
2020808842,7E4F34,true,230256967
2020834436,7E4F34,true,230260076
2020859064,7E4F37,true,230263140
2020882880,7E4F39,true,230266202
2020906862,7E4F34,true,230269265
2020931924,7E4F37,true,230272329
2020957162,7E4F39,true,230275391
2020982438,7E4F34,true,230278454
2021007696,7E4F37,true,230281518
2021032972,7E4F39,true,230284580
2021061904,7E4EFA,true,230288067
2021089102,02DCC2,false,230291362
2021125100,1FD2E7,false,230294947
2021156294,04806B,false,230298699
2021186734,02FCF3,false,230302361
2021307944,02FC6A,false,230306100
2021335984,03B365,false,230309460
2021370124,02F5D6,false,230313510
2021399910,7E4EF7,true,230317072
2021425604,03DBB9,false,230320241
2021455026,7E4EF7,true,230323803
2021480324,7E4EFA,true,230326867
2021505568,7E4EFC,true,230329929
2021531244,02DA4B,false,230333018
2021648610,7E4F7D,true,230336280
2021680256,7E5788,true,230340061
2021713058,7E52DE,true,230343962
2021743882,7E5289,true,230347645
2021774786,7E580A,true,230351331
2021804310,7E5191,true,230354872
2021831614,7E4F34,true,230358170
2021856924,7E4F37,true,230361234
2021882168,7E4F39,true,230364296
2021913454,7E3CB8,true,230367427
2021938704,7E4F37,true,230370603
2021962560,7E4F39,true,230373665
2021986852,7E4F34,true,230376728
2022011980,7E4F37,true,230379792
2022037248,7E4F39,true,230382854
2022062492,7E4F34,true,230385917
2022087776,7E4F37,true,230388981
2022113092,7E4F39,true,230392043
2022138296,7E4F34,true,230395106
2022163620,7E4F37,true,230398170
2022188856,7E4F39,true,230401232
2022214154,7E4F34,true,230404295
2022239404,7E4F37,true,230407359
2022264928,7E4F37,true,230410468
2022289488,7E4F39,true,230413530
2022313350,7E4F34,true,230416593
2022337362,7E4F37,true,230419657
2022362380,7E4F39,true,230422719
2022387662,7E4F34,true,230425782
2022412906,7E4F37,true,230428846
2022438176,7E4F39,true,230431908
2022463426,7E4F34,true,230434971
2022488724,7E4F37,true,230438035
2022513968,7E4F39,true,230441097
2022539820,02F513,false,230444229
2022569100,02DB9B,false,230447751
2022601954,068303,false,230451019
2022722236,02DB13,false,230454626
2022753318,1FDC6D,false,230458370
2022783610,7E4EFC,true,230462004
2022814982,02FC2E,false,230465752
2022842794,02F585,false,230469089
2022877828,02F6B2,false,230473236
2022906404,02F4EB,false,230476670
2022931634,03DBB6,false,230479795
2022961310,7E4EFC,true,230483381
2023076956,7E4EFC,true,230486496
2023102238,7E4EF7,true,230489559
2023127474,7E4EFA,true,230492623
2023152744,7E4EFC,true,230495685
2023177994,7E4EF7,true,230498748
2023203292,7E4EFA,true,230501812
2023228536,7E4EFC,true,230504874
2023253818,7E4EF7,true,230507937
2023279062,7E4EFA,true,230511001
2023304324,7E4EFC,true,230514063
2023329574,7E4EF7,true,230517126
2023363500,7E528C,true,230520630
2023394378,7E578B,true,230524528
2023426168,7E52D7,true,230528421
2023456946,7E57F9,true,230532103
2023487200,7E4F91,true,230535726
2023517456,7E4F37,true,230539351
2023542718,7E4F39,true,230542413
2023567976,7E4F34,true,230545476
2023593266,7E4F37,true,230548540
2023618504,7E4F39,true,230551602
2023643774,7E4F34,true,230554665
2023669032,7E4F37,true,230557729
2023694576,7E4F37,true,230560838
2023719138,7E4F39,true,230563900
2023743000,7E4F34,true,230566963
2023767056,7E4F37,true,230570027
2023792034,7E4F39,true,230573089
2023817310,7E4F34,true,230576152
2023842634,7E4F37,true,230579216
2023867832,7E4F39,true,230582278
2023893154,7E4F34,true,230585341
2023918412,7E4F37,true,230588405
2023943688,7E4F39,true,230591467
2023968930,7E4F34,true,230594530
2023994236,7E4F37,true,230597594
2024019472,7E4F39,true,230600656
2024044748,7E4F34,true,230603719
2024069938,7E4F34,true,230606828
2024093816,7E4F37,true,230609892
2024117672,7E4F39,true,230612954
2024142462,7E4F34,true,230616017
2024167740,7E4F37,true,230619081
2024192984,7E4F39,true,230622143
2024218266,7E4F34,true,230625206
2024247202,7E4EFC,true,230628692
2024274168,7E4EFC,true,230631961
2024308858,0BEB19,false,230635405
2024340638,1FC420,false,230639214
2024370924,0BAE03,false,230642856
2024401992,02FC71,false,230646571
2024520684,03B3D6,false,230650013
2024553050,02F5AB,false,230653876
2024585154,7E4EFA,true,230657701
2024611380,03DBBD,false,230660909
2024640276,7E4EFA,true,230664432
2024665546,7E4EFC,true,230667494
2024690790,7E4EF7,true,230670557
2024716324,02DA46,false,230673646
2024742296,02DA49,false,230676710
2024859018,03BBC7,false,230679888
2024889986,7E5361,true,230683593
2024922588,7E578C,true,230687471
2024954496,7E5291,true,230691272
2024984592,7E52E1,true,230694875
2025014664,7E5784,true,230698477
2025042718,7E4F39,true,230701861
2025068022,7E4F34,true,230704924
2025093258,7E4F37,true,230707988
2025118702,7E3193,true,230711067
2025150116,7E4F34,true,230714293
2025173946,7E4F37,true,230717357
2025198032,7E4F39,true,230720419
2025223098,7E4F34,true,230723482
2025248356,7E4F37,true,230726546
2025273624,7E4F39,true,230729608
2025298862,7E4F34,true,230732671
2025324152,7E4F37,true,230735735
2025349396,7E4F39,true,230738797
2025374678,7E4F34,true,230741860
2025399936,7E4F37,true,230744924
2025425196,7E4F39,true,230747986
2025450446,7E4F34,true,230751049
2025475814,00011C,true,230754123
2025500896,7E4F37,true,230757222
2025524712,7E4F39,true,230760284
2025548574,7E4F34,true,230763347
2025573526,7E4F37,true,230766411
2025598716,7E4F39,true,230769473
2025624038,7E4F34,true,230772536
2025649288,7E4F37,true,230775600
2025674558,7E4F39,true,230778662
2025699802,7E4F34,true,230781725
2025725080,7E4F37,true,230784789
2025753562,02F570,false,230788219
2025781102,7E4EFC,true,230791556
2025815346,1FC434,false,230794954
2025936422,1FC49A,false,230798684
2025966854,1FD332,false,230802349
2025997528,7E4EF7,true,230806035
2026026772,03B406,false,230809521
2026057794,02F5BB,false,230813227
2026092100,7E4EF7,true,230817295
2026118836,03DBB9,false,230820549
2026145992,1FC09A,false,230823884
2026172528,7E4EFA,true,230827093
2026288108,7E4EF7,true,230830208
2026313406,7E4EFA,true,230833272
2026338716,7E4EFC,true,230836334
2026363926,7E4EF7,true,230839397
2026389256,7E4EFA,true,230842461
2026414486,7E4EFC,true,230845523
2026439790,7E4EF7,true,230848586
2026465026,7E4EFA,true,230851650
2026490324,7E4EFC,true,230854712
2026515560,7E4EF7,true,230857775
2026540844,7E4EFA,true,230860839
2026574214,7E4F5C,true,230864243
2026603746,7E520A,true,230867990
2026635306,7E5326,true,230871895
2026666204,7E519A,true,230875591
2026697170,7E5011,true,230879297
2026726760,7E5886,true,230882843
2026754118,7E4F39,true,230886144
2026779394,7E4F34,true,230889207
2026804652,7E4F37,true,230892271
2026829928,7E4F39,true,230895333
2026855174,7E4F34,true,230898396
2026880464,7E4F37,true,230901460
2026905886,7E4051,true,230904545
2026930826,7E4F39,true,230907631
2026954688,7E4F34,true,230910694
2026978518,7E4F37,true,230913758
2027003470,7E4F39,true,230916820
2027028720,7E4F34,true,230919883
2027054004,7E4F37,true,230922947
2027079248,7E4F39,true,230926009
2027104530,7E4F34,true,230929072
2027129846,7E4F37,true,230932136
2027155064,7E4F39,true,230935198
2027180372,7E4F34,true,230938261
2027205636,7E4F37,true,230941325
2027230912,7E4F39,true,230944387
2027256162,7E4F34,true,230947450
2027281450,7E4F34,true,230950559
2027305520,7E4F37,true,230953623
2027329336,7E4F39,true,230956685
2027353954,7E4F34,true,230959748
2027379156,7E4F37,true,230962812
2027404424,7E4F39,true,230965874
2027429668,7E4F34,true,230968937
2027458432,02FC51,false,230972404
2027484796,7E4EFA,true,230975592
2027511742,7E4EFC,true,230978854
2027545936,1FD5B3,false,230982243
2027577454,1FD28E,false,230986020
2027607764,1FCDA4,false,230989669
2027725424,7E4EFA,true,230993016
2027750700,7E4EFC,true,230996078
2027775938,7E4EF7,true,230999141
2027801228,7E4EFA,true,231002205
2027826464,7E4EFC,true,231005267
2027851758,7E4EF7,true,231008330
2027877010,7E4EFA,true,231011394
2027902272,7E4EFC,true,231014456
2027927524,7E4EF7,true,231017519
2027952808,7E4EFA,true,231020583
2027978294,7E3B7C,true,231023669
2028093680,7E4EFC,true,231026760
2028118962,7E4EF7,true,231029823
2028144220,7E4EFA,true,231032887
2028169488,7E4EFC,true,231035949
2028194732,7E4EF7,true,231039012
2028220036,7E4EFA,true,231042076
2028245268,7E4EFC,true,231045138
2028270558,7E4EF7,true,231048201
2028295808,7E4EFA,true,231051265
2028321084,7E4EFC,true,231054327
2028354456,7E4EF7,true,231057725
2028383056,03B3CB,false,231061301
2028411548,02F5BE,false,231064902
2028446296,02F5D0,false,231069040
2028474056,03DBBC,false,231072405
2028499526,1FC096,false,231075555
2028527428,7E4EFA,true,231078927
2028552704,7E4EFC,true,231081989
2028577942,7E4EF7,true,231085052
2028605800,7E5784,true,231088405
2028638556,7E52D7,true,231092302
2028671254,7E52EE,true,231096195
2028701978,7E4FD1,true,231099898
2028731002,7E5791,true,231103501
2028759580,7E52B2,true,231107128
2028784504,7E4F34,true,231110224
2028809718,7E4F37,true,231113288
2028834988,7E4F39,true,231116350
2028860238,7E4F34,true,231119413
2028885528,7E4F37,true,231122477
2028910750,7E4F39,true,231125539
2028936054,7E4F34,true,231128602
2028961298,7E4F37,true,231131666
2028986574,7E4F39,true,231134728
2029011818,7E4F34,true,231137791
2029037108,7E4F37,true,231140855
2029062472,7E4F37,true,231143964
2029086780,7E4F39,true,231147026
2029110602,7E4F34,true,231150089
2029135002,7E4F37,true,231153153
2029160100,7E4F39,true,231156215
2029185422,7E4F34,true,231159278
2029210672,7E4F37,true,231162342
2029235942,7E4F39,true,231165404
2029261186,7E4F34,true,231168467
2029286484,7E4F37,true,231171531
2029311720,7E4F39,true,231174593
2029337002,7E4F34,true,231177656
2029362268,7E4F37,true,231180720
2029387544,7E4F39,true,231183782
2029413034,7E4F39,true,231186891
2029437610,7E4F34,true,231189954
2029465008,7E4EF7,true,231193448
2029490050,7E4EFA,true,231196609
2029516868,7E4EFC,true,231199871
2029551202,02FC7E,false,231203278
2029582720,09C039,false,231207059
2029613060,1FD332,false,231210710
2029644286,1FCED5,false,231214449
2029672922,03B430,false,231217869
2029705450,02F5E0,false,231221742
2029737442,7E4EFA,true,231225552
2029763594,03DBBD,false,231228760
2029882904,7E4EF4,false,231232336
2029908148,7E4EF7,true,231235401
2029933432,7E4EFA,true,231238465
2029958878,7E4EFA,false,231241545
2029984922,02DA4B,false,231244616
2030010892,02DA46,false,231247679
2030036864,02DA49,false,231250743
2030062844,02DA4B,false,231253805
2030088814,02DA46,false,231256868
2030114786,02DA49,false,231259932
2030232812,7E5284,true,231263297
2030265644,7E5784,true,231267197
2030298240,7E52CE,true,231271085
2030329082,7E57F2,true,231274773
2030359364,7E4F9F,true,231278392
2030389610,7E4F37,true,231282021
2030414884,7E4F39,true,231285083
2030440128,7E4F34,true,231288146
2030465404,7E4F37,true,231291210
2030497364,7E4F34,true,231294433
2030521488,7E4F37,true,231297497
2030545304,7E4F39,true,231300559
2030569932,7E4F34,true,231303622
2030595144,7E4F37,true,231306686
2030620420,7E4F39,true,231309748
2030645670,7E4F34,true,231312811
2030670952,7E4F37,true,231315875
2030696176,7E4F39,true,231318937
2030721480,7E4F34,true,231322000
2030746724,7E4F37,true,231325064
2030772014,7E4F39,true,231328126
2030797258,7E4F34,true,231331189
2030822548,7E4F37,true,231334253
2030847948,7E4F37,true,231337362
2030872312,7E4F39,true,231340424
2030896134,7E4F34,true,231343487
2030920466,7E4F37,true,231346551
2030945528,7E4F39,true,231349613
2030970850,7E4F34,true,231352676
2030996060,7E4F37,true,231355740
2031021364,7E4F39,true,231358802
2031046606,7E4F34,true,231361865
2031071904,7E4F37,true,231364929
2031100910,7E4EF7,true,231368424
2031127268,02FD7B,false,231371618
2031154128,02DCCE,false,231374871
2031189832,1FD336,false,231378420
2031310992,04A0BE,false,231382180
2031341442,1FD336,false,231385839
2031372830,02FC7A,false,231389587
2031400920,03B366,false,231392955
2031434946,02F6AD,false,231396996
2031464866,7E4EFA,true,231400578
2031490600,03DBBD,false,231403749
2031519986,7E4EFA,true,231407309
2031545262,7E4EFC,true,231410371
2031660836,7E4EFC,true,231413486
2031686118,7E4EF7,true,231416549
2031711368,7E4EFA,true,231419613
2031736630,7E4EFC,true,231422675
2031761946,7E4EF7,true,231425738
2031787178,7E4EFA,true,231428802
2031812488,7E4EFC,true,231431864
2031837738,7E4EF7,true,231434927
2031863028,7E4EFA,true,231437991
2031888258,7E4EFC,true,231441053
2031920038,7E3D10,false,231444243
2031949058,7E52D9,true,231447864
2031979928,7E52EE,true,231451756
2032011158,7E51A5,true,231455536
2032042236,7E52D9,true,231459248
2032072388,7E52EE,true,231462854
2032101336,7E4F37,true,231466341
2032126612,7E4F39,true,231469403
2032151862,7E4F34,true,231472466
2032177152,7E4F37,true,231475530
2032202400,7E4F39,true,231478592
2032227668,7E4F34,true,231481655
2032252984,7E4F37,true,231484719
2032278376,7E4F37,true,231487828
2032302650,7E4F39,true,231490890
2032326512,7E4F34,true,231493953
2032350850,7E4F37,true,231497017
2032375994,7E4F39,true,231500079
2032401238,7E4F34,true,231503142
2032426520,7E4F37,true,231506206
2032451752,7E4F39,true,231509268
2032477034,7E4F34,true,231512331
2032502292,7E4F37,true,231515395
2032527568,7E4F39,true,231518457
2032552818,7E4F34,true,231521520
2032578116,7E4F37,true,231524584
2032603360,7E4F39,true,231527646
2032628922,7E4F39,true,231530755
2032653498,7E4F34,true,231533818
2032677328,7E4F37,true,231536882
2032701364,7E4F39,true,231539944
2032726430,7E4F34,true,231543007
2032751666,7E4F37,true,231546071
2032778282,02F51E,false,231549288
2032806358,7E4EFC,true,231552679
2032833104,02DB94,false,231555916
2032867078,0B91C3,false,231559300
2032897758,1FD282,false,231562962
2032928726,1FD2E7,false,231566689
2032958718,7E4EE3,false,231570297
2033079082,03BA7C,false,231573924
2033108210,02F611,false,231577413
2033143182,02F64C,false,231581551
2033171432,03DC40,false,231584955
2033196190,1FC061,false,231588038
2033225512,7E4EFA,true,231591564
2033250716,7E4EFC,true,231594626
2033276046,7E4EF7,true,231597689
2033301926,02DA46,false,231600778
2033327918,02DA49,false,231603842
2033445428,7E4F74,true,231607137
2033477756,7E52CE,true,231610999
2033510610,7E52F3,true,231614902
2033541486,7E5782,true,231618593
2033571576,7E5791,true,231622194
2033601670,7E4FBD,true,231625800
2033628134,7E4F39,true,231628993
2033653378,7E4F34,true,231632056
2033678668,7E4F37,true,231635120
2033710784,7E4F39,true,231638362
2033734962,7E4F34,true,231641425
2033758832,7E4F37,true,231644489
2033783270,7E4F39,true,231647551
2033808462,7E4F34,true,231650614
2033833720,7E4F37,true,231653678
2033858982,7E4F39,true,231656740
2033884218,7E4F34,true,231659803
2033909508,7E4F37,true,231662867
2033934826,7E4F39,true,231665929
2033960030,7E4F34,true,231668992
2033985368,7E4F37,true,231672056
2034010604,7E4F39,true,231675118
2034035886,7E4F34,true,231678181
2034061330,7E4F34,true,231681290
2034085800,7E4F37,true,231684354
2034109616,7E4F39,true,231687416
2034133770,7E4F34,true,231690479
2034161386,02F57B,false,231693831
2034188298,7E4EF7,true,231697087
2034215384,02DC36,false,231700367
2034249364,0BD687,false,231703740
2034280208,048076,false,231707422
2034311060,1FCCDA,false,231711136
2034340590,7E4EF7,true,231714690
2034370850,03B3EB,false,231718288
2034401050,02F60C,false,231721905
2034525708,02F650,false,231726019
2034554066,03DBB9,false,231729434
2034578832,1FC07C,false,231732516
2034607272,7E4EFA,true,231735946
2034632464,7E4EFC,true,231739008
2034657780,7E4EF7,true,231742071
2034683726,02DA46,false,231745160
2034709728,02DA49,false,231748224
2034735696,02DA4B,false,231751286
2034761676,02DA46,false,231754349
2034880046,7E530E,true,231757752
2034912790,7E5337,true,231761652
2034945386,7E5713,true,231765542
2034975896,7E58C0,true,231769184
2035006476,7E5799,true,231772841
2035036490,7E4F34,true,231776438
2035061802,7E4F37,true,231779502
2035087032,7E4F39,true,231782564
2035112314,7E4F34,true,231785627
2035144380,7E4F37,true,231788871
2035168400,7E4F39,true,231791933
2035192262,7E4F34,true,231794996
2035216950,7E4F37,true,231798060
2035242116,7E4F39,true,231801122
2035267438,7E4F34,true,231804185
2035292648,7E4F37,true,231807249
2035317958,7E4F39,true,231810311
2035343202,7E4F34,true,231813374
2035368494,7E4F37,true,231816438
2035393724,7E4F39,true,231819500
2035419014,7E4F34,true,231822563
2035444272,7E4F37,true,231825627
2035469548,7E4F39,true,231828689
2035494920,7E4F39,true,231831798
2035519230,7E4F34,true,231834861
2035543060,7E4F37,true,231837925
2035567380,7E4F39,true,231840987
2035592522,7E4F34,true,231844050
2035620262,02F568,false,231847399
2035647200,7E4EF7,true,231850658
2035674232,02D991,false,231853934
2035708536,0BDD86,false,231857342
2035739728,1FC444,false,231861070
2035770034,0BB34F,false,231864720
2035800842,03B98F,false,231868409
2035830064,03B432,false,231871900
2035950470,02F663,false,231875550
2035985472,02F671,false,231879689
2036012786,03DBB6,false,231883000
2036038670,1FC098,false,231886198
2036066234,7E4EF7,true,231889528
2036091540,7E4EFA,true,231892592
2036116770,7E4EFC,true,231895654
2036142754,02DA4B,false,231898743
2036168716,02DA46,false,231901806
2036194694,02DA49,false,231904870
2036313984,7E5312,true,231908387
2036346742,7E533D,true,231912285
2036379244,7E579F,true,231916153
2036409494,7E52D7,true,231919771
2036439438,7E51CE,true,231923358
2036469452,7E4F37,true,231926959
2036494710,7E4F39,true,231930021
2036519986,7E4F34,true,231933084
2036545244,7E4F37,true,231936148
2036577242,7E4F39,true,231939390
2036601160,7E4F34,true,231942453
2036624990,7E4F37,true,231945517
2036649760,7E4F39,true,231948579
2036675082,7E4F34,true,231951642
2036700280,7E4F37,true,231954706
2036725596,7E4F39,true,231957768
2036750846,7E4F34,true,231960831
2036776128,7E4F37,true,231963895
2036801388,7E4F39,true,231966957
2036826662,7E4F34,true,231970020
2036851912,7E4F37,true,231973084
2036877188,7E4F39,true,231976146
2036902430,7E4F34,true,231979209
2036927768,7E4F34,true,231982318
2036951940,7E4F37,true,231985382
2036975756,7E4F39,true,231988444
2037000258,7E4F34,true,231991507
2037028462,02F575,false,231994914
2037055258,7E4EFC,true,231998161
2037082188,7E4EF7,true,232001424
2037116432,0BDEEC,false,232004818
2037147274,1FC540,false,232008509
2037178108,1FD304,false,232012222
2037208568,7E4EF7,true,232015872
2037237804,03B406,false,232019362
2037268802,000118,false,232023071
2037393388,7E4EF7,true,232027182
2037420240,03DBB9,false,232030443
2037446594,1FC061,false,232033691
2037473768,7E4EFA,true,232036977
2037499040,7E4EFC,true,232040039
2037524276,7E4EF7,true,232043102
2037550288,02DA46,false,232046191
2037576286,02DA49,false,232049255
2037602242,02DA4B,false,232052317
2037718586,02DA52,false,232055432
2037748670,7E53A7,true,232059039
2037781284,7E52DB,true,232062921
2037812956,7E5791,true,232066705
2037844106,7E4FD1,true,232070422
2037874208,7E500F,true,232074023
2037902878,7E4F34,true,232077469
2037928152,7E4F37,true,232080533
2037953414,7E4F39,true,232083595
2037978650,7E4F34,true,232086658
2038010512,7E4F37,true,232089902
2038034368,7E4F39,true,232092964
2038058190,7E4F34,true,232096027
2038083228,7E4F37,true,232099091
2038108452,7E4F39,true,232102153
2038133734,7E4F34,true,232105216
2038159064,7E4F37,true,232108280
2038184260,7E4F39,true,232111342
2038209576,7E4F34,true,232114405
2038234790,7E4F37,true,232117469
2038260092,7E4F39,true,232120531
2038285356,7E4F34,true,232123594
2038310640,7E4F37,true,232126658
2038335884,7E4F39,true,232129720
2038361144,7E4F39,true,232132829
2038385158,7E4F34,true,232135892
2038408988,7E4F37,true,232138956
2038435120,02F554,false,232142192
2038463042,7E4EF7,true,232145562
2038489802,02DB95,false,232148804
2038523814,0BD41D,false,232152193
2038554642,1FD271,false,232155865
2038585600,1FDAFE,false,232159596
2038615412,7E4EFA,true,232163175
2038645454,03B26A,false,232166750
2038675182,02F66D,false,232170318
2038799904,02F688,false,232174440
2038828200,03E18C,false,232177847
2038853050,1FC08E,false,232180938
2038882078,7E4EF7,true,232184432
2038907336,7E4EFA,true,232187496
2038932600,7E4EFC,true,232190558
2038958480,02DA4B,false,232193647
2038984470,02DA46,false,232196710
2039010484,02DA49,false,232199774
2039036460,02DA4B,false,232202836
2039153168,03BBA9,false,232206017
2039184042,7E5342,true,232209709
2039216708,7E5358,true,232213596
2039248480,7E52E6,true,232217386
2039278600,7E5787,true,232220990
2039308678,7E52CE,true,232224589
2039336942,7E4F34,true,232227988
2039362240,7E4F37,true,232231052
2039387476,7E4F39,true,232234114
2039412760,7E4F34,true,232237177
2039444312,7E4F37,true,232240421
2039468168,7E4F39,true,232243483
2039492230,7E4F34,true,232246546
2039517292,7E4F37,true,232249610
2039542554,7E4F39,true,232252672
2039567798,7E4F34,true,232255735
2039593088,7E4F37,true,232258799
2039618332,7E4F39,true,232261861
2039643616,7E4F34,true,232264924
2039668852,7E4F37,true,232267988
2039694122,7E4F39,true,232271050
2039719386,7E4F34,true,232274113
2039744670,7E4F37,true,232277177
2039769988,7E4F39,true,232280239
2039795096,7E4F39,true,232283348
2039818958,7E4F34,true,232286411
2039842788,7E4F37,true,232289475
2039871468,7E4EF7,true,232292970
2039897658,000114,false,232296141
2039930946,0681D5,false,232299463
2039960614,0BBC0F,false,232302995
2039991940,1FD2C6,false,232306764
2040022440,1FD0EC,false,232310424
2040053572,02FBCD,false,232314149
2040081548,03B341,false,232317499
2040115876,02F5F7,false,232321564
2040235836,7E4EFA,true,232325160
2040261544,03DBBD,false,232328335
2040290870,7E4EFA,true,232331891
2040316140,7E4EFC,true,232334953
2040341368,7E4EF7,true,232338016
2040367052,02DA46,false,232341105
2040393024,02DA49,false,232344169
2040419000,02DA4B,false,232347231
2040444990,02DA46,false,232350294
2040471046,02DA49,false,232353358
2040588356,7E4F64,true,232356611
2040619746,7E524F,true,232360367
2040652634,7E5356,true,232364284
2040683380,7E51C4,true,232367961
2040714420,7E579E,true,232371670
2040743958,7E5917,true,232375203
2040771356,7E4F39,true,232378509
2040796614,7E4F34,true,232381572
2040821904,7E4F37,true,232384636
2040850338,7E3C0B,true,232387757
2040878462,7E4F34,true,232390941
2040902292,7E4F37,true,232394005
2040926618,7E4F39,true,232397067
2040951698,7E4F34,true,232400130
2040976948,7E4F37,true,232403194
2041002218,7E4F39,true,232406256
2041027462,7E4F34,true,232409319
2041052752,7E4F37,true,232412383
2041078062,7E4F39,true,232415445
2041103306,7E4F34,true,232418508
2041128588,7E4F37,true,232421572
2041153848,7E4F39,true,232424634
2041179122,7E4F34,true,232427697
2041204638,7E4F34,true,232430806
2041229260,7E4F37,true,232433870
2041253076,7E4F39,true,232436932
2041277234,7E4F39,false,232440012
2041306330,7E4EFC,true,232443543
2041332580,06BB80,false,232446719
2041359150,02DCC5,false,232449936
2041394252,0BE9FB,false,232453425
2041425432,1FC599,false,232457165
2041456210,1FCD4B,false,232460862
2041487432,1FCE21,false,232464595
2041515718,03B36A,false,232467982
2041549186,02F6AC,false,232471954
2041670248,7E4EFC,true,232475670
2041696334,03DBB6,false,232478871
2041725366,7E4EFC,true,232482403
2041750634,7E4EF7,true,232485466
2041775872,7E4EFA,true,232488530
2041801450,02DA49,false,232491619
2041827418,02DA4B,false,232494681
2041853408,02DA46,false,232497744
2041879448,02DA49,false,232500808
2041905404,02DA4B,false,232503870
2042022972,7E4F5C,true,232507173
2042055484,7E530E,true,232511048
2042088232,7E533C,true,232514949
2042119160,7E5788,true,232518642
2042149286,7E52D1,true,232522244
2042179524,7E5784,true,232525865
2042205592,7E4F34,true,232529022
2042230876,7E4F37,true,232532086
2042256120,7E4F39,true,232535148
2042288250,7E4F34,true,232538391
2042312428,7E4F37,true,232541455
2042336244,7E4F39,true,232544517
2042360744,7E4F34,true,232547580
2042385928,7E4F37,true,232550644
2042411204,7E4F39,true,232553706
2042436440,7E4F34,true,232556769
2042461716,7E4F37,true,232559833
2042487032,7E4F39,true,232562895
2042512244,7E4F34,true,232565958
2042537568,7E4F37,true,232569022
2042562820,7E4F39,true,232572084
2042588102,7E4F34,true,232575147
2042613352,7E4F37,true,232578211
2042638804,7E4F37,true,232581320
2042663212,7E4F39,true,232584382
2042687074,7E4F34,true,232587445
2042711252,7E4F37,true,232590509
2042740134,7E4EF7,true,232594004
2042766204,7E4EFA,true,232597165
2042793306,02DCD0,false,232600448
2042828358,0BDF73,false,232603931
2042859710,1FC4FD,false,232607689
2042890440,1FCCDA,false,232611385
2042921536,02FC66,false,232615100
2042949814,03B34B,false,232618481
2042982990,02F60C,false,232622423
2043104366,7E4EF7,true,232626177
2043130496,03DBBC,false,232629381
2043159480,7E4EF7,true,232632908
2043184698,7E4EFA,true,232635972
2043210008,7E4EFC,true,232639034
2043235494,02DA4B,false,232642123
2043261456,02DA46,false,232645186
2043287454,02DA49,false,232648250
2043313410,02DA4B,false,232651312
2043339378,02DA46,false,232654375
2043457982,7E5782,true,232657810
2043490728,7E52D4,true,232661706
2043523362,7E52FF,true,232665589
2043553692,7E5177,true,232669211
2043584216,7E5818,true,232672869
2043614206,7E4F34,true,232676464
2043639472,7E4F37,true,232679528
2043664748,7E4F39,true,232682590
2043690070,7E4F34,true,232685653
2043722058,7E4F37,true,232688897
2043746066,7E4F39,true,232691959
2043769928,7E4F34,true,232695022
2043794602,7E4F37,true,232698086
2043819830,7E4F39,true,232701148
2043845074,7E4F34,true,232704211
2043870364,7E4F37,true,232707275
2043895608,7E4F39,true,232710337
2043920882,7E4F34,true,232713400
2043946156,7E4F37,true,232716464
2043971418,7E4F39,true,232719526
2043996666,7E4F34,true,232722589
2044021956,7E4F37,true,232725653
2044047178,7E4F39,true,232728715
2044072570,7E4F39,true,232731824
2044096838,7E4F34,true,232734887
2044120708,7E4F37,true,232737951
2044146290,02F506,false,232741158
2044174470,7E4EFA,true,232744562
2044201080,02DB9B,false,232747788
2044234814,1FD678,false,232751151
2044264822,1FD28C,false,232754724
2044295868,1FD2C0,false,232758458
2044326048,7E4EFA,true,232762087
2044356626,03BAB9,false,232765736
2044384958,02F65A,false,232769142
2044509638,02F674,false,232773257
2044538192,7E4EFC,true,232776689
2044563638,03DBBB,false,232779840
2044593350,7E4EFC,true,232783422
2044618594,7E4EF7,true,232786485
2044643892,7E4EFA,true,232789549
2044669674,02DA49,false,232792638
2044695630,02DA4B,false,232795700
2044721618,02DA46,false,232798763
2044747590,02DA49,false,232801827
2044773636,000120,false,232804901
2044893470,7E5347,true,232808480
2044926150,7E535B,true,232812375
2044957886,7E592B,true,232816164
2044988896,7E578F,true,232819862
2045019008,7E52D9,true,232823464
2045048210,7E4F39,true,232826978
2045073514,7E4F34,true,232830041
2045098758,7E4F37,true,232833105
2045124028,7E4F39,true,232836167
2045155994,7E4F34,true,232839410
2045179824,7E4F37,true,232842474
2045203680,7E4F39,true,232845536
2045228544,7E4F34,true,232848599
2045253836,7E4F37,true,232851663
2045279152,7E4F39,true,232854725
2045304402,7E4F34,true,232857788
2045329684,7E4F37,true,232860852
2045354916,7E4F39,true,232863914
2045380192,7E4F34,true,232866977
2045405444,7E4F37,true,232870041
2045430734,7E4F39,true,232873103
2045455978,7E4F34,true,232876166
2045481268,7E4F37,true,232879230
2045506536,7E4F37,true,232882339
2045530608,7E4F39,true,232885401
2045554470,7E4F34,true,232888464
2045579030,7E4F37,true,232891528
2045608052,7E4EF7,true,232895023
2045634124,7E4EFA,true,232898184
2045661072,7E4EFC,true,232901446
2045695386,1FC5E0,false,232904848
2045726856,1FD27D,false,232908622
2045757342,1FCD98,false,232912286
2045788512,02FC6E,false,232916024
2045817042,03B3DB,false,232919433
2045938586,02F6AE,false,232923206
2045972254,7E4EFA,true,232927199
2045998808,03DBBA,false,232930437
2046026822,1FC092,false,232933862
2046052640,7E4EFC,true,232936992
2046077892,7E4EF7,true,232940055
2046103176,7E4EFA,true,232943119
2046129248,02DA49,false,232946208
2046155230,02DA4B,false,232949270
2046181198,02DA46,false,232952333
2046297672,7E4EFC,true,232955476
2046328182,7E52E6,true,232959125
2046360592,7E5203,true,232962993
2046392502,7E578B,true,232966794
2046423034,7E58C4,true,232970444
2046453114,7E58D4,true,232974042
2046481748,7E4F37,true,232977486
2046507040,7E4F39,true,232980548
2046532282,7E4F34,true,232983611
2046557560,7E4F37,true,232986675
2046589296,7E4F39,true,232989917
2046613118,7E4F34,true,232992980
2046637108,7E4F37,true,232996044
2046662084,7E4F39,true,232999106
2046687360,7E4F34,true,233002169
2046712684,7E4F37,true,233005233
2046737888,7E4F39,true,233008295
2046763210,7E4F34,true,233011358
2046788454,7E4F37,true,233014422
2046813724,7E4F39,true,233017484
2046838962,7E4F34,true,233020547
2046864272,7E4F37,true,233023611
2046889496,7E4F39,true,233026673
2046914778,7E4F34,true,233029736
2046939982,7E4F34,true,233032845
2046963916,7E4F37,true,233035909
2046987772,7E4F39,true,233038971
2047012500,7E4F34,true,233042034
2047041580,7E4EFC,true,233045530
2047067856,02E3C7,false,233048719
2047094810,02DCC8,false,233051980
2047128408,0BDC5A,false,233055295
2047159574,0484C9,false,233059022
2047189806,1FCDE9,false,233062664
2047220322,02FB28,false,233066324
2047249810,03B433,false,233069840
2047369904,02F5A6,false,233073454
2047404866,02F5B3,false,233077594
2047432746,03DBBD,false,233080965
2047457990,1FC075,false,233084090
2047486152,7E4EFC,true,233087485
2047511410,7E4EF7,true,233090548
2047536700,7E4EFA,true,233093612
2047562656,02DA49,false,233096701
2047588638,02DA4B,false,233099763
2047614600,02DA46,false,233102826
2047731236,03BC12,false,233105998
2047762492,7E5305,true,233109731
2047795164,7E5328,true,233113619
2047826960,7E4FD1,true,233117417
2047857152,7E5791,true,233121020
2047887244,7E52DB,true,233124624
2047915020,7E4F37,true,233127979
2047940352,7E4F39,true,233131041
2047965588,7E4F34,true,233134104
2047991040,7E3BB9,true,233137195
2048022334,7E4F39,true,233140410
2048046196,7E4F34,true,233143473
2048070312,7E4F37,true,233146537
2048095356,7E4F39,true,233149599
2048120638,7E4F34,true,233152662
2048145888,7E4F37,true,233155726
2048171158,7E4F39,true,233158788
2048196402,7E4F34,true,233161851
2048221700,7E4F37,true,233164915
2048246936,7E4F39,true,233167977
2048272218,7E4F34,true,233171040
2048297460,7E4F37,true,233174104
2048322736,7E4F39,true,233177166
2048348328,00015E,true,233180266
2048373106,7E4F34,true,233183338
2048396976,7E4F37,true,233186402
2048420792,7E4F39,true,233189464
2048445776,7E4F34,true,233192527
2048474054,02F576,false,233195937
2048500898,7E4EEA,false,233199179
2048527816,7E4EFA,true,233202447
2048562118,0BDF11,false,233205853
2048592826,1FC58F,false,233209530
2048623840,1FD325,false,233213256
2048654152,7E4EFA,true,233216901
2048683372,03B3C9,false,233220387
2048804098,02F5EA,false,233224073
2048838936,7E4EF7,true,233228204
2048865790,03DBBC,false,233231461
2048892210,1FC072,false,233234720
2048919332,7E4EFA,true,233237999
2048944622,7E4EFC,true,233241061
2048969866,7E4EF7,true,233244124
2048995886,02DA46,false,233247213
2049021950,02DA49,false,233250277
2049047916,02DA4B,false,233253339
2049165238,7E4F72,true,233256594
2049196636,7E5270,true,233260351
2049229518,7E5361,true,233264267
2049260228,7E51C5,true,233267940
2049291304,7E57A7,true,233271653
2049320822,7E591E,true,233275184
2049348230,7E4F34,true,233278491
2049373496,7E4F37,true,233281555
2049398772,7E4F39,true,233284617
2049427228,7E3C16,true,233287741
2049455344,7E4F37,true,233290924
2049479160,7E4F39,true,233293986
2049503492,7E4F34,true,233297049
2049528580,7E4F37,true,233300113
2049553888,7E4F39,true,233303175
2049579092,7E4F34,true,233306238
2049604416,7E4F37,true,233309302
2049629660,7E4F39,true,233312364
2049654936,7E4F34,true,233315427
2049680188,7E4F37,true,233318491
2049705456,7E4F39,true,233321553
2049730722,7E4F34,true,233324616
2049756004,7E4F37,true,233327680
2049781520,7E4F37,true,233330789
2049806128,7E4F39,true,233333851
2049829950,7E4F34,true,233336914
2049854002,7E4F37,true,233339978
2049878972,7E4F39,true,233343040
2049906230,02F517,false,233346333
2049933690,7E4EF7,true,233349649
2049960562,02DB8B,false,233352902
2049994894,0BD750,false,233356319
2050025994,04A19E,false,233360030
2050056460,1FCD4F,false,233363699
2050086400,03B9AA,false,233367297
2050116304,03B402,false,233370850
2050236228,02F65A,false,233374446
2050271184,02F668,false,233378585
2050299484,03DBBC,false,233381995
2050324358,1FC087,false,233385089
2050352712,7E4EFA,true,233388510
2050377990,7E4EFC,true,233391572
2050403226,7E4EF7,true,233394635
2050429174,02DA46,false,233397724
2050455152,02DA49,false,233400788
2050481108,02DA4B,false,233403850
2050598586,7E4F79,true,233407142
2050630968,7E5362,true,233411001
2050663656,7E5791,true,233414896
2050694584,7E52CC,true,233418587
2050724668,7E528C,true,233422189
2050754762,7E4F9D,true,233425794
2050781306,7E4F34,true,233429002
2050806596,7E4F37,true,233432066
2050831832,7E4F39,true,233435128
2050863940,00015E,true,233438363
2050888220,7E4F37,true,233441435
2050912076,7E4F39,true,233444497
2050936520,7E4F34,true,233447560
2050961720,7E4F37,true,233450624
2050986964,7E4F39,true,233453686
2051012232,7E4F34,true,233456749
2051037476,7E4F37,true,233459813
2051062752,7E4F39,true,233462875
2051088004,7E4F34,true,233465938
2051113288,7E4F37,true,233469002
2051138532,7E4F39,true,233472064
2051163814,7E4F34,true,233475127
2051189064,7E4F37,true,233478191
2051214588,7E4F37,true,233481300
2051239004,7E4F39,true,233484362
2051262866,7E4F34,true,233487425
2051288750,02F57C,false,233490692
2051316310,7E4EFA,true,233494035
2051343052,02DB8E,false,233497280
2051376744,0B9107,false,233500636
2051406952,1FD304,false,233504233
2051438000,1FD2C0,false,233507970
2051467826,7E4EF7,true,233511552
2051498422,03BA7E,false,233515201
2051527184,02F5DD,false,233518655
2051562192,02F5E8,false,233522796
2051680570,03E076,false,233526218
2051705294,03DBB6,false,233529293
2051735168,7E4EFC,true,233532886
2051760410,7E4EF7,true,233535949
2051785694,7E4EFA,true,233539013
2051811520,02DA49,false,233542102
2051837504,02DA4B,false,233545164
2051863484,02DA46,false,233548227
2051889476,02DA49,false,233551291
2051915432,02DA4B,false,233554353
2052033860,7E532C,true,233557764
2052066626,7E534C,true,233561666
2052099236,7E5787,true,233565549
2052129608,7E58CD,true,233569183
2052160244,7E57AB,true,233572847
2052190240,7E4F39,true,233576442
2052215544,7E4F34,true,233579505
2052240788,7E4F37,true,233582569
2052266064,7E4F39,true,233585631
2052298122,7E4F34,true,233588874
2052322196,7E4F37,true,233591938
2052346012,7E4F39,true,233595000
2052370692,7E4F34,true,233598063
2052395912,7E4F37,true,233601127
2052421188,7E4F39,true,233604189
2052446430,7E4F34,true,233607252
2052471714,7E4F37,true,233610316
2052496952,7E4F39,true,233613378
2052522236,7E4F34,true,233616441
2052547480,7E4F37,true,233619505
2052572764,7E4F39,true,233622567
2052598014,7E4F34,true,233625630
2052623304,7E4F37,true,233628694
2052648676,7E4F37,true,233631803
2052672980,7E4F39,true,233634865
2052696802,7E4F34,true,233637928
2052724924,7E4EFC,true,233641424
2052750912,7E4EF7,true,233644584
2052778058,02DCCA,false,233647873
2052810244,1FD388,false,233651069
2052837992,0BDF16,false,233654425
2052869290,1FD32D,false,233658170
2052900230,1FCC8F,false,233661898
2052929754,7E4EFC,true,233665449
2052959614,03B3DB,false,233669013
2052989022,02F67B,false,233672532
2053113722,02F6A9,false,233676654
2053142912,7E4EFA,true,233680151
2053168692,03DBBA,false,233683328
2053198750,7E4EFA,true,233686964
2053223990,7E4EFC,true,233690026
2053249266,7E4EF7,true,233693089
2053274876,02DA46,false,233696178
2053300884,02DA49,false,233699242
2053326860,02DA4B,false,233702304
2053443226,03BB06,false,233705430
2053473178,7E5342,true,233709019
2053505930,7E535B,true,233712919
2053538614,7E5788,true,233716808
2053569580,7E5791,true,233720505
2053600284,7E5860,true,233724175
2053630718,7E500F,true,233727823
2053660888,7E4F39,true,233731428
2053686138,7E4F34,true,233734491
2053717638,7E40F7,true,233737642
2053742608,7E4F34,true,233740778
2053766438,7E4F37,true,233743842
2053790698,7E4F39,true,233746904
2053815814,7E4F34,true,233749967
2053841104,7E4F37,true,233753031
2053866334,7E4F39,true,233756093
2053891602,7E4F34,true,233759156
2053916860,7E4F37,true,233762220
2053942144,7E4F39,true,233765282
2053967394,7E4F34,true,233768345
2053992684,7E4F37,true,233771409
2054017936,7E4F39,true,233774471
2054043218,7E4F34,true,233777534
2054068804,7E4F34,true,233780643
2054093436,7E4F37,true,233783707
2054117292,7E4F39,true,233786769
2054141234,7E4F34,true,233789832
2054166208,7E4F37,true,233792896
2054191518,7E4F39,true,233795958
2054220640,03EB4B,false,233799468
2054246936,7E4EFC,true,233802651
2054273836,7E4EF7,true,233805914
2054308392,1FC43F,false,233809343
2054339716,1FC4A6,false,233813092
2054370286,02DB12,false,233816767
2054400908,7E4EF7,true,233820445
2054520194,03B3DB,false,233823948
2054549768,02F649,false,233827502
2054584784,02F658,false,233831645
2054612682,7E4EF7,true,233835001
2054638118,03DBB9,false,233838154
2054668474,7E4EF7,true,233841812
2054693764,7E4EFA,true,233844876
2054719016,7E4EFC,true,233847938
2054744732,02DA4B,false,233851027
2054770704,02DA46,false,233854090
2054888278,7E4F7B,true,233857396
2054920742,7E52D7,true,233861262
2054953480,7E52FB,true,233865160
2054985306,7E578C,true,233868951
2055016318,7E5174,true,233872660
2055046530,7E578C,true,233876271
2055076730,7E5295,true,233879880
2055104322,7E4F34,true,233883214
2055129580,7E4F37,true,233886278
2055161542,7E4F39,true,233889520
2055185404,7E4F34,true,233892583
2055209234,7E4F37,true,233895647
2055234102,7E4F39,true,233898709
2055259340,7E4F34,true,233901772
2055284624,7E4F37,true,233904836
2055309940,7E4F39,true,233907898
2055335150,7E4F34,true,233910961
2055360466,7E4F37,true,233914025
2055385724,7E4F39,true,233917087
2055410992,7E4F34,true,233920150
2055436264,7E4F37,true,233923214
2055461534,7E4F39,true,233926276
2055486778,7E4F34,true,233929339
2055512096,7E4F34,true,233932448
2055536220,7E4F37,true,233935512
2055560036,7E4F39,true,233938574
2055584596,7E4F34,true,233941637
2055609776,7E4F37,true,233944701
2055635052,7E4F39,true,233947763
2055660294,7E4F34,true,233950826
2055687834,02F554,false,233954144
2055715370,7E4EF7,true,233957474
2055742186,02DB96,false,233960725
2055775914,0B912C,false,233964076
2055802950,0BDBB1,false,233967327
2055832738,02DB0E,false,233970884
2055953782,1FD335,false,233974624
2055985522,1FCCE5,false,233978460
2056016488,7E4EF1,false,233982155
2056046186,03BA90,false,233985705
2056074600,02F5F5,false,233989116
2056109674,02F65F,false,233993265
2056139786,7E4EF7,true,233996868
2056165776,03DBBC,false,234000065
2056195578,7E4EF7,true,234003681
2056311226,7E4EF7,true,234006796
2056336484,7E4EFA,true,234009860
2056361748,7E4EFC,true,234012922
2056386990,7E4EF7,true,234015985
2056412280,7E4EFA,true,234019049
2056437524,7E4EFC,true,234022111
2056462814,7E4EF7,true,234025174
2056488064,7E4EFA,true,234028238
2056513356,7E4EFC,true,234031300
2056538598,7E4EF7,true,234034363
2056563876,7E4EFA,true,234037427
2056597344,7E4F58,true,234040875
2056627640,7E51E0,true,234044707
2056659426,7E52F6,true,234048608
2056691208,7E5788,true,234052399
2056722332,7E52E9,true,234056119
2056752456,7E5788,true,234059719
2056782562,7E52D1,true,234063321
2056810760,7E4F37,true,234066719
2056835996,7E4F39,true,234069781
2056861274,7E4F34,true,234072844
2056886518,7E4F37,true,234075908
2056911788,7E4F39,true,234078970
2056937220,7E4F39,true,234082079
2056961486,7E4F34,true,234085142
2056985316,7E4F37,true,234088206
2057009698,7E4F39,true,234091268
2057034830,7E4F34,true,234094331
2057060112,7E4F37,true,234097395
2057085336,7E4F39,true,234100457
2057110618,7E4F34,true,234103520
2057135876,7E4F37,true,234106584
2057161148,7E4F39,true,234109646
2057186398,7E4F34,true,234112709
2057211674,7E4F37,true,234115773
2057236924,7E4F39,true,234118835
2057262206,7E4F34,true,234121898
2057287764,7E4F34,true,234125007
2057312288,7E4F37,true,234128071
2057336104,7E4F39,true,234131133
2057360212,7E4F34,true,234134196
2057385226,7E4F37,true,234137260
2057410542,7E4F39,true,234140322
2057435786,7E4F34,true,234143385
2057461076,7E4F37,true,234146449
2057492864,02F554,false,234150310
2057523448,7E4EFA,true,234154024
2057550610,02D9E2,false,234157313
2057585248,1FC596,false,234160719
2057616566,09C027,false,234164464
2057736802,1FCCF4,false,234168124
2057766694,7E4EFA,true,234171709
2057798312,7E4EF7,true,234175470
2057826290,03B345,false,234178840
2057860220,02F682,false,234182865
2057889500,7E4EFA,true,234186372
2057914894,03DBBD,false,234189522
2057944464,7E4EFC,true,234193088
2057969772,7E4EF7,true,234196151
2057995024,7E4EFA,true,234199215
2058110614,7E4EFA,true,234202330
2058135844,7E4EFC,true,234205392
2058161126,7E4EF7,true,234208455
2058186384,7E4EFA,true,234211519
2058211652,7E4EFC,true,234214581
2058236910,7E4EF7,true,234217644
2058262200,7E4EFA,true,234220708
2058287512,7E4EFC,true,234223770
2058312708,7E4EF7,true,234226833
2058338032,7E4EFA,true,234229897
2058370814,03BB3E,false,234233218
2058400026,7E52F3,true,234236884
2058430972,7E52C9,true,234240765
2058462510,7E578B,true,234244557
2058492858,7E5927,true,234248185
2058522902,7E5936,true,234251786
2058551520,7E4F39,true,234255229
2058576802,7E4F34,true,234258292
2058602056,7E4F37,true,234261356
2058627332,7E4F39,true,234264418
2058652586,7E4F34,true,234267481
2058677876,7E4F37,true,234270545
2058703100,7E4F39,true,234273607
2058728424,7E4F39,true,234276716
2058752542,7E4F34,true,234279779
2058776372,7E4F37,true,234282843
2058800934,7E4F39,true,234285905
2058826130,7E4F34,true,234288968
2058851420,7E4F37,true,234292032
2058876656,7E4F39,true,234295094
2058901924,7E4F34,true,234298157
2058927248,7E4F37,true,234301221
2058952466,7E4F39,true,234304283
2058977782,7E4F34,true,234307346
2059003044,7E4F37,true,234310410
2059028328,7E4F39,true,234313472
2059053570,7E4F34,true,234316535
2059079004,7E4F34,true,234319644
2059103376,7E4F37,true,234322708
2059127232,7E4F39,true,234325770
2059151464,7E4F34,true,234328833
2059176568,7E4F37,true,234331897
2059201844,7E4F39,true,234334959
2059227086,7E4F34,true,234338022
2059252362,7E4F37,true,234341086
2059281038,7E4EF7,true,234344540
2059308044,7E4EFC,true,234347805
2059342272,0BDBED,false,234351184
2059371974,02DB04,false,234354732
2059402898,0BB31E,false,234358458
2059523158,7E4EEC,false,234362097
2059554328,02FC7A,false,234365802
2059582630,03B47C,false,234369203
2059615678,02F5E8,false,234373130
2059646112,7E4EFC,true,234376763
2059671748,03DBB6,false,234379935
2059701096,7E4EF7,true,234383482
2059726342,7E4EFA,true,234386546
2059751612,7E4EFC,true,234389608
2059777302,02DA4B,false,234392697
2059895884,7E53A6,true,234396122
2059927844,7E52FD,true,234399933
2059959950,7E5359,true,234403762
2059990738,7E52D9,true,234407442
2060020870,7E51A5,true,234411050
2060050894,7E578C,true,234414645
2060077732,7E4F34,true,234417889
2060103056,7E4F37,true,234420953
2060128286,7E4F39,true,234424015
2060160362,7E4F34,true,234427258
2060184384,7E4F37,true,234430322
2060208200,7E4F39,true,234433384
2060232876,7E4F34,true,234436447
2060258096,7E4F37,true,234439511
2060283372,7E4F39,true,234442573
2060308608,7E4F34,true,234445636
2060333892,7E4F37,true,234448700
2060359136,7E4F39,true,234451762
2060384406,7E4F34,true,234454825
2060409664,7E4F37,true,234457889
2060434942,7E4F39,true,234460951
2060460186,7E4F34,true,234464014
2060485462,7E4F37,true,234467078
2060510896,7E4F37,true,234470187
2060535152,7E4F39,true,234473249
2060558974,7E4F34,true,234476312
2060583386,7E4F37,true,234479376
2060608504,7E4F39,true,234482438
2060633786,7E4F34,true,234485501
2060659036,7E4F37,true,234488565
2060684298,7E4F39,true,234491627
2060709542,7E4F34,true,234494690
2060734846,7E4F37,true,234497754
2060763512,7E4EF7,true,234501208
2060790486,7E4EFC,true,234504473
2060825354,1FC429,false,234507924
2060855594,7E3B0E,false,234511546
2060975578,1FCDD8,false,234515168
2061006238,02FA3C,false,234518840
2061037512,02FC26,false,234522560
2061065368,03B366,false,234525910
2061099736,02F611,false,234529986
2061128912,03E04E,false,234533485
2061153730,03DBBD,false,234536571
2061183454,7E4EFC,true,234540148
2061208698,7E4EF7,true,234543211
2061324302,7E4EF7,true,234546326
2061349538,7E4EFA,true,234549390
2061374808,7E4EFC,true,234552452
2061400130,7E4EF7,true,234555515
2061425348,7E4EFA,true,234558579
2061450660,7E4EFC,true,234561641
2061475902,7E4EF7,true,234564704
2061501186,7E4EFA,true,234567768
2061526424,7E4EFC,true,234570830
2061551694,7E4EF7,true,234573893
2061583406,7E3CFF,false,234577082
2061612534,7E52F3,true,234580724
2061642716,7E5342,true,234584537
2061674346,7E5715,true,234588344
2061704706,7E58C1,true,234591984
2061735294,7E579A,true,234595642
2061765294,7E4F37,true,234599240
2061790564,7E4F39,true,234602302
2061815814,7E4F34,true,234605365
2061841104,7E4F37,true,234608429
2061866344,7E4F39,true,234611491
2061891618,7E4F34,true,234614554
2061916856,7E4F37,true,234617618
2061942222,7E4F37,true,234620727
2061966436,7E4F39,true,234623789
2061990298,7E4F34,true,234626852
2062014754,7E4F37,true,234629916
2062039920,7E4F39,true,234632978
2062065170,7E4F34,true,234636041
2062090460,7E4F37,true,234639105
2062115690,7E4F39,true,234642167
2062140958,7E4F34,true,234645230
2062166230,7E4F37,true,234648294
2062191500,7E4F39,true,234651356
2062216758,7E4F34,true,234654419
2062242048,7E4F37,true,234657483
2062267292,7E4F39,true,234660545
2062292774,7E4F39,true,234663654
2062317242,7E4F34,true,234666717
2062341112,7E4F37,true,234669781
2062365262,7E4F39,true,234672843
2062390302,7E4F34,true,234675906
2062415578,7E4F37,true,234678970
2062440880,7E4F39,true,234682032
2062469594,7E4EFA,true,234685488
2062496688,02DCC2,false,234688781
2062531750,02FCCF,false,234692235
2062563144,1FC45F,false,234695993
2062592508,0BB0D9,false,234699530
2062623328,7E4EF7,true,234703220
2062743458,03BABB,false,234706825
2062772524,02F66D,false,234710312
2062807608,02F6B8,false,234714467
2062836430,03DBAE,false,234717930
2062861196,1FC05A,false,234721008
2062889630,7E4EFA,true,234724434
2062914820,7E4EFC,true,234727496
2062940162,7E4EF7,true,234730559
2062966100,02DA46,false,234733648
2062992092,02DA49,false,234736712
2063110210,7E5791,true,234740086
2063142328,7E5359,true,234743912
2063174372,7E5342,true,234747736
2063205248,7E578C,true,234751423
2063235352,7E51C5,true,234755023
2063265580,7E52EB,true,234758636
2063292264,7E4F39,true,234761861
2063317506,7E4F34,true,234764924
2063342796,7E4F37,true,234767988
2063374858,7E4F39,true,234771230
2063398934,7E4F34,true,234774293
2063422804,7E4F37,true,234777357
2063447354,7E4F39,true,234780419
2063472578,7E4F34,true,234783482
2063497836,7E4F37,true,234786546
2063523104,7E4F39,true,234789608
2063548420,7E4F34,true,234792671
2063573632,7E4F37,true,234795735
2063598942,7E4F39,true,234798797
2063624186,7E4F34,true,234801860
2063649484,7E4F37,true,234804924
2063674728,7E4F39,true,234807986
2063700010,7E4F34,true,234811049
2063725398,7E4F34,true,234814158
2063749772,7E4F37,true,234817222
2063773588,7E4F39,true,234820284
2063797864,7E4F34,true,234823347
2063822992,7E4F37,true,234826411
2063848236,7E4F39,true,234829473
2063873510,7E4F34,true,234832536
2063898762,7E4F37,true,234835600
2063924032,7E4F39,true,234838662
2063949290,7E4F34,true,234841725
2063974580,7E4F37,true,234844789
2063999816,7E4F39,true,234847851
2064025106,7E4F34,true,234850914
2064050630,02F508,false,234854003
2064080034,06BBC9,false,234857564
2064105722,02DCD2,false,234860780
2064138756,0BEACD,false,234864230
2064169558,1FC430,false,234867996
2064198770,0BB094,false,234871513
2064229828,7E4EFA,true,234875222
2064259580,03BA30,false,234878771
2064289274,02F60E,false,234882332
2064324260,02F674,false,234886476
2064352336,03DBBD,false,234889868
2064377948,1FC051,false,234893034
2064409144,02DA35,false,234896746
2064527990,7E4EFC,true,234900207
2064553234,7E4EF7,true,234903270
2064578524,7E4EFA,true,234906334
2064604200,02DA49,false,234909423
2064630168,02DA4B,false,234912485
2064656156,02DA46,false,234915548
2064682140,02DA49,false,234918612
2064708114,02DA4B,false,234921674
2064734102,02DA46,false,234924737
2064760086,02DA49,false,234927801
2064786132,000120,false,234930875
2064906092,7E52D7,true,234934469
2064938144,7E5362,true,234938287
2064970128,7E5721,true,234942100
2065000196,7E51BC,true,234945702
2065030672,7E58C8,true,234949348
2065060700,7E4F37,true,234952952
2065085972,7E4F39,true,234956014
2065111214,7E4F34,true,234959077
2065136490,7E4F37,true,234962141
2065168316,7E4F34,true,234965364
2065192146,7E4F37,true,234968428
2065216002,7E4F39,true,234971490
2065240868,7E4F34,true,234974553
2065266166,7E4F37,true,234977617
2065291404,7E4F39,true,234980679
2065316686,7E4F34,true,234983742
2065341944,7E4F37,true,234986806
2065367206,7E4F39,true,234989868
2065392550,7E4F34,true,234992931
2065417746,7E4F37,true,234995995
2065443084,7E4F39,true,234999057
2065468320,7E4F34,true,235002120
2065493604,7E4F37,true,235005184
2065518890,7E4F37,true,235008293
2065542960,7E4F39,true,235011355
2065566822,7E4F34,true,235014418
2065591390,7E4F37,true,235017482
2065616588,7E4F39,true,235020544
2065641838,7E4F34,true,235023607
2065667120,7E4F37,true,235026671
2065692358,7E4F39,true,235029733
2065717634,7E4F34,true,235032796
2065742886,7E4F37,true,235035860
2065768156,7E4F39,true,235038922
2065793414,7E4F34,true,235041985
2065818704,7E4F37,true,235045049
2065847808,03EB0E,false,235048555
2065873242,7E4EF7,true,235051674
2065897812,7E4EFA,true,235054783
2065922466,02DB8D,false,235057944
2065954886,02FC61,false,235061252
2065984074,0BD176,false,235064712
2066015206,09C033,false,235068459
2066044722,02F926,false,235072004
2066076202,03B9BC,false,235075762
2066104912,03B3E6,false,235079190
2066136194,02F663,false,235082929
2066170030,7E4EF7,true,235086940
2066196484,03DBB9,false,235090175
2066314440,1FC079,false,235093605
2066340670,7E4EF7,true,235096776
2066365920,7E4EFA,true,235099840
2066391196,7E4EFC,true,235102902
2066417276,02DA4B,false,235105991
2066443252,02DA46,false,235109054
2066469236,02DA49,false,235112118
2066495198,02DA4B,false,235115180
2066521186,02DA46,false,235118243
2066547170,02DA49,false,235121307
2066573310,7E3B4F,false,235124389
2066693228,7E5308,true,235127984
2066725320,7E52DB,true,235131806
2066757290,7E4F97,true,235135625
2066787228,7E51DA,true,235139210
2066817656,7E5925,true,235142851
2066847706,7E4F39,true,235146456
2066872986,7E4F34,true,235149519
2066898244,7E4F37,true,235152583
2066923512,7E4F39,true,235155645
2066955344,7E4F37,true,235158870
2066979160,7E4F39,true,235161932
2067003022,7E4F34,true,235164995
2067027884,7E4F37,true,235168059
2067053148,7E4F39,true,235171121
2067078470,7E4F34,true,235174184
2067103688,7E4F37,true,235177248
2067128996,7E4F39,true,235180310
2067154240,7E4F34,true,235183373
2067179526,7E4F37,true,235186437
2067204756,7E4F39,true,235189499
2067230052,7E4F34,true,235192562
2067255304,7E4F37,true,235195626
2067280580,7E4F39,true,235198688
2067305856,7E4F39,true,235201797
2067329926,7E4F34,true,235204860
2067353796,7E4F37,true,235207924
2067378350,7E4F39,true,235210986
2067403568,7E4F34,true,235214049
2067428812,7E4F37,true,235217113
2067454088,7E4F39,true,235220175
2067479330,7E4F34,true,235223238
2067504614,7E4F37,true,235226302
2067529944,7E4F39,true,235229364
2067555148,7E4F34,true,235232427
2067580478,7E4F37,true,235235491
2067605716,7E4F39,true,235238553
2067633358,02F56B,false,235241893
2067660276,7E4EFA,true,235245180
2067684832,7E4EFC,true,235248287
2067708654,7E4EF7,true,235251350
2067734768,7E4EF7,true,235254609
2067766998,068566,false,235257796
2067796256,0BD128,false,235261260
2067827392,1FD32D,false,235265000
2067856774,0BAE6F,false,235268538
2067888146,000136,false,235272284
2067917058,03B3F6,false,235275739
2067948272,02F5FA,false,235279465
2067982248,7E4EFA,true,235283497
2068099246,03DBBB,false,235286796
2068126540,1FC05A,false,235290145
2068152860,7E4EFA,true,235293331
2068178130,7E4EFC,true,235296393
2068203374,7E4EF7,true,235299456
2068229454,02DA46,false,235302545
2068255462,02DA49,false,235305609
2068281502,02DA4B,false,235308671
2068307490,02DA46,false,235311734
2068333480,02DA49,false,235314798
2068359504,00010D,false,235317868
2068479398,7E5791,true,235321459
2068511454,7E5359,true,235325285
2068543454,7E5713,true,235329095
2068573512,7E51AD,true,235332696
2068604044,7E58C0,true,235336347
2068634064,7E4F39,true,235339947
2068659406,7E4F34,true,235343010
2068684644,7E4F37,true,235346074
2068709920,7E4F39,true,235349136
2068741834,7E4F34,true,235352379
2068765704,7E4F37,true,235355443
2068789520,7E4F39,true,235358505
2068814414,7E4F34,true,235361568
2068839692,7E4F37,true,235364632
2068864936,7E4F39,true,235367694
2068890218,7E4F34,true,235370757
2068915468,7E4F37,true,235373821
2068940738,7E4F39,true,235376883
2068965976,7E4F34,true,235379946
2068991260,7E4F37,true,235383010
2069016518,7E4F39,true,235386072
2069041794,7E4F34,true,235389135
2069067052,7E4F37,true,235392199
2069092360,7E4F37,true,235395308
2069116464,7E4F39,true,235398370
2069140326,7E4F34,true,235401433
2069164906,7E4F37,true,235404497
2069190110,7E4F39,true,235407559
2069215354,7E4F34,true,235410622
2069240644,7E4F37,true,235413686
2069265874,7E4F39,true,235416748
2069291142,7E4F34,true,235419811
2069316414,7E4F37,true,235422875
2069347532,02F56E,false,235426646
2069374318,7E4EF7,true,235429883
2069399988,7E4EFA,true,235432992
2069425170,7E4EFC,true,235436054
2069452116,7E4EFA,true,235439360
2069484404,0BD9FD,false,235442716
2069512588,1FD2C4,false,235446236
2069543254,1FCC9A,false,235449944
2069573014,7E4EF7,true,235453521
2069604634,02FC12,false,235457273
2069632460,03B34B,false,235460628
2069666792,02F5F5,false,235464692
2069695986,03DBBD,false,235468203
2069721010,1FC08E,false,235471313
2069752044,02DA35,false,235475005
2069782126,02DA38,false,235478579
2069898928,7E4EFC,true,235481825
2069924210,7E4EF7,true,235484888
2069949460,7E4EFA,true,235487952
2069975428,02DA49,false,235491041
2070001390,02DA4B,false,235494103
2070027450,02DA46,false,235497166
2070053434,02DA49,false,235500230
2070079398,02DA4B,false,235503292
2070105388,02DA46,false,235506355
2070131368,02DA49,false,235509419
2070248628,7E4F70,true,235512662
2070279552,7E532C,true,235516370
2070311716,7E5312,true,235520205
2070342100,7E58C5,true,235523839
2070371690,7E51CE,true,235527383
2070399010,7E4F39,true,235530684
2070424326,7E4F34,true,235533747
2070449538,7E4F37,true,235536811
2070474848,7E4F39,true,235539873
2070500098,7E4F34,true,235542936
2070531880,7E4F37,true,235546180
2070555696,7E4F39,true,235549242
2070579600,7E4F34,true,235552305
2070604668,7E4F37,true,235555369
2070629904,7E4F39,true,235558431
2070655172,7E4F34,true,235561494
2070680424,7E4F37,true,235564558
2070705700,7E4F39,true,235567620
2070730950,7E4F34,true,235570683
2070756248,7E4F37,true,235573747
2070781492,7E4F39,true,235576809
2070806758,7E4F34,true,235579872
2070832016,7E4F37,true,235582936
2070857292,7E4F39,true,235585998
2070882518,7E4F39,true,235589107
2070906490,7E4F34,true,235592170
2070930360,7E4F37,true,235595234
2070955090,7E4F39,true,235598296
2070980326,7E4F34,true,235601359
2071005616,7E4F37,true,235604423
2071030852,7E4F39,true,235607485
2071056120,7E4F34,true,235610548
2071081372,7E4F37,true,235613612
2071108360,02F563,false,235616875
2071135492,7E4EFC,true,235620152
2071161114,7E4EE3,false,235623255
2071186400,7E4EFA,true,235626324
2071213308,7E4EFA,true,235629583
2071337982,0BDD3A,false,235633026
2071367980,1FD26C,false,235636613
2071398030,0BB373,false,235640230
2071429062,7E4EE3,false,235643936
2071459844,03BA58,false,235647602
2071488544,02F65F,false,235651047
2071523706,02F6B1,false,235655204
2071550480,03DBBB,false,235658469
2071667462,7E4023,false,235661788
2071693742,7E4EF7,true,235664976
2071719032,7E4EFA,true,235668040
2071744268,7E4EFC,true,235671102
2071773832,7E5342,true,235674648
2071805702,7E5AFC,true,235678451
2071837050,7E5784,true,235682196
2071867142,7E5796,true,235685798
2071896116,7E4F39,true,235689279
2071921358,7E4F34,true,235692342
2071953432,7E4F37,true,235695586
2071977438,7E4F39,true,235698648
2072001260,7E4F34,true,235701711
2072025942,7E4F37,true,235704775
2072051156,7E4F39,true,235707837
2072076438,7E4F34,true,235710900
2072101696,7E4F37,true,235713964
2072126964,7E4F39,true,235717026
2072152202,7E4F34,true,235720089
2072177512,7E4F37,true,235723153
2072202736,7E4F39,true,235726215
2072228040,7E4F34,true,235729278
2072253284,7E4F37,true,235732342
2072278560,7E4F39,true,235735404
2072303992,7E4F39,true,235738513
2072328258,7E4F34,true,235741576
2072352088,7E4F37,true,235744640
2072376470,7E4F39,true,235747702
2072401586,7E4F34,true,235750765
2072426876,7E4F37,true,235753829
2072452112,7E4F39,true,235756891
2072477388,7E4F34,true,235759954
2072502640,7E4F37,true,235763018
2072527924,7E4F39,true,235766080
2072553166,7E4F34,true,235769143
2072578456,7E4F37,true,235772207
2072605432,02F552,false,235775462
2072632628,7E4EFC,true,235778747
2072658378,7E4EE8,false,235781898
2072682816,7E4EF7,true,235784964
2072708188,7E4EF7,true,235788223
2072741572,0BDDB2,false,235791622
2072771646,1FD2C8,false,235795224
2072801626,02DB12,false,235798835
2072832594,7E4EFA,true,235802531
2072863206,03BA7E,false,235806178
2072892146,02F6A5,false,235809656
2072927106,02F4E7,false,235813801
2072953892,03DBBB,false,235817056
2072981308,1FC058,false,235820422
2073100892,7E4EFA,true,235823963
2073126130,7E4EFC,true,235827025
2073151406,7E4EF7,true,235830088
2073177006,02DA46,false,235833177
2073202988,02DA49,false,235836241
2073228950,02DA4B,false,235839303
2073254932,02DA46,false,235842366
2073280922,02DA49,false,235845430
2073306904,02DA4B,false,235848492
2073332878,02DA46,false,235851555
2073358856,02DA49,false,235854619
2073477974,7E52FC,true,235858112
2073510050,7E52F4,true,235861936
2073541224,7E52EE,true,235865662
2073571264,7E578C,true,235869259
2073600916,7E4F37,true,235872822
2073626186,7E4F39,true,235875884
2073651430,7E4F34,true,235878947
2073676708,7E4F37,true,235882011
2073702024,7E4F39,true,235885073
2073734030,7E4F37,true,235888298
2073758286,7E4F39,true,235891360
2073782148,7E4F34,true,235894423
2073806530,7E4F37,true,235897487
2073831676,7E4F39,true,235900549
2073856926,7E4F34,true,235903612
2073882216,7E4F37,true,235906676
2073907452,7E4F39,true,235909738
2073932722,7E4F34,true,235912801
2073957994,7E4F37,true,235915865
2073983256,7E4F39,true,235918927
2074008506,7E4F34,true,235921990
2074033794,7E4F37,true,235925054
2074059024,7E4F39,true,235928116
2074084542,7E4F39,true,235931225
2074109058,7E4F34,true,235934288
2074132928,7E4F37,true,235937352
2074157018,7E4F39,true,235940414
2074182016,7E4F34,true,235943477
2074207300,7E4F37,true,235946541
2074232616,7E4F39,true,235949603
2074257866,7E4F34,true,235952666
2074283148,7E4F37,true,235955730
2074311578,7E4EF7,true,235959157
2074337308,7E4EFA,true,235962273
2074362972,7E4EFC,true,235965380
2074389102,02DB9B,false,235968540
2074415424,02DCCA,false,235971724
2074540308,1FC58C,false,235975181
2074571440,1FC424,false,235978911
2074600626,0BB085,false,235982428
2074631698,7E4EF7,true,235986139
2074661318,03BABC,false,235989675
2074691136,02F5AD,false,235993247
2074725444,7E4EFC,true,235997311
2074751814,03DBB6,false,236000536
2074779726,7E4EF7,true,236003948
2074895316,7E4EF7,true,236007063
2074920600,7E4EFA,true,236010127
2074945844,7E4EFC,true,236013189
2074971126,7E4EF7,true,236016252
2074996448,7E4EFA,true,236019316
2075021648,7E4EFC,true,236022378
2075046956,7E4EF7,true,236025441
2075072208,7E4EFA,true,236028505
2075097486,7E4EFC,true,236031567
2075122722,7E4EF7,true,236034630
2075148012,7E4EFA,true,236037694
2075182298,7E5788,true,236041248
2075212678,7E5359,true,236045081
2075242704,7E51CE,true,236048777
2075273138,7E5918,true,236052425
2075303180,7E4F39,true,236056031
2075328454,7E4F34,true,236059094
2075353778,7E4F37,true,236062158
2075378990,7E4F39,true,236065220
2075404312,7E4F34,true,236068283
2075429564,7E4F37,true,236071347
2075454834,7E4F39,true,236074409
2075480078,7E4F34,true,236077472
2075505368,7E4F37,true,236080536
2075530546,7E4F37,true,236083645
2075554416,7E4F39,true,236086707
2075578278,7E4F34,true,236089770
2075603070,7E4F37,true,236092834
2075628348,7E4F39,true,236095896
2075653598,7E4F34,true,236098959
2075678880,7E4F37,true,236102023
2075704104,7E4F39,true,236105085
2075729386,7E4F34,true,236108148
2075754640,7E4F37,true,236111212
2075779916,7E4F39,true,236114274
2075805160,7E4F34,true,236117337
2075830444,7E4F37,true,236120401
2075855752,7E4F39,true,236123463
2075881060,7E4F39,true,236126572
2075905186,7E4F34,true,236129635
2075929056,7E4F37,true,236132699
2075953564,7E4F39,true,236135761
2075978774,7E4F34,true,236138824
2076004590,02F50C,false,236141951
2076032846,7E4EFA,true,236145366
2076058116,7E4EFC,true,236148428
2076083774,7E4EF7,true,236151536
2076110412,02D98B,false,236154766
2076144548,0BD8A2,false,236158152
2076173026,1FD37C,false,236161558
2076200708,1FD271,false,236164912
2076321426,1FCC7A,false,236168615
2076351280,7E4EFC,true,236172195
2076382814,02FBE9,false,236175945
2076411084,03B341,false,236179337
2076445654,02F6B4,false,236183438
2076474788,03E1FB,false,236186943
2076499422,1FC07C,false,236190007
2076527720,7E4EFA,true,236193416
2076552996,7E4EFC,true,236196478
2076578238,7E4EF7,true,236199541
2076693868,7E4EFC,true,236202657
2076719182,7E4EF7,true,236205720
2076744434,7E4EFA,true,236208784
2076769704,7E4EFC,true,236211846
2076794954,7E4EF7,true,236214909
2076820232,7E4EFA,true,236217973
2076845476,7E4EFC,true,236221035
2076870760,7E4EF7,true,236224098
2076896004,7E4EFA,true,236227162
2076921266,7E4EFC,true,236230224
2076954124,03BB54,false,236233551
2076983366,7E5794,true,236237218
2077013200,7E52FC,true,236240974
2077043916,7E578F,true,236244672
2077074054,7E52D9,true,236248274
2077101874,7E4F34,true,236251629
2077127164,7E4F37,true,236254693
2077152400,7E4F39,true,236257755
2077177690,7E4F34,true,236260818
2077202948,7E4F37,true,236263882
2077228228,7E4F39,true,236266944
2077253456,7E4F34,true,236270007
2077278740,7E4F37,true,236273071
2077304186,7E4F37,true,236276180
2077328592,7E4F39,true,236279242
2077352414,7E4F34,true,236282305
2077376706,7E4F37,true,236285369
2077401760,7E4F39,true,236288431
2077427082,7E4F34,true,236291494
2077452280,7E4F37,true,236294558
2077477596,7E4F39,true,236297620
2077502846,7E4F34,true,236300683
2077528138,7E4F37,true,236303747
2077553376,7E4F39,true,236306809
2077578644,7E4F34,true,236309872
2077603916,7E4F37,true,236312936
2077629178,7E4F39,true,236315998
2077654724,7E4F39,true,236319107
2077679390,7E4F34,true,236322170
2077703220,7E4F37,true,236325234
2077727204,7E4F39,true,236328296
2077752190,7E4F34,true,236331359
2077777442,7E4F37,true,236334423
2077802704,7E4F39,true,236337485
2077829420,02F50A,false,236340709
2077857018,7E4EFC,true,236344045
2077882268,7E4EF7,true,236347108
2077907940,7E4EFA,true,236350217
2077934858,7E4EFA,true,236353476
2077969344,0BDDCE,false,236356883
2077998174,1FCC0E,false,236360332
2078118780,1FC45A,false,236364024
2078148174,7E4EFA,true,236367558
2078180216,02FC6A,false,236371372
2078208984,02FCF9,false,236374814
2078241624,02F5DA,false,236378701
2078272044,7E4EFC,true,236382342
2078297666,03DBB6,false,236385506
2078326432,7E4EFA,true,236388987
2078351654,7E4EFC,true,236392049
2078467316,7E4EFC,true,236395164
2078492584,7E4EF7,true,236398227
2078517828,7E4EFA,true,236401291
2078543104,7E4EFC,true,236404353
2078568354,7E4EF7,true,236407416
2078593644,7E4EFA,true,236410480
2078618896,7E4EFC,true,236413542
2078644170,7E4EF7,true,236416605
2078669434,7E4EFA,true,236419669
2078694704,7E4EFC,true,236422731
2078719954,7E4EF7,true,236425794
2078753380,7E4F76,true,236429236
2078784086,7E5306,true,236433112
2078814810,7E51C5,true,236436898
2078845280,7E590C,true,236440547
2078875330,7E4F37,true,236444150
2078900592,7E4F39,true,236447212
2078925836,7E4F34,true,236450275
2078951128,7E4F37,true,236453339
2078976352,7E4F39,true,236456401
2079001634,7E4F34,true,236459464
2079026904,7E4F37,true,236462528
2079052180,7E4F39,true,236465590
2079077488,7E4F34,true,236468653
2079102662,7E4F34,true,236471762
2079126636,7E4F37,true,236474826
2079150452,7E4F39,true,236477888
2079175238,7E4F34,true,236480951
2079200506,7E4F37,true,236484015
2079225744,7E4F39,true,236487077
2079251026,7E4F34,true,236490140
2079276284,7E4F37,true,236493204
2079301546,7E4F39,true,236496266
2079326810,7E4F34,true,236499329
2079352086,7E4F37,true,236502393
2079377338,7E4F39,true,236505455
2079402620,7E4F34,true,236508518
2079427872,7E4F37,true,236511582
2079453234,7E4F37,true,236514691
2079477448,7E4F39,true,236517753
2079501310,7E4F34,true,236520816
2079525762,7E4F37,true,236523880
2079550948,7E4F39,true,236526942
2079576198,7E4F34,true,236530005
2079604796,7E4EFC,true,236533450
2079630460,7E4EF7,true,236536565
2079656124,7E4EFA,true,236539674
2079681356,7E4EFC,true,236542736
2079708496,02DCCE,false,236546023
2079743192,1FC458,false,236549439
2079771512,1FCABE,false,236552836
2079892300,04A09F,false,236556553
2079922732,7E4EF7,true,236560199
2079954096,02FC74,false,236563937
2079982184,7E4EFC,true,236567306
2080014958,02F608,false,236571212
2080045170,7E4EF7,true,236574825
2080070792,03DBBC,false,236577990
2080099550,7E4EFC,true,236581471
2080124786,7E4EF7,true,236584534
2080150076,7E4EFA,true,236587598
2080265716,7E4EFA,true,236590713
2080290960,7E4EFC,true,236593775
2080316234,7E4EF7,true,236596838
2080341486,7E4EFA,true,236599902
2080366756,7E4EFC,true,236602964
2080392014,7E4EF7,true,236606027
2080417304,7E4EFA,true,236609091
2080442552,7E4EFC,true,236612153
2080467842,7E4EF7,true,236615216
2080493086,7E4EFA,true,236618280
2080525136,00012C,false,236621507
2080554250,7E52D9,true,236625153
2080585080,7E5304,true,236629043
2080615750,7E52CE,true,236632739
2080645904,7E52E1,true,236636346
2080673734,7E4F34,true,236639697
2080698978,7E4F37,true,236642761
2080724240,7E4F39,true,236645823
2080749504,7E4F34,true,236648886
2080774788,7E4F37,true,236651950
2080800040,7E4F39,true,236655012
2080825322,7E4F34,true,236658075
2080850580,7E4F37,true,236661139
2080876102,7E4F37,true,236664248
2080900564,7E4F39,true,236667310
2080924386,7E4F34,true,236670373
2080948550,7E4F37,true,236673437
2080973656,7E4F39,true,236676499
2080998892,7E4F34,true,236679562
2081024168,7E4F37,true,236682626
2081049412,7E4F39,true,236685688
2081074694,7E4F34,true,236688751
2081099954,7E4F37,true,236691815
2081125224,7E4F39,true,236694877
2081150452,7E4F34,true,236697940
2081175764,7E4F37,true,236701004
2081200994,7E4F39,true,236704066
2081226636,7E4F39,true,236707175
2081251354,7E4F34,true,236710238
2081275184,7E4F37,true,236713302
2081299040,7E4F39,true,236716364
2081324046,7E4F34,true,236719427
2081349292,7E4F37,true,236722491
2081374568,7E4F39,true,236725553
2081402980,03EB69,false,236728986
2081428778,7E4EFC,true,236732113
2081454454,7E4EF7,true,236735221
2081479738,7E4EFA,true,236738285
2081506616,7E4EFA,true,236741544
2081541440,1FC4E6,false,236744980
2081569846,1FCA58,false,236748381
2081690490,1FC7CD,false,236752082
2081720916,03B949,false,236755723
2081752306,1FCE06,false,236759468
2081780354,02FCFF,false,236762836
2081813058,02F5E8,false,236766732
2081843404,7E4EFC,true,236770365
2081869030,03DBBB,false,236773530
2081897772,7E4EFA,true,236777010
2081923048,7E4EFC,true,236780072
2082038698,7E4EFC,true,236783187
2082063902,7E4EF7,true,236786250
2082089220,7E4EFA,true,236789314
2082114416,7E4EFC,true,236792376
2082139738,7E4EF7,true,236795439
2082164988,7E4EFA,true,236798503
2082190280,7E4EFC,true,236801565
2082215522,7E4EF7,true,236804628
2082240820,7E4EFA,true,236807692
2082266064,7E4EFC,true,236810754
2082291334,7E4EF7,true,236813817
2082324798,7E4F70,true,236817244
2082355548,7E5331,true,236821130
2082386124,7E51DA,true,236824907
2082416530,7E5925,true,236828548
2082446622,7E4F39,true,236832153
2082471866,7E4F34,true,236835216
2082497156,7E4F37,true,236838280
2082522400,7E4F39,true,236841342
2082547690,7E4F34,true,236844405
2082572940,7E4F37,true,236847469
2082598208,7E4F39,true,236850531
2082623450,7E4F34,true,236853594
2082648740,7E4F37,true,236856658
2082673990,7E4F37,true,236859767
2082698012,7E4F39,true,236862829
2082721874,7E4F34,true,236865892
2082746500,7E4F37,true,236868956
2082771720,7E4F39,true,236872018
2082796962,7E4F34,true,236875081
2082822246,7E4F37,true,236878145
2082847556,7E4F39,true,236881207
2082872766,7E4F34,true,236884270
2082898084,7E4F37,true,236887334
2082923328,7E4F39,true,236890396
2082948612,7E4F34,true,236893459
2082973864,7E4F37,true,236896523
2082999126,7E4F39,true,236899585
2083024504,7E4F39,true,236902694
2083048822,7E4F34,true,236905757
2083072652,7E4F37,true,236908821
2083096988,7E4F39,true,236911883
2083122146,7E4F34,true,236914946
2083147404,7E4F37,true,236918010
2083175098,02F568,false,236921349
2083201702,7E4EFA,true,236924570
2083227312,7E4EFC,true,236927677
2083252570,7E4EF7,true,236930740
2083279508,7E4EF7,true,236933999
2083314232,0BDF13,false,236937425
2083342932,1FCA00,false,236940865
2083463912,1FC426,false,236944607
2083493264,7E4EF7,true,236948140
2083525110,02FC74,false,236951933
2083554452,7E4EFC,true,236955429
2083587648,02F5A9,false,236959378
2083617462,7E4EF7,true,236962948
2083643000,03DBBC,false,236966106
2083671868,7E4EFC,true,236969594
2083697110,7E4EF7,true,236972657
2083722386,7E4EFA,true,236975721
2083838032,7E4EFA,true,236978836
2083863276,7E4EFC,true,236981898
2083888558,7E4EF7,true,236984961
2083913794,7E4EFA,true,236988025
2083939064,7E4EFC,true,236991087
2083964328,7E4EF7,true,236994150
2083989612,7E4EFA,true,236997214
2084014856,7E4EFC,true,237000276
2084040146,7E4EF7,true,237003339
2084065404,7E4EFA,true,237006403
2084097788,03BB0C,false,237009663
2084126884,7E53A6,true,237013301
2084156392,7E52FD,true,237017034
2084187262,7E591C,true,237020760
2084217312,7E5929,true,237024354
2084245972,7E4F39,true,237027802
2084271214,7E4F34,true,237030865
2084296490,7E4F37,true,237033929
2084321748,7E4F39,true,237036991
2084347024,7E4F34,true,237040054
2084372276,7E4F37,true,237043118
2084397540,7E4F39,true,237046180
2084422790,7E4F34,true,237049243
2084448340,7E4F34,true,237052352
2084472864,7E4F37,true,237055416
2084496680,7E4F39,true,237058478
2084520776,7E4F34,true,237061541
2084545868,7E4F37,true,237064605
2084571098,7E4F39,true,237067667
2084596366,7E4F34,true,237070730
2084621624,7E4F37,true,237073794
2084646900,7E4F39,true,237076856
2084672152,7E4F34,true,237079919
2084697436,7E4F37,true,237082983
2084722658,7E4F39,true,237086045
2084747962,7E4F34,true,237089108
2084773206,7E4F37,true,237092172
2084798570,00011C,true,237095246
2084823632,7E4F39,true,237098343
2084847454,7E4F34,true,237101406
2084871324,7E4F37,true,237104470
2084896278,7E4F39,true,237107532
2084921468,7E4F34,true,237110595
2084946792,7E4F37,true,237113659
2084973750,02F576,false,237116919
2085001078,7E4EFA,true,237120219
2085026618,03EA75,false,237123311
2085052004,7E4EF7,true,237126389
2085078882,7E4EF7,true,237129648
2085113054,0BDB80,false,237133024
2085142282,0686E0,false,237136510
2085262412,04A34C,false,237140151
2085291698,02F93E,false,237143679
2085323450,02FB65,false,237147461
2085352948,03B433,false,237150978
2085385746,02F688,false,237154885
2085416458,7E4EFC,true,237158553
2085442128,03DBB6,false,237161723
2085470802,7E4EFA,true,237165198
2085496040,7E4EFC,true,237168260
2085611642,7E4EFC,true,237171375
2085636950,7E4EF7,true,237174438
2085662168,7E4EFA,true,237177502
2085687476,7E4EFC,true,237180564
2085712720,7E4EF7,true,237183627
2085738004,7E4EFA,true,237186691
2085763236,7E4EFC,true,237189753
2085788518,7E4EF7,true,237192816
2085813778,7E4EFA,true,237195880
2085839048,7E4EFC,true,237198942
2085864290,7E4EF7,true,237202005
2085897676,7E4F80,true,237205418
2085927104,7E52D4,true,237209145
2085957988,7E5788,true,237212975
2085988030,7E5188,true,237216585
2086017928,7E52CE,true,237220165
2086044906,7E4F34,true,237223424
2086070156,7E4F37,true,237226488
2086095420,7E4F39,true,237229550
2086120664,7E4F34,true,237232613
2086145948,7E4F37,true,237235677
2086171206,7E4F39,true,237238739
2086196482,7E4F34,true,237241802
2086221740,7E4F37,true,237244866
2086247016,7E4F37,true,237247975
2086271076,7E4F39,true,237251037
2086294898,7E4F34,true,237254100
2086319534,7E4F37,true,237257164
2086344732,7E4F39,true,237260226
2086370014,7E4F34,true,237263289
2086395344,7E4F37,true,237266353
2086420540,7E4F39,true,237269415
2086445850,7E4F34,true,237272478
2086471122,7E4F37,true,237275542
2086496384,7E4F39,true,237278604
2086521648,7E4F34,true,237281667
2086546932,7E4F37,true,237284731
2086572176,7E4F39,true,237287793
2086597584,7E4F39,true,237290902
2086621906,7E4F34,true,237293965
2086645776,7E4F37,true,237297029
2086670054,7E4F39,true,237300091
2086695162,7E4F34,true,237303154
2086720452,7E4F37,true,237306218
2086745688,7E4F39,true,237309280
2086770958,7E4F34,true,237312343
2086800002,7E4EFC,true,237315840
2086825306,7E4EF7,true,237318903
2086850964,7E4EFA,true,237322012
2086877300,02DB91,false,237325206
2086911328,0BD457,false,237328595
2086940170,0780A7,false,237332021
2087060156,1FC424,false,237335637
2087089250,1FCDE9,false,237339142
2087120394,7E4EF7,true,237342862
2087150420,03B406,false,237346440
2087180784,02F6B4,false,237350085
2087215128,7E4EFC,true,237354153
2087241646,03DBBB,false,237357390
2087269448,7E4EF1,false,237360796
2087294752,7E4EFC,true,237363862
2087410404,7E4EFC,true,237366977
2087435640,7E4EF7,true,237370040
2087460916,7E4EFA,true,237373104
2087486160,7E4EFC,true,237376166
2087511442,7E4EF7,true,237379229
2087536696,7E4EFA,true,237382293
2087561972,7E4EFC,true,237385355
2087587200,7E4EF7,true,237388418
2087612504,7E4EFA,true,237391482
2087637740,7E4EFC,true,237394544
2087669732,00012C,false,237397753
2087698956,7E52D7,true,237401399
2087728330,7E5245,true,237405120
2087759636,7E5805,true,237408910
2087789670,7E5817,true,237412509
2087818238,7E4F34,true,237415944
2087843482,7E4F37,true,237419008
2087868752,7E4F39,true,237422070
2087894016,7E4F34,true,237425133
2087919300,7E4F37,true,237428197
2087944544,7E4F39,true,237431259
2087969834,7E4F34,true,237434322
2087995084,7E4F37,true,237437386
2088020662,7E4F37,true,237440495
2088045220,7E4F39,true,237443557
2088069042,7E4F34,true,237446620
2088093088,7E4F37,true,237449684
2088118160,7E4F39,true,237452746
2088143396,7E4F34,true,237455809
2088168680,7E4F37,true,237458873
2088193924,7E4F39,true,237461935
2088219206,7E4F34,true,237464998
2088244458,7E4F37,true,237468062
2088269720,7E4F39,true,237471124
2088294964,7E4F34,true,237474187
2088320268,7E4F37,true,237477251
2088345500,7E4F39,true,237480313
2088370782,7E4F34,true,237483376
2088395962,7E4F34,true,237486485
2088419840,7E4F37,true,237489549
2088443696,7E4F39,true,237492611
2088468478,7E4F34,true,237495674
2088493756,7E4F37,true,237498738
2088519072,7E4F39,true,237501800
2088544322,7E4F34,true,237504863
2088571838,02F56E,false,237508186
2088598620,7E4EF7,true,237511423
2088624300,7E4EFA,true,237514532
2088649532,7E4EFC,true,237517594
2088676450,7E4EFC,true,237520853
2088711418,1FC458,false,237524309
2088830096,1FCC2F,false,237527754
2088860386,1FC4FC,false,237531402
2088889782,7E4EF7,true,237534945
2088921888,1FCEF0,false,237538769
2088950664,7E4EFC,true,237542216
2088983644,02F671,false,237546137
2089013690,7E4EF7,true,237549735
2089039216,03DBBC,false,237552894
2089068014,7E4EFC,true,237556379
2089183664,7E4EFC,true,237559494
2089208922,7E4EF7,true,237562557
2089234212,7E4EFA,true,237565621
2089259448,7E4EFC,true,237568683
2089284716,7E4EF7,true,237571746
2089309968,7E4EFA,true,237574810
2089335256,7E4EFC,true,237577872
2089360506,7E4EF7,true,237580935
2089385792,7E4EFA,true,237583999
2089411108,7E4EFC,true,237587061
2089436304,7E4EF7,true,237590124
2089469754,7E4F76,true,237593527
2089499448,7E534F,true,237597286
2089530252,7E5339,true,237601110
2089560042,7E51D6,true,237604688
2089590252,7E5796,true,237608304
2089616840,7E4F37,true,237611525
2089642116,7E4F39,true,237614587
2089667366,7E4F34,true,237617650
2089692664,7E4F37,true,237620714
2089717980,7E4F39,true,237623776
2089743178,7E4F34,true,237626839
2089768508,7E4F37,true,237629903
2089793698,7E4F39,true,237632965
2089819064,7E4F39,true,237636074
2089843180,7E4F34,true,237639137
2089867010,7E4F37,true,237642201
2089891570,7E4F39,true,237645263
2089916766,7E4F34,true,237648326
2089942056,7E4F37,true,237651390
2089967292,7E4F39,true,237654452
2089992560,7E4F34,true,237657515
2090017812,7E4F37,true,237660579
2090043102,7E4F39,true,237663641
2090068346,7E4F34,true,237666704
2090093640,7E4F37,true,237669768
2090118892,7E4F39,true,237672830
2090144166,7E4F34,true,237675893
2090169640,7E4F34,true,237679002
2090194012,7E4F37,true,237682066
2090217828,7E4F39,true,237685128
2090242100,7E4F34,true,237688191
2090267200,7E4F37,true,237691255
2090292470,7E4F39,true,237694317
2090317714,7E4F34,true,237697380
2090343004,7E4F37,true,237700444
2090370392,02F51A,false,237703754
2090397308,7E4EFA,true,237707004
2090422886,7E4EFC,true,237710111
2090448168,7E4EF7,true,237713174
2090475130,7E4EF7,true,237716433
2090509980,1FC42B,false,237719885
2090628742,1FCC62,false,237723341
2090659018,1FC544,false,237726986
2090688666,7E4EF7,false,237730551
2090720742,02FC6A,false,237734367
2090750114,03B345,false,237737882
2090783578,02F5AD,false,237741852
2090813070,03DB6F,false,237745393
2090838064,03DBBA,false,237748490
2090867016,7E4EF7,true,237751989
2090982662,7E4EF7,true,237755104
2091007920,7E4EFA,true,237758168
2091033196,7E4EFC,true,237761230
2091058424,7E4EF7,true,237764293
2091083708,7E4EFA,true,237767357
2091108966,7E4EFC,true,237770419
2091134242,7E4EF7,true,237773482
2091159500,7E4EFA,true,237776546
2091184766,7E4EFC,true,237779608
2091210010,7E4EF7,true,237782671
2091241632,7E4021,false,237785832
2091270872,7E52F6,true,237789480
2091300606,7E5BF1,true,237793240
2091331788,7E4FBD,true,237797020
2091361892,7E4FCF,true,237800621
2091390596,7E4F37,true,237804072
2091415832,7E4F39,true,237807134
2091441108,7E4F34,true,237810197
2091466380,7E4F37,true,237813261
2091491644,7E4F39,true,237816323
2091516886,7E4F34,true,237819386
2091542172,7E4F37,true,237822450
2091567416,7E4F39,true,237825512
2091593006,7E4F39,true,237828621
2091617626,7E4F34,true,237831684
2091641456,7E4F37,true,237834748
2091665432,7E4F39,true,237837810
2091690478,7E4F34,true,237840873
2091715722,7E4F37,true,237843937
2091740992,7E4F39,true,237846999
2091766242,7E4F34,true,237850062
2091791532,7E4F37,true,237853126
2091816770,7E4F39,true,237856188
2091842038,7E4F34,true,237859251
2091867290,7E4F37,true,237862315
2091892580,7E4F39,true,237865377
2091917818,7E4F34,true,237868440
2091943108,7E4F37,true,237871504
2091968312,7E4F37,true,237874613
2091992224,7E4F39,true,237877675
2092016086,7E4F34,true,237880738
2092040894,7E4F37,true,237883802
2092066094,7E4F39,true,237886864
2092091410,7E4F34,true,237889927
2092116660,7E4F37,true,237892991
2092143242,02F51A,false,237896204
2092170916,7E4EFA,true,237899551
2092196180,7E4EFC,true,237902613
2092221830,7E4EF7,true,237905721
2092248740,7E4EF7,true,237908980
2092282324,0BD55D,false,237912305
2092401280,1FD2BE,false,237915756
2092431606,1FD2C6,false,237919422
2092461340,0BB393,false,237923002
2092492232,7E4EF1,false,237926705
2092523042,03B9F2,false,237930374
2092552902,02F6AD,false,237933946
2092587232,7E4EFA,true,237938013
2092613630,03DBBA,false,237941242
2092641508,7E4EFC,true,237944649
2092757164,7E4EFC,true,237947764
2092782422,7E4EF7,true,237950827
2092807704,7E4EFA,true,237953891
2092832942,7E4EFC,true,237956953
2092858218,7E4EF7,true,237960016
2092883476,7E4EFA,true,237963080
2092908742,7E4EFC,true,237966142
2092933986,7E4EF7,true,237969205
2092959284,7E4EFA,true,237972269
2092984520,7E4EFC,true,237975331
2093009802,7E4EF7,true,237978394
2093043242,7E4F5A,true,237981797
2093072942,7E5361,true,237985556
2093103760,7E5713,true,237989383
2093133572,7E527C,true,237992967
2093163724,7E529F,true,237996580
2093190260,7E4F39,true,237999790
2093215542,7E4F34,true,238002853
2093240792,7E4F37,true,238005917
2093266054,7E4F39,true,238008979
2093291298,7E4F34,true,238012042
2093316602,7E4F37,true,238015106
2093341840,7E4F39,true,238018168
2093367122,7E4F34,true,238021231
2093392422,7E4F34,true,238024340
2093416588,7E4F37,true,238027404
2093440404,7E4F39,true,238030466
2093464976,7E4F34,true,238033529
2093490162,7E4F37,true,238036593
2093515432,7E4F39,true,238039655
2093540682,7E4F34,true,238042718
2093565958,7E4F37,true,238045782
2093591188,7E4F39,true,238048844
2093616484,7E4F34,true,238051907
2093641736,7E4F37,true,238054971
2093667026,7E4F39,true,238058033
2093692270,7E4F34,true,238061096
2093717560,7E4F37,true,238064160
2093742978,7E4F37,true,238067269
2093767396,7E4F39,true,238070331
2093791218,7E4F34,true,238073394
2093815494,7E4F37,true,238076458
2093840540,7E4F39,true,238079520
2093865790,7E4F34,true,238082583
2093891066,7E4F37,true,238085647
2093916368,7E4F39,true,238088709
2093945212,7E4EFC,true,238092187
2093970482,7E4EF7,true,238095250
2093996100,7E4EFA,true,238098359
2094022476,02DB91,false,238101553
2094056890,0BD61A,false,238104978
2094085578,1FC45F,false,238108388
2094206680,09C039,false,238112150
2094237006,1FCC7B,false,238115798
2094268296,7E4EFA,true,238119535
2094297898,03B400,false,238123068
2094330056,02F5FE,false,238126904
2094361070,7E4EFA,true,238130606
2094386746,03DBBA,false,238133780
2094415348,7E4EFC,true,238137244
2094440618,7E4EF7,true,238140307
2094556268,7E4EF7,true,238143422
2094581520,7E4EFA,true,238146486
2094606788,7E4EFC,true,238149548
2094632026,7E4EF7,true,238152611
2094657316,7E4EFA,true,238155675
2094682560,7E4EFC,true,238158737
2094707842,7E4EF7,true,238161800
2094733100,7E4EFA,true,238164864
2094758384,7E4EFC,true,238167926
2094783634,7E4EF7,true,238170989
2094815260,7E401C,false,238174149
2094844536,7E5312,true,238177801
2094874154,7E5C06,true,238181546
2094905460,7E5008,true,238185343
2094935492,7E5161,true,238188937
2094964164,7E4F39,true,238192385
2094989406,7E4F34,true,238195448
2095014684,7E4F37,true,238198512
2095039940,7E4F39,true,238201574
2095065222,7E4F34,true,238204637
2095090480,7E4F37,true,238207701
2095115742,7E4F39,true,238210763
2095140978,7E4F34,true,238213826
2095166586,7E4F34,true,238216935
2095191212,7E4F37,true,238219999
2095215028,7E4F39,true,238223061
2095239018,7E4F34,true,238226124
2095264084,7E4F37,true,238229188
2095289328,7E4F39,true,238232250
2095314598,7E4F34,true,238235313
2095339848,7E4F37,true,238238377
2095365124,7E4F39,true,238241439
2095390374,7E4F34,true,238244502
2095415672,7E4F37,true,238247566
2095440908,7E4F39,true,238250628
2095466206,7E4F34,true,238253691
2095491456,7E4F37,true,238256755
2095516720,7E4F39,true,238259817
2095541932,7E4F39,true,238262926
2095565858,7E4F34,true,238265989
2095589728,7E4F37,true,238269053
2095614512,7E4F39,true,238272115
2095639710,7E4F34,true,238275178
2095665040,7E4F37,true,238278242
2095693422,7E4EF7,true,238281669
2095719146,7E4EFA,true,238284785
2095744770,7E4EFC,true,238287892
2095770092,7E4EF7,true,238290955
2095797146,02DCCA,false,238294240
2095830424,0BEB8E,false,238297519
2095859282,07809F,false,238300946
2095979658,04A34F,false,238304611
2096009828,1FDAF2,false,238308249
2096040994,02FB3D,false,238311972
2096070466,03B42D,false,238315484
2096101754,02F65D,false,238319226
2096134064,7E4EFC,true,238323074
2096160022,03DBBB,false,238326268
2096188354,7E4EF7,true,238329711
2096213644,7E4EFA,true,238332775
2096329264,7E4EFA,true,238335890
2096354484,7E4EFC,true,238338952
2096379806,7E4EF7,true,238342015
2096405056,7E4EFA,true,238345079
2096430320,7E4EFC,true,238348141
2096455562,7E4EF7,true,238351204
2096480848,7E4EFA,true,238354268
2096506092,7E4EFC,true,238357330
2096531376,7E4EF7,true,238360393
2096556620,7E4EFA,true,238363457
2096581888,7E4EFC,true,238366519
2096615238,7E4F5A,true,238369906
2096644614,7E5367,true,238373625
2096675416,7E5353,true,238377460
2096705402,7E5925,true,238381069
2096735290,7E52BE,true,238384645
2096762396,7E4F37,true,238387916
2096787658,7E4F39,true,238390978
2096812894,7E4F34,true,238394041
2096838186,7E4F37,true,238397105
2096863424,7E4F39,true,238400167
2096888714,7E4F34,true,238403230
2096913964,7E4F37,true,238406294
2096939240,7E4F39,true,238409356
2096964564,7E4F39,true,238412465
2096988738,7E4F34,true,238415528
2097012608,7E4F37,true,238418592
2097037038,7E4F39,true,238421654
2097062214,7E4F34,true,238424717
2097087472,7E4F37,true,238427781
2097112740,7E4F39,true,238430843
2097137970,7E4F34,true,238433906
2097163260,7E4F37,true,238436970
2097188578,7E4F39,true,238440032
2097213782,7E4F34,true,238443095
2097239120,7E4F37,true,238446159
2097264364,7E4F39,true,238449221
2097289646,7E4F34,true,238452284
2097315078,7E4F34,true,238455393
2097339552,7E4F37,true,238458457
2097363368,7E4F39,true,238461519
2097387526,7E4F34,true,238464582
2097412634,7E4F37,true,238467646
2097437872,7E4F39,true,238470708
2097463146,7E4F34,true,238473771
2097491954,7E4EEA,false,238477245
2097517312,7E4EFA,true,238480313
2097542898,7E4EFC,true,238483420
2097569236,02DB94,false,238486606
2097602808,1FD37A,false,238489962
2097628794,1FD37A,false,238493153
2097655966,0BDF16,false,238496419
2097776346,08B2AA,false,238500071
2097806954,048954,false,238503754
2097836910,0BB336,false,238507371
2097867744,02FA6C,false,238511067
2097898824,03B9EA,false,238514764
2097926932,02F645,false,238518143
2097962104,02F686,false,238522297
2097990398,03E07B,false,238525707
2098015056,03DBBC,false,238528776
2098135538,7E4EF7,true,238532448
2098160788,7E4EFA,true,238535512
2098186064,7E4EFC,true,238538574
2098212820,7E4F5C,true,238541803
2098244470,7E5006,true,238545585
2098275692,7E5247,true,238549310
2098307518,7E530A,true,238553113
2098339582,7E52F6,true,238556938
2098370412,7E4F9D,true,238560623
2098405368,7E4FBA,true,238564216
2098432510,7E4F39,true,238567672
2098456546,7E4F34,true,238570735
2098481638,7E4F37,true,238573799
2098506820,7E4F39,true,238576861
2098532136,7E4F34,true,238579924
2098557348,7E4F37,true,238582988
2098582664,7E4F39,true,238586050
2098607922,7E4F34,true,238589113
2098633212,7E4F37,true,238592177
2098658448,7E4F39,true,238595239
2098683738,7E4F34,true,238598302
2098708988,7E4F37,true,238601366
2098734258,7E4F39,true,238604428
2098759440,7E4F39,true,238607537
2098783310,7E4F34,true,238610600
2098807180,7E4F37,true,238613664
2098831974,7E4F39,true,238616726
2098857262,7E4F34,true,238619789
2098882520,7E4F37,true,238622853
2098907796,7E4F39,true,238625915
2098933024,7E4F34,true,238628978
2098958308,7E4F37,true,238632042
2098983626,7E4F39,true,238635104
2099008830,7E4F34,true,238638167
2099034168,7E4F37,true,238641231
2099059404,7E4F39,true,238644293
2099084686,7E4F34,true,238647356
2099112544,02F575,false,238650762
2099138024,7E4EFA,true,238654002
2099161880,7E4EFC,true,238657064
2099186966,7E4EF7,true,238660172
2099213802,7E4EF7,true,238663431
2099247706,0BD9EC,false,238666782
2099277592,08B28A,false,238670349
2099308128,04892F,false,238674033
2099338010,1FCDED,false,238677634
2099368828,02FA51,false,238681321
2099400028,03B9E4,false,238685036
2099428090,03B347,false,238688413
2099552384,02F6B2,false,238692487
2099582206,7E4EFA,true,238696064
2099607924,03DBBD,false,238699235
2099637552,7E4EFC,true,238702820
2099662874,7E4EF7,true,238705883
2099688094,7E4EFA,true,238708947
2099713758,02DA49,false,238712036
2099739728,02DA4B,false,238715098
2099765708,02DA46,false,238718161
2099791680,02DA49,false,238721225
2099908636,03BCBC,false,238724430
2099940104,7E5312,true,238728195
2099971980,7E5006,true,238731999
2100003368,7E58C8,true,238735750
2100035062,7E578F,true,238739529
2100065874,7E52C9,true,238743206
2100095990,7E578F,true,238746808
2100124198,7E4F34,true,238750206
2100149450,7E4F37,true,238753270
2100181592,7E4F39,true,238756512
2100205758,7E4F34,true,238759575
2100229588,7E4F37,true,238762639
2100254088,7E4F39,true,238765701
2100279254,7E4F34,true,238768764
2100304536,7E4F37,true,238771828
2100329760,7E4F39,true,238774890
2100355042,7E4F34,true,238777953
2100380372,7E4F37,true,238781017
2100405612,7E4F39,true,238784079
2100430894,7E4F34,true,238787142
2100456146,7E4F37,true,238790206
2100481408,7E4F39,true,238793268
2100506652,7E4F34,true,238796331
2100532112,7E4F34,true,238799440
2100556540,7E4F37,true,238802504
2100580396,7E4F39,true,238805566
2100604588,7E4F34,true,238808629
2100629668,7E4F37,true,238811693
2100654944,7E4F39,true,238814755
2100680186,7E4F34,true,238817818
2100705464,7E4F37,true,238820882
2100730700,7E4F39,true,238823944
2100759714,7E4EF7,true,238827428
2100785416,7E4EFA,true,238830544
2100811000,7E4EFC,true,238833651
2100837038,02DB74,false,238836801
2100863450,02DCC5,false,238839997
2100988072,0BDE52,false,238843426
2101018076,7E4F04,false,238847018
2101048060,1FC5D3,false,238850629
2101078970,1FCCAB,false,238854356
2101109658,03B97B,false,238858025
2101139674,03BABF,false,238861608
2101169372,02F5FA,false,238865164
2101204460,02F663,false,238869313
2101232540,03DB98,false,238872706
2101346918,1FC087,false,238875749
2101376540,7E4EFC,true,238879315
2101401790,7E4EF7,true,238882378
2101427072,7E4EFA,true,238885442
2101454148,7E4F5A,true,238888707
2101485642,7E5207,true,238892470
2101517742,7E5787,true,238896300
2101549476,7E52EE,true,238900081
2101581472,7E52FC,true,238903900
2101616870,7E5875,true,238907523
2101645286,7E5882,true,238911118
2101672500,7E4F37,true,238914562
2101697530,7E4F39,true,238917624
2101722798,7E4F34,true,238920687
2101748050,7E4F37,true,238923751
2101773320,7E4F39,true,238926813
2101798570,7E4F34,true,238929876
2101823868,7E4F37,true,238932940
2101849104,7E4F39,true,238936002
2101874386,7E4F34,true,238939065
2101899644,7E4F37,true,238942129
2101924920,7E4F39,true,238945191
2101950164,7E4F34,true,238948254
2101975378,7E4F34,true,238951363
2101999296,7E4F37,true,238954427
2102023112,7E4F39,true,238957489
2102047956,7E4F34,true,238960552
2102073254,7E4F37,true,238963616
2102098492,7E4F39,true,238966678
2102123774,7E4F34,true,238969741
2102149024,7E4F37,true,238972805
2102174286,7E4F39,true,238975867
2102199550,7E4F34,true,238978930
2102224834,7E4F37,true,238981994
2102250092,7E4F39,true,238985056
2102278624,02DA7F,false,238988493
2102304716,7E4EF7,true,238991654
2102330352,7E4EF7,true,238994808
2102354332,7E4EFA,true,238997872
2102379744,7E4EFA,true,239001131
2102414178,1FC49C,false,239004580
2102444066,1FC4E8,false,239008165
2102474264,04A18E,false,239011803
2102504448,0BB083,false,239015447
2102535514,7E4EFC,true,239019158
2102565654,03B3D3,false,239022743
2102595458,02F66D,false,239026316
2102630528,02F6B8,false,239030471
2102658658,03E152,false,239033860
2102773220,1FC03E,false,239036930
2102803128,7E4EFC,true,239040528
2102828378,7E4EF7,true,239043591
2102853654,7E4EFA,true,239046655
2102879492,02DA49,false,239049744
2102905474,02DA4B,false,239052806
2102931436,02DA46,false,239055869
2102957424,02DA49,false,239058933
2102983390,02DA4B,false,239061995
2103009358,02DA46,false,239065058
2103126640,7E4F66,true,239068305
2103158062,7E52F6,true,239072062
2103190604,7E52D1,true,239075938
2103222190,7E5787,true,239079713
2103254266,7E5305,true,239083530
2103284742,7E581F,true,239087182
2103314280,7E519A,true,239090717
2103341614,7E4F34,true,239094019
2103366860,7E4F37,true,239097083
2103398852,7E4F34,true,239100306
2103422976,7E4F37,true,239103370
2103446792,7E4F39,true,239106432
2103471360,7E4F34,true,239109495
2103496546,7E4F37,true,239112559
2103521816,7E4F39,true,239115621
2103547066,7E4F34,true,239118684
2103572342,7E4F37,true,239121748
2103597572,7E4F39,true,239124810
2103622868,7E4F34,true,239127873
2103648120,7E4F37,true,239130937
2103673410,7E4F39,true,239133999
2103698654,7E4F34,true,239137062
2103723944,7E4F37,true,239140126
2103749416,7E4F37,true,239143235
2103773780,7E4F39,true,239146297
2103797602,7E4F34,true,239149360
2103821878,7E4F37,true,239152424
2103846964,7E4F39,true,239155486
2103872246,7E4F34,true,239158549
2103897490,7E4F37,true,239161613
2103922752,7E4F39,true,239164675
2103948002,7E4F34,true,239167738
2103976884,7E4EF7,true,239171221
2104002594,7E4EFA,true,239174337
2104028232,7E4EFC,true,239177444
2104053770,02E3D5,false,239180535
2104087034,1FDAE2,false,239183852
2104206058,0BEB05,false,239187307
2104236582,1FD933,false,239190970
2104267560,09C033,false,239194709
2104297792,1FD319,false,239198347
2104328872,02FB1C,false,239202067
2104358654,03B3CB,false,239205614
2104388960,02F6A5,false,239209250
2104424010,02F5BB,false,239213391
2104452008,03DBB9,false,239216769
2104566666,1FC098,false,239219846
2104595872,7E4EFA,true,239223363
2104621134,7E4EFC,true,239226425
2104646370,7E4EF7,true,239229488
2104673562,7E4F7D,true,239232764
2104706132,7E534C,true,239236647
2104738706,7E52DB,true,239240531
2104769674,7E5936,true,239244230
2104801688,7E5882,true,239248054
2104837304,7E5008,true,239251708
2104865218,7E5880,true,239255252
2104891316,7E4F39,true,239258553
2104916366,7E4F34,true,239261616
2104941656,7E4F37,true,239264680
2104966892,7E4F39,true,239267742
2104992168,7E4F34,true,239270805
2105017420,7E4F37,true,239273869
2105042704,7E4F39,true,239276931
2105067946,7E4F34,true,239279994
2105093236,7E4F37,true,239283058
2105118464,7E4F39,true,239286120
2105143746,7E4F34,true,239289183
2105169200,7E4071,true,239292271
2105194124,7E4F37,true,239295356
2105217980,7E4F39,true,239298418
2105241802,7E4F34,true,239301481
2105266762,7E4F37,true,239304545
2105292064,7E4F39,true,239307607
2105317274,7E4F34,true,239310670
2105342604,7E4F37,true,239313734
2105367840,7E4F39,true,239316796
2105393116,7E4F34,true,239319859
2105418362,7E4F37,true,239322923
2105443632,7E4F39,true,239325985
2105468896,7E4F34,true,239329048
2105494180,7E4F37,true,239332112
2105519424,7E4F39,true,239335174
2105544708,7E4F39,true,239338283
2105572222,7E4EFC,true,239341766
2105596478,7E4EF7,true,239344881
2105621688,7E4EFA,true,239347990
2105646980,7E4EFC,true,239351052
2105673990,000114,false,239354323
2105708538,1FC5E0,false,239357734
2105738830,08B367,false,239361367
2105769856,04854C,false,239365101
2105799510,1FCDA4,false,239368667
2105830930,7E4EFA,true,239372422
2105860362,03B3F4,false,239375938
2105981266,02F65A,false,239379647
2106016448,02F6AC,false,239383806
2106043450,03DBB6,false,239387089
2106069396,1FC091,false,239390296
2106097172,7E4EFA,true,239393645
2106122430,7E4EFC,true,239396707
2106147706,7E4EF7,true,239399770
2106173686,02DA46,false,239402859
2106199670,02DA49,false,239405923
2106225632,02DA4B,false,239408985
2106342892,7E4F64,true,239412231
2106374302,7E5339,true,239415991
2106407028,7E5356,true,239419884
2106438652,7E5791,true,239423657
2106470686,7E5308,true,239427470
2106500664,7E51AB,true,239431057
2106530700,7E5791,true,239434654
2106557472,7E4F39,true,239437894
2106582754,7E4F34,true,239440957
2106614726,7E4F39,true,239444181
2106638852,7E4F34,true,239447244
2106662722,7E4F37,true,239450308
2106687218,7E4F39,true,239453370
2106712426,7E4F34,true,239456433
2106737684,7E4F37,true,239459497
2106762960,7E4F39,true,239462559
2106788188,7E4F34,true,239465622
2106813472,7E4F37,true,239468686
2106838730,7E4F39,true,239471748
2106864006,7E4F34,true,239474811
2106889350,7E4F37,true,239477875
2106914588,7E4F39,true,239480937
2106939870,7E4F34,true,239484000
2106965288,7E4F34,true,239487109
2106989720,7E4F37,true,239490173
2107013536,7E4F39,true,239493235
2107037744,7E4F34,true,239496298
2107062868,7E4F37,true,239499362
2107088104,7E4F39,true,239502424
2107113380,7E4F34,true,239505487
2107138632,7E4F37,true,239508551
2107163908,7E4F39,true,239511613
2107189152,7E4F34,true,239514676
2107214436,7E4F37,true,239517740
2107241400,02F55A,false,239520997
2107269040,7E4EFC,true,239524337
2107294284,7E4EF7,true,239527400
2107320178,7E4EF7,true,239530554
2107346244,7E4EF7,true,239533813
2107378634,0BDCE5,false,239537196
2107408052,7E4EFA,true,239540803
2107438396,1FC4F1,false,239544454
2107468278,1FCD9D,false,239548065
2107499354,7E4EFA,true,239551779
2107529368,03B3DB,false,239555353
2107559110,02F608,false,239558921
2107594096,02F66D,false,239563063
2107622368,03DC52,false,239566469
2107647156,1FC06C,false,239569546
2107768196,7E4EFC,true,239573279
2107793446,7E4EF7,true,239576342
2107818730,7E4EFA,true,239579406
2107844388,02DA49,false,239582495
2107870344,02DA4B,false,239585557
2107896306,02DA46,false,239588620
2107922304,02DA49,false,239591684
2107948260,02DA4B,false,239594746
2107974248,02DA46,false,239597809
2108000238,02DA49,false,239600873
2108026234,02DA4B,false,239603935
2108145810,7E530C,true,239607489
2108177818,7E52FD,true,239611305
2108209898,7E52FB,true,239615131
2108240602,7E52D9,true,239618801
2108272498,7E52E1,true,239622604
2108302492,7E51D6,true,239626192
2108332468,7E4F39,true,239629787
2108357718,7E4F34,true,239632850
2108383000,7E4F37,true,239635914
2108414484,7E4F34,true,239639137
2108438354,7E4F37,true,239642201
2108462352,7E4F39,true,239645263
2108487388,7E4F34,true,239648326
2108512672,7E4F37,true,239651390
2108537894,7E4F39,true,239654452
2108563170,7E4F34,true,239657515
2108588428,7E4F37,true,239660579
2108613712,7E4F39,true,239663641
2108638962,7E4F34,true,239666704
2108664252,7E4F37,true,239669768
2108689482,7E4F39,true,239672830
2108714750,7E4F34,true,239675893
2108740008,7E4F37,true,239678957
2108765224,7E4F37,true,239682066
2108789128,7E4F39,true,239685128
2108812950,7E4F34,true,239688191
2108837758,7E4F37,true,239691255
2108863080,7E4F39,true,239694317
2108888330,7E4F34,true,239697380
2108913620,7E4F37,true,239700444
2108938842,7E4F39,true,239703506
2108964118,7E4F34,true,239706569
2108989378,7E4F37,true,239709633
2109014648,7E4F39,true,239712695
2109039898,7E4F34,true,239715758
2109065188,7E4F37,true,239718822
2109091164,02F501,false,239721968
2109119788,7E4EFA,true,239725466
2109143794,7E4EFC,true,239728528
2109168004,7E4EF7,true,239731636
2109193636,02DB94,false,239734812
2109227480,0BD33A,false,239738189
2109256564,02DB04,false,239741637
2109286662,1FD27F,false,239745263
2109317556,1FD289,false,239748984
2109347998,7E4EF7,true,239752629
2109379082,02FC81,false,239756330
2109407754,03B35D,false,239759775
2109440984,02F65A,false,239763725
2109562200,7E4EF7,true,239767464
2109588252,03DBBC,false,239770664
2109617586,7E4EFA,true,239774222
2109642816,7E4EFC,true,239777284
2109668084,7E4EF7,true,239780347
2109693670,02DA46,false,239783436
2109719670,02DA49,false,239786500
2109745646,02DA4B,false,239789562
2109771628,02DA46,false,239792625
2109797610,02DA49,false,239795689
2109914194,03BC88,false,239798857
2109945834,7E5329,true,239802644
2109977712,7E5AF4,true,239806443
2110008910,7E51A5,true,239810170
2110040956,7E5356,true,239813992
2110071738,7E52DE,true,239817666
2110101760,7E4F9D,true,239821266
2110129344,7E4F37,true,239824596
2110154576,7E4F39,true,239827658
2110186700,00015E,true,239830893
2110210976,7E4F37,true,239833965
2110234832,7E4F39,true,239837027
2110259282,7E4F34,true,239840090
2110284472,7E4F37,true,239843154
2110309702,7E4F39,true,239846216
2110334970,7E4F34,true,239849279
2110360228,7E4F37,true,239852343
2110385504,7E4F39,true,239855405
2110410750,7E4F34,true,239858468
2110436040,7E4F37,true,239861532
2110461270,7E4F39,true,239864594
2110486546,7E4F34,true,239867657
2110511792,7E4F37,true,239870721
2110537282,7E4F37,true,239873830
2110561744,7E4F39,true,239876892
2110585606,7E4F34,true,239879955
2110609782,7E4F37,true,239883019
2110634872,7E4F39,true,239886081
2110660122,7E4F34,true,239889144
2110685404,7E4F37,true,239892208
2110710628,7E4F39,true,239895270
2110735910,7E4F34,true,239898333
2110761176,7E4F37,true,239901397
2110786452,7E4F39,true,239904459
2110811702,7E4F34,true,239907522
2110837000,7E4F37,true,239910586
2110863628,02F501,false,239913809
2110894968,7E4EFC,true,239917626
2110919822,7E4EF7,true,239920741
2110944040,7E4EFA,true,239923850
2110968214,7E4EFC,true,239926912
2110994996,7E4EFC,true,239930171
2111030108,0BEACF,false,239933651
2111060720,1FD316,false,239937324
2111091462,1FC41E,false,239941030
2111120894,7E4EF7,true,239944566
2111152692,02FC74,false,239948359
2111181352,03B3FC,false,239951789
2111214058,02F66D,false,239955688
2111335152,7E3B3F,true,239959406
2111360576,7E4EFC,true,239962487
2111385818,7E4EF7,true,239965550
2111411108,7E4EFA,true,239968614
2111436338,7E4EFC,true,239971676
2111461614,7E4EF7,true,239974739
2111486874,7E4EFA,true,239977803
2111512136,7E4EFC,true,239980865
2111537394,7E4EF7,true,239983928
2111562684,7E4EFA,true,239986992
2111587928,7E4EFC,true,239990054
2111703566,7E4EFC,true,239993169
2111728834,7E4EF7,true,239996232
2111754092,7E4EFA,true,239999296
2111779368,7E4EFC,true,240002358
2111804610,7E4EF7,true,240005421
2111829904,7E4EFA,true,240008485
2111855126,7E4EFC,true,240011547
2111880402,7E4EF7,true,240014610
2111905672,7E4EFA,true,240017674
2111930948,7E4EFC,true,240020736
2111956190,7E4EF7,true,240023799
2111988540,03DBBD,false,240027163
2112015494,7E4EFC,true,240030639
2112039706,7E4EF7,true,240033702
2112064740,7E4EFA,true,240036766
2112090500,7E4EF7,true,240039882
2112121284,7E52E1,true,240043563
2112152554,7E5286,true,240047298
2112184386,7E52D7,true,240051091
2112215406,7E591E,true,240054807
2112245250,7E5289,true,240058380
2112272382,7E4F37,true,240061655
2112297652,7E4F39,true,240064717
2112323132,7E4F39,true,240067826
2112347654,7E4F34,true,240070889
2112371484,7E4F37,true,240073953
2112395578,7E4F39,true,240077015
2112420644,7E4F34,true,240080078
2112445896,7E4F37,true,240083142
2112471172,7E4F39,true,240086204
2112496408,7E4F34,true,240089267
2112521684,7E4F37,true,240092331
2112546936,7E4F39,true,240095393
2112572218,7E4F34,true,240098456
2112597476,7E4F37,true,240101520
2112622748,7E4F39,true,240104582
2112648070,7E4F34,true,240107645
2112673482,7E3AF3,true,240110729
2112698446,7E4F37,true,240113818
2112722262,7E4F39,true,240116880
2112746124,7E4F34,true,240119943
2112771090,7E4F37,true,240123007
2112796334,7E4F39,true,240126069
2112821610,7E4F34,true,240129132
2112846868,7E4F37,true,240132196
2112872144,7E4F39,true,240135258
2112897372,7E4F34,true,240138321
2112922684,7E4F37,true,240141385
2112947914,7E4F39,true,240144447
2112973202,7E4F34,true,240147510
2112998460,7E4F37,true,240150574
2113023736,7E4F39,true,240153636
2113049580,02F57B,false,240156811
2113076656,7E4EF7,true,240160241
2113100526,7E4EFA,true,240163305
2113125662,7E4EFC,true,240166412
2113152004,02DB8D,false,240169606
2113186450,0BD6D5,false,240173034
2113216150,7E4EFA,true,240176569
2113246396,048952,false,240180215
2113276612,1FDB14,false,240183856
2113307226,02FA92,false,240187516
2113337510,03BAAC,false,240191126
2113366800,02F5C2,false,240194645
2113491660,02F608,false,240198783
2113519960,03DBB9,false,240202196
2113545440,1FC09B,false,240205355
2113572888,7E4EFC,true,240208663
2113598138,7E4EF7,true,240211726
2113623440,7E4EFA,true,240214790
2113649436,02DA49,false,240217879
2113675398,02DA4B,false,240220941
2113701380,02DA46,false,240224004
2113727370,02DA49,false,240227068
2113843990,03BC21,false,240230240
2113875380,7E5AE8,true,240233996
2113906844,7E578B,true,240237752
2113937994,7E590C,true,240241471
2113969528,7E5782,true,240245236
2113999800,7E4F99,true,240248852
2114025584,7E4F37,true,240251983
2114050856,7E4F39,true,240255045
2114076178,7E4F34,true,240258108
2114101388,7E4F37,true,240261172
2114132920,7E4F34,true,240264395
2114156750,7E4F37,true,240267459
2114180786,7E4F39,true,240270521
2114205864,7E4F34,true,240273584
2114231114,7E4F37,true,240276648
2114256384,7E4F39,true,240279710
2114281634,7E4F34,true,240282773
2114306924,7E4F37,true,240285837
2114332170,7E4F39,true,240288899
2114357438,7E4F34,true,240291962
2114382682,7E4F37,true,240295026
2114407972,7E4F39,true,240298088
2114433216,7E4F34,true,240301151
2114458500,7E4F37,true,240304215
2114483680,7E4F37,true,240307324
2114507544,7E4F39,true,240310386
2114531406,7E4F34,true,240313449
2114556282,7E4F37,true,240316513
2114581482,7E4F39,true,240319575
2114606790,7E4F34,true,240322638
2114632048,7E4F37,true,240325702
2114657324,7E4F39,true,240328764
2114682566,7E4F34,true,240331827
2114707872,7E4F37,true,240334891
2114733108,7E4F39,true,240337953
2114758384,7E4F34,true,240341016
2114783628,7E4F37,true,240344080
2114808904,7E4F39,true,240347142
2114834204,7E4F39,true,240350251
2114858326,7E4F34,true,240353314
2114882196,7E4F37,true,240356378
2114906702,7E4F39,true,240359440
2114931910,7E4F34,true,240362503
2114957168,7E4F37,true,240365567
2114982444,7E4F39,true,240368629
2115007672,7E4F34,true,240371692
2115032956,7E4F37,true,240374756
2115058286,7E4F39,true,240377818
2115083878,02F50C,false,240380926
2115112552,7E4EFA,true,240384378
2115137828,7E4EFC,true,240387440
2115163498,7E4EF7,true,240390548
2115190086,02DB91,false,240393809
2115222918,0BD8C5,false,240397218
2115251002,7E4EFA,true,240400749
2115281230,0484CF,false,240404416
2115311422,1FCC91,false,240408051
2115342210,03B989,false,240411732
2115372540,03B3DE,false,240415345
2115403044,02F6BA,false,240419000
2115437340,7E4EFC,true,240423067
2115463926,03DBB6,false,240426304
2115491836,1FC09A,false,240429722
2115521906,02DA38,false,240433297
2115639302,7E4EF7,true,240436595
2115664512,7E4EFA,true,240439659
2115689814,7E4EFC,true,240442721
2115715706,02DA4B,false,240445810
2115741674,02DA46,false,240448873
2115767672,02DA49,false,240451937
2115793640,02DA4B,false,240454999
2115819602,02DA46,false,240458062
2115845622,02DA49,false,240461126
2115871590,02DA4B,false,240464188
2115988232,03BC24,false,240467361
2116019680,7E5AEA,true,240471117
2116051100,7E578C,true,240474872
2116082226,7E590E,true,240478591
2116113770,7E5784,true,240482357
2116144010,7E4F9C,true,240485973
2116169764,7E4F39,true,240489103
2116195066,7E4F34,true,240492166
2116220396,7E4F37,true,240495230
2116245592,7E4F39,true,240498292
2116277136,7E4F37,true,240501517
2116300952,7E4F39,true,240504579
2116325006,7E4F34,true,240507642
2116350080,7E4F37,true,240510706
2116375324,7E4F39,true,240513768
2116400600,7E4F34,true,240516831
2116425852,7E4F37,true,240519895
2116451128,7E4F39,true,240522957
2116476378,7E4F34,true,240526020
2116501668,7E4F37,true,240529084
2116526904,7E4F39,true,240532146
2116552202,7E4F34,true,240535209
2116577452,7E4F37,true,240538273
2116602722,7E4F39,true,240541335
2116627912,7E4F39,true,240544444
2116651782,7E4F34,true,240547507
2116675652,7E4F37,true,240550571
2116700498,7E4F39,true,240553633
2116725708,7E4F34,true,240556696
2116751032,7E4F37,true,240559760
2116776276,7E4F39,true,240562822
2116801558,7E4F34,true,240565885
2116826794,7E4F37,true,240568949
2116852092,7E4F39,true,240572011
2116877328,7E4F34,true,240575074
2116902632,7E4F37,true,240578138
2116927870,7E4F39,true,240581200
2116953146,7E4F34,true,240584263
2116978450,7E4F34,true,240587372
2117002588,7E4F37,true,240590436
2117026444,7E4F39,true,240593498
2117051004,7E4F34,true,240596561
2117078174,02F578,false,240599861
2117105202,7E4EFA,true,240603123
2117130820,7E4EFC,true,240606230
2117156142,7E4EF7,true,240609293
2117182990,7E4EF7,true,240612552
2117217980,1FC432,false,240616014
2117247946,1FC4F8,false,240619608
2117278068,048074,false,240623240
2117307992,1FCD39,false,240626844
2117429754,7E4EFA,true,240630643
2117459392,03B408,false,240634176
2117491386,02F6AC,false,240637999
2117523474,7E4EF7,true,240641818
2117549532,03DBB9,false,240645018
2117578148,7E4EFA,true,240648496
2117603458,7E4EFC,true,240651558
2117628674,7E4EF7,true,240654621
2117654302,02DA46,false,240657710
2117770772,7E4EFC,true,240660853
2117801434,7E5788,true,240664521
2117832654,7E524F,true,240668250
2117864456,7E52F0,true,240672051
2117895642,7E58CD,true,240675779
2117925226,7E51D6,true,240679329
2117952534,7E4F34,true,240682625
2117977812,7E4F37,true,240685689
2118003128,7E4F39,true,240688751
2118028330,7E4F34,true,240691814
2118060108,7E4F39,true,240695038
2118083930,7E4F34,true,240698101
2118107800,7E4F37,true,240701165
2118132816,7E4F39,true,240704227
2118158058,7E4F34,true,240707290
2118183342,7E4F37,true,240710354
2118208580,7E4F39,true,240713416
2118233862,7E4F34,true,240716479
2118259120,7E4F37,true,240719543
2118284404,7E4F39,true,240722605
2118309646,7E4F34,true,240725668
2118334928,7E4F37,true,240728732
2118360164,7E4F39,true,240731794
2118385446,7E4F34,true,240734857
2118410696,7E4F34,true,240737966
2118434732,7E4F37,true,240741030
2118458588,7E4F39,true,240744092
2118483260,7E4F34,true,240747155
2118508440,7E4F37,true,240750219
2118533756,7E4F39,true,240753281
2118558992,7E4F34,true,240756344
2118584276,7E4F37,true,240759408
2118609520,7E4F39,true,240762470
2118634790,7E4F34,true,240765533
2118660048,7E4F37,true,240768597
2118685326,7E4F39,true,240771659
2118712182,02F51A,false,240774912
2118739562,7E4EFC,true,240778221
2118765132,03EA6A,false,240781354
2118789428,7E4EF7,true,240784438
2118814840,7E4EF7,true,240787697
2118848184,0BD9A3,false,240791067
2118878042,08B28E,false,240794635
2118908318,1FC49A,false,240798277
2118938250,1FCD5C,false,240801885
2118969240,7E4EFC,true,240805593
2118999692,03B3C9,false,240809208
2119030492,02F643,false,240812896
2119064432,7E4EFA,true,240816917
2119090938,03DBBA,false,240820150
2119209136,1FC091,false,240823605
2119234802,7E4EFA,true,240826714
2119260000,7E4EFC,true,240829776
2119285322,7E4EF7,true,240832839
2119311434,02DA46,false,240835928
2119337432,02DA49,false,240838992
2119363408,02DA4B,false,240842054
2119389380,02DA46,false,240845117
2119415378,02DA49,false,240848181
2119441352,02DA4B,false,240851243
2119557822,7E4EFA,true,240854387
2119588562,7E52D4,true,240858062
2119619856,7E527C,true,240861795
2119651668,7E5791,true,240865589
2119682800,7E5915,true,240869313
2119712582,7E527F,true,240872878
2119739732,7E4F39,true,240876158
2119764996,7E4F34,true,240879221
2119790280,7E4F37,true,240882285
2119815524,7E4F39,true,240885347
2119847340,7E4F34,true,240888590
2119871210,7E4F37,true,240891654
2119895026,7E4F39,true,240894716
2119920056,7E4F34,true,240897779
2119945314,7E4F37,true,240900843
2119970584,7E4F39,true,240903905
2119995906,7E4F34,true,240906968
2120021124,7E4F37,true,240910032
2120046432,7E4F39,true,240913094
2120071698,7E4F34,true,240916157
2120096974,7E4F37,true,240919221
2120122224,7E4F39,true,240922283
2120147506,7E4F34,true,240925346
2120172756,7E4F37,true,240928410
2120198020,7E4F37,true,240931519
2120222028,7E4F39,true,240934581
2120245850,7E4F34,true,240937644
2120270530,7E4F37,true,240940708
2120295736,7E4F39,true,240943770
2120321018,7E4F34,true,240946833
2120346262,7E4F37,true,240949897
2120371532,7E4F39,true,240952959
2120396782,7E4F34,true,240956022
2120422060,7E4F37,true,240959086
2120447376,7E4F39,true,240962148
2120472588,7E4F34,true,240965211
2120501326,000137,false,240968669
2120526874,7E4EFC,true,240971770
2120552596,7E4EFC,true,240974924
2120577558,02DB96,false,240978092
2120608830,068564,false,240981382
2120638066,0BD1CE,false,240984880
2120668572,1FD30B,false,240988550
2120701372,0AFBCE,false,240992526
2120731366,0BB38F,false,240996145
2120762310,7E4EF4,false,240999849
2120793114,03B9FA,false,241003517
2120822738,02F5FE,false,241007067
2120857798,02F666,false,241011216
2120884970,03DBBA,false,241014517
2121001214,1FC06C,false,241017753
2121028514,7E4EFA,true,241021055
2121053744,7E4EFC,true,241024117
2121079026,7E4EF7,true,241027180
2121105038,02DA46,false,241030269
2121131036,02DA49,false,241033333
2121156992,02DA4B,false,241036395
2121182962,02DA46,false,241039458
2121208962,02DA49,false,241042522
2121234926,02DA4B,false,241045584
2121352178,7E4F64,true,241048830
2121382944,7E5252,true,241052521
2121415226,7E5356,true,241056365
2121446048,7E52F3,true,241060047
2121477814,7E579A,true,241063839
2121507812,7E4F37,true,241067437
2121533128,7E4F39,true,241070499
2121558394,7E4F34,true,241073562
2121583676,7E4F37,true,241076626
2121609116,7E3BC6,true,241079721
2121640374,7E4F34,true,241082931
2121664204,7E4F37,true,241085995
2121688352,7E4F39,true,241089057
2121713442,7E4F34,true,241092120
2121738692,7E4F37,true,241095184
2121763956,7E4F39,true,241098246
2121789198,7E4F34,true,241101309
2121814488,7E4F37,true,241104373
2121839734,7E4F39,true,241107435
2121865010,7E4F34,true,241110498
2121890254,7E4F37,true,241113562
2121915552,7E4F39,true,241116624
2121940780,7E4F34,true,241119687
2121966422,7E4F34,true,241122796
2121991148,7E4F37,true,241125860
2122014964,7E4F39,true,241128922
2122038826,7E4F34,true,241131985
2122063866,7E4F37,true,241135049
2122089090,7E4F39,true,241138111
2122114366,7E4F34,true,241141174
2122139624,7E4F37,true,241144238
2122164900,7E4F39,true,241147300
2122190142,7E4F34,true,241150363
2122215448,7E4F37,true,241153427
2122240678,7E4F39,true,241156489
2122268444,02F50C,false,241159831
2122295036,7E4EFA,true,241163049
2122320656,7E4EFC,true,241166156
2122345832,7E4EFC,true,241169265
2122371260,7E4EFC,true,241172524
2122404742,1FC4F8,false,241175982
2122434534,1FD5B1,false,241179582
2122466840,0AFBD1,false,241183475
2122497242,1FCCF4,false,241187152
2122527166,00010D,false,241190743
2122558714,7E4EF7,true,241194498
2122587846,02F5DA,false,241197986
2122623050,02F643,false,241202146
2122651242,03DBB6,false,241205555
2122676808,1FC09A,false,241208718
2122794552,7E4EFC,true,241212079
2122819834,7E4EF7,true,241215142
2122845084,7E4EFA,true,241218206
2122871038,02DA49,false,241221295
2122897014,02DA4B,false,241224357
2122923074,02DA46,false,241227420
2122949058,02DA49,false,241230484
2122975022,02DA4B,false,241233546
2123001012,02DA46,false,241236609
2123026992,02DA49,false,241239673
2123144526,7E4F5C,true,241242971
2123176580,7E5712,true,241246796
2123208630,7E5362,true,241250621
2123239364,7E4FB8,true,241254300
2123270422,7E5787,true,241258002
2123299718,7E4F34,true,241261524
2123324970,7E4F37,true,241264588
2123350258,7E4F39,true,241267650
2123375502,7E4F34,true,241270713
2123407566,7E4F39,true,241273937
2123431834,7E4F34,true,241277000
2123455664,7E4F37,true,241280064
2123480050,7E4F39,true,241283126
2123505194,7E4F34,true,241286189
2123530484,7E4F37,true,241289253
2123555720,7E4F39,true,241292315
2123580996,7E4F34,true,241295378
2123606248,7E4F37,true,241298442
2123631532,7E4F39,true,241301504
2123656854,7E4F34,true,241304567
2123682064,7E4F37,true,241307631
2123707388,7E4F39,true,241310693
2123732638,7E4F34,true,241313756
2123758144,7E4F34,true,241316865
2123782672,7E4F37,true,241319929
2123806528,7E4F39,true,241322991
2123830584,7E4F34,true,241326054
2123855624,7E4F37,true,241329118
2123880900,7E4F39,true,241332180
2123906144,7E4F34,true,241335243
2123931428,7E4F37,true,241338307
2123956672,7E4F39,true,241341369
2123981962,7E4F34,true,241344432
2124007212,7E4F37,true,241347496
2124032488,7E4F39,true,241350558
2124061094,7E4EF7,true,241354002
2124086806,7E4EFA,true,241357118
2124112754,7E4EFA,true,241360272
2124137360,7E4EFC,true,241363334
2124162772,7E4EFC,true,241366593
2124196164,0BDEEC,false,241370021
2124226402,1FC442,false,241373658
2124257190,0AFC52,false,241377373
2124288074,02DB04,false,241381116
2124318584,03B982,false,241384767
2124349874,02FC66,false,241388488
2124378478,03B384,false,241391919
2124412220,02F650,false,241395930
2124441430,03E084,false,241399435
2124466270,000120,false,241402524
2124585920,7E4EF7,true,241406102
2124611172,7E4EFA,true,241409166
2124636448,7E4EFC,true,241412228
2124662254,02DA4B,false,241415317
2124688234,02DA46,false,241418380
2124714226,02DA49,false,241421444
2124740200,02DA4B,false,241424506
2124766188,02DA46,false,241427569
2124792172,02DA49,false,241430633
2124818134,02DA4B,false,241433695
2124936816,7E52EE,true,241437137
2124968760,7E52FC,true,241440950
2125000758,7E4FCF,true,241444771
2125031852,7E578F,true,241448480
2125062148,7E5882,true,241452104
2125090764,7E4F37,true,241455548
2125116022,7E4F39,true,241458610
2125141298,7E4F34,true,241461673
2125166556,7E4F37,true,241464737
2125198664,7E4F39,true,241467979
2125222778,7E4F34,true,241471042
2125246648,7E4F37,true,241474106
2125271198,7E4F39,true,241477168
2125296422,7E4F34,true,241480231
2125321680,7E4F37,true,241483295
2125346948,7E4F39,true,241486357
2125372186,7E4F34,true,241489420
2125397476,7E4F37,true,241492484
2125422714,7E4F39,true,241495546
2125447990,7E4F34,true,241498609
2125473256,7E4F37,true,241501673
2125498532,7E4F39,true,241504735
2125523782,7E4F34,true,241507798
2125549202,7E4F34,true,241510907
2125573576,7E4F37,true,241513971
2125597432,7E4F39,true,241517033
2125621658,7E4F34,true,241520096
2125646756,7E4F37,true,241523160
2125672024,7E4F39,true,241526222
2125697268,7E4F34,true,241529285
2125722552,7E4F37,true,241532349
2125747868,7E4F39,true,241535411
2125773072,7E4F34,true,241538474
2125798396,7E4F37,true,241541538
2125823632,7E4F39,true,241544600
2125848930,7E4F34,true,241547663
2125875720,02F571,false,241550907
2125903456,7E4EFA,true,241554269
2125927928,7E4EFC,true,241557331
2125952138,7E4EF7,true,241560439
2125977492,02DB8E,false,241563650
2126011146,0BEB2A,false,241567008
2126040650,1FD312,false,241570514
2126070900,1FD2C4,false,241574159
2126102696,04855B,false,241578000
2126132226,1FCDDD,false,241581560
2126163678,7E4EF7,true,241585317
2126193048,03B402,false,241588819
2126224832,02F645,false,241592613
2126347648,7E4EFA,true,241596525
2126372902,7E4EFC,true,241599587
2126398146,7E4EF7,true,241602650
2126423436,7E4EFA,true,241605714
2126448680,7E4EFC,true,241608776
2126473948,7E4EF7,true,241611839
2126499220,7E4EFA,true,241614903
2126524482,7E4EFC,true,241617965
2126549740,7E4EF7,true,241621028
2126575030,7E4EFA,true,241624092
2126600340,7E4EFC,true,241627154
2126715916,7E4EFC,true,241630269
2126741186,7E4EF7,true,241633332
2126766436,7E4EFA,true,241636396
2126791712,7E4EFC,true,241639458
2126816954,7E4EF7,true,241642521
2126842248,7E4EFA,true,241645585
2126867478,7E4EFC,true,241648647
2126892746,7E4EF7,true,241651710
2126918006,7E4EFA,true,241654774
2126943276,7E4EFC,true,241657836
2126968766,7E3BAC,true,241660924
2127000476,03DBBD,false,241664243
2127027670,7E4EFC,true,241667739
2127052000,7E4EF7,true,241670802
2127077124,7E4EFA,true,241673866
2127103142,03BBE1,false,241677017
2127134326,7E4FCE,true,241680752
2127165694,7E5329,true,241684497
2127197084,7E585B,true,241688247
2127228312,7E52D7,true,241691975
2127258402,7E4FC9,true,241695580
2127284768,7E4F37,true,241698769
2127310044,7E4F39,true,241701831
2127335508,7E4F39,true,241704940
2127359870,7E4F34,true,241708003
2127383700,7E4F37,true,241711067
2127407972,7E4F39,true,241714129
2127433032,7E4F34,true,241717192
2127458348,7E4F37,true,241720256
2127483584,7E4F39,true,241723318
2127508860,7E4F34,true,241726381
2127534112,7E4F37,true,241729445
2127559402,7E4F39,true,241732507
2127584646,7E4F34,true,241735570
2127609936,7E4F37,true,241738634
2127635172,7E4F39,true,241741696
2127660440,7E4F34,true,241744759
2127685986,7E4F34,true,241747868
2127710660,7E4F37,true,241750932
2127734476,7E4F39,true,241753994
2127758466,7E4F34,true,241757057
2127783460,7E4F37,true,241760121
2127808698,7E4F39,true,241763183
2127833966,7E4F34,true,241766246
2127859296,7E4F37,true,241769310
2127884500,7E4F39,true,241772372
2127909822,7E4F34,true,241775435
2127935088,7E4F37,true,241778499
2127960356,7E4F39,true,241781561
2127985622,7E4F34,true,241784624
2128010904,7E4F37,true,241787688
2128036128,7E4F39,true,241790750
2128064666,7E4EFC,true,241794240
2128088882,7E4EF7,true,241797355
2128113100,7E4EFA,true,241800464
2128138056,7E4EFC,true,241803526
2128171292,02D9F5,false,241806844
2128200786,0BE1F1,false,241810338
2128230914,1FC581,false,241813958
2128263454,1FC4AB,false,241817895
2128293404,1FCD86,false,241821504
2128324476,7E4EFA,true,241825214
2128354346,03B276,false,241828779
2128384690,02F60E,false,241832412
2128509394,02F67F,false,241836534
2128536464,03DBB9,false,241839826
2128563150,1FC080,false,241843104
2128589584,7E4EFC,true,241846309
2128614820,7E4EF7,true,241849372
2128640124,7E4EFA,true,241852436
2128666250,02DA49,false,241855525
2128692224,02DA4B,false,241858587
2128718206,02DA46,false,241861650
2128744178,02DA49,false,241864714
2128861658,7E4F64,true,241868003
2128894272,7E5353,true,241871886
2128926868,7E4FAC,true,241875775
2128957926,7E5359,true,241879484
2128988474,7E57F2,true,241883135
2129017054,7E4F37,true,241886570
2129042324,7E4F39,true,241889632
2129067562,7E4F34,true,241892695
2129092852,7E4F37,true,241895759
2129124924,7E4F34,true,241898982
2129149254,7E4F37,true,241902046
2129173070,7E4F39,true,241905108
2129197452,7E4F34,true,241908171
2129222564,7E4F37,true,241911235
2129247880,7E4F39,true,241914297
2129273082,7E4F34,true,241917360
2129298406,7E4F37,true,241920424
2129323644,7E4F39,true,241923486
2129348934,7E4F34,true,241926549
2129374184,7E4F37,true,241929613
2129399460,7E4F39,true,241932675
2129424718,7E4F34,true,241935738
2129450008,7E4F37,true,241938802
2129475498,7E4F37,true,241941911
2129500068,7E4F39,true,241944973
2129523890,7E4F34,true,241948036
2129547994,7E4F37,true,241951100
2129572980,7E4F39,true,241954162
2129598230,7E4F34,true,241957225
2129623514,7E4F37,true,241960289
2129648752,7E4F39,true,241963351
2129674034,7E4F34,true,241966414
2129699372,7E4F37,true,241969478
2129724568,7E4F39,true,241972540
2129749890,7E4F34,true,241975603
2129775156,7E4F37,true,241978667
2129804064,03EB13,false,241982153
2129829744,7E4EFC,true,241985271
2129854768,7E4EF7,true,241988379
2129879484,02DB96,false,241991549
2129911554,03ED55,false,241994880
2129940988,1FD2C4,false,241998386
2129971364,1FD2CA,false,242002047
2130003262,1FD2C2,false,242005911
2130033418,1FCC81,false,242009544
2130064762,7E4EFA,true,242013283
2130094034,03B3CB,false,242016769
2130125318,02F663,false,242020508
2130158406,7E4EFC,true,242024437
2130275046,7E3B37,false,242027692
2130303412,7E4EFA,true,242031171
2130328688,7E4EFC,true,242034233
2130353938,7E4EF7,true,242037296
2130379454,02DA46,false,242040385
2130405432,02DA49,false,242043449
2130431408,02DA4B,false,242046511
2130457376,02DA46,false,242049574
2130483374,02DA49,false,242052638
2130509342,02DA4B,false,242055700
2130535304,02DA46,false,242058763
2130653836,7E5361,true,242062184
2130686486,7E52FC,true,242066072
2130718046,7E51C5,true,242069843
2130750110,7E52FB,true,242073665
2130779990,7E578B,true,242077241
2130807876,7E4F34,true,242080605
2130833164,7E4F37,true,242083669
2130858400,7E4F39,true,242086731
2130883676,7E4F34,true,242089794
2130915644,7E4F39,true,242093018
2130939770,7E4F34,true,242096081
2130963640,7E4F37,true,242099145
2130988146,7E4F39,true,242102207
2131013326,7E4F34,true,242105270
2131038584,7E4F37,true,242108334
2131063860,7E4F39,true,242111396
2131089102,7E4F34,true,242114459
2131114380,7E4F37,true,242117523
2131139716,7E4F39,true,242120585
2131164906,7E4F34,true,242123648
2131190244,7E4F37,true,242126712
2131215488,7E4F39,true,242129774
2131240770,7E4F34,true,242132837
2131266204,7E4F34,true,242135946
2131290624,7E4F37,true,242139010
2131314440,7E4F39,true,242142072
2131338656,7E4F34,true,242145135
2131363772,7E4F37,true,242148199
2131389004,7E4F39,true,242151261
2131414286,7E4F34,true,242154324
2131439536,7E4F37,true,242157388
2131464812,7E4F39,true,242160450
2131490058,7E4F34,true,242163513
2131516248,02F56B,false,242166678
2131544350,7E4EF7,true,242170073
2131569656,7E4EFA,true,242173137
2131595328,7E4EFC,true,242176244
2131712124,02DB97,false,242179507
2131746358,0BD5D8,false,242182914
2131776218,7E4EFA,true,242186461
2131806120,04A34E,false,242190066
2131838918,0AFA62,false,242194047
2131869750,1FCC83,false,242197777
2131899628,7E4EF7,true,242201358
2131931192,02FBF2,false,242205111
2131959536,03B347,false,242208515
2132083664,02F682,false,242212575
2132112688,03E07B,false,242216069
2132137334,03DBBC,false,242219135
2132166786,7E4EFA,true,242222677
2132191984,7E4EFC,true,242225739
2132217318,7E4EF7,true,242228802
2132244358,7E4F72,true,242232071
2132277000,7E52CE,true,242235958
2132309610,7E5008,true,242239851
2132344766,7E5337,true,242243431
2132374932,7E57FD,true,242247202
2132403254,7E4F34,true,242250798
2132428284,7E4F37,true,242253862
2132453552,7E4F39,true,242256924
2132478790,7E4F34,true,242259987
2132504080,7E4F37,true,242263051
2132529316,7E4F39,true,242266113
2132554598,7E4F34,true,242269176
2132579864,7E4F37,true,242272240
2132605132,7E4F39,true,242275302
2132630390,7E4F34,true,242278365
2132655680,7E4F37,true,242281429
2132680912,7E4F39,true,242284491
2132706186,7E4F39,true,242287600
2132730198,7E4F34,true,242290663
2132754068,7E4F37,true,242293727
2132778734,7E4F39,true,242296789
2132803986,7E4F34,true,242299852
2132829236,7E4F37,true,242302916
2132854498,7E4F39,true,242305978
2132879742,7E4F34,true,242309041
2132905032,7E4F37,true,242312105
2132930264,7E4F39,true,242315167
2132955546,7E4F34,true,242318230
2132980806,7E4F37,true,242321294
2133006076,7E4F39,true,242324356
2133031312,7E4F34,true,242327419
2133056706,7E4F34,true,242330528
2133080976,7E4F37,true,242333592
2133107976,7E4EF7,true,242337036
2133132942,7E4EFA,true,242340152
2133158552,7E4EFC,true,242343259
2133184372,06BB80,false,242346387
2133217144,0681D7,false,242349651
2133246512,0BE9DD,false,242353134
2133276594,1FC592,false,242356744
2133308816,04A0BF,false,242360639
2133338956,1FD2CA,false,242364272
2133369894,03B9BF,false,242367966
2133399646,03B3FC,false,242371515
2133520310,02F67B,false,242375191
2133554760,7E4EF7,true,242379275
2133581392,03DBBC,false,242382518
2133609048,1FC04E,false,242385913
2133634684,7E4EFC,true,242389018
2133659926,7E4EF7,true,242392081
2133685210,7E4EFA,true,242395145
2133711336,02DA49,false,242398234
2133737310,02DA4B,false,242401296
2133854174,03BB4A,false,242404487
2133884806,7E5788,true,242408151
2133915984,7E5308,true,242411883
2133947754,7E4FAD,true,242415679
2133978596,7E51A8,true,242419365
2134008654,7E578F,true,242422963
2134035516,7E4F37,true,242426203
2134060760,7E4F39,true,242429265
2134086042,7E4F34,true,242432328
2134111294,7E4F37,true,242435392
2134142922,7E4F34,true,242438615
2134166752,7E4F37,true,242441679
2134190648,7E4F39,true,242444741
2134215686,7E4F34,true,242447804
2134240938,7E4F37,true,242450868
2134266208,7E4F39,true,242453930
2134291458,7E4F34,true,242456993
2134316748,7E4F37,true,242460057
2134341970,7E4F39,true,242463119
2134367254,7E4F34,true,242466182
2134392500,7E4F37,true,242469246
2134417796,7E4F39,true,242472308
2134443026,7E4F34,true,242475371
2134468316,7E4F37,true,242478435
2134493552,7E4F37,true,242481544
2134517512,7E4F39,true,242484606
2134541374,7E4F34,true,242487669
2134566122,7E4F37,true,242490733
2134591298,7E4F39,true,242493795
2134616614,7E4F34,true,242496858
2134641872,7E4F37,true,242499922
2134667148,7E4F39,true,242502984
2134692384,7E4F34,true,242506047
2134717696,7E4F37,true,242509111
2134744858,02F57C,false,242512393
2134772012,7E4EFA,true,242515671
2134797560,7E4EEC,false,242518775
2134822860,7E4EF7,true,242521841
2134849794,7E4EFC,true,242525146
2134882648,0BDDE9,false,242528568
2134911434,02FD0D,false,242532173
2134942552,0AF9DE,false,242535941
2134973412,0BB309,false,242539678
2135003316,7E4EFC,true,242543265
2135034698,1FCE77,false,242546995
2135063196,03B34B,false,242550422
2135097640,02F65F,false,242554501
2135126504,03DC2B,false,242557974
2135151434,1FC05F,false,242561065
2135183134,02DA38,false,242564846
2135299506,7E4EFA,true,242568041
2135324776,7E4EFC,true,242571103
2135350026,7E4EF7,true,242574166
2135376060,02DA46,false,242577255
2135402032,02DA49,false,242580319
2135428014,02DA4B,false,242583381
2135454048,02DA46,false,242586444
2135480036,02DA49,false,242589508
2135506020,02DA4B,false,242592570
2135531982,02DA46,false,242595633
2135649362,7E4F5C,true,242598904
2135680720,7E5788,true,242602655
2135712704,7E52D4,true,242606477
2135743462,7E578B,true,242610153
2135774630,7E5929,true,242613869
2135804704,7E4F37,true,242617477
2135829948,7E4F39,true,242620539
2135855246,7E4F34,true,242623602
2135880496,7E4F37,true,242626666
2135911980,7E4108,true,242629815
2135936962,7E4F37,true,242632953
2135960818,7E4F39,true,242636015
2135985052,7E4F34,true,242639078
2136010160,7E4F37,true,242642142
2136035436,7E4F39,true,242645204
2136060680,7E4F34,true,242648267
2136085964,7E4F37,true,242651331
2136111208,7E4F39,true,242654393
2136136484,7E4F34,true,242657456
2136161736,7E4F37,true,242660520
2136187004,7E4F39,true,242663582
2136212270,7E4F34,true,242666645
2136237552,7E4F37,true,242669709
2136263138,7E4F37,true,242672818
2136287748,7E4F39,true,242675880
2136311610,7E4F34,true,242678943
2136335564,7E4F37,true,242682007
2136360578,7E4F39,true,242685069
2136385854,7E4F34,true,242688132
2136411092,7E4F37,true,242691196
2136436368,7E4F39,true,242694258
2136464982,7E4EFA,true,242697704
2136490690,7E4EFC,true,242700818
2136516294,7E4EF7,true,242703926
2136542160,06BBC5,false,242707057
2136575666,02FC5D,false,242710400
2136605316,1FD271,false,242713909
2136725470,1FD287,false,242717555
2136757492,1FD30B,false,242721427
2136787656,1FCC8F,false,242725063
2136818944,7E4EFC,true,242728794
2136848224,03B400,false,242732287
2136879682,02F6A9,false,242736047
2136912516,7E4EF7,true,242739953
2136938728,03DBB9,false,242743170
2136967162,7E4EFA,true,242746633
2137082802,7E4EFA,true,242749748
2137108032,7E4EFC,true,242752810
2137133314,7E4EF7,true,242755873
2137158558,7E4EFA,true,242758937
2137183828,7E4EFC,true,242761999
2137209092,7E4EF7,true,242765062
2137234376,7E4EFA,true,242768126
2137259620,7E4EFC,true,242771188
2137284902,7E4EF7,true,242774251
2137310138,7E4EFA,true,242777315
2137341764,7E401B,false,242780475
2137370884,7E52FD,true,242784109
2137401044,7E52FF,true,242787921
2137431626,7E52CC,true,242791634
2137463508,7E5782,true,242795437
2137493504,7E4F98,true,242799028
2137521056,7E4F37,true,242802356
2137546372,7E4F39,true,242805418
2137571570,7E4F34,true,242808481
2137596900,7E4F37,true,242811545
2137622096,7E4F39,true,242814607
2137647418,7E4F34,true,242817670
2137672676,7E4F37,true,242820734
2137698138,7E4F37,true,242823843
2137722552,7E4F39,true,242826905
2137746414,7E4F34,true,242829968
2137770614,7E4F37,true,242833032
2137795680,7E4F39,true,242836094
2137820962,7E4F34,true,242839157
2137846212,7E4F37,true,242842221
2137871476,7E4F39,true,242845283
2137896718,7E4F34,true,242848346
2137922016,7E4F37,true,242851410
2137947260,7E4F39,true,242854472
2137972542,7E4F34,true,242857535
2137997880,7E4F37,true,242860599
2138023084,7E4F39,true,242863661
2138048702,7E4F39,true,242866770
2138073370,7E4F34,true,242869833
2138097240,7E4F37,true,242872897
2138121096,7E4F39,true,242875959
2138146126,7E4F34,true,242879022
2138174878,03EB7C,false,242882491
2138200404,7E4EFC,true,242885584
2138226058,7E4EF7,true,242888692
2138252304,02DB98,false,242891868
2138286182,0BD403,false,242895249
2138315750,1FD27B,false,242898753
2138345378,1FD27F,false,242902328
2138377274,048063,false,242906184
2138497352,1FCC94,false,242909816
2138528610,7E4EFC,true,242913549
2138557932,03B3CB,false,242917048
2138589348,02F6BA,false,242920805
2138622154,7E4EF7,true,242924708
2138648318,03DBBC,false,242927918
2138676792,7E4EFA,true,242931386
2138702072,7E4EFC,true,242934448
2138727314,7E4EF7,true,242937511
2138752892,02DA46,false,242940600
2138870886,7E5289,true,242943956
2138902842,7E535B,true,242947775
2138934782,7E5784,true,242951591
2138965756,7E5326,true,242955292
2138996598,7E4F98,true,242958976
2139025442,7E4F37,true,242962444
2139050686,7E4F39,true,242965506
2139075962,7E4F34,true,242968569
2139101208,7E4F37,true,242971633
2139133312,00015D,true,242974865
2139157594,7E4F34,true,242977938
2139181464,7E4F37,true,242981002
2139205910,7E4F39,true,242984064
2139231078,7E4F34,true,242987127
2139256336,7E4F37,true,242990191
2139281612,7E4F39,true,242993253
2139306854,7E4F34,true,242996316
2139332138,7E4F37,true,242999380
2139357396,7E4F39,true,243002442
2139382666,7E4F34,true,243005505
2139407928,7E4F37,true,243008569
2139433196,7E4F39,true,243011631
2139458426,7E4F34,true,243014694
2139483920,7E4F34,true,243017803
2139508396,7E4F37,true,243020867
2139532252,7E4F39,true,243023929
2139556408,7E4F34,true,243026992
2139581528,7E4F37,true,243030056
2139606758,7E4F39,true,243033118
2139632026,7E4F34,true,243036181
2139660668,7E4EFC,true,243039626
2139686300,7E4EF7,true,243042741
2139711970,7E4EFA,true,243045850
2139737232,7E4EFC,true,243048912
2139764436,02DCC5,false,243052203
2139796994,1FD37A,false,243055464
2139823872,0998FD,false,243058763
2139943196,02FC68,false,243062261
2139971670,1FD383,false,243065724
2140000830,1FD4C8,false,243069200
2140032438,049C1F,false,243073001
2140064378,1FC58E,false,243076861
2140094688,1FD293,false,243080511
2140126544,04806B,false,243084366
2140156620,1FDB19,false,243087989
2140187888,03B982,false,243091719
2140303638,7E4EFA,true,243094852
2140328948,7E4EFC,true,243097914
2140354158,7E4EF7,true,243100977
2140379474,7E4EFA,true,243104041
2140404704,7E4EFC,true,243107103
2140430000,7E4EF7,true,243110166
2140455252,7E4EFA,true,243113230
2140480536,7E4EFC,true,243116292
2140505786,7E4EF7,true,243119355
2140531076,7E4EFA,true,243122419
2140564312,1FCEB1,false,243125779
2140591706,03B3D6,false,243129207
2140621256,02F5D0,false,243132954
2140655952,7E4EFA,true,243137094
2140682958,03DBBA,false,243140365
2140708556,1FC04C,false,243143535
2140736652,7E4EFC,true,243146929
2140761934,7E4EF7,true,243149992
2140787260,7E4EFA,true,243153056
2140814806,7E526C,true,243156379
2140846874,7E52FF,true,243160204
2140878946,7E52DB,true,243164027
2140910578,7E52E9,true,243167818
2140940256,7E57FB,true,243171487
2140969588,7E52D7,true,243175194
2140998882,7E4FC9,true,243178799
2141025208,7E4F37,true,243181988
2141050524,7E4F39,true,243185050
2141075712,7E4F34,true,243188113
2141101036,7E4F37,true,243191177
2141126280,7E4F39,true,243194239
2141151558,7E4F34,true,243197302
2141176808,7E4F37,true,243200366
2141202086,7E4F39,true,243203428
2141227330,7E4F34,true,243206491
2141252612,7E4F37,true,243209555
2141277934,7E4F37,true,243212664
2141302108,7E4F39,true,243215726
2141325970,7E4F34,true,243218789
2141350424,7E4F37,true,243221853
2141375600,7E4F39,true,243224915
2141400836,7E4F34,true,243227978
2141426112,7E4F37,true,243231042
2141451356,7E4F39,true,243234104
2141476638,7E4F34,true,243237167
2141501964,7E4F37,true,243240231
2141527168,7E4F39,true,243243293
2141552484,7E4F34,true,243246356
2141577728,7E4F37,true,243249420
2141602998,7E4F39,true,243252482
2141628450,7E4F39,true,243255591
2141652918,7E4F34,true,243258654
2141677746,02F565,false,243261839
2141705210,7E4EF7,true,243265276
2141730306,7E4EFA,true,243268340
2141755958,7E4EFC,true,243271447
2141782462,02DB95,false,243274660
2141816854,0BD86F,false,243278081
2141846592,1FBFFD,false,243281626
2141877376,07809D,false,243285343
2141909228,0484CF,false,243289191
2141938468,02DB12,false,243292711
2141969228,000110,false,243296395
2142089500,03B3C3,false,243300009
2142118912,02F6B4,false,243303545
2142153952,02F5D3,false,243307688
2142182168,7E4EFC,true,243311086
2142207604,03DBBB,false,243314238
2142237578,7E4EFA,true,243317851
2142262816,7E4EFC,true,243320913
2142288086,7E4EF7,true,243323976
2142313848,02DA46,false,243327065
2142430540,03B970,false,243330241
2142461048,7E5782,true,243333887
2142492998,7E533D,true,243337697
2142524962,7E5305,true,243341504
2142555810,7E4FC4,true,243345199
2142586820,7E5787,true,243348907
2142617104,7E5871,true,243352530
2142645674,7E4F39,true,243355973
2142670990,7E4F34,true,243359036
2142702538,7E4059,true,243362196
2142727386,7E4F34,true,243365323
2142751256,7E4F37,true,243368387
2142775516,7E4F39,true,243371449
2142800638,7E4F34,true,243374512
2142825888,7E4F37,true,243377576
2142851158,7E4F39,true,243380638
2142876402,7E4F34,true,243383701
2142901692,7E4F37,true,243386765
2142926930,7E4F39,true,243389827
2142952206,7E4F34,true,243392890
2142977456,7E4F37,true,243395954
2143002748,7E4F39,true,243399016
2143027990,7E4F34,true,243402079
2143053576,7E4F34,true,243405188
2143078200,7E4F37,true,243408252
2143102016,7E4F39,true,243411314
2143126002,7E4F34,true,243414377
2143151066,7E4F37,true,243417441
2143176256,7E4F39,true,243420503
2143201564,7E4F34,true,243423566
2143226816,7E4F37,true,243426630
2143252092,7E4F39,true,243429692
2143281166,7E4EF7,true,243433196
2143306896,7E4EFA,true,243436312
2143332546,7E4EFC,true,243439419
2143357802,7E4EF7,true,243442482
2143384886,02DCCE,false,243445765
2143509832,1FC59A,false,243449224
2143540266,1FD8EF,false,243452879
2143571472,0AFA44,false,243456637
2143601472,0BB376,false,243460259
2143632396,7E4EE7,false,243463964
2143663212,03BA71,false,243467630
2143691380,03B35D,false,243471015
2143725834,02F66D,false,243475098
2143755914,7E4EFC,true,243478698
2143872342,03DBBD,false,243481950
2143901710,7E4EF7,true,243485516
2143926960,7E4EFA,true,243488580
2143952224,7E4EFC,true,243491642
2143977984,7E4EFA,true,243494760
2144008414,7E5306,true,243498400
2144040434,7E53A7,true,243502218
2144072338,7E532C,true,243506034
2144103174,7E52D9,true,243509712
2144138866,7E52D1,true,243513353