address,count,bytes
7E4F34,1203573,AD 30 30 29 20 D0 F9 AD 62 12 8D 3A 30 22 F1 F4
7E4F37,1203573,29 20 D0 F9 AD 62 12 8D 3A 30 22 F1 F4 02 6B 22
7E4F39,1203573,D0 F9 AD 62 12 8D 3A 30 22 F1 F4 02 6B 22 4F 4F
7E4EFA,390124,29 20 D0 F9 AD 62 12 8D 3A 30 AB 6B 5C EE BD 1F
7E4EF7,390124,AD 30 30 29 20 D0 F9 AD 62 12 8D 3A 30 AB 6B 5C
7E4EFC,390124,D0 F9 AD 62 12 8D 3A 30 AB 6B 5C EE BD 1F C2 30
02DA49,109920,C9 02 D0 F9 9C BD 18 C2 30 AD FB 16 8F 9E 01 70
02DA46,109920,AD BD 18 C9 02 D0 F9 9C BD 18 C2 30 AD FB 16 8F
02DA4B,109919,D0 F9 9C BD 18 C2 30 AD FB 16 8F 9E 01 70 F0 04
03DBBB,18239,3A 3A 10 F7 60 E2 20 E2 20 A9 00 8F 00 21 00 A9
03DBBA,18239,E8 3A 3A 10 F7 60 E2 20 E2 20 A9 00 8F 00 21 00
03DBBC,18239,3A 10 F7 60 E2 20 E2 20 A9 00 8F 00 21 00 A9 00
03DBB9,18239,E8 E8 3A 3A 10 F7 60 E2 20 E2 20 A9 00 8F 00 21
03DBBD,18239,10 F7 60 E2 20 E2 20 A9 00 8F 00 21 00 A9 00 EA
03DBB6,18238,9E 63 12 E8 E8 3A 3A 10 F7 60 E2 20 E2 20 A9 00
7E5784,11470,AD 01 1F 18 69 0A 00 A8 CE FF 1E F0 03 4C CC 52
7E5787,11470,18 69 0A 00 A8 CE FF 1E F0 03 4C CC 52 E2 20 60
7E578F,11470,F0 03 4C CC 52 E2 20 60 5A DA 08 E2 10 49 FF 1A
7E578B,11470,A8 CE FF 1E F0 03 4C CC 52 E2 20 60 5A DA 08 E2
7E5782,11470,C2 20 AD 01 1F 18 69 0A 00 A8 CE FF 1E F0 03 4C
7E578C,11470,CE FF 1E F0 03 4C CC 52 E2 20 60 5A DA 08 E2 10
7E5788,11470,69 0A 00 A8 CE FF 1E F0 03 4C CC 52 E2 20 60 5A
7E52D9,9594,A4 76 B9 1D 00 29 80 00 F0 03 82 9C 04 B9 2E 00
7E52CE,9594,8C 01 1F BE C4 2E 9C FA 1E C2 20 A4 76 B9 1D 00
7E52CC,9594,E2 20 8C 01 1F BE C4 2E 9C FA 1E C2 20 A4 76 B9
7E52D4,9594,9C FA 1E C2 20 A4 76 B9 1D 00 29 80 00 F0 03 82
7E52DB,9594,B9 1D 00 29 80 00 F0 03 82 9C 04 B9 2E 00 35 2E
7E52D1,9594,BE C4 2E 9C FA 1E C2 20 A4 76 B9 1D 00 29 80 00
7E52DE,9594,29 80 00 F0 03 82 9C 04 B9 2E 00 35 2E 29 F8 00
7E52D7,9594,C2 20 A4 76 B9 1D 00 29 80 00 F0 03 82 9C 04 B9
7E52E1,9594,F0 03 82 9C 04 B9 2E 00 35 2E 29 F8 00 F0 03 82
7E5791,9594,4C CC 52 E2 20 60 5A DA 08 E2 10 49 FF 1A AA BF
7E52EB,9589,29 F8 00 F0 03 82 8F 04 98 D5 19 D0 03 82 87 04
7E52E6,9589,B9 2E 00 35 2E 29 F8 00 F0 03 82 8F 04 98 D5 19
7E52E9,9589,35 2E 29 F8 00 F0 03 82 8F 04 98 D5 19 D0 03 82
7E52EE,9589,F0 03 82 8F 04 98 D5 19 D0 03 82 87 04 8A BB D5
7E52FF,8115,D0 03 82 7E 04 9B AA B5 0C 85 3A B5 0E 85 3C B5
7E5310,8115,85 3E B5 1F 29 80 00 F0 0D B9 1F 00 29 80 00 F0
7E530E,8115,B5 10 85 3E B5 1F 29 80 00 F0 0D B9 1F 00 29 80
7E5312,8115,B5 1F 29 80 00 F0 0D B9 1F 00 29 80 00 F0 05 B5
7E5328,8115,9B CD 05 1F D0 03 82 51 04 AE 01 1F BD C6 2E D0
7E5329,8115,CD 05 1F D0 03 82 51 04 AE 01 1F BD C6 2E D0 03
7E530A,8115,B5 0E 85 3C B5 10 85 3E B5 1F 29 80 00 F0 0D B9
7E52FD,8115,D5 19 D0 03 82 7E 04 9B AA B5 0C 85 3A B5 0E 85
7E532C,8115,D0 03 82 51 04 AE 01 1F BD C6 2E D0 03 82 CA 03
7E5308,8115,85 3A B5 0E 85 3C B5 10 85 3E B5 1F 29 80 00 F0
7E5326,8115,B5 04 9B CD 05 1F D0 03 82 51 04 AE 01 1F BD C6
7E52FB,8115,8A BB D5 19 D0 03 82 7E 04 9B AA B5 0C 85 3A B5
7E52F3,8115,98 D5 19 D0 03 82 87 04 8A BB D5 19 D0 03 82 7E
7E5305,8115,AA B5 0C 85 3A B5 0E 85 3C B5 10 85 3E B5 1F 29
7E52FC,8115,BB D5 19 D0 03 82 7E 04 9B AA B5 0C 85 3A B5 0E
7E5304,8115,9B AA B5 0C 85 3A B5 0E 85 3C B5 10 85 3E B5 1F
7E52F6,8115,D0 03 82 87 04 8A BB D5 19 D0 03 82 7E 04 9B AA
7E5317,8115,F0 0D B9 1F 00 29 80 00 F0 05 B5 04 9B 80 0B B5
7E52F4,8115,D5 19 D0 03 82 87 04 8A BB D5 19 D0 03 82 7E 04
7E530C,8115,85 3C B5 10 85 3E B5 1F 29 80 00 F0 0D B9 1F 00
7E5306,8115,B5 0C 85 3A B5 0E 85 3C B5 10 85 3E B5 1F 29 80
7E5314,8115,29 80 00 F0 0D B9 1F 00 29 80 00 F0 05 B5 04 9B
7E5331,7965,AE 01 1F BD C6 2E D0 03 82 CA 03 48 A5 3A 8D F4
7E5334,7965,BD C6 2E D0 03 82 CA 03 48 A5 3A 8D F4 1E A5 3C
7E5337,7965,D0 03 82 CA 03 48 A5 3A 8D F4 1E A5 3C 8D F6 1E
7E5706,4745,BD CC 2E 18 6D 5E 12 8D 52 12 A5 3E 38 E5 6E 10
7E5713,4745,E5 6E 10 04 49 FF FF 1A 38 ED 52 12 30 03 4C 82
7E5709,4745,18 6D 5E 12 8D 52 12 A5 3E 38 E5 6E 10 04 49 FF
7E5710,4745,A5 3E 38 E5 6E 10 04 49 FF FF 1A 38 ED 52 12 30
7E571F,4745,30 03 4C 82 57 BD C8 2E 18 6D 5A 12 8D 52 12 A5
7E571B,4745,38 ED 52 12 30 03 4C 82 57 BD C8 2E 18 6D 5A 12
7E5339,4745,82 CA 03 48 A5 3A 8D F4 1E A5 3C 8D F6 1E A5 3E
7E5712,4745,38 E5 6E 10 04 49 FF FF 1A 38 ED 52 12 30 03 4C
7E570A,4745,6D 5E 12 8D 52 12 A5 3E 38 E5 6E 10 04 49 FF FF
7E571C,4745,ED 52 12 30 03 4C 82 57 BD C8 2E 18 6D 5A 12 8D
7E570D,4745,8D 52 12 A5 3E 38 E5 6E 10 04 49 FF FF 1A 38 ED
7E5715,4745,10 04 49 FF FF 1A 38 ED 52 12 30 03 4C 82 57 BD
02DA35,4684,AD BD 18 F0 FB AD 15 1F F0 03 20 A3 DA 22 10 DC
02DA38,4684,F0 FB AD 15 1F F0 03 20 A3 DA 22 10 DC 02 AD BD
7E5721,4583,4C 82 57 BD C8 2E 18 6D 5A 12 8D 52 12 A5 3A 38
02DB97,3552,E8 C0 40 00 D0 EE A9 01 00 8D 53 19 60 49 FF FF
02DB8B,3552,B5 00 18 6D 4F 19 99 CF 18 C8 C8 E8 E8 C0 40 00
02DB8D,3552,18 6D 4F 19 99 CF 18 C8 C8 E8 E8 C0 40 00 D0 EE
02DB9B,3552,D0 EE A9 01 00 8D 53 19 60 49 FF FF 1A EB 29 07
02DB96,3552,E8 E8 C0 40 00 D0 EE A9 01 00 8D 53 19 60 49 FF
02DB98,3552,C0 40 00 D0 EE A9 01 00 8D 53 19 60 49 FF FF 1A
02DB94,3552,C8 C8 E8 E8 C0 40 00 D0 EE A9 01 00 8D 53 19 60
02DB95,3552,C8 E8 E8 C0 40 00 D0 EE A9 01 00 8D 53 19 60 49
02DB91,3552,99 CF 18 C8 C8 E8 E8 C0 40 00 D0 EE A9 01 00 8D
02DB8E,3552,6D 4F 19 99 CF 18 C8 C8 E8 E8 C0 40 00 D0 EE A9
7E5353,3220,8D 52 12 A5 3E 38 E5 6E 10 04 49 FF FF 1A 38 ED
7E5347,3220,A5 3E 8D F8 1E BD CC 2E 18 6D 5E 12 8D 52 12 A5
7E534C,3220,BD CC 2E 18 6D 5E 12 8D 52 12 A5 3E 38 E5 6E 10
7E5350,3220,6D 5E 12 8D 52 12 A5 3E 38 E5 6E 10 04 49 FF FF
7E5361,3220,38 ED 52 12 30 03 4C A6 53 BD C8 2E 18 6D 5A 12
7E5342,3220,A5 3C 8D F6 1E A5 3E 8D F8 1E BD CC 2E 18 6D 5E
7E534F,3220,18 6D 5E 12 8D 52 12 A5 3E 38 E5 6E 10 04 49 FF
7E5356,3220,A5 3E 38 E5 6E 10 04 49 FF FF 1A 38 ED 52 12 30
7E5359,3220,E5 6E 10 04 49 FF FF 1A 38 ED 52 12 30 03 4C A6
7E5344,3220,8D F6 1E A5 3E 8D F8 1E BD CC 2E 18 6D 5E 12 8D
7E5365,3220,30 03 4C A6 53 BD C8 2E 18 6D 5A 12 8D 52 12 A5
7E533F,3220,8D F4 1E A5 3C 8D F6 1E A5 3E 8D F8 1E BD CC 2E
7E533D,3220,A5 3A 8D F4 1E A5 3C 8D F6 1E A5 3E 8D F8 1E BD
7E5362,3220,ED 52 12 30 03 4C A6 53 BD C8 2E 18 6D 5A 12 8D
7E533C,3220,48 A5 3A 8D F4 1E A5 3C 8D F6 1E A5 3E 8D F8 1E
7E5349,3220,8D F8 1E BD CC 2E 18 6D 5E 12 8D 52 12 A5 3E 38
7E535B,3220,10 04 49 FF FF 1A 38 ED 52 12 30 03 4C A6 53 BD
7E5358,3220,38 E5 6E 10 04 49 FF FF 1A 38 ED 52 12 30 03 4C
7E53A6,3217,68 4C 82 57 68 AA E2 20 BD 02 00 F0 2E 3A 85 02
7E53A7,3217,4C 82 57 68 AA E2 20 BD 02 00 F0 2E 3A 85 02 DA
7E5367,3139,4C A6 53 BD C8 2E 18 6D 5A 12 8D 52 12 A5 3A 38
00010F,2789,48 AF 30 30 00 30 20 8B 78 DA 5A E2 30 A9 00 48
000110,2789,AF 30 30 00 30 20 8B 78 DA 5A E2 30 A9 00 48 AB
00010D,2789,C2 30 48 AF 30 30 00 30 20 8B 78 DA 5A E2 30 A9
000114,2789,30 20 8B 78 DA 5A E2 30 A9 00 48 AB AD 62 12 09
00010C,2789,EA C2 30 48 AF 30 30 00 30 20 8B 78 DA 5A E2 30
7E5717,2612,49 FF FF 1A 38 ED 52 12 30 03 4C 82 57 BD C8 2E
7E571A,2612,1A 38 ED 52 12 30 03 4C 82 57 BD C8 2E 18 6D 5A
02DCC2,2353,AE 3C 21 AD 3C 21 29 01 D0 F3 E0 5A 90 EF E0 64
02DCC8,2353,29 01 D0 F3 E0 5A 90 EF E0 64 B0 EB C2 10 78 AE
02DCCA,2353,D0 F3 E0 5A 90 EF E0 64 B0 EB C2 10 78 AE B8 18
02DCC5,2353,AD 3C 21 29 01 D0 F3 E0 5A 90 EF E0 64 B0 EB C2
02DCBF,2353,AD 37 21 AE 3C 21 AD 3C 21 29 01 D0 F3 E0 5A 90
000137,2190,40 C2 30 48 8B DA 5A E2 20 A9 00 48 AB AD 62 12
000136,2190,68 40 C2 30 48 8B DA 5A E2 20 A9 00 48 AB AD 62
7E4EEB,2065,AB AD 62 12 09 18 8D 3A 30 8E 1E 30 AD 30 30 29
7E4EE8,2065,A9 00 48 AB AD 62 12 09 18 8D 3A 30 8E 1E 30 AD
7E4EEA,2065,48 AB AD 62 12 09 18 8D 3A 30 8E 1E 30 AD 30 30
7E4F01,2065,8D 3A 30 AB 6B 5C EE BD 1F C2 30 AD C5 14 8F 22
7E4F04,2065,AB 6B 5C EE BD 1F C2 30 AD C5 14 8F 22 2B 70 AD
7E4EEC,2065,AD 62 12 09 18 8D 3A 30 8E 1E 30 AD 30 30 29 20
7E4EE7,2065,8B A9 00 48 AB AD 62 12 09 18 8D 3A 30 8E 1E 30
7E4EF4,2065,8E 1E 30 AD 30 30 29 20 D0 F9 AD 62 12 8D 3A 30
7E4F05,2065,6B 5C EE BD 1F C2 30 AD C5 14 8F 22 2B 70 AD 0B
7E4EF1,2065,8D 3A 30 8E 1E 30 AD 30 30 29 20 D0 F9 AD 62 12
7E4EE3,2065,8F 34 30 00 8B A9 00 48 AB AD 62 12 09 18 8D 3A
7E4EFE,2065,AD 62 12 8D 3A 30 AB 6B 5C EE BD 1F C2 30 AD C5
7E4EEF,2065,09 18 8D 3A 30 8E 1E 30 AD 30 30 29 20 D0 F9 AD
1FC04B,1972,DA B5 2E 29 04 00 D0 44 B5 1E 29 01 00 D0 3D B5
1FC09B,1972,D0 AE 28 6B B5 15 85 7E 8B 86 76 84 78 64 08 64
1FC04C,1972,B5 2E 29 04 00 D0 44 B5 1E 29 01 00 D0 3D B5 2A
1FC04E,1972,29 04 00 D0 44 B5 1E 29 01 00 D0 3D B5 2A 29 FF
1FC051,1972,D0 44 B5 1E 29 01 00 D0 3D B5 2A 29 FF 00 F0 36
1FC09A,1972,AA D0 AE 28 6B B5 15 85 7E 8B 86 76 84 78 64 08
1FC098,1972,B5 00 AA D0 AE 28 6B B5 15 85 7E 8B 86 76 84 78
1FC097,1972,FA B5 00 AA D0 AE 28 6B B5 15 85 7E 8B 86 76 84
1FD26C,1965,C2 30 EC 6D 15 D0 03 82 BA 00 B5 2E 29 FB FF 95
1FD271,1965,D0 03 82 BA 00 B5 2E 29 FB FF 95 2E B5 0C 8D 15
1FD26E,1965,EC 6D 15 D0 03 82 BA 00 B5 2E 29 FB FF 95 2E B5
1FD335,1965,28 6B E2 20 9C 00 42 9C 0C 42 9C 2C 21 9C 2D 21
1FD336,1965,6B E2 20 9C 00 42 9C 0C 42 9C 2C 21 9C 2D 21 48
1FD26B,1965,08 C2 30 EC 6D 15 D0 03 82 BA 00 B5 2E 29 FB FF
02DB0B,1965,AD 4A 12 D0 07 B4 00 BB D0 EF 80 08 B4 00 22 DC
02DB12,1965,BB D0 EF 80 08 B4 00 22 DC BF 1F 80 F3 AB 60 08
02DB07,1965,22 6B D2 1F AD 4A 12 D0 07 B4 00 BB D0 EF 80 08
02DB0E,1965,D0 07 B4 00 BB D0 EF 80 08 B4 00 22 DC BF 1F 80
02DB04,1965,9C 4A 12 22 6B D2 1F AD 4A 12 D0 07 B4 00 BB D0
02DB13,1965,D0 EF 80 08 B4 00 22 DC BF 1F 80 F3 AB 60 08 E2
02F501,1957,E2 20 B9 20 00 29 08 D0 6C C2 20 B9 04 00 8E C7
7E4F74,1957,C2 20 A9 00 00 95 1B E2 20 9B B6 00 D0 D6 E2 20
7E4F7E,1957,B6 00 D0 D6 E2 20 A9 7E 48 AB AD FD 1E F0 17 A2
7E4F6E,1957,B5 1D 29 7F 95 1D C2 20 A9 00 00 95 1B E2 20 9B
7E4F72,1957,95 1D C2 20 A9 00 00 95 1B E2 20 9B B6 00 D0 D6
7E4F76,1957,A9 00 00 95 1B E2 20 9B B6 00 D0 D6 E2 20 A9 7E
7E4F70,1957,29 7F 95 1D C2 20 A9 00 00 95 1B E2 20 9B B6 00
7E4F58,1957,B5 1D 29 80 F0 04 5C 68 4F 7E A9 01 95 2D 80 06
7E4F5C,1957,F0 04 5C 68 4F 7E A9 01 95 2D 80 06 B5 1E 09 02
7E4F7D,1957,9B B6 00 D0 D6 E2 20 A9 7E 48 AB AD FD 1E F0 17
02F508,1957,D0 6C C2 20 B9 04 00 8E C7 14 AA BF 0E 00 00 AE
02F506,1957,29 08 D0 6C C2 20 B9 04 00 8E C7 14 AA BF 0E 00
7E4F5A,1957,29 80 F0 04 5C 68 4F 7E A9 01 95 2D 80 06 B5 1E
7E4F80,1957,D0 D6 E2 20 A9 7E 48 AB AD FD 1E F0 17 A2 00 00
02F57B,1957,A8 D0 83 AB 28 6B 08 8B E2 20 A9 7E 48 AB C2 30
02F503,1957,B9 20 00 29 08 D0 6C C2 20 B9 04 00 8E C7 14 AA
7E4F79,1957,95 1B E2 20 9B B6 00 D0 D6 E2 20 A9 7E 48 AB AD
7E4F7B,1957,E2 20 9B B6 00 D0 D6 E2 20 A9 7E 48 AB AD FD 1E
02F57C,1957,D0 83 AB 28 6B 08 8B E2 20 A9 7E 48 AB C2 30 9C
02F6B4,1954,B9 00 00 A8 F0 03 82 E4 FE AD E7 1E 8F B6 01 70
02F6B7,1954,A8 F0 03 82 E4 FE AD E7 1E 8F B6 01 70 AB 28 60
02F5AD,1954,99 08 00 B9 20 00 29 08 F0 04 5C B2 F6 02 B9 09
03B430,1954,B4 00 BB D0 94 AE 3F 1F D0 03 82 6D 00 EC 68 1F
02F6B2,1954,C2 20 B9 00 00 A8 F0 03 82 E4 FE AD E7 1E 8F B6
03B3E3,1954,C0 5C D9 D0 03 82 CE 00 C0 50 C0 D0 03 82 C6 00
03B3FA,1954,D0 31 BF E8 1C 7E D0 06 BF E9 1C 7E F0 25 AC 3A
03B3EE,1954,D0 03 82 C6 00 48 E2 20 B5 08 89 01 D0 31 BF E8
03B3F4,1954,E2 20 B5 08 89 01 D0 31 BF E8 1C 7E D0 06 BF E9
03B3CE,1954,D0 03 82 E6 00 C0 B0 D9 D0 03 82 DE 00 C0 94 D9
02F5B0,1954,B9 20 00 29 08 F0 04 5C B2 F6 02 B9 09 00 89 01
03B3F8,1954,89 01 D0 31 BF E8 1C 7E D0 06 BF E9 1C 7E F0 25
02F6B8,1954,F0 03 82 E4 FE AD E7 1E 8F B6 01 70 AB 28 60 20
03B3C9,1954,B4 04 C0 C0 C7 D0 03 82 E6 00 C0 B0 D9 D0 03 82
02F5A1,1954,E2 20 8C 3C 12 B9 08 00 29 E1 09 08 99 08 00 B9
02F5A6,1954,B9 08 00 29 E1 09 08 99 08 00 B9 20 00 29 08 F0
02F5A9,1954,29 E1 09 08 99 08 00 B9 20 00 29 08 F0 04 5C B2
03B3DE,1954,D0 03 82 D6 00 C0 5C D9 D0 03 82 CE 00 C0 50 C0
03B3F6,1954,B5 08 89 01 D0 31 BF E8 1C 7E D0 06 BF E9 1C 7E
02F5B3,1954,29 08 F0 04 5C B2 F6 02 B9 09 00 89 01 C2 20 F0
03B3F3,1954,48 E2 20 B5 08 89 01 D0 31 BF E8 1C 7E D0 06 BF
03B3DB,1954,C0 94 D9 D0 03 82 D6 00 C0 5C D9 D0 03 82 CE 00
03B3E6,1954,D0 03 82 CE 00 C0 50 C0 D0 03 82 C6 00 48 E2 20
03B432,1954,BB D0 94 AE 3F 1F D0 03 82 6D 00 EC 68 1F F0 03
03B3CB,1954,C0 C0 C7 D0 03 82 E6 00 C0 B0 D9 D0 03 82 DE 00
03B3D3,1954,C0 B0 D9 D0 03 82 DE 00 C0 94 D9 D0 03 82 D6 00
02F5B5,1954,F0 04 5C B2 F6 02 B9 09 00 89 01 C2 20 F0 05 A9
03B433,1954,D0 94 AE 3F 1F D0 03 82 6D 00 EC 68 1F F0 03 82
02DB10,1954,B4 00 BB D0 EF 80 08 B4 00 22 DC BF 1F 80 F3 AB
02F5AB,1954,09 08 99 08 00 B9 20 00 29 08 F0 04 5C B2 F6 02
03B3EB,1954,C0 50 C0 D0 03 82 C6 00 48 E2 20 B5 08 89 01 D0
03B3D6,1954,D0 03 82 DE 00 C0 94 D9 D0 03 82 D6 00 C0 5C D9
02F5A3,1954,8C 3C 12 B9 08 00 29 E1 09 08 99 08 00 B9 20 00
7E4F62,1953,A9 01 95 2D 80 06 B5 1E 09 02 95 1E B5 1D 29 7F
7E4F66,1953,80 06 B5 1E 09 02 95 1E B5 1D 29 7F 95 1D C2 20
7E4F64,1953,95 2D 80 06 B5 1E 09 02 95 1E B5 1D 29 7F 95 1D
03B402,1949,BF E9 1C 7E F0 25 AC 3A 12 C2 20 B5 10 38 F9 10
03B3FC,1949,BF E8 1C 7E D0 06 BF E9 1C 7E F0 25 AC 3A 12 C2
03B406,1949,F0 25 AC 3A 12 C2 20 B5 10 38 F9 10 00 10 04 49
03B400,1949,D0 06 BF E9 1C 7E F0 25 AC 3A 12 C2 20 B5 10 38
02F576,1942,C2 20 B9 00 00 A8 D0 83 AB 28 6B 08 8B E2 20 A9
02F578,1942,B9 00 00 A8 D0 83 AB 28 6B 08 8B E2 20 A9 7E 48
03B341,1933,E2 20 B5 2A C9 FF D0 38 B5 1F 29 08 D0 04 5C 81
03B347,1933,D0 38 B5 1F 29 08 D0 04 5C 81 B3 03 B5 20 29 02
03B343,1933,B5 2A C9 FF D0 38 B5 1F 29 08 D0 04 5C 81 B3 03
03B345,1933,C9 FF D0 38 B5 1F 29 08 D0 04 5C 81 B3 03 B5 20
03B384,1930,D0 BB 60 E2 20 B5 20 09 02 95 20 C2 20 AD F8 14
03B381,1930,B4 00 BB D0 BB 60 E2 20 B5 20 09 02 95 20 C2 20
03B383,1930,BB D0 BB 60 E2 20 B5 20 09 02 95 20 C2 20 AD F8
7E52C1,1880,8D FF 1E A4 78 8C 01 1F 4C 82 57 E2 20 8C 01 1F
7E52BE,1880,AD FD 1E 8D FF 1E A4 78 8C 01 1F 4C 82 57 E2 20
7E52C4,1880,A4 78 8C 01 1F 4C 82 57 E2 20 8C 01 1F BE C4 2E
7E5796,1880,60 5A DA 08 E2 10 49 FF 1A AA BF AC 5C 7E 8D F6
7E5794,1880,E2 20 60 5A DA 08 E2 10 49 FF 1A AA BF AC 5C 7E
7E52C9,1880,4C 82 57 E2 20 8C 01 1F BE C4 2E 9C FA 1E C2 20
7E52C6,1880,8C 01 1F 4C 82 57 E2 20 8C 01 1F BE C4 2E 9C FA
1FC055,1846,29 01 00 D0 3D B5 2A 29 FF 00 F0 36 B5 08 89 01
1FC058,1846,D0 3D B5 2A 29 FF 00 F0 36 B5 08 89 01 00 D0 2F
1FC053,1846,B5 1E 29 01 00 D0 3D B5 2A 29 FF 00 F0 36 B5 08
1FD282,1840,B5 0E 8D 17 15 B5 10 8D 19 15 E2 20 8E 3C 12 B5
1FD291,1840,B5 2A D0 2D B5 09 29 10 F0 04 5C C2 D2 1F C2 20
1FD27D,1840,B5 0C 8D 15 15 B5 0E 8D 17 15 B5 10 8D 19 15 E2
1FD28C,1840,E2 20 8E 3C 12 B5 2A D0 2D B5 09 29 10 F0 04 5C
1FD278,1840,29 FB FF 95 2E B5 0C 8D 15 15 B5 0E 8D 17 15 B5
1FD293,1840,D0 2D B5 09 29 10 F0 04 5C C2 D2 1F C2 20 BF D6
1FD27B,1840,95 2E B5 0C 8D 15 15 B5 0E 8D 17 15 B5 10 8D 19
1FD289,1840,8D 19 15 E2 20 8E 3C 12 B5 2A D0 2D B5 09 29 10
1FD28E,1840,8E 3C 12 B5 2A D0 2D B5 09 29 10 F0 04 5C C2 D2
1FD27F,1840,8D 15 15 B5 0E 8D 17 15 B5 10 8D 19 15 E2 20 8E
1FD284,1840,8D 17 15 B5 10 8D 19 15 E2 20 8E 3C 12 B5 2A D0
1FD276,1840,B5 2E 29 FB FF 95 2E B5 0C 8D 15 15 B5 0E 8D 17
1FD287,1840,B5 10 8D 19 15 E2 20 8E 3C 12 B5 2A D0 2D B5 09
1FD2CA,1829,29 80 F0 19 BF D5 1C 7E 8D 46 12 C2 20 BF D3 1C
1FD2C8,1829,B5 1D 29 80 F0 19 BF D5 1C 7E 8D 46 12 C2 20 BF
1FD2C4,1829,29 EF 95 09 B5 1D 29 80 F0 19 BF D5 1C 7E 8D 46
1FD2C2,1829,B5 09 29 EF 95 09 B5 1D 29 80 F0 19 BF D5 1C 7E
1FD2CC,1829,F0 19 BF D5 1C 7E 8D 46 12 C2 20 BF D3 1C 7E D0
1FD2C6,1829,95 09 B5 1D 29 80 F0 19 BF D5 1C 7E 8D 46 12 C2
02F6BA,1829,82 E4 FE AD E7 1E 8F B6 01 70 AB 28 60 20 CB F6
1FD2E9,1819,29 02 F0 17 B5 1E 29 FD 95 1E BF D8 1C 7E 8D 46
1FD2EB,1819,F0 17 B5 1E 29 FD 95 1E BF D8 1C 7E 8D 46 12 C2
1FD2E7,1819,B5 1E 29 02 F0 17 B5 1E 29 FD 95 1E BF D8 1C 7E
1FD306,1818,8D 46 12 C2 20 B5 16 F0 26 8D 44 12 E2 20 A9 1F
1FD309,1818,C2 20 B5 16 F0 26 8D 44 12 E2 20 A9 1F 48 C2 20
1FD304,1818,B5 18 8D 46 12 C2 20 B5 16 F0 26 8D 44 12 E2 20
1FD30B,1818,B5 16 F0 26 8D 44 12 E2 20 A9 1F 48 C2 20 A9 2F
1FD30D,1818,F0 26 8D 44 12 E2 20 A9 1F 48 C2 20 A9 2F D3 48
02F513,1774,BF 0E 00 00 AE C7 14 7F 14 00 70 10 32 E2 20 B9
02F517,1774,AE C7 14 7F 14 00 70 10 32 E2 20 B9 08 00 29 F7
02F50F,1774,8E C7 14 AA BF 0E 00 00 AE C7 14 7F 14 00 70 10
02F50C,1774,B9 04 00 8E C7 14 AA BF 0E 00 00 AE C7 14 7F 14
02F51A,1774,7F 14 00 70 10 32 E2 20 B9 08 00 29 F7 99 08 00
02F50A,1774,C2 20 B9 04 00 8E C7 14 AA BF 0E 00 00 AE C7 14
02F51E,1774,10 32 E2 20 B9 08 00 29 F7 99 08 00 AD D2 14 89
02F512,1774,AA BF 0E 00 00 AE C7 14 7F 14 00 70 10 32 E2 20
02F5EA,1773,9F 14 00 70 B9 04 00 9F 08 00 70 E2 20 B9 12 00
02F655,1773,B9 E7 1C 30 03 AD BD 15 29 7F 9F 19 00 70 B9 E6
02F650,1773,29 FD 99 1D 00 B9 E7 1C 30 03 AD BD 15 29 7F 9F
02F658,1773,30 03 AD BD 15 29 7F 9F 19 00 70 B9 E6 1C 30 03
02F65D,1773,29 7F 9F 19 00 70 B9 E6 1C 30 03 AD BD 15 29 7F
02F666,1773,30 03 AD BD 15 29 7F 9F 1A 00 70 B9 DF 1C 9F 1B
02F67B,1773,9F 1C 00 70 B9 F5 1C 9F 1D 00 70 C2 20 CC 79 17
02F66B,1773,29 7F 9F 1A 00 70 B9 DF 1C 9F 1B 00 70 B9 F4 1C
02F686,1773,C2 20 CC 79 17 D0 15 AD BD 15 29 07 00 C9 04 00
02F6AD,1773,18 69 1E 00 AA C2 20 B9 00 00 A8 F0 03 82 E4 FE
02F6AC,1773,8A 18 69 1E 00 AA C2 20 B9 00 00 A8 F0 03 82 E4
02F6A5,1773,9F 16 00 70 EE E7 1E 8A 18 69 1E 00 AA C2 20 B9
02F6A9,1773,EE E7 1E 8A 18 69 1E 00 AA C2 20 B9 00 00 A8 F0
02F652,1773,99 1D 00 B9 E7 1C 30 03 AD BD 15 29 7F 9F 19 00
02F6AE,1773,69 1E 00 AA C2 20 B9 00 00 A8 F0 03 82 E4 FE AD
02F64C,1773,9F 07 00 70 29 FD 99 1D 00 B9 E7 1C 30 03 AD BD
02F601,1773,9F 05 00 70 B9 14 00 9F 06 00 70 E2 20 B9 08 00
02F5F7,1773,B9 12 00 9F 04 00 70 B9 13 00 9F 05 00 70 B9 14
02F678,1773,B9 F4 1C 9F 1C 00 70 B9 F5 1C 9F 1D 00 70 C2 20
02F65F,1773,9F 19 00 70 B9 E6 1C 30 03 AD BD 15 29 7F 9F 1A
02F6A2,1773,B9 EA 1C 9F 16 00 70 EE E7 1E 8A 18 69 1E 00 AA
02F671,1773,B9 DF 1C 9F 1B 00 70 B9 F4 1C 9F 1C 00 70 B9 F5
02F674,1773,9F 1B 00 70 B9 F4 1C 9F 1C 00 70 B9 F5 1C 9F 1D
02F5DD,1773,38 E5 C3 9F 10 00 70 B9 10 00 38 E5 C5 9F 14 00
02F663,1773,B9 E6 1C 30 03 AD BD 15 29 7F 9F 1A 00 70 B9 DF
02F66D,1773,9F 1A 00 70 B9 DF 1C 9F 1B 00 70 B9 F4 1C 9F 1C
02F6B1,1773,AA C2 20 B9 00 00 A8 F0 03 82 E4 FE AD E7 1E 8F
02F5CC,1773,9F 02 00 70 B9 0C 00 38 E5 C1 9F 12 00 70 B9 0E
02F68B,1773,D0 15 AD BD 15 29 07 00 C9 04 00 90 05 A9 0C 80
02F67F,1773,B9 F5 1C 9F 1D 00 70 C2 20 CC 79 17 D0 15 AD BD
02F688,1773,CC 79 17 D0 15 AD BD 15 29 07 00 C9 04 00 90 05
02F682,1773,9F 1D 00 70 C2 20 CC 79 17 D0 15 AD BD 15 29 07
02F5D3,1773,38 E5 C1 9F 12 00 70 B9 0E 00 38 E5 C3 9F 10 00
02F5E0,1773,9F 10 00 70 B9 10 00 38 E5 C5 9F 14 00 70 B9 04
02F5DE,1773,E5 C3 9F 10 00 70 B9 10 00 38 E5 C5 9F 14 00 70
02F5E8,1773,E5 C5 9F 14 00 70 B9 04 00 9F 08 00 70 E2 20 B9
02F5C0,1773,C2 20 F0 05 A9 98 3A 80 03 A9 00 00 9F 02 00 70
02F5EE,1773,B9 04 00 9F 08 00 70 E2 20 B9 12 00 9F 04 00 70
02F5F5,1773,E2 20 B9 12 00 9F 04 00 70 B9 13 00 9F 05 00 70
02F5FA,1773,9F 04 00 70 B9 13 00 9F 05 00 70 B9 14 00 9F 06
02F5DA,1773,B9 0E 00 38 E5 C3 9F 10 00 70 B9 10 00 38 E5 C5
02F5D6,1773,9F 12 00 70 B9 0E 00 38 E5 C3 9F 10 00 70 B9 10
02F5BB,1773,B9 09 00 89 01 C2 20 F0 05 A9 98 3A 80 03 A9 00
02F5D0,1773,B9 0C 00 38 E5 C1 9F 12 00 70 B9 0E 00 38 E5 C3
02F5C2,1773,F0 05 A9 98 3A 80 03 A9 00 00 9F 02 00 70 B9 0C
02F5C9,1773,A9 00 00 9F 02 00 70 B9 0C 00 38 E5 C1 9F 12 00
02F5FE,1773,B9 13 00 9F 05 00 70 B9 14 00 9F 06 00 70 E2 20
02F608,1773,9F 06 00 70 E2 20 B9 08 00 29 01 F0 2E B9 0A 00
02F5E4,1773,B9 10 00 38 E5 C5 9F 14 00 70 B9 04 00 9F 08 00
02F611,1773,29 01 F0 2E B9 0A 00 9F 18 00 70 B9 1D 00 89 10
02F649,1773,B9 1D 00 9F 07 00 70 29 FD 99 1D 00 B9 E7 1C 30
02F5D4,1773,E5 C1 9F 12 00 70 B9 0E 00 38 E5 C3 9F 10 00 70
02F605,1773,B9 14 00 9F 06 00 70 E2 20 B9 08 00 29 01 F0 2E
02F5E7,1773,38 E5 C5 9F 14 00 70 B9 04 00 9F 08 00 70 E2 20
02F613,1773,F0 2E B9 0A 00 9F 18 00 70 B9 1D 00 89 10 F0 26
02F5BE,1773,89 01 C2 20 F0 05 A9 98 3A 80 03 A9 00 00 9F 02
02F60C,1773,E2 20 B9 08 00 29 01 F0 2E B9 0A 00 9F 18 00 70
02F60E,1773,B9 08 00 29 01 F0 2E B9 0A 00 9F 18 00 70 B9 1D
02F5F1,1773,9F 08 00 70 E2 20 B9 12 00 9F 04 00 70 B9 13 00
02F643,1768,A9 00 9F 18 00 70 B9 1D 00 9F 07 00 70 29 FD 99
02F645,1768,9F 18 00 70 B9 1D 00 9F 07 00 70 29 FD 99 1D 00
02F570,1759,8A 18 69 1E 00 AA C2 20 B9 00 00 A8 D0 83 AB 28
02F558,1759,10 0B B9 08 00 09 14 00 99 08 00 80 09 B9 08 00
02F554,1759,BF 12 00 70 10 0B B9 08 00 09 14 00 99 08 00 80
02F56E,1759,C2 20 8A 18 69 1E 00 AA C2 20 B9 00 00 A8 D0 83
02F552,1759,C2 20 BF 12 00 70 10 0B B9 08 00 09 14 00 99 08
02F572,1759,69 1E 00 AA C2 20 B9 00 00 A8 D0 83 AB 28 6B 08
02F571,1759,18 69 1E 00 AA C2 20 B9 00 00 A8 D0 83 AB 28 6B
02F575,1759,AA C2 20 B9 00 00 A8 D0 83 AB 28 6B 08 8B E2 20
02DCCC,1739,E0 5A 90 EF E0 64 B0 EB C2 10 78 AE B8 18 8E 81
02DCCE,1739,90 EF E0 64 B0 EB C2 10 78 AE B8 18 8E 81 21 9C
02F65A,1669,AD BD 15 29 7F 9F 19 00 70 B9 E6 1C 30 03 AD BD
03BABD,1664,D0 FA 85 88 24 8B 10 10 38 A5 CA E5 88 85 88 A5
03BABB,1664,6A E8 D0 FA 85 88 24 8B 10 10 38 A5 CA E5 88 85
03BABC,1664,E8 D0 FA 85 88 24 8B 10 10 38 A5 CA E5 88 85 88
03BAB9,1664,46 89 6A E8 D0 FA 85 88 24 8B 10 10 38 A5 CA E5
7E5360,1657,1A 38 ED 52 12 30 03 4C A6 53 BD C8 2E 18 6D 5A
7E535D,1657,49 FF FF 1A 38 ED 52 12 30 03 4C A6 53 BD C8 2E
03B42D,1617,C2 20 68 B4 00 BB D0 94 AE 3F 1F D0 03 82 6D 00
03B42F,1617,68 B4 00 BB D0 94 AE 3F 1F D0 03 82 6D 00 EC 68
02F668,1611,AD BD 15 29 7F 9F 1A 00 70 B9 DF 1C 9F 1B 00 70
7E52F0,1474,82 8F 04 98 D5 19 D0 03 82 87 04 8A BB D5 19 D0
1FD389,1458,D0 F8 FA 7A B5 08 09 10 95 08 B5 09 09 08 95 09
1FD383,1458,9F CA 1C 7E E8 88 D0 F8 FA 7A B5 08 09 10 95 08
1FD388,1458,88 D0 F8 FA 7A B5 08 09 10 95 08 B5 09 09 08 95
1FD387,1458,E8 88 D0 F8 FA 7A B5 08 09 10 95 08 B5 09 09 08
1FD330,1392,E2 20 AD CB 14 28 6B E2 20 9C 00 42 9C 0C 42 9C
1FD332,1392,AD CB 14 28 6B E2 20 9C 00 42 9C 0C 42 9C 2C 21
1FD37C,1350,D0 FA FA DA A0 36 00 9F CA 1C 7E E8 88 D0 F8 FA
1FD378,1350,95 04 E8 88 D0 FA FA DA A0 36 00 9F CA 1C 7E E8
1FD37B,1350,88 D0 FA FA DA A0 36 00 9F CA 1C 7E E8 88 D0 F8
1FD37A,1350,E8 88 D0 FA FA DA A0 36 00 9F CA 1C 7E E8 88 D0
7E4FD4,1297,B9 02 00 F0 2A 3A 85 02 BF E7 1C 7E 10 06 25 02
7E5289,1297,8D FB 1E C2 20 20 BE 52 7A FA C2 20 B9 00 00 F0
7E4FD7,1297,F0 2A 3A 85 02 BF E7 1C 7E 10 06 25 02 F0 1D 80
7E5292,1297,FA C2 20 B9 00 00 F0 03 82 31 FD E2 20 60 B9 C8
7E5273,1297,8D 5A 12 B9 0C 00 8D 5C 12 B9 0E 00 8D 5E 12 DA
7E4FCF,1297,E2 20 9C FC 1E B9 02 00 F0 2A 3A 85 02 BF E7 1C
7E5286,1297,B9 10 00 8D FB 1E C2 20 20 BE 52 7A FA C2 20 B9
7E5298,1297,F0 03 82 31 FD E2 20 60 B9 C8 2E 8D 5A 12 B9 CA
7E528C,1297,C2 20 20 BE 52 7A FA C2 20 B9 00 00 F0 03 82 31
7E5270,1297,B9 0A 00 8D 5A 12 B9 0C 00 8D 5C 12 B9 0E 00 8D
7E528E,1297,20 BE 52 7A FA C2 20 B9 00 00 F0 03 82 31 FD E2
7E4FCE,1297,A8 E2 20 9C FC 1E B9 02 00 F0 2A 3A 85 02 BF E7
7E5284,1297,E2 20 B9 10 00 8D FB 1E C2 20 20 BE 52 7A FA C2
7E527F,1297,8D 5E 12 DA 5A E2 20 B9 10 00 8D FB 1E C2 20 20
7E5276,1297,B9 0C 00 8D 5C 12 B9 0E 00 8D 5E 12 DA 5A E2 20
7E527C,1297,B9 0E 00 8D 5E 12 DA 5A E2 20 B9 10 00 8D FB 1E
7E5279,1297,8D 5C 12 B9 0E 00 8D 5E 12 DA 5A E2 20 B9 10 00
7E5291,1297,7A FA C2 20 B9 00 00 F0 03 82 31 FD E2 20 60 B9
7E4FD1,1297,9C FC 1E B9 02 00 F0 2A 3A 85 02 BF E7 1C 7E 10
7E5283,1297,5A E2 20 B9 10 00 8D FB 1E C2 20 20 BE 52 7A FA
7E5293,1297,C2 20 B9 00 00 F0 03 82 31 FD E2 20 60 B9 C8 2E
7E5003,1297,B9 09 00 85 F6 89 70 D0 03 82 47 02 89 10 F0 03
7E5295,1297,B9 00 00 F0 03 82 31 FD E2 20 60 B9 C8 2E 8D 5A
7E5006,1297,85 F6 89 70 D0 03 82 47 02 89 10 F0 03 82 C7 01
7E5008,1297,89 70 D0 03 82 47 02 89 10 F0 03 82 C7 01 89 20
7E5282,1297,DA 5A E2 20 B9 10 00 8D FB 1E C2 20 20 BE 52 7A
7E500A,1297,D0 03 82 47 02 89 10 F0 03 82 C7 01 89 20 F0 03
1FD32B,1267,3A 48 E2 20 6B E2 20 AD CB 14 28 6B E2 20 9C 00
1FD328,1267,AD 44 12 3A 48 E2 20 6B E2 20 AD CB 14 28 6B E2
1FD31F,1267,AD 46 12 48 C2 20 9C 23 15 AD 44 12 3A 48 E2 20
1FD32D,1267,E2 20 6B E2 20 AD CB 14 28 6B E2 20 9C 00 42 9C
1FD325,1267,9C 23 15 AD 44 12 3A 48 E2 20 6B E2 20 AD CB 14
1FD319,1267,A9 2F D3 48 E2 20 AD 46 12 48 C2 20 9C 23 15 AD
1FD322,1267,48 C2 20 9C 23 15 AD 44 12 3A 48 E2 20 6B E2 20
1FD316,1267,48 C2 20 A9 2F D3 48 E2 20 AD 46 12 48 C2 20 9C
1FD312,1267,E2 20 A9 1F 48 C2 20 A9 2F D3 48 E2 20 AD 46 12
1FD323,1267,C2 20 9C 23 15 AD 44 12 3A 48 E2 20 6B E2 20 AD
1FD314,1267,A9 1F 48 C2 20 A9 2F D3 48 E2 20 AD 46 12 48 C2
1FD31C,1267,48 E2 20 AD 46 12 48 C2 20 9C 23 15 AD 44 12 3A
1FD317,1267,C2 20 A9 2F D3 48 E2 20 AD 46 12 48 C2 20 9C 23
1FD31D,1267,E2 20 AD 46 12 48 C2 20 9C 23 15 AD 44 12 3A 48
1FD30F,1267,8D 44 12 E2 20 A9 1F 48 C2 20 A9 2F D3 48 E2 20
1FD32C,1267,48 E2 20 6B E2 20 AD CB 14 28 6B E2 20 9C 00 42
1FD32F,1267,6B E2 20 AD CB 14 28 6B E2 20 9C 00 42 9C 0C 42
02FC71,1250,8D 02 42 A5 64 30 0C A5 63 8D 03 42 EA EA A5 64
02FC6E,1250,30 23 0A 8D 02 42 A5 64 30 0C A5 63 8D 03 42 EA
02FC70,1250,0A 8D 02 42 A5 64 30 0C A5 63 8D 03 42 EA EA A5
02FC74,1250,A5 64 30 0C A5 63 8D 03 42 EA EA A5 64 4C CC FC
02FC68,1250,64 69 64 67 A5 65 30 23 0A 8D 02 42 A5 64 30 0C
02FC66,1250,64 68 64 69 64 67 A5 65 30 23 0A 8D 02 42 A5 64
02FC6C,1250,A5 65 30 23 0A 8D 02 42 A5 64 30 0C A5 63 8D 03
02FC65,1250,6B 64 68 64 69 64 67 A5 65 30 23 0A 8D 02 42 A5
02FC76,1250,30 0C A5 63 8D 03 42 EA EA A5 64 4C CC FC A9 00
02FC62,1250,20 66 FC 6B 64 68 64 69 64 67 A5 65 30 23 0A 8D
02FC6A,1250,64 67 A5 65 30 23 0A 8D 02 42 A5 64 30 0C A5 63
02FCDE,1250,85 66 E2 20 60 20 E9 FC C2 20 6B DA 08 C2 20 A5
02FCE0,1250,E2 20 60 20 E9 FC C2 20 6B DA 08 C2 20 A5 02 8F
02FCE2,1250,60 20 E9 FC C2 20 6B DA 08 C2 20 A5 02 8F 62 00
1FC05C,1234,29 FF 00 F0 36 B5 08 89 01 00 D0 2F DA B5 04 BB
1FC05F,1234,F0 36 B5 08 89 01 00 D0 2F DA B5 04 BB A8 68 9F
1FC05A,1234,B5 2A 29 FF 00 F0 36 B5 08 89 01 00 D0 2F DA B5
1FC092,1233,18 69 0A 00 A8 FA B5 00 AA D0 AE 28 6B B5 15 85
1FC096,1233,A8 FA B5 00 AA D0 AE 28 6B B5 15 85 7E 8B 86 76
1FC093,1233,69 0A 00 A8 FA B5 00 AA D0 AE 28 6B B5 15 85 7E
1FC087,1233,B9 0E 00 9F CC 2E 7E EE FD 1E 8A 18 69 0A 00 A8
1FC08A,1233,9F CC 2E 7E EE FD 1E 8A 18 69 0A 00 A8 FA B5 00
1FC075,1233,9F C6 2E 7E B9 0A 00 9F C8 2E 7E B9 0C 00 9F CA
1FC080,1233,B9 0C 00 9F CA 2E 7E B9 0E 00 9F CC 2E 7E EE FD
1FC072,1233,B9 08 00 9F C6 2E 7E B9 0A 00 9F C8 2E 7E B9 0C
1FC083,1233,9F CA 2E 7E B9 0E 00 9F CC 2E 7E EE FD 1E 8A 18
1FC079,1233,B9 0A 00 9F C8 2E 7E B9 0C 00 9F CA 2E 7E B9 0E
1FC091,1233,8A 18 69 0A 00 A8 FA B5 00 AA D0 AE 28 6B B5 15
1FC06E,1233,9F C4 2E 7E B9 08 00 9F C6 2E 7E B9 0A 00 9F C8
1FC07C,1233,9F C8 2E 7E B9 0C 00 9F CA 2E 7E B9 0E 00 9F CC
1FC08E,1233,EE FD 1E 8A 18 69 0A 00 A8 FA B5 00 AA D0 AE 28
1FC066,1233,D0 2F DA B5 04 BB A8 68 9F C4 2E 7E B9 08 00 9F
1FC063,1233,89 01 00 D0 2F DA B5 04 BB A8 68 9F C4 2E 7E B9
1FC061,1233,B5 08 89 01 00 D0 2F DA B5 04 BB A8 68 9F C4 2E
1FC068,1233,DA B5 04 BB A8 68 9F C4 2E 7E B9 08 00 9F C6 2E
1FC06D,1233,68 9F C4 2E 7E B9 08 00 9F C6 2E 7E B9 0A 00 9F
1FC069,1233,B5 04 BB A8 68 9F C4 2E 7E B9 08 00 9F C6 2E 7E
1FC06C,1233,A8 68 9F C4 2E 7E B9 08 00 9F C6 2E 7E B9 0A 00
1FC06B,1233,BB A8 68 9F C4 2E 7E B9 08 00 9F C6 2E 7E B9 0A
7E4FAC,1222,BB 86 76 B5 1D 29 80 F0 03 82 E5 02 B4 04 8C 05
7E4F95,1222,C2 20 8A 18 69 0A 00 AA E2 20 CE FD 1E D0 EC 28
7E4FB1,1222,29 80 F0 03 82 E5 02 B4 04 8C 05 1F A4 78 9C FB
7E4F90,1222,DA 20 A7 4F FA C2 20 8A 18 69 0A 00 AA E2 20 CE
7E4F91,1222,20 A7 4F FA C2 20 8A 18 69 0A 00 AA E2 20 CE FD
7E4F9F,1222,CE FD 1E D0 EC 28 AB 6B 86 78 BC C4 2E BB 86 76
7E4FB3,1222,F0 03 82 E5 02 B4 04 8C 05 1F A4 78 9C FB 1E 64
7E4FA9,1222,BC C4 2E BB 86 76 B5 1D 29 80 F0 03 82 E5 02 B4
7E4F94,1222,FA C2 20 8A 18 69 0A 00 AA E2 20 CE FD 1E D0 EC
7E4FA7,1222,86 78 BC C4 2E BB 86 76 B5 1D 29 80 F0 03 82 E5
7E4FA2,1222,D0 EC 28 AB 6B 86 78 BC C4 2E BB 86 76 B5 1D 29
7E4F9D,1222,E2 20 CE FD 1E D0 EC 28 AB 6B 86 78 BC C4 2E BB
7E4F99,1222,69 0A 00 AA E2 20 CE FD 1E D0 EC 28 AB 6B 86 78
7E4FAF,1222,B5 1D 29 80 F0 03 82 E5 02 B4 04 8C 05 1F A4 78
7E4FAD,1222,86 76 B5 1D 29 80 F0 03 82 E5 02 B4 04 8C 05 1F
7E4F97,1222,8A 18 69 0A 00 AA E2 20 CE FD 1E D0 EC 28 AB 6B
7E4F98,1222,18 69 0A 00 AA E2 20 CE FD 1E D0 EC 28 AB 6B 86
7E4F9C,1222,AA E2 20 CE FD 1E D0 EC 28 AB 6B 86 78 BC C4 2E
7E4FC9,1218,D0 03 82 D2 02 A8 E2 20 9C FC 1E B9 02 00 F0 2A
7E4FBD,1218,A4 78 9C FB 1E 64 F7 C2 20 B9 C6 2E D0 03 82 D2
7E4FC6,1218,B9 C6 2E D0 03 82 D2 02 A8 E2 20 9C FC 1E B9 02
7E4FB8,1218,B4 04 8C 05 1F A4 78 9C FB 1E 64 F7 C2 20 B9 C6
7E4FBF,1218,9C FB 1E 64 F7 C2 20 B9 C6 2E D0 03 82 D2 02 A8
7E4FC2,1218,64 F7 C2 20 B9 C6 2E D0 03 82 D2 02 A8 E2 20 9C
7E4FBA,1218,8C 05 1F A4 78 9C FB 1E 64 F7 C2 20 B9 C6 2E D0
7E4FC4,1218,C2 20 B9 C6 2E D0 03 82 D2 02 A8 E2 20 9C FC 1E
02FC81,1209,4C CC FC A9 00 38 E5 63 8D 03 42 A9 00 E5 64 4C
02FC7E,1209,EA A5 64 4C CC FC A9 00 38 E5 63 8D 03 42 A9 00
02FCDB,1209,18 65 66 85 66 E2 20 60 20 E9 FC C2 20 6B DA 08
02FC78,1209,A5 63 8D 03 42 EA EA A5 64 4C CC FC A9 00 38 E5
02FCCC,1209,AC 17 42 8D 03 42 84 66 C2 21 A5 68 6D 16 42 18
02FC7D,1209,EA EA A5 64 4C CC FC A9 00 38 E5 63 8D 03 42 A9
02FCCF,1209,8D 03 42 84 66 C2 21 A5 68 6D 16 42 18 65 66 85
02FC7F,1209,A5 64 4C CC FC A9 00 38 E5 63 8D 03 42 A9 00 E5
02FCD4,1209,C2 21 A5 68 6D 16 42 18 65 66 85 66 E2 20 60 20
02FCD2,1209,84 66 C2 21 A5 68 6D 16 42 18 65 66 85 66 E2 20
02FCD8,1209,6D 16 42 18 65 66 85 66 E2 20 60 20 E9 FC C2 20
02FCDC,1209,65 66 85 66 E2 20 60 20 E9 FC C2 20 6B DA 08 C2
02FC7A,1209,8D 03 42 EA EA A5 64 4C CC FC A9 00 38 E5 63 8D
02FCD6,1209,A5 68 6D 16 42 18 65 66 85 66 E2 20 60 20 E9 FC
02F568,1090,09 10 00 99 08 00 C2 20 8A 18 69 1E 00 AA C2 20
02F565,1090,B9 08 00 09 10 00 99 08 00 C2 20 8A 18 69 1E 00
02F56B,1090,99 08 00 C2 20 8A 18 69 1E 00 AA C2 20 B9 00 00
03BA7E,1013,10 FC 85 84 A5 86 C5 84 90 08 CA 4A C5 84 B0 FA
03BA7D,1013,0A 10 FC 85 84 A5 86 C5 84 90 08 CA 4A C5 84 B0
03BA7C,1013,CA 0A 10 FC 85 84 A5 86 C5 84 90 08 CA 4A C5 84
02DCD0,975,E0 64 B0 EB C2 10 78 AE B8 18 8E 81 21 9C 83 21
02DCD2,975,B0 EB C2 10 78 AE B8 18 8E 81 21 9C 83 21 A9 80
7E3BAE,865,AD 37 21 AD 3C 21 EB AD 3C 21 EB C2 20 29 FF 01
7E3BBB,865,29 FF 01 C9 32 00 90 E9 C9 46 00 B0 E4 E2 20 A9
7E3BBE,865,C9 32 00 90 E9 C9 46 00 B0 E4 E2 20 A9 04 8D 01
7E3BC1,865,90 E9 C9 46 00 B0 E4 E2 20 A9 04 8D 01 43 A2 00
7E3BAC,865,E2 20 AD 37 21 AD 3C 21 EB AD 3C 21 EB C2 20 29
7E3BB9,865,C2 20 29 FF 01 C9 32 00 90 E9 C9 46 00 B0 E4 E2
7E3BB4,865,EB AD 3C 21 EB C2 20 29 FF 01 C9 32 00 90 E9 C9
7E3BB5,865,AD 3C 21 EB C2 20 29 FF 01 C9 32 00 90 E9 C9 46
7E3BB1,865,AD 3C 21 EB AD 3C 21 EB C2 20 29 FF 01 C9 32 00
7E3BB8,865,EB C2 20 29 FF 01 C9 32 00 90 E9 C9 46 00 B0 E4
7E51C3,780,0A 88 D0 FC A4 F8 80 02 A5 02 18 75 10 85 6E B9
7E5198,780,D0 FC A4 F8 80 02 A5 02 18 75 0C 85 6C AD C4 15
7E51C5,780,D0 FC A4 F8 80 02 A5 02 18 75 10 85 6E B9 05 00
7E51C4,780,88 D0 FC A4 F8 80 02 A5 02 18 75 10 85 6E B9 05
7E5196,780,0A 88 D0 FC A4 F8 80 02 A5 02 18 75 0C 85 6C AD
7E5197,780,88 D0 FC A4 F8 80 02 A5 02 18 75 0C 85 6C AD C4
7E500C,743,82 47 02 89 10 F0 03 82 C7 01 89 20 F0 03 82 44
7E526B,743,18 75 10 85 6E B9 0A 00 8D 5A 12 B9 0C 00 8D 5C
7E525C,743,75 0C 85 6C B9 05 00 18 75 0E 85 74 B9 07 00 18
7E526C,743,75 10 85 6E B9 0A 00 8D 5A 12 B9 0C 00 8D 5C 12
7E5263,743,18 75 0E 85 74 B9 07 00 18 75 10 85 6E B9 0A 00
7E526E,743,85 6E B9 0A 00 8D 5A 12 B9 0C 00 8D 5C 12 B9 0E
7E5258,743,B9 03 00 18 75 0C 85 6C B9 05 00 18 75 0E 85 74
7E5266,743,85 74 B9 07 00 18 75 10 85 6E B9 0A 00 8D 5A 12
7E525B,743,18 75 0C 85 6C B9 05 00 18 75 0E 85 74 B9 07 00
7E525E,743,85 6C B9 05 00 18 75 0E 85 74 B9 07 00 18 75 10
7E5264,743,75 0E 85 74 B9 07 00 18 75 10 85 6E B9 0A 00 8D
7E5260,743,B9 05 00 18 75 0E 85 74 B9 07 00 18 75 10 85 6E
7E5268,743,B9 07 00 18 75 10 85 6E B9 0A 00 8D 5A 12 B9 0C
7E5256,743,C2 20 B9 03 00 18 75 0C 85 6C B9 05 00 18 75 0E
03B349,706,B5 1F 29 08 D0 04 5C 81 B3 03 B5 20 29 02 F0 04
03B34D,706,D0 04 5C 81 B3 03 B5 20 29 02 F0 04 5C 81 B3 03
03B34B,706,29 08 D0 04 5C 81 B3 03 B5 20 29 02 F0 04 5C 81
7E3BC3,700,C9 46 00 B0 E4 E2 20 A9 04 8D 01 43 A2 00 00 8E
7E3BC6,700,B0 E4 E2 20 A9 04 8D 01 43 A2 00 00 8E 02 21 A2
02F560,669,99 08 00 80 09 B9 08 00 09 10 00 99 08 00 C2 20
02F55D,669,09 14 00 99 08 00 80 09 B9 08 00 09 10 00 99 08
02F563,669,80 09 B9 08 00 09 10 00 99 08 00 C2 20 8A 18 69
02F55A,669,B9 08 00 09 14 00 99 08 00 80 09 B9 08 00 09 10
7E529A,662,82 31 FD E2 20 60 B9 C8 2E 8D 5A 12 B9 CA 2E 8D
7E529D,639,E2 20 60 B9 C8 2E 8D 5A 12 B9 CA 2E 8D 5C 12 B9
7E529F,639,60 B9 C8 2E 8D 5A 12 B9 CA 2E 8D 5C 12 B9 CC 2E
000123,599,09 18 8D 3A 30 22 93 31 7E E2 20 EE 00 12 AD 11
7E3193,599,A6 00 7C 98 31 EE 3A F7 3A 40 3B A4 3B 10 35 31
7E3195,599,7C 98 31 EE 3A F7 3A 40 3B A4 3B 10 35 31 38 3A
00011C,599,A9 00 48 AB AD 62 12 09 18 8D 3A 30 22 93 31 7E
000125,599,8D 3A 30 22 93 31 7E E2 20 EE 00 12 AD 11 42 80
000117,599,78 DA 5A E2 30 A9 00 48 AB AD 62 12 09 18 8D 3A
000116,599,8B 78 DA 5A E2 30 A9 00 48 AB AD 62 12 09 18 8D
000119,599,5A E2 30 A9 00 48 AB AD 62 12 09 18 8D 3A 30 22
000128,599,22 93 31 7E E2 20 EE 00 12 AD 11 42 80 25 68 40
00011A,599,E2 30 A9 00 48 AB AD 62 12 09 18 8D 3A 30 22 93
00011F,599,AB AD 62 12 09 18 8D 3A 30 22 93 31 7E E2 20 EE
000118,599,DA 5A E2 30 A9 00 48 AB AD 62 12 09 18 8D 3A 30
00011E,599,48 AB AD 62 12 09 18 8D 3A 30 22 93 31 7E E2 20
000120,599,AD 62 12 09 18 8D 3A 30 22 93 31 7E E2 20 EE 00
000161,598,40 32 2D C1 EA 8C 20 31 94 F4 80 B1 66 3D 9E 87
7E4044,598,F0 0B CD 43 21 D0 27 9C 53 1F 9C 43 21 AD 54 1F
00015D,598,7A FA AB 68 40 32 2D C1 EA 8C 20 31 94 F4 80 B1
7E4041,598,AD 53 1F F0 0B CD 43 21 D0 27 9C 53 1F 9C 43 21
000160,598,68 40 32 2D C1 EA 8C 20 31 94 F4 80 B1 66 3D 9E
7E4021,598,F0 05 3A F0 0D 80 19 AD 49 1F 8D 40 21 EE 48 1F
7E4051,598,AD 54 1F D0 1E AE 51 1F EC 4F 1F F0 12 BD 55 1F
7E4054,598,D0 1E AE 51 1F EC 4F 1F F0 12 BD 55 1F 8D 43 21
7E401E,598,AD 48 1F F0 05 3A F0 0D 80 19 AD 49 1F 8D 40 21
00015F,598,AB 68 40 32 2D C1 EA 8C 20 31 94 F4 80 B1 66 3D
00012C,598,E2 20 EE 00 12 AD 11 42 80 25 68 40 C2 30 48 8B
00015E,598,FA AB 68 40 32 2D C1 EA 8C 20 31 94 F4 80 B1 66
7E4056,598,AE 51 1F EC 4F 1F F0 12 BD 55 1F 8D 43 21 8D 53
7E405C,598,F0 12 BD 55 1F 8D 43 21 8D 53 1F AD 51 1F 1A 29
00012E,598,EE 00 12 AD 11 42 80 25 68 40 C2 30 48 8B DA 5A
000134,598,80 25 68 40 C2 30 48 8B DA 5A E2 20 A9 00 48 AB
7E4071,598,60 28 60 8D 43 21 8D 53 1F 9C 4F 1F 9C 51 1F 9C
000131,598,AD 11 42 80 25 68 40 C2 30 48 8B DA 5A E2 20 A9
7E4023,598,3A F0 0D 80 19 AD 49 1F 8D 40 21 EE 48 1F 80 0E
7E4070,598,28 60 28 60 8D 43 21 8D 53 1F 9C 4F 1F 9C 51 1F
7E4059,598,EC 4F 1F F0 12 BD 55 1F 8D 43 21 8D 53 1F AD 51
7E401C,598,E2 30 AD 48 1F F0 05 3A F0 0D 80 19 AD 49 1F 8D
7E4026,598,80 19 AD 49 1F 8D 40 21 EE 48 1F 80 0E AD 40 21
7E4024,598,F0 0D 80 19 AD 49 1F 8D 40 21 EE 48 1F 80 0E AD
00015B,598,C2 30 7A FA AB 68 40 32 2D C1 EA 8C 20 31 94 F4
7E401B,598,08 E2 30 AD 48 1F F0 05 3A F0 0D 80 19 AD 49 1F
1FC7C7,595,75 31 95 0E B5 10 18 75 33 95 10 E2 20 6B 86 3A
1FC7C9,595,95 0E B5 10 18 75 33 95 10 E2 20 6B 86 3A AE CC
1FC7CE,595,75 33 95 10 E2 20 6B 86 3A AE CC 14 F0 1C C9 00
1FC7CD,595,18 75 33 95 10 E2 20 6B 86 3A AE CC 14 F0 1C C9
1FC7D0,595,95 10 E2 20 6B 86 3A AE CC 14 F0 1C C9 00 00 F0
1FC7CB,595,B5 10 18 75 33 95 10 E2 20 6B 86 3A AE CC 14 F0
1FC7D4,595,6B 86 3A AE CC 14 F0 1C C9 00 00 F0 20 9B D5 04
1FC7C6,595,18 75 31 95 0E B5 10 18 75 33 95 10 E2 20 6B 86
1FC7BF,595,18 75 2F 95 0C B5 0E 18 75 31 95 0E B5 10 18 75
1FC7C2,595,95 0C B5 0E 18 75 31 95 0E B5 10 18 75 33 95 10
1FC7BB,595,C2 20 B5 0C 18 75 2F 95 0C B5 0E 18 75 31 95 0E
1FC7BD,595,B5 0C 18 75 2F 95 0C B5 0E 18 75 31 95 0E B5 10
1FC7D2,595,E2 20 6B 86 3A AE CC 14 F0 1C C9 00 00 F0 20 9B
1FC7C4,595,B5 0E 18 75 31 95 0E B5 10 18 75 33 95 10 E2 20
1FC7C0,595,75 2F 95 0C B5 0E 18 75 31 95 0E B5 10 18 75 33
7E52AC,583,B9 CC 2E 8D 5E 12 B5 0C 85 6C B5 10 85 6E B5 0E
7E52AF,583,8D 5E 12 B5 0C 85 6C B5 10 85 6E B5 0E 85 74 AD
7E52B2,583,B5 0C 85 6C B5 10 85 6E B5 0E 85 74 AD FD 1E 8D
7E52A9,583,8D 5C 12 B9 CC 2E 8D 5E 12 B5 0C 85 6C B5 10 85
7E52BA,583,B5 0E 85 74 AD FD 1E 8D FF 1E A4 78 8C 01 1F 4C
7E52A6,583,B9 CA 2E 8D 5C 12 B9 CC 2E 8D 5E 12 B5 0C 85 6C
7E52B6,583,B5 10 85 6E B5 0E 85 74 AD FD 1E 8D FF 1E A4 78
7E52BC,583,85 74 AD FD 1E 8D FF 1E A4 78 8C 01 1F 4C 82 57
7E52B4,583,85 6C B5 10 85 6E B5 0E 85 74 AD FD 1E 8D FF 1E
7E52A0,583,B9 C8 2E 8D 5A 12 B9 CA 2E 8D 5C 12 B9 CC 2E 8D
7E52B8,583,85 6E B5 0E 85 74 AD FD 1E 8D FF 1E A4 78 8C 01
7E4FCB,583,82 D2 02 A8 E2 20 9C FC 1E B9 02 00 F0 2A 3A 85
7E52A3,583,8D 5A 12 B9 CA 2E 8D 5C 12 B9 CC 2E 8D 5E 12 B5
03B353,576,B5 20 29 02 F0 04 5C 81 B3 03 C2 20 AC 3A 12 AD
03B355,576,29 02 F0 04 5C 81 B3 03 C2 20 AC 3A 12 AD F8 14
03B357,576,F0 04 5C 81 B3 03 C2 20 AC 3A 12 AD F8 14 38 F5
03B366,555,F5 0C 30 07 C9 2C 01 B0 12 80 05 C9 D4 FE 90 0B
03B35D,555,C2 20 AC 3A 12 AD F8 14 38 F5 0C 30 07 C9 2C 01
03B35F,555,AC 3A 12 AD F8 14 38 F5 0C 30 07 C9 2C 01 B0 12
03B368,555,30 07 C9 2C 01 B0 12 80 05 C9 D4 FE 90 0B B5 10
03B365,555,38 F5 0C 30 07 C9 2C 01 B0 12 80 05 C9 D4 FE 90
03B362,555,AD F8 14 38 F5 0C 30 07 C9 2C 01 B0 12 80 05 C9
7E5011,554,F0 03 82 C7 01 89 20 F0 03 82 44 01 89 40 F0 03
7E500F,554,89 10 F0 03 82 C7 01 89 20 F0 03 82 44 01 89 40
1FC5D8,504,10 02 C6 09 C2 10 A6 76 A4 78 AB 6B 85 7E 86 76
1FC5D4,504,85 08 C9 00 10 02 C6 09 C2 10 A6 76 A4 78 AB 6B
1FC5D6,504,C9 00 10 02 C6 09 C2 10 A6 76 A4 78 AB 6B 85 7E
1FC5DC,504,C2 10 A6 76 A4 78 AB 6B 85 7E 86 76 84 78 64 08
1FC5DE,504,A6 76 A4 78 AB 6B 85 7E 86 76 84 78 64 08 64 09
1FC458,504,30 2F 8D 03 42 EA EA EA EA AD 17 42 4C 97 C4 49
1FC5E2,504,AB 6B 85 7E 86 76 84 78 64 08 64 09 38 A9 40 F5
1FC5E0,504,A4 78 AB 6B 85 7E 86 76 84 78 64 08 64 09 38 A9
1FC498,504,85 02 A5 02 30 15 0A 8D 02 42 A5 83 30 2F 8D 03
1FC5D3,504,AA 85 08 C9 00 10 02 C6 09 C2 10 A6 76 A4 78 AB
1FC452,504,0A 8D 02 42 A5 7A 30 2F 8D 03 42 EA EA EA EA AD
1FC586,504,10 02 C6 91 A5 7E 30 15 0A 8D 02 42 A5 82 30 2F
1FC58A,504,A5 7E 30 15 0A 8D 02 42 A5 82 30 2F 8D 03 42 EA
1FC584,504,C9 00 10 02 C6 91 A5 7E 30 15 0A 8D 02 42 A5 82
1FC582,504,85 90 C9 00 10 02 C6 91 A5 7E 30 15 0A 8D 02 42
1FC581,504,AA 85 90 C9 00 10 02 C6 91 A5 7E 30 15 0A 8D 02
1FC456,504,A5 7A 30 2F 8D 03 42 EA EA EA EA AD 17 42 4C 97
1FC58F,504,8D 02 42 A5 82 30 2F 8D 03 42 EA EA EA EA AD 17
1FC594,504,30 2F 8D 03 42 EA EA EA EA AD 17 42 4C D3 C5 49
1FC58C,504,30 15 0A 8D 02 42 A5 82 30 2F 8D 03 42 EA EA EA
1FC592,504,A5 82 30 2F 8D 03 42 EA EA EA EA AD 17 42 4C D3
1FC49A,504,A5 02 30 15 0A 8D 02 42 A5 83 30 2F 8D 03 42 EA
1FC58E,504,0A 8D 02 42 A5 82 30 2F 8D 03 42 EA EA EA EA AD
1FC449,504,BD E5 98 85 83 A5 7E 30 15 0A 8D 02 42 A5 7A 30
1FC453,504,8D 02 42 A5 7A 30 2F 8D 03 42 EA EA EA EA AD 17
1FC426,504,84 78 8B A9 00 48 AB AD A9 15 49 FF 1A A8 AD A8
1FC428,504,8B A9 00 48 AB AD A9 15 49 FF 1A A8 AD A8 15 AA
1FC424,504,86 76 84 78 8B A9 00 48 AB AD A9 15 49 FF 1A A8
1FC4F6,504,30 2F 8D 03 42 EA EA EA EA AD 17 42 4C 35 C5 49
1FC4F4,504,A5 7B 30 2F 8D 03 42 EA EA EA EA AD 17 42 4C 35
1FC42B,504,48 AB AD A9 15 49 FF 1A A8 AD A8 15 AA E2 10 B9
1FC42C,504,AB AD A9 15 49 FF 1A A8 AD A8 15 AA E2 10 B9 A5
1FC4E4,504,85 02 C9 00 10 02 C6 03 A5 7E 30 15 0A 8D 02 42
1FC430,504,49 FF 1A A8 AD A8 15 AA E2 10 B9 A5 98 85 7A B9
1FC42D,504,AD A9 15 49 FF 1A A8 AD A8 15 AA E2 10 B9 A5 98
1FC536,504,85 90 A5 90 30 15 0A 8D 02 42 A5 83 30 2F 8D 03
1FC4F1,504,8D 02 42 A5 7B 30 2F 8D 03 42 EA EA EA EA AD 17
1FC4EE,504,30 15 0A 8D 02 42 A5 7B 30 2F 8D 03 42 EA EA EA
1FC49C,504,30 15 0A 8D 02 42 A5 83 30 2F 8D 03 42 EA EA EA
1FC4E6,504,C9 00 10 02 C6 03 A5 7E 30 15 0A 8D 02 42 A5 7B
1FC4E8,504,10 02 C6 03 A5 7E 30 15 0A 8D 02 42 A5 7B 30 2F
1FC420,504,64 09 64 91 86 76 84 78 8B A9 00 48 AB AD A9 15
1FC4E3,504,AA 85 02 C9 00 10 02 C6 03 A5 7E 30 15 0A 8D 02
1FC4F0,504,0A 8D 02 42 A5 7B 30 2F 8D 03 42 EA EA EA EA AD
1FC422,504,64 91 86 76 84 78 8B A9 00 48 AB AD A9 15 49 FF
1FC41E,504,64 03 64 09 64 91 86 76 84 78 8B A9 00 48 AB AD
1FC4EC,504,A5 7E 30 15 0A 8D 02 42 A5 7B 30 2F 8D 03 42 EA
1FC538,504,A5 90 30 15 0A 8D 02 42 A5 83 30 2F 8D 03 42 EA
1FC429,504,A9 00 48 AB AD A9 15 49 FF 1A A8 AD A8 15 AA E2
1FC433,504,A8 AD A8 15 AA E2 10 B9 A5 98 85 7A B9 E5 98 85
1FC447,504,85 82 BD E5 98 85 83 A5 7E 30 15 0A 8D 02 42 A5
1FC444,504,BD A5 98 85 82 BD E5 98 85 83 A5 7E 30 15 0A 8D
1FC497,504,AA 85 02 A5 02 30 15 0A 8D 02 42 A5 83 30 2F 8D
1FC442,504,85 7B BD A5 98 85 82 BD E5 98 85 83 A5 7E 30 15
1FC432,504,1A A8 AD A8 15 AA E2 10 B9 A5 98 85 7A B9 E5 98
1FC44E,504,A5 7E 30 15 0A 8D 02 42 A5 7A 30 2F 8D 03 42 EA
1FC44C,504,85 83 A5 7E 30 15 0A 8D 02 42 A5 7A 30 2F 8D 03
1FC450,504,30 15 0A 8D 02 42 A5 7A 30 2F 8D 03 42 EA EA EA
1FC43F,504,B9 E5 98 85 7B BD A5 98 85 82 BD E5 98 85 83 A5
1FC535,504,AA 85 90 A5 90 30 15 0A 8D 02 42 A5 83 30 2F 8D
1FC5E3,504,6B 85 7E 86 76 84 78 64 08 64 09 38 A9 40 F5 13
1FC434,504,AD A8 15 AA E2 10 B9 A5 98 85 7A B9 E5 98 85 7B
1FC53A,504,30 15 0A 8D 02 42 A5 83 30 2F 8D 03 42 EA EA EA
1FC438,504,E2 10 B9 A5 98 85 7A B9 E5 98 85 7B BD A5 98 85
1FC437,504,AA E2 10 B9 A5 98 85 7A B9 E5 98 85 7B BD A5 98
1FC43A,504,B9 A5 98 85 7A B9 E5 98 85 7B BD A5 98 85 82 BD
1FC43D,504,85 7A B9 E5 98 85 7B BD A5 98 85 82 BD E5 98 85
03B98F,500,C2 10 A9 01 A2 95 82 22 E3 4E 7E C2 20 AF D2 00
03B978,500,AD 2F 16 8F 20 00 70 AD 31 16 8F 22 00 70 AD 33
03B9AE,500,8D DD 15 AF D8 00 70 8D DF 15 AF DA 00 70 8D E1
03B9D4,500,AF E2 00 70 8D E9 15 E2 30 6B A5 02 85 84 A5 03
03B97F,500,AD 31 16 8F 22 00 70 AD 33 16 8F 24 00 70 E2 20
03B976,500,C2 20 AD 2F 16 8F 20 00 70 AD 31 16 8F 22 00 70
03B993,500,A2 95 82 22 E3 4E 7E C2 20 AF D2 00 70 8D D9 15
03B9A3,500,AF D4 00 70 8D DB 15 AF D6 00 70 8D DD 15 AF D8
03B989,500,8F 24 00 70 E2 20 C2 10 A9 01 A2 95 82 22 E3 4E
03B9D8,500,8D E9 15 E2 30 6B A5 02 85 84 A5 03 85 85 A5 90
03B9DD,500,6B A5 02 85 84 A5 03 85 85 A5 90 85 86 A5 91 85
03B9DB,500,E2 30 6B A5 02 85 84 A5 03 85 85 A5 90 85 86 A5
03B9C3,500,8D E3 15 AF DE 00 70 8D E5 15 AF E0 00 70 8D E7
03B9D1,500,8D E7 15 AF E2 00 70 8D E9 15 E2 30 6B A5 02 85
03B9C6,500,AF DE 00 70 8D E5 15 AF E0 00 70 8D E7 15 AF E2
03B9B1,500,AF D8 00 70 8D DF 15 AF DA 00 70 8D E1 15 AF DC
03B9CD,500,AF E0 00 70 8D E7 15 AF E2 00 70 8D E9 15 E2 30
03B9BC,500,8D E1 15 AF DC 00 70 8D E3 15 AF DE 00 70 8D E5
03B986,500,AD 33 16 8F 24 00 70 E2 20 C2 10 A9 01 A2 95 82
03B99C,500,AF D2 00 70 8D D9 15 AF D4 00 70 8D DB 15 AF D6
03B9B5,500,8D DF 15 AF DA 00 70 8D E1 15 AF DC 00 70 8D E3
03B9CA,500,8D E5 15 AF E0 00 70 8D E7 15 AF E2 00 70 8D E9
03B991,500,A9 01 A2 95 82 22 E3 4E 7E C2 20 AF D2 00 70 8D
03B982,500,8F 22 00 70 AD 33 16 8F 24 00 70 E2 20 C2 10 A9
03B9AA,500,AF D6 00 70 8D DD 15 AF D8 00 70 8D DF 15 AF DA
03B9A0,500,8D D9 15 AF D4 00 70 8D DB 15 AF D6 00 70 8D DD
03B9BF,500,AF DC 00 70 8D E3 15 AF DE 00 70 8D E5 15 AF E0
03B9A7,500,8D DB 15 AF D6 00 70 8D DD 15 AF D8 00 70 8D DF
03B9B8,500,AF DA 00 70 8D E1 15 AF DC 00 70 8D E3 15 AF DE
03B98D,500,E2 20 C2 10 A9 01 A2 95 82 22 E3 4E 7E C2 20 AF
03B99A,500,C2 20 AF D2 00 70 8D D9 15 AF D4 00 70 8D DB 15
03B996,500,22 E3 4E 7E C2 20 AF D2 00 70 8D D9 15 AF D4 00
03B97B,500,8F 20 00 70 AD 31 16 8F 22 00 70 AD 33 16 8F 24
1FBFFD,499,D0 03 9E DD 1C D5 1B D0 02 74 1B B4 00 BB D0 E1
1FC00A,499,BB D0 E1 FA 22 70 FB 0A B4 02 D0 0D B4 00 8C 1F
1FC008,499,B4 00 BB D0 E1 FA 22 70 FB 0A B4 02 D0 0D B4 00
1FC004,499,D0 02 74 1B B4 00 BB D0 E1 FA 22 70 FB 0A B4 02
1FC002,499,D5 1B D0 02 74 1B B4 00 BB D0 E1 FA 22 70 FB 0A
1FC00B,499,D0 E1 FA 22 70 FB 0A B4 02 D0 0D B4 00 8C 1F 12
1FBFFA,499,DD DD 1C D0 03 9E DD 1C D5 1B D0 02 74 1B B4 00
1FBFF4,499,D5 06 D0 02 74 06 DD DD 1C D0 03 9E DD 1C D5 1B
1FBFF6,499,D0 02 74 06 DD DD 1C D0 03 9E DD 1C D5 1B D0 02
1FBFF0,499,D0 02 74 19 D5 06 D0 02 74 06 DD DD 1C D0 03 9E
1FBFEE,499,D5 19 D0 02 74 19 D5 06 D0 02 74 06 DD DD 1C D0
1FDC75,481,6B C2 20 B9 10 00 18 6D F6 14 99 10 00 E2 20 6B
1FDC6B,481,B5 10 18 6D F6 14 95 10 E2 20 6B C2 20 B9 10 00
1FDC73,481,E2 20 6B C2 20 B9 10 00 18 6D F6 14 99 10 00 E2
1FDC6E,481,6D F6 14 95 10 E2 20 6B C2 20 B9 10 00 18 6D F6
1FDC71,481,95 10 E2 20 6B C2 20 B9 10 00 18 6D F6 14 99 10
1FDC69,481,C2 20 B5 10 18 6D F6 14 95 10 E2 20 6B C2 20 B9
1FDC6D,481,18 6D F6 14 95 10 E2 20 6B C2 20 B9 10 00 18 6D
02FCF9,470,E2 20 C2 10 A9 01 A2 AA 81 22 E3 4E 7E C2 20 AF
02FD08,470,AF 40 00 70 28 FA 60 20 13 FD 6B 08 E2 20 C2 10
02FCED,470,A5 02 8F 62 00 70 A5 08 8F 2C 00 70 E2 20 C2 10
02FD0E,470,60 20 13 FD 6B 08 E2 20 C2 10 DA E2 20 C2 10 AD
02FCEB,470,C2 20 A5 02 8F 62 00 70 A5 08 8F 2C 00 70 E2 20
02FCF5,470,8F 2C 00 70 E2 20 C2 10 A9 01 A2 AA 81 22 E3 4E
02FCEF,470,8F 62 00 70 A5 08 8F 2C 00 70 E2 20 C2 10 A9 01
02FD02,470,22 E3 4E 7E C2 20 AF 40 00 70 28 FA 60 20 13 FD
02FD06,470,C2 20 AF 40 00 70 28 FA 60 20 13 FD 6B 08 E2 20
02FCFD,470,A9 01 A2 AA 81 22 E3 4E 7E C2 20 AF 40 00 70 28
02FCFF,470,A2 AA 81 22 E3 4E 7E C2 20 AF 40 00 70 28 FA 60
02FCF3,470,A5 08 8F 2C 00 70 E2 20 C2 10 A9 01 A2 AA 81 22
02FD0D,470,FA 60 20 13 FD 6B 08 E2 20 C2 10 DA E2 20 C2 10
02FCE9,470,DA 08 C2 20 A5 02 8F 62 00 70 A5 08 8F 2C 00 70
02FCE3,470,20 E9 FC C2 20 6B DA 08 C2 20 A5 02 8F 62 00 70
02FCE8,470,6B DA 08 C2 20 A5 02 8F 62 00 70 A5 08 8F 2C 00
02FCE6,470,C2 20 6B DA 08 C2 20 A5 02 8F 62 00 70 A5 08 8F
02FCEA,470,08 C2 20 A5 02 8F 62 00 70 A5 08 8F 2C 00 70 E2
02FCFB,470,C2 10 A9 01 A2 AA 81 22 E3 4E 7E C2 20 AF 40 00
02FD0C,470,28 FA 60 20 13 FD 6B 08 E2 20 C2 10 DA E2 20 C2
1FD5B1,462,A5 08 95 31 A5 90 95 33 E2 20 6B 22 1E C4 1F C2
1FD5AD,462,A5 02 95 2F A5 08 95 31 A5 90 95 33 E2 20 6B 22
1FD5B3,462,95 31 A5 90 95 33 E2 20 6B 22 1E C4 1F C2 20 A5
1FD5B5,462,A5 90 95 33 E2 20 6B 22 1E C4 1F C2 20 A5 02 0A
1FD5B7,462,95 33 E2 20 6B 22 1E C4 1F C2 20 A5 02 0A 95 2F
1FD5B9,462,E2 20 6B 22 1E C4 1F C2 20 A5 02 0A 95 2F A5 08
1FD5AB,462,C2 20 A5 02 95 2F A5 08 95 31 A5 90 95 33 E2 20
1FD5BB,462,6B 22 1E C4 1F C2 20 A5 02 0A 95 2F A5 08 0A 95
1FD5AF,462,95 2F A5 08 95 31 A5 90 95 33 E2 20 6B 22 1E C4
1FD5A7,462,22 1E C4 1F C2 20 A5 02 95 2F A5 08 95 31 A5 90
02DBD3,448,D0 EE A9 01 00 8D 53 19 60 08 E2 20 C2 10 20 E6
02DBC6,448,6D 4F 19 99 CF 18 CA CA C8 C8 C0 40 00 D0 EE A9
02DBD0,448,C0 40 00 D0 EE A9 01 00 8D 53 19 60 08 E2 20 C2
02DBC9,448,99 CF 18 CA CA C8 C8 C0 40 00 D0 EE A9 01 00 8D
02DBCE,448,C8 C8 C0 40 00 D0 EE A9 01 00 8D 53 19 60 08 E2
02DBCF,448,C8 C0 40 00 D0 EE A9 01 00 8D 53 19 60 08 E2 20
02DBCD,448,CA C8 C8 C0 40 00 D0 EE A9 01 00 8D 53 19 60 08
02DBCC,448,CA CA C8 C8 C0 40 00 D0 EE A9 01 00 8D 53 19 60
02DBC3,448,B5 00 18 6D 4F 19 99 CF 18 CA CA C8 C8 C0 40 00
02DBC5,448,18 6D 4F 19 99 CF 18 CA CA C8 C8 C0 40 00 D0 EE
04A0BD,395,48 5A DA B9 A3 A0 C2 20 29 FF 00 0A AA E2 20 7C
04A0C9,395,AA E2 20 7C CF A0 5B A1 38 A1 3C A1 40 A1 44 A1
04A181,395,C8 C8 C8 E2 20 68 3A F0 04 5C BD A0 04 AC AD F0
04A0CC,395,7C CF A0 5B A1 38 A1 3C A1 40 A1 44 A1 48 A1 4C
04A17F,395,FA 7A C8 C8 C8 E2 20 68 3A F0 04 5C BD A0 04 AC
04A0C5,395,29 FF 00 0A AA E2 20 7C CF A0 5B A1 38 A1 3C A1
04A0C0,395,B9 A3 A0 C2 20 29 FF 00 0A AA E2 20 7C CF A0 5B
04A187,395,3A F0 04 5C BD A0 04 AC AD F0 94 28 9C AD F0 9C
04A0C3,395,C2 20 29 FF 00 0A AA E2 20 7C CF A0 5B A1 38 A1
04A0BE,395,5A DA B9 A3 A0 C2 20 29 FF 00 0A AA E2 20 7C CF
04A0BF,395,DA B9 A3 A0 C2 20 29 FF 00 0A AA E2 20 7C CF A0
04A188,395,F0 04 5C BD A0 04 AC AD F0 94 28 9C AD F0 9C AE
04A0C8,395,0A AA E2 20 7C CF A0 5B A1 38 A1 3C A1 40 A1 44
04A180,395,7A C8 C8 C8 E2 20 68 3A F0 04 5C BD A0 04 AC AD
04A186,395,68 3A F0 04 5C BD A0 04 AC AD F0 94 28 9C AD F0
04A184,395,E2 20 68 3A F0 04 5C BD A0 04 AC AD F0 94 28 9C
04A183,395,C8 E2 20 68 3A F0 04 5C BD A0 04 AC AD F0 94 28
04A182,395,C8 C8 E2 20 68 3A F0 04 5C BD A0 04 AC AD F0 94
04A0CA,395,E2 20 7C CF A0 5B A1 38 A1 3C A1 40 A1 44 A1 48
1FCDA4,379,4C D8 CD 49 FF 1A 0A 8D 02 42 AD F6 15 30 07 8D
1FCC7E,379,AA A9 00 48 AB BD E5 98 8D F6 15 BD A5 98 8D F5
1FCC8C,379,8D F5 15 A5 02 30 16 0A 8D 02 42 AD F6 15 30 30
1FCDA1,379,AD 17 42 4C D8 CD 49 FF 1A 0A 8D 02 42 AD F6 15
1FCC89,379,BD A5 98 8D F5 15 A5 02 30 16 0A 8D 02 42 AD F6
1FCDA0,379,EA AD 17 42 4C D8 CD 49 FF 1A 0A 8D 02 42 AD F6
1FCD88,379,49 FF 1A 85 0A A5 08 30 16 0A 8D 02 42 AD F6 15
1FCC83,379,BD E5 98 8D F6 15 BD A5 98 8D F5 15 A5 02 30 16
1FCC7C,379,E2 10 AA A9 00 48 AB BD E5 98 8D F6 15 BD A5 98
1FCD3D,379,30 16 0A 8D 02 42 AD F5 15 30 30 8D 03 42 EA EA
1FCC7A,379,08 8B E2 10 AA A9 00 48 AB BD E5 98 8D F6 15 BD
1FCD9F,379,EA EA AD 17 42 4C D8 CD 49 FF 1A 0A 8D 02 42 AD
1FCD86,379,AA 8A 49 FF 1A 85 0A A5 08 30 16 0A 8D 02 42 AD
1FCD87,379,8A 49 FF 1A 85 0A A5 08 30 16 0A 8D 02 42 AD F6
1FCC7B,379,8B E2 10 AA A9 00 48 AB BD E5 98 8D F6 15 BD A5
1FCD8A,379,1A 85 0A A5 08 30 16 0A 8D 02 42 AD F6 15 30 30
1FCC7F,379,A9 00 48 AB BD E5 98 8D F6 15 BD A5 98 8D F5 15
1FCD95,379,AD F6 15 30 30 8D 03 42 EA EA EA EA AD 17 42 4C
1FCD3B,379,A5 02 30 16 0A 8D 02 42 AD F5 15 30 30 8D 03 42
1FCD98,379,30 30 8D 03 42 EA EA EA EA AD 17 42 4C D8 CD 49
1FCC82,379,AB BD E5 98 8D F6 15 BD A5 98 8D F5 15 A5 02 30
1FCD92,379,8D 02 42 AD F6 15 30 30 8D 03 42 EA EA EA EA AD
1FCD91,379,0A 8D 02 42 AD F6 15 30 30 8D 03 42 EA EA EA EA
1FCD8B,379,85 0A A5 08 30 16 0A 8D 02 42 AD F6 15 30 30 8D
1FCD9A,379,8D 03 42 EA EA EA EA AD 17 42 4C D8 CD 49 FF 1A
1FCC81,379,48 AB BD E5 98 8D F6 15 BD A5 98 8D F5 15 A5 02
1FCD8D,379,A5 08 30 16 0A 8D 02 42 AD F6 15 30 30 8D 03 42
1FCD8F,379,30 16 0A 8D 02 42 AD F6 15 30 30 8D 03 42 EA EA
1FCD9E,379,EA EA EA AD 17 42 4C D8 CD 49 FF 1A 0A 8D 02 42
1FCD9D,379,EA EA EA EA AD 17 42 4C D8 CD 49 FF 1A 0A 8D 02
1FCC86,379,8D F6 15 BD A5 98 8D F5 15 A5 02 30 16 0A 8D 02
1FCDD8,379,AA 8A 18 65 0A 85 0A 89 80 F0 06 A9 FF 85 0B 80
1FCC78,379,5A DA 08 8B E2 10 AA A9 00 48 AB BD E5 98 8D F6
1FCC8F,379,A5 02 30 16 0A 8D 02 42 AD F6 15 30 30 8D 03 42
1FCCDF,379,30 16 0A 8D 02 42 AD F5 15 30 30 8D 03 42 EA EA
1FCCE1,379,0A 8D 02 42 AD F5 15 30 30 8D 03 42 EA EA EA EA
1FCCDD,379,A5 08 30 16 0A 8D 02 42 AD F5 15 30 30 8D 03 42
1FCCDA,379,AA 86 04 A5 08 30 16 0A 8D 02 42 AD F5 15 30 30
1FCDD9,379,8A 18 65 0A 85 0A 89 80 F0 06 A9 FF 85 0B 80 02
1FCDE1,379,F0 06 A9 FF 85 0B 80 02 64 0B AB 28 FA 7A 6B 86
1FCDEB,379,AB 28 FA 7A 6B 86 3A 84 3C 08 8B E2 10 AA A9 00
1FCDED,379,FA 7A 6B 86 3A 84 3C 08 8B E2 10 AA A9 00 48 AB
1FCDEF,379,6B 86 3A 84 3C 08 8B E2 10 AA A9 00 48 AB BD A5
1FCDEC,379,28 FA 7A 6B 86 3A 84 3C 08 8B E2 10 AA A9 00 48
1FCCE2,379,8D 02 42 AD F5 15 30 30 8D 03 42 EA EA EA EA AD
1FCDEE,379,7A 6B 86 3A 84 3C 08 8B E2 10 AA A9 00 48 AB BD
1FCC79,379,DA 08 8B E2 10 AA A9 00 48 AB BD E5 98 8D F6 15
1FCCDB,379,86 04 A5 08 30 16 0A 8D 02 42 AD F5 15 30 30 8D
1FCDDF,379,89 80 F0 06 A9 FF 85 0B 80 02 64 0B AB 28 FA 7A
1FCD2D,379,85 04 89 80 F0 06 A9 FF 85 05 80 02 64 05 A5 02
1FCD2B,379,65 04 85 04 89 80 F0 06 A9 FF 85 05 80 02 64 05
1FCD2A,379,18 65 04 85 04 89 80 F0 06 A9 FF 85 05 80 02 64
1FCD2F,379,89 80 F0 06 A9 FF 85 05 80 02 64 05 A5 02 30 16
1FCD31,379,F0 06 A9 FF 85 05 80 02 64 05 A5 02 30 16 0A 8D
1FCCE8,379,30 30 8D 03 42 EA EA EA EA AD 17 42 4C 28 CD 49
1FCC91,379,30 16 0A 8D 02 42 AD F6 15 30 30 8D 03 42 EA EA
1FCD29,379,8A 18 65 04 85 04 89 80 F0 06 A9 FF 85 05 80 02
1FCCE5,379,AD F5 15 30 30 8D 03 42 EA EA EA EA AD 17 42 4C
1FCDDA,379,18 65 0A 85 0A 89 80 F0 06 A9 FF 85 0B 80 02 64
1FCDDD,379,85 0A 89 80 F0 06 A9 FF 85 0B 80 02 64 0B AB 28
1FCDDB,379,65 0A 85 0A 89 80 F0 06 A9 FF 85 0B 80 02 64 0B
1FCD28,379,AA 8A 18 65 04 85 04 89 80 F0 06 A9 FF 85 05 80
1FC596,378,8D 03 42 EA EA EA EA AD 17 42 4C D3 C5 49 FF 1A
1FC5A0,378,4C D3 C5 49 FF 1A 0A 8D 02 42 A5 82 30 07 8D 03
1FC599,378,EA EA EA EA AD 17 42 4C D3 C5 49 FF 1A 0A 8D 02
1FC59D,378,AD 17 42 4C D3 C5 49 FF 1A 0A 8D 02 42 A5 82 30
1FC59A,378,EA EA EA AD 17 42 4C D3 C5 49 FF 1A 0A 8D 02 42
1FC59B,378,EA EA AD 17 42 4C D3 C5 49 FF 1A 0A 8D 02 42 A5
1FC59C,378,EA AD 17 42 4C D3 C5 49 FF 1A 0A 8D 02 42 A5 82
1FCDE9,378,64 0B AB 28 FA 7A 6B 86 3A 84 3C 08 8B E2 10 AA
1FDB19,375,95 13 B9 14 00 95 14 6B C2 20 AD EC 14 38 ED F6
03B93F,375,C2 30 A5 02 8F 62 00 70 A5 08 8F 2C 00 70 A5 90
03E085,375,88 D0 E6 E2 20 AD CA 1F F0 22 AD BD 15 29 07 C9
1FDB14,375,95 12 B9 13 00 95 13 B9 14 00 95 14 6B C2 20 AD
03E084,375,E8 88 D0 E6 E2 20 AD CA 1F F0 22 AD BD 15 29 07
03E083,375,E8 E8 88 D0 E6 E2 20 AD CA 1F F0 22 AD BD 15 29
1FDB20,375,6B C2 20 AD EC 14 38 ED F6 14 18 75 10 95 10 E2
03B93D,375,5A 08 C2 30 A5 02 8F 62 00 70 A5 08 8F 2C 00 70
03E086,375,D0 E6 E2 20 AD CA 1F F0 22 AD BD 15 29 07 C9 03
03B964,375,85 B3 AF 28 00 70 85 B5 AF 2A 00 70 85 B7 28 7A
03B953,375,E2 20 A9 01 A2 3E 82 22 E3 4E 7E C2 20 AF 26 00
03E070,375,9D 63 12 A9 BC 20 9D 65 12 A5 3A 38 E9 09 00 85
03E082,375,E8 E8 E8 88 D0 E6 E2 20 AD CA 1F F0 22 AD BD 15
03E07F,375,85 3A E8 E8 E8 E8 88 D0 E6 E2 20 AD CA 1F F0 22
03E073,375,A9 BC 20 9D 65 12 A5 3A 38 E9 09 00 85 3A E8 E8
1FDAFC,375,95 10 E2 20 6B B5 12 99 12 00 B5 13 99 13 00 B5
1FDAF9,375,B9 10 00 95 10 E2 20 6B B5 12 99 12 00 B5 13 99
03E081,375,E8 E8 E8 E8 88 D0 E6 E2 20 AD CA 1F F0 22 AD BD
03E076,375,9D 65 12 A5 3A 38 E9 09 00 85 3A E8 E8 E8 E8 88
03E07B,375,38 E9 09 00 85 3A E8 E8 E8 E8 88 D0 E6 E2 20 AD
03E079,375,A5 3A 38 E9 09 00 85 3A E8 E8 E8 E8 88 D0 E6 E2
03E07C,375,E9 09 00 85 3A E8 E8 E8 E8 88 D0 E6 E2 20 AD CA
1FDAF4,375,B9 0E 00 95 0E B9 10 00 95 10 E2 20 6B B5 12 99
1FDAFE,375,E2 20 6B B5 12 99 12 00 B5 13 99 13 00 B5 14 99
1FDAEF,375,B9 0C 00 95 0C B9 0E 00 95 0E B9 10 00 95 10 E2
03B96C,375,AF 2A 00 70 85 B7 28 7A FA 6B C2 20 AD 2F 16 8F
03B95E,375,C2 20 AF 26 00 70 85 B3 AF 28 00 70 85 B5 AF 2A
03B93E,375,08 C2 30 A5 02 8F 62 00 70 A5 08 8F 2C 00 70 A5
03B975,375,6B C2 20 AD 2F 16 8F 20 00 70 AD 31 16 8F 22 00
03B93C,375,DA 5A 08 C2 30 A5 02 8F 62 00 70 A5 08 8F 2C 00
1FDAF2,375,95 0C B9 0E 00 95 0E B9 10 00 95 10 E2 20 6B B5
03B94D,375,A5 90 8F 2E 00 70 E2 20 A9 01 A2 3E 82 22 E3 4E
03B957,375,A2 3E 82 22 E3 4E 7E C2 20 AF 26 00 70 85 B3 AF
03B941,375,A5 02 8F 62 00 70 A5 08 8F 2C 00 70 A5 90 8F 2E
03B973,375,7A FA 6B C2 20 AD 2F 16 8F 20 00 70 AD 31 16 8F
1FDAED,375,C2 20 B9 0C 00 95 0C B9 0E 00 95 0E B9 10 00 95
03B970,375,85 B7 28 7A FA 6B C2 20 AD 2F 16 8F 20 00 70 AD
03B974,375,FA 6B C2 20 AD 2F 16 8F 20 00 70 AD 31 16 8F 22
03B949,375,8F 2C 00 70 A5 90 8F 2E 00 70 E2 20 A9 01 A2 3E
03B96A,375,85 B5 AF 2A 00 70 85 B7 28 7A FA 6B C2 20 AD 2F
03B972,375,28 7A FA 6B C2 20 AD 2F 16 8F 20 00 70 AD 31 16
03B947,375,A5 08 8F 2C 00 70 A5 90 8F 2E 00 70 E2 20 A9 01
1FDAF7,375,95 0E B9 10 00 95 10 E2 20 6B B5 12 99 12 00 B5
03B943,375,8F 62 00 70 A5 08 8F 2C 00 70 A5 90 8F 2E 00 70
03B955,375,A9 01 A2 3E 82 22 E3 4E 7E C2 20 AF 26 00 70 85
1FDB11,375,B9 12 00 95 12 B9 13 00 95 13 B9 14 00 95 14 6B
03B94F,375,8F 2E 00 70 E2 20 A9 01 A2 3E 82 22 E3 4E 7E C2
1FDB1B,375,B9 14 00 95 14 6B C2 20 AD EC 14 38 ED F6 14 18
1FDB16,375,B9 13 00 95 13 B9 14 00 95 14 6B C2 20 AD EC 14
1FDB1E,375,95 14 6B C2 20 AD EC 14 38 ED F6 14 18 75 10 95
03B966,375,AF 28 00 70 85 B5 AF 2A 00 70 85 B7 28 7A FA 6B
03B95A,375,22 E3 4E 7E C2 20 AF 26 00 70 85 B3 AF 28 00 70
03E06E,375,A5 3A 9D 63 12 A9 BC 20 9D 65 12 A5 3A 38 E9 09
03B960,375,AF 26 00 70 85 B3 AF 28 00 70 85 B5 AF 2A 00 70
1FDB00,375,6B B5 12 99 12 00 B5 13 99 13 00 B5 14 99 14 00
09C045,364,6B C2 20 A9 7E C0 95 16 E2 20 A9 09 95 18 22 1A
09C037,364,B7 53 48 C8 C2 20 B7 53 48 E2 20 AC 72 17 6B C2
048062,364,BB BF FE A3 04 FA 9D DC 1C C2 20 A9 7C 80 85 53
048074,364,A9 04 85 55 5C 27 C0 09 04 6C 84 00 04 75 84 00
048072,364,E2 20 A9 04 85 55 5C 27 C0 09 04 6C 84 00 04 75
09C03D,364,B7 53 48 E2 20 AC 72 17 6B C2 20 A9 7E C0 95 16
09C027,364,8C 72 17 BD DC 1C C2 20 29 FF 00 0A 0A A8 E2 20
048076,364,85 55 5C 27 C0 09 04 6C 84 00 04 75 84 00 04 7E
048070,364,85 53 E2 20 A9 04 85 55 5C 27 C0 09 04 6C 84 00
04806B,364,C2 20 A9 7C 80 85 53 E2 20 A9 04 85 55 5C 27 C0
048078,364,5C 27 C0 09 04 6C 84 00 04 75 84 00 04 7E 84 00
09C042,364,AC 72 17 6B C2 20 A9 7E C0 95 16 E2 20 A9 09 95
09C02F,364,29 FF 00 0A 0A A8 E2 20 B7 53 48 C8 C2 20 B7 53
09C035,364,E2 20 B7 53 48 C8 C2 20 B7 53 48 E2 20 AC 72 17
04806D,364,A9 7C 80 85 53 E2 20 A9 04 85 55 5C 27 C0 09 04
048061,364,DA BB BF FE A3 04 FA 9D DC 1C C2 20 A9 7C 80 85
09C034,364,A8 E2 20 B7 53 48 C8 C2 20 B7 53 48 E2 20 AC 72
048067,364,FA 9D DC 1C C2 20 A9 7C 80 85 53 E2 20 A9 04 85
09C02D,364,C2 20 29 FF 00 0A 0A A8 E2 20 B7 53 48 C8 C2 20
048063,364,BF FE A3 04 FA 9D DC 1C C2 20 A9 7C 80 85 53 E2
09C02A,364,BD DC 1C C2 20 29 FF 00 0A 0A A8 E2 20 B7 53 48
04805F,364,B4 28 DA BB BF FE A3 04 FA 9D DC 1C C2 20 A9 7C
048068,364,9D DC 1C C2 20 A9 7C 80 85 53 E2 20 A9 04 85 55
09C040,364,E2 20 AC 72 17 6B C2 20 A9 7E C0 95 16 E2 20 A9
09C032,364,0A 0A A8 E2 20 B7 53 48 C8 C2 20 B7 53 48 E2 20
09C03B,364,C2 20 B7 53 48 E2 20 AC 72 17 6B C2 20 A9 7E C0
09C03A,364,C8 C2 20 B7 53 48 E2 20 AC 72 17 6B C2 20 A9 7E
09C039,364,48 C8 C2 20 B7 53 48 E2 20 AC 72 17 6B C2 20 A9
09C033,364,0A A8 E2 20 B7 53 48 C8 C2 20 B7 53 48 E2 20 AC
09C03F,364,48 E2 20 AC 72 17 6B C2 20 A9 7E C0 95 16 E2 20
1FC4B0,361,4C E3 C4 49 FF 1A 0A 8D 02 42 A5 83 30 07 8D 03
1FC464,361,4C 97 C4 49 FF 1A 0A 8D 02 42 A5 7A 30 07 8D 03
1FC4AD,361,AD 17 42 4C E3 C4 49 FF 1A 0A 8D 02 42 A5 83 30
1FC4AA,361,EA EA EA AD 17 42 4C E3 C4 49 FF 1A 0A 8D 02 42
1FC4A6,361,8D 03 42 EA EA EA EA AD 17 42 4C E3 C4 49 FF 1A
1FC4A4,361,30 2F 8D 03 42 EA EA EA EA AD 17 42 4C E3 C4 49
1FC45A,361,8D 03 42 EA EA EA EA AD 17 42 4C 97 C4 49 FF 1A
1FC45E,361,EA EA EA AD 17 42 4C 97 C4 49 FF 1A 0A 8D 02 42
1FC45F,361,EA EA AD 17 42 4C 97 C4 49 FF 1A 0A 8D 02 42 A5
1FC460,361,EA AD 17 42 4C 97 C4 49 FF 1A 0A 8D 02 42 A5 7A
1FC461,361,AD 17 42 4C 97 C4 49 FF 1A 0A 8D 02 42 A5 7A 30
1FC4A2,361,A5 83 30 2F 8D 03 42 EA EA EA EA AD 17 42 4C E3
1FC49E,361,0A 8D 02 42 A5 83 30 2F 8D 03 42 EA EA EA EA AD
1FC4A9,361,EA EA EA EA AD 17 42 4C E3 C4 49 FF 1A 0A 8D 02
1FC4AC,361,EA AD 17 42 4C E3 C4 49 FF 1A 0A 8D 02 42 A5 83
1FC49F,361,8D 02 42 A5 83 30 2F 8D 03 42 EA EA EA EA AD 17
1FC4AB,361,EA EA AD 17 42 4C E3 C4 49 FF 1A 0A 8D 02 42 A5
1FC45D,361,EA EA EA EA AD 17 42 4C 97 C4 49 FF 1A 0A 8D 02
1FC547,357,EA EA EA EA AD 17 42 4C 81 C5 49 FF 1A 0A 8D 02
1FC540,357,A5 83 30 2F 8D 03 42 EA EA EA EA AD 17 42 4C 81
1FC548,357,EA EA EA AD 17 42 4C 81 C5 49 FF 1A 0A 8D 02 42
1FC542,357,30 2F 8D 03 42 EA EA EA EA AD 17 42 4C 81 C5 49
1FC54E,357,4C 81 C5 49 FF 1A 0A 8D 02 42 A5 83 30 07 8D 03
1FC4FB,357,EA EA EA EA AD 17 42 4C 35 C5 49 FF 1A 0A 8D 02
1FC54B,357,AD 17 42 4C 81 C5 49 FF 1A 0A 8D 02 42 A5 83 30
1FC4F8,357,8D 03 42 EA EA EA EA AD 17 42 4C 35 C5 49 FF 1A
1FC4FD,357,EA EA AD 17 42 4C 35 C5 49 FF 1A 0A 8D 02 42 A5
1FC53C,357,0A 8D 02 42 A5 83 30 2F 8D 03 42 EA EA EA EA AD
1FC53D,357,8D 02 42 A5 83 30 2F 8D 03 42 EA EA EA EA AD 17
1FC544,357,8D 03 42 EA EA EA EA AD 17 42 4C 81 C5 49 FF 1A
1FC4FC,357,EA EA EA AD 17 42 4C 35 C5 49 FF 1A 0A 8D 02 42
1FC549,357,EA EA AD 17 42 4C 81 C5 49 FF 1A 0A 8D 02 42 A5
1FC4FF,357,AD 17 42 4C 35 C5 49 FF 1A 0A 8D 02 42 A5 7B 30
1FC54A,357,EA AD 17 42 4C 81 C5 49 FF 1A 0A 8D 02 42 A5 83
1FC502,357,4C 35 C5 49 FF 1A 0A 8D 02 42 A5 7B 30 07 8D 03
1FC4FE,357,EA AD 17 42 4C 35 C5 49 FF 1A 0A 8D 02 42 A5 7B
03B420,337,90 0E AD 52 12 8E 3F 1F 8D 41 1F 80 03 C2 20 68
03B419,337,8D 52 12 68 CD 52 12 90 0E AD 52 12 8E 3F 1F 8D
03B40F,337,38 F9 10 00 10 04 49 FF FF 1A 8D 52 12 68 CD 52
03B410,337,F9 10 00 10 04 49 FF FF 1A 8D 52 12 68 CD 52 12
03B413,337,10 04 49 FF FF 1A 8D 52 12 68 CD 52 12 90 0E AD
03B408,337,AC 3A 12 C2 20 B5 10 38 F9 10 00 10 04 49 FF FF
03B41C,337,68 CD 52 12 90 0E AD 52 12 8E 3F 1F 8D 41 1F 80
03B40B,337,C2 20 B5 10 38 F9 10 00 10 04 49 FF FF 1A 8D 52
03B41D,337,CD 52 12 90 0E AD 52 12 8E 3F 1F 8D 41 1F 80 03
03B40D,337,B5 10 38 F9 10 00 10 04 49 FF FF 1A 8D 52 12 68
7E586E,304,30 19 0A 8F 02 42 00 AD F5 15 30 36 8F 03 42 00
7E57AE,304,A5 02 30 19 0A 8F 02 42 00 AD F6 15 30 36 8F 03
7E57AB,304,8D F5 15 A5 02 30 19 0A 8F 02 42 00 AD F6 15 30
7E58C8,304,A5 90 30 19 0A 8F 02 42 00 AD F6 15 30 36 8F 03
7E592B,304,8D C5 15 80 03 9C C5 15 28 FA 7A 60 DA 5A 08 E2
7E57A7,304,BF 6C 5C 7E 8D F5 15 A5 02 30 19 0A 8F 02 42 00
7E592E,304,80 03 9C C5 15 28 FA 7A 60 DA 5A 08 E2 10 AA BF
7E58C5,304,8D C4 15 A5 90 30 19 0A 8F 02 42 00 AD F6 15 30
7E586C,304,A5 02 30 19 0A 8F 02 42 00 AD F5 15 30 36 8F 03
7E586A,304,64 05 A5 02 30 19 0A 8F 02 42 00 AD F5 15 30 36
7E57B0,304,30 19 0A 8F 02 42 00 AD F6 15 30 36 8F 03 42 00
7E519C,304,80 02 A5 02 18 75 0C 85 6C AD C4 15 89 80 00 F0
7E57B2,304,0A 8F 02 42 00 AD F6 15 30 36 8F 03 42 00 EA EA
7E5813,304,8F 03 42 00 EA EA EA EA AF 17 42 00 4C 59 58 49
7E5818,304,EA EA EA AF 17 42 00 4C 59 58 49 FF 1A 0A 8F 02
7E581B,304,AF 17 42 00 4C 59 58 49 FF 1A 0A 8F 02 42 00 AD
7E58C1,304,8A 49 FF 1A 8D C4 15 A5 90 30 19 0A 8F 02 42 00
7E5922,304,8D C4 15 89 80 F0 07 A9 FF 8D C5 15 80 03 9C C5
7E580A,304,8F 02 42 00 AD F5 15 30 36 8F 03 42 00 EA EA EA
7E580E,304,AD F5 15 30 36 8F 03 42 00 EA EA EA EA AF 17 42
7E5809,304,0A 8F 02 42 00 AD F5 15 30 36 8F 03 42 00 EA EA
7E591F,304,6D C4 15 8D C4 15 89 80 F0 07 A9 FF 8D C5 15 80
7E5803,304,86 04 A5 90 30 19 0A 8F 02 42 00 AD F5 15 30 36
7E58C0,304,AA 8A 49 FF 1A 8D C4 15 A5 90 30 19 0A 8F 02 42
7E5881,304,EA AF 17 42 00 4C C0 58 49 FF 1A 0A 8F 02 42 00
7E585C,304,65 04 85 04 89 80 F0 06 A9 FF 85 05 80 02 64 05
7E585B,304,18 65 04 85 04 89 80 F0 06 A9 FF 85 05 80 02 64
7E585A,304,8A 18 65 04 85 04 89 80 F0 06 A9 FF 85 05 80 02
7E5886,304,4C C0 58 49 FF 1A 0A 8F 02 42 00 AD F5 15 30 08
7E585E,304,85 04 89 80 F0 06 A9 FF 85 05 80 02 64 05 A5 02
7E5878,304,30 36 8F 03 42 00 EA EA EA EA AF 17 42 00 4C C0
7E5870,304,0A 8F 02 42 00 AD F5 15 30 36 8F 03 42 00 EA EA
7E5880,304,EA EA AF 17 42 00 4C C0 58 49 FF 1A 0A 8F 02 42
7E587F,304,EA EA EA AF 17 42 00 4C C0 58 49 FF 1A 0A 8F 02
7E5177,304,C2 20 A5 04 89 80 00 F0 05 09 00 FF 80 03 29 FF
7E5802,304,AA 86 04 A5 90 30 19 0A 8F 02 42 00 AD F5 15 30
7E57FE,304,EF 17 42 00 AA 86 04 A5 90 30 19 0A 8F 02 42 00
7E58C2,304,49 FF 1A 8D C4 15 A5 90 30 19 0A 8F 02 42 00 AD
7E57F2,304,49 FF 1A 8F 03 42 00 EA EA A9 00 38 EF 17 42 00
7E57F4,304,1A 8F 03 42 00 EA EA A9 00 38 EF 17 42 00 AA 86
7E57F5,304,8F 03 42 00 EA EA A9 00 38 EF 17 42 00 AA 86 04
7E58C4,304,1A 8D C4 15 A5 90 30 19 0A 8F 02 42 00 AD F6 15
7E57B7,304,AD F6 15 30 36 8F 03 42 00 EA EA EA EA AF 17 42
7E57BA,304,30 36 8F 03 42 00 EA EA EA EA AF 17 42 00 4C 02
7E5862,304,F0 06 A9 FF 85 05 80 02 64 05 A5 02 30 19 0A 8F
7E57B3,304,8F 02 42 00 AD F6 15 30 36 8F 03 42 00 EA EA EA
7E591D,304,8A 18 6D C4 15 8D C4 15 89 80 F0 07 A9 FF 8D C5
7E5860,304,89 80 F0 06 A9 FF 85 05 80 02 64 05 A5 02 30 19
7E57F9,304,EA EA A9 00 38 EF 17 42 00 AA 86 04 A5 90 30 19
7E57FB,304,A9 00 38 EF 17 42 00 AA 86 04 A5 90 30 19 0A 8F
7E57FD,304,38 EF 17 42 00 AA 86 04 A5 90 30 19 0A 8F 02 42
7E5925,304,89 80 F0 07 A9 FF 8D C5 15 80 03 9C C5 15 28 FA
7E5161,304,B9 03 00 85 02 85 04 B9 07 00 85 90 8D C4 15 B5
7E5927,304,F0 07 A9 FF 8D C5 15 80 03 9C C5 15 28 FA 7A 60
7E57FA,304,EA A9 00 38 EF 17 42 00 AA 86 04 A5 90 30 19 0A
7E51A8,304,89 80 00 F0 05 09 00 FF 80 03 29 FF 00 85 02 A5
7E5913,304,EA EA A9 00 38 EF 17 42 00 AA 8A 18 6D C4 15 8D
7E58CA,304,30 19 0A 8F 02 42 00 AD F6 15 30 36 8F 03 42 00
7E5915,304,A9 00 38 EF 17 42 00 AA 8A 18 6D C4 15 8D C4 15
7E5934,304,FA 7A 60 DA 5A 08 E2 10 AA BF AC 5C 7E 8D F6 15
7E51A3,304,85 6C AD C4 15 89 80 00 F0 05 09 00 FF 80 03 29
7E5807,304,30 19 0A 8F 02 42 00 AD F5 15 30 36 8F 03 42 00
7E51AB,304,F0 05 09 00 FF 80 03 29 FF 00 85 02 A5 F6 29 0F
7E51B9,304,29 0F 00 F0 0D 84 F8 A8 A5 02 0A 88 D0 FC A4 F8
7E5929,304,A9 FF 8D C5 15 80 03 9C C5 15 28 FA 7A 60 DA 5A
7E5193,304,A8 A5 02 0A 88 D0 FC A4 F8 80 02 A5 02 18 75 0C
7E519A,304,A4 F8 80 02 A5 02 18 75 0C 85 6C AD C4 15 89 80
7E518A,304,A5 F6 29 0F 00 F0 0D 84 F8 A8 A5 02 0A 88 D0 FC
7E5170,304,B5 13 F0 03 20 97 57 C2 20 A5 04 89 80 00 F0 05
7E51B7,304,A5 F6 29 0F 00 F0 0D 84 F8 A8 A5 02 0A 88 D0 FC
7E51BE,304,84 F8 A8 A5 02 0A 88 D0 FC A4 F8 80 02 A5 02 18
7E5811,304,30 36 8F 03 42 00 EA EA EA EA AF 17 42 00 4C 59
7E51C7,304,A4 F8 80 02 A5 02 18 75 10 85 6E B9 05 00 18 75
7E51C9,304,80 02 A5 02 18 75 10 85 6E B9 05 00 18 75 0E 85
7E51CD,304,18 75 10 85 6E B9 05 00 18 75 0E 85 74 4C 70 52
7E51C0,304,A8 A5 02 0A 88 D0 FC A4 F8 80 02 A5 02 18 75 10
7E5935,304,7A 60 DA 5A 08 E2 10 AA BF AC 5C 7E 8D F6 15 BF
7E51C1,304,A5 02 0A 88 D0 FC A4 F8 80 02 A5 02 18 75 10 85
7E5933,304,28 FA 7A 60 DA 5A 08 E2 10 AA BF AC 5C 7E 8D F6
7E5805,304,A5 90 30 19 0A 8F 02 42 00 AD F5 15 30 36 8F 03
7E51CE,304,75 10 85 6E B9 05 00 18 75 0E 85 74 4C 70 52 B9
7E5179,304,A5 04 89 80 00 F0 05 09 00 FF 80 03 29 FF 00 85
7E5166,304,85 04 B9 07 00 85 90 8D C4 15 B5 13 F0 03 20 97
7E51A5,304,AD C4 15 89 80 00 F0 05 09 00 FF 80 03 29 FF 00
7E5188,304,85 02 A5 F6 29 0F 00 F0 0D 84 F8 A8 A5 02 0A 88
7E5185,304,29 FF 00 85 02 A5 F6 29 0F 00 F0 0D 84 F8 A8 A5
7E51AD,304,09 00 FF 80 03 29 FF 00 85 02 A5 F6 29 0F 00 F0
7E51A1,304,75 0C 85 6C AD C4 15 89 80 00 F0 05 09 00 FF 80
7E51A0,304,18 75 0C 85 6C AD C4 15 89 80 00 F0 05 09 00 FF
7E518C,304,29 0F 00 F0 0D 84 F8 A8 A5 02 0A 88 D0 FC A4 F8
7E5194,304,A5 02 0A 88 D0 FC A4 F8 80 02 A5 02 18 75 0C 85
7E5164,304,85 02 85 04 B9 07 00 85 90 8D C4 15 B5 13 F0 03
7E517E,304,F0 05 09 00 FF 80 03 29 FF 00 85 02 A5 F6 29 0F
7E517B,304,89 80 00 F0 05 09 00 FF 80 03 29 FF 00 85 02 A5
7E51B5,304,85 02 A5 F6 29 0F 00 F0 0D 84 F8 A8 A5 02 0A 88
7E5168,304,B9 07 00 85 90 8D C4 15 B5 13 F0 03 20 97 57 C2
7E590F,304,8F 03 42 00 EA EA A9 00 38 EF 17 42 00 AA 8A 18
7E51B0,304,80 03 29 FF 00 85 02 A5 F6 29 0F 00 F0 0D 84 F8
7E5936,304,60 DA 5A 08 E2 10 AA BF AC 5C 7E 8D F6 15 BF 6C
7E5172,304,F0 03 20 97 57 C2 20 A5 04 89 80 00 F0 05 09 00
7E516D,304,8D C4 15 B5 13 F0 03 20 97 57 C2 20 A5 04 89 80
7E5174,304,20 97 57 C2 20 A5 04 89 80 00 F0 05 09 00 FF 80
7E51D0,304,85 6E B9 05 00 18 75 0E 85 74 4C 70 52 B9 03 00
7E5191,304,84 F8 A8 A5 02 0A 88 D0 FC A4 F8 80 02 A5 02 18
7E51D5,304,18 75 0E 85 74 4C 70 52 B9 03 00 85 02 85 04 B9
7E516B,304,85 90 8D C4 15 B5 13 F0 03 20 97 57 C2 20 A5 04
7E590C,304,49 FF 1A 8F 03 42 00 EA EA A9 00 38 EF 17 42 00
7E58D4,304,30 36 8F 03 42 00 EA EA EA EA AF 17 42 00 4C 1C
7E58D1,304,AD F6 15 30 36 8F 03 42 00 EA EA EA EA AF 17 42
7E5797,304,5A DA 08 E2 10 49 FF 1A AA BF AC 5C 7E 8D F6 15
7E5875,304,AD F5 15 30 36 8F 03 42 00 EA EA EA EA AF 17 42
7E5914,304,EA A9 00 38 EF 17 42 00 AA 8A 18 6D C4 15 8D C4
7E590E,304,1A 8F 03 42 00 EA EA A9 00 38 EF 17 42 00 AA 8A
7E5917,304,38 EF 17 42 00 AA 8A 18 6D C4 15 8D C4 15 89 80
7E5798,304,DA 08 E2 10 49 FF 1A AA BF AC 5C 7E 8D F6 15 BF
7E51D2,304,B9 05 00 18 75 0E 85 74 4C 70 52 B9 03 00 85 02
7E5871,304,8F 02 42 00 AD F5 15 30 36 8F 03 42 00 EA EA EA
7E5799,304,08 E2 10 49 FF 1A AA BF AC 5C 7E 8D F6 15 BF 6C
7E5817,304,EA EA EA EA AF 17 42 00 4C 59 58 49 FF 1A 0A 8F
7E57A0,304,BF AC 5C 7E 8D F6 15 BF 6C 5C 7E 8D F5 15 A5 02
7E57A4,304,8D F6 15 BF 6C 5C 7E 8D F5 15 A5 02 30 19 0A 8F
7E58CD,304,8F 02 42 00 AD F6 15 30 36 8F 03 42 00 EA EA EA
7E579F,304,AA BF AC 5C 7E 8D F6 15 BF 6C 5C 7E 8D F5 15 A5
7E58CC,304,0A 8F 02 42 00 AD F6 15 30 36 8F 03 42 00 EA EA
7E579E,304,1A AA BF AC 5C 7E 8D F6 15 BF 6C 5C 7E 8D F5 15
7E579A,304,E2 10 49 FF 1A AA BF AC 5C 7E 8D F6 15 BF 6C 5C
7E579C,304,49 FF 1A AA BF AC 5C 7E 8D F6 15 BF 6C 5C 7E 8D
7E518F,304,F0 0D 84 F8 A8 A5 02 0A 88 D0 FC A4 F8 80 02 A5
7E5918,304,EF 17 42 00 AA 8A 18 6D C4 15 8D C4 15 89 80 F0
7E5859,304,AA 8A 18 65 04 85 04 89 80 F0 06 A9 FF 85 05 80
7E587A,304,8F 03 42 00 EA EA EA EA AF 17 42 00 4C C0 58 49
7E591C,304,AA 8A 18 6D C4 15 8D C4 15 89 80 F0 07 A9 FF 8D
7E501A,304,82 44 01 89 40 F0 03 82 C1 00 B9 03 00 85 02 85
7E5016,304,89 20 F0 03 82 44 01 89 40 F0 03 82 C1 00 B9 03
7E587E,304,EA EA EA EA AF 17 42 00 4C C0 58 49 FF 1A 0A 8F
7E581F,304,4C 59 58 49 FF 1A 0A 8F 02 42 00 AD F5 15 30 08
7E5018,304,F0 03 82 44 01 89 40 F0 03 82 C1 00 B9 03 00 85
7E5882,304,AF 17 42 00 4C C0 58 49 FF 1A 0A 8F 02 42 00 AD
7E581A,304,EA AF 17 42 00 4C 59 58 49 FF 1A 0A 8F 02 42 00
7E51D6,304,75 0E 85 74 4C 70 52 B9 03 00 85 02 85 04 B9 05
7E591E,304,18 6D C4 15 8D C4 15 89 80 F0 07 A9 FF 8D C5 15
7E51DA,304,4C 70 52 B9 03 00 85 02 85 04 B9 05 00 85 08 85
7E51BC,304,F0 0D 84 F8 A8 A5 02 0A 88 D0 FC A4 F8 80 02 A5
7E51D8,304,85 74 4C 70 52 B9 03 00 85 02 85 04 B9 05 00 85
7E5819,304,EA EA AF 17 42 00 4C 59 58 49 FF 1A 0A 8F 02 42
04A355,294,60 DA 5A B4 28 BB BF 00 A4 04 7A FA 60 DA 5A B4
04A34F,294,BF FF A3 04 7A FA 60 DA 5A B4 28 BB BF 00 A4 04
04A34E,294,BB BF FF A3 04 7A FA 60 DA 5A B4 28 BB BF 00 A4
04A353,294,7A FA 60 DA 5A B4 28 BB BF 00 A4 04 7A FA 60 DA
04A34B,294,5A B4 28 BB BF FF A3 04 7A FA 60 DA 5A B4 28 BB
04A34C,294,B4 28 BB BF FF A3 04 7A FA 60 DA 5A B4 28 BB BF
04A354,294,FA 60 DA 5A B4 28 BB BF 00 A4 04 7A FA 60 DA 5A
04A34A,294,DA 5A B4 28 BB BF FF A3 04 7A FA 60 DA 5A B4 28
03B36D,292,B0 12 80 05 C9 D4 FE 90 0B B5 10 38 F9 10 00 C9
03B36A,292,C9 2C 01 B0 12 80 05 C9 D4 FE 90 0B B5 10 38 F9
03B422,277,AD 52 12 8E 3F 1F 8D 41 1F 80 03 C2 20 68 B4 00
03B428,277,8D 41 1F 80 03 C2 20 68 B4 00 BB D0 94 AE 3F 1F
03B425,277,8E 3F 1F 8D 41 1F 80 03 C2 20 68 B4 00 BB D0 94
03B42B,277,80 03 C2 20 68 B4 00 BB D0 94 AE 3F 1F D0 03 82
03B371,263,C9 D4 FE 90 0B B5 10 38 F9 10 00 C9 64 00 90 06
03B374,263,90 0B B5 10 38 F9 10 00 C9 64 00 90 06 B4 00 BB
1FCC97,254,AD F6 15 30 30 8D 03 42 EA EA EA EA AD 17 42 4C
1FCD46,254,30 30 8D 03 42 EA EA EA EA AD 17 42 4C 86 CD 49
1FCC9A,254,30 30 8D 03 42 EA EA EA EA AD 17 42 4C DA CC 49
1FCC9C,254,8D 03 42 EA EA EA EA AD 17 42 4C DA CC 49 FF 1A
1FCC9F,254,EA EA EA EA AD 17 42 4C DA CC 49 FF 1A 0A 8D 02
1FCD43,254,AD F5 15 30 30 8D 03 42 EA EA EA EA AD 17 42 4C
1FCC94,254,8D 02 42 AD F6 15 30 30 8D 03 42 EA EA EA EA AD
1FCD3F,254,0A 8D 02 42 AD F5 15 30 30 8D 03 42 EA EA EA EA
1FCD39,254,64 05 A5 02 30 16 0A 8D 02 42 AD F5 15 30 30 8D
1FCC93,254,0A 8D 02 42 AD F6 15 30 30 8D 03 42 EA EA EA EA
1FCD40,254,8D 02 42 AD F5 15 30 30 8D 03 42 EA EA EA EA AD
1FCCA1,254,EA EA AD 17 42 4C DA CC 49 FF 1A 0A 8D 02 42 AD
1FCCA0,254,EA EA EA AD 17 42 4C DA CC 49 FF 1A 0A 8D 02 42
1FCCA3,254,AD 17 42 4C DA CC 49 FF 1A 0A 8D 02 42 AD F6 15
1FCCA2,254,EA AD 17 42 4C DA CC 49 FF 1A 0A 8D 02 42 AD F6
1FCCA6,254,4C DA CC 49 FF 1A 0A 8D 02 42 AD F6 15 30 07 8D
04A18A,250,5C BD A0 04 AC AD F0 94 28 9C AD F0 9C AE F0 60
7E522F,250,85 02 A5 F6 29 0F 00 F0 0D 84 F8 A8 A5 02 0A 88
7E5231,250,A5 F6 29 0F 00 F0 0D 84 F8 A8 A5 02 0A 88 D0 FC
7E51E2,250,85 04 B9 05 00 85 08 85 0A B5 14 F0 03 20 D4 5A
03BA49,250,85 8B 10 0D A9 00 38 E5 84 85 84 A9 00 E5 85 85
7E51E0,250,85 02 85 04 B9 05 00 85 08 85 0A B5 14 F0 03 20
03BA47,250,A5 85 85 8B 10 0D A9 00 38 E5 84 85 84 A9 00 E5
7E51E7,250,85 08 85 0A B5 14 F0 03 20 D4 5A C2 20 A5 04 89
7E51DD,250,B9 03 00 85 02 85 04 B9 05 00 85 08 85 0A B5 14
7E51E4,250,B9 05 00 85 08 85 0A B5 14 F0 03 20 D4 5A C2 20
03BA45,250,A2 00 A5 85 85 8B 10 0D A9 00 38 E5 84 85 84 A9
03BA39,250,F0 06 66 86 E8 4A D0 FA 66 86 86 92 A2 00 A5 85
7E51E9,250,85 0A B5 14 F0 03 20 D4 5A C2 20 A5 04 89 80 00
7E5236,250,F0 0D 84 F8 A8 A5 02 0A 88 D0 FC A4 F8 80 02 A5
7E5245,250,A5 02 18 75 0E 85 74 B9 07 00 18 75 10 85 6E 80
7E5207,250,29 0F 00 F0 0D 84 F8 A8 A5 02 0A 88 D0 FC A4 F8
7E5222,250,89 80 00 F0 05 09 00 FF 80 03 29 FF 00 85 02 A5
03BA6B,250,A5 84 30 13 D0 0B A5 CA 85 88 A5 CB 85 89 4C E2
7E524C,250,B9 07 00 18 75 10 85 6E 80 1A C2 20 B9 03 00 18
7E5252,250,85 6E 80 1A C2 20 B9 03 00 18 75 0C 85 6C B9 05
7E5247,250,18 75 0E 85 74 B9 07 00 18 75 10 85 6E 80 1A C2
7E524A,250,85 74 B9 07 00 18 75 10 85 6E 80 1A C2 20 B9 03
7E524F,250,18 75 10 85 6E 80 1A C2 20 B9 03 00 18 75 0C 85
03BA4B,250,10 0D A9 00 38 E5 84 85 84 A9 00 E5 85 85 85 F0
03BAE2,250,6B 10 03 82 F9 01 C2 30 A5 C1 29 FF 00 49 FF 00
7E521E,250,85 6C A5 0A 89 80 00 F0 05 09 00 FF 80 03 29 FF
7E51ED,250,F0 03 20 D4 5A C2 20 A5 04 89 80 00 F0 05 09 00
7E51EB,250,B5 14 F0 03 20 D4 5A C2 20 A5 04 89 80 00 F0 05
7E51F6,250,89 80 00 F0 05 09 00 FF 80 03 29 FF 00 85 02 A5
7E5220,250,A5 0A 89 80 00 F0 05 09 00 FF 80 03 29 FF 00 85
03BA5A,250,F0 0F E8 4A F0 06 66 84 E8 4A D0 FA 66 84 4C 82
7E5203,250,85 02 A5 F6 29 0F 00 F0 0D 84 F8 A8 A5 02 0A 88
7E51F2,250,C2 20 A5 04 89 80 00 F0 05 09 00 FF 80 03 29 FF
03BA6D,250,30 13 D0 0B A5 CA 85 88 A5 CB 85 89 4C E2 BA CA
7E520A,250,F0 0D 84 F8 A8 A5 02 0A 88 D0 FC A4 F8 80 02 A5
7E5225,250,F0 05 09 00 FF 80 03 29 FF 00 85 02 A5 F6 29 0F
7E5250,250,75 10 85 6E 80 1A C2 20 B9 03 00 18 75 0C 85 6C
7E51F9,250,F0 05 09 00 FF 80 03 29 FF 00 85 02 A5 F6 29 0F
7E5254,250,80 1A C2 20 B9 03 00 18 75 0C 85 6C B9 05 00 18
7E5205,250,A5 F6 29 0F 00 F0 0D 84 F8 A8 A5 02 0A 88 D0 FC
7E5219,250,A5 02 18 75 0C 85 6C A5 0A 89 80 00 F0 05 09 00
03BA33,250,A5 87 F0 0C E8 4A F0 06 66 86 E8 4A D0 FA 66 86
03BA35,250,F0 0C E8 4A F0 06 66 86 E8 4A D0 FA 66 86 86 92
03BA31,250,A2 00 A5 87 F0 0C E8 4A F0 06 66 86 E8 4A D0 FA
7E5013,250,82 C7 01 89 20 F0 03 82 44 01 89 40 F0 03 82 C1
03BA37,250,E8 4A F0 06 66 86 E8 4A D0 FA 66 86 86 92 A2 00
03BA38,250,4A F0 06 66 86 E8 4A D0 FA 66 86 86 92 A2 00 A5
7E51F4,250,A5 04 89 80 00 F0 05 09 00 FF 80 03 29 FF 00 85
03BA3D,250,E8 4A D0 FA 66 86 86 92 A2 00 A5 85 85 8B 10 0D
03BA3F,250,D0 FA 66 86 86 92 A2 00 A5 85 85 8B 10 0D A9 00
03BA3E,250,4A D0 FA 66 86 86 92 A2 00 A5 85 85 8B 10 0D A9
03BA43,250,86 92 A2 00 A5 85 85 8B 10 0D A9 00 38 E5 84 85
7E5248,250,75 0E 85 74 B9 07 00 18 75 10 85 6E 80 1A C2 20
7E521C,250,75 0C 85 6C A5 0A 89 80 00 F0 05 09 00 FF 80 03
03BA41,250,66 86 86 92 A2 00 A5 85 85 8B 10 0D A9 00 38 E5
03BA3B,250,66 86 E8 4A D0 FA 66 86 86 92 A2 00 A5 85 85 8B
7E5233,250,29 0F 00 F0 0D 84 F8 A8 A5 02 0A 88 D0 FC A4 F8
7E521B,250,18 75 0C 85 6C A5 0A 89 80 00 F0 05 09 00 FF 80
7E522C,249,29 FF 00 85 02 A5 F6 29 0F 00 F0 0D 84 F8 A8 A5
03BA6F,245,D0 0B A5 CA 85 88 A5 CB 85 89 4C E2 BA CA 0A 10
1FD2B8,243,C2 20 BF D0 1C 7E D0 4F E2 20 B5 09 29 EF 95 09
1FD2AF,243,E2 20 BF D2 1C 7E 8D 46 12 C2 20 BF D0 1C 7E D0
1FD2A1,243,BF D6 1C 7E F0 08 E2 20 B5 1E 29 02 D0 3E E2 20
1FD2BE,243,D0 4F E2 20 B5 09 29 EF 95 09 B5 1D 29 80 F0 19
1FD2B5,243,8D 46 12 C2 20 BF D0 1C 7E D0 4F E2 20 B5 09 29
1FD2B1,243,BF D2 1C 7E 8D 46 12 C2 20 BF D0 1C 7E D0 4F E2
1FD2BA,243,BF D0 1C 7E D0 4F E2 20 B5 09 29 EF 95 09 B5 1D
1FD29F,243,C2 20 BF D6 1C 7E F0 08 E2 20 B5 1E 29 02 D0 3E
1FD297,243,29 10 F0 04 5C C2 D2 1F C2 20 BF D6 1C 7E F0 08
1FD2A5,243,F0 08 E2 20 B5 1E 29 02 D0 3E E2 20 BF D2 1C 7E
1FD299,243,F0 04 5C C2 D2 1F C2 20 BF D6 1C 7E F0 08 E2 20
1FD295,243,B5 09 29 10 F0 04 5C C2 D2 1F C2 20 BF D6 1C 7E
1FD039,240,C2 30 7A FA 6B DA 5A 22 AB D0 1F C2 20 AD 52 12
1FD025,240,B9 0C 00 38 F5 0C 85 02 B9 10 00 38 F5 10 85 08
1FD022,240,5A C2 20 B9 0C 00 38 F5 0C 85 02 B9 10 00 38 F5
1FD035,240,22 E3 FC 02 C2 30 7A FA 6B DA 5A 22 AB D0 1F C2
1FD03B,240,7A FA 6B DA 5A 22 AB D0 1F C2 20 AD 52 12 85 08
1FD028,240,38 F5 0C 85 02 B9 10 00 38 F5 10 85 08 22 E3 FC
1FD02D,240,B9 10 00 38 F5 10 85 08 22 E3 FC 02 C2 30 7A FA
1FD03C,240,FA 6B DA 5A 22 AB D0 1F C2 20 AD 52 12 85 08 B9
1FD02B,240,85 02 B9 10 00 38 F5 10 85 08 22 E3 FC 02 C2 30
1FD031,240,F5 10 85 08 22 E3 FC 02 C2 30 7A FA 6B DA 5A 22
1FD030,240,38 F5 10 85 08 22 E3 FC 02 C2 30 7A FA 6B DA 5A
1FD03D,240,6B DA 5A 22 AB D0 1F C2 20 AD 52 12 85 08 B9 0E
1FD029,240,F5 0C 85 02 B9 10 00 38 F5 10 85 08 22 E3 FC 02
1FD023,240,C2 20 B9 0C 00 38 F5 0C 85 02 B9 10 00 38 F5 10
1FD021,240,DA 5A C2 20 B9 0C 00 38 F5 0C 85 02 B9 10 00 38
1FD033,240,85 08 22 E3 FC 02 C2 30 7A FA 6B DA 5A 22 AB D0
03BA86,237,90 08 CA 4A C5 84 B0 FA 85 86 8A 38 E5 92 85 8A
03BAA1,237,AA BD D5 82 85 89 BD D5 81 A6 8A 30 0B F0 0F 0A
03BAC3,237,10 10 38 A5 CA E5 88 85 88 A5 CB E5 89 85 89 4C
03BAA2,237,BD D5 82 85 89 BD D5 81 A6 8A 30 0B F0 0F 0A 26
03BAC1,237,24 8B 10 10 38 A5 CA E5 88 85 88 A5 CB E5 89 85
03BAAA,237,A6 8A 30 0B F0 0F 0A 26 89 CA D0 FA 4C BF BA 46
03BA9E,237,FD D5 83 AA BD D5 82 85 89 BD D5 81 A6 8A 30 0B
03BA98,237,BD D5 83 A6 86 38 FD D5 83 AA BD D5 82 85 89 BD
03BA94,237,85 8A A6 84 BD D5 83 A6 86 38 FD D5 83 AA BD D5
03BA82,237,A5 86 C5 84 90 08 CA 4A C5 84 B0 FA 85 86 8A 38
03BA9D,237,38 FD D5 83 AA BD D5 82 85 89 BD D5 81 A6 8A 30
03BA96,237,A6 84 BD D5 83 A6 86 38 FD D5 83 AA BD D5 82 85
03BA9B,237,A6 86 38 FD D5 83 AA BD D5 82 85 89 BD D5 81 A6
03BABF,237,85 88 24 8B 10 10 38 A5 CA E5 88 85 88 A5 CB E5
03BAA7,237,BD D5 81 A6 8A 30 0B F0 0F 0A 26 89 CA D0 FA 4C
03BAA5,237,85 89 BD D5 81 A6 8A 30 0B F0 0F 0A 26 89 CA D0
03BA92,237,E5 92 85 8A A6 84 BD D5 83 A6 86 38 FD D5 83 AA
03BA90,237,8A 38 E5 92 85 8A A6 84 BD D5 83 A6 86 38 FD D5
03BA84,237,C5 84 90 08 CA 4A C5 84 B0 FA 85 86 8A 38 E5 92
03BAAC,237,30 0B F0 0F 0A 26 89 CA D0 FA 4C BF BA 46 89 6A
03BA91,237,38 E5 92 85 8A A6 84 BD D5 83 A6 86 38 FD D5 83
03BA80,232,85 84 A5 86 C5 84 90 08 CA 4A C5 84 B0 FA 85 86
1FD2C0,232,E2 20 B5 09 29 EF 95 09 B5 1D 29 80 F0 19 BF D5
1FCCED,229,EA EA EA EA AD 17 42 4C 28 CD 49 FF 1A 0A 8D 02
1FCCF1,229,AD 17 42 4C 28 CD 49 FF 1A 0A 8D 02 42 AD F5 15
1FCCEE,229,EA EA EA AD 17 42 4C 28 CD 49 FF 1A 0A 8D 02 42
1FCCF0,229,EA AD 17 42 4C 28 CD 49 FF 1A 0A 8D 02 42 AD F5
1FCCF4,229,4C 28 CD 49 FF 1A 0A 8D 02 42 AD F5 15 30 07 8D
1FCCEF,229,EA EA AD 17 42 4C 28 CD 49 FF 1A 0A 8D 02 42 AD
1FCCEA,229,8D 03 42 EA EA EA EA AD 17 42 4C 28 CD 49 FF 1A
7E3AF6,225,6B C2 10 A9 04 85 00 A6 4A AD 62 12 29 F7 8D 3A
7E3AEE,225,A9 01 8D AE 18 20 1B 40 6B C2 10 A9 04 85 00 A6
7E3AF3,225,20 1B 40 6B C2 10 A9 04 85 00 A6 4A AD 62 12 29
7E3AF0,225,8D AE 18 20 1B 40 6B C2 10 A9 04 85 00 A6 4A AD
02FC55,215,E5 F1 85 F1 E5 F2 85 F2 E5 EF 85 EF 60 20 66 FC
02FC50,215,18 E5 F0 85 F0 E5 F1 85 F1 E5 F2 85 F2 E5 EF 85
02FC59,215,E5 F2 85 F2 E5 EF 85 EF 60 20 66 FC 6B 64 68 64
02FC53,215,85 F0 E5 F1 85 F1 E5 F2 85 F2 E5 EF 85 EF 60 20
02FC51,215,E5 F0 85 F0 E5 F1 85 F1 E5 F2 85 F2 E5 EF 85 EF
02FC61,215,60 20 66 FC 6B 64 68 64 69 64 67 A5 65 30 23 0A
02FC5D,215,E5 EF 85 EF 60 20 66 FC 6B 64 68 64 69 64 67 A5
02FC5B,215,85 F2 E5 EF 85 EF 60 20 66 FC 6B 64 68 64 69 64
02FC5F,215,85 EF 60 20 66 FC 6B 64 68 64 69 64 67 A5 65 30
02FC4E,215,A5 EF 18 E5 F0 85 F0 E5 F1 85 F1 E5 F2 85 F2 E5
02FC4A,215,20 4E FC 6B A5 EF 18 E5 F0 85 F0 E5 F1 85 F1 E5
02FC57,215,85 F1 E5 F2 85 F2 E5 EF 85 EF 60 20 66 FC 6B 64
02FC4D,215,6B A5 EF 18 E5 F0 85 F0 E5 F1 85 F1 E5 F2 85 F2
08B369,212,22 BB C7 1F 22 69 DC 1F 6B C2 20 A9 85 B3 95 16
08B35B,212,E2 20 C2 20 B5 0C 18 7D 06 00 95 0C E2 20 22 BB
08B329,212,85 7E B5 13 8D A9 15 B5 12 8D A8 15 22 A7 D5 1F
08B32D,212,8D A9 15 B5 12 8D A8 15 22 A7 D5 1F C2 20 B5 0E
08B367,212,E2 20 22 BB C7 1F 22 69 DC 1F 6B C2 20 A9 85 B3
08B32B,212,B5 13 8D A9 15 B5 12 8D A8 15 22 A7 D5 1F C2 20
08B340,212,E2 20 10 04 5C 51 B3 08 C2 20 A9 00 00 95 0E E2
08B371,212,6B C2 20 A9 85 B3 95 16 E2 20 A9 08 95 18 B5 09
08B342,212,10 04 5C 51 B3 08 C2 20 A9 00 00 95 0E E2 20 C2
08B330,212,B5 12 8D A8 15 22 A7 D5 1F C2 20 B5 0E C9 00 00
08B339,212,C2 20 B5 0E C9 00 00 E2 20 10 04 5C 51 B3 08 C2
08B33B,212,B5 0E C9 00 00 E2 20 10 04 5C 51 B3 08 C2 20 A9
08B353,212,B5 0E 18 7D 28 00 95 0E E2 20 C2 20 B5 0C 18 7D
08B356,212,7D 28 00 95 0E E2 20 C2 20 B5 0C 18 7D 06 00 95
08B351,212,C2 20 B5 0E 18 7D 28 00 95 0E E2 20 C2 20 B5 0C
08B332,212,8D A8 15 22 A7 D5 1F C2 20 B5 0E C9 00 00 E2 20
08B355,212,18 7D 28 00 95 0E E2 20 C2 20 B5 0C 18 7D 06 00
08B335,212,22 A7 D5 1F C2 20 B5 0E C9 00 00 E2 20 10 04 5C
08B361,212,18 7D 06 00 95 0C E2 20 22 BB C7 1F 22 69 DC 1F
08B327,212,B5 15 85 7E B5 13 8D A9 15 B5 12 8D A8 15 22 A7
08B35F,212,B5 0C 18 7D 06 00 95 0C E2 20 22 BB C7 1F 22 69
08B36D,212,22 69 DC 1F 6B C2 20 A9 85 B3 95 16 E2 20 A9 08
08B362,212,7D 06 00 95 0C E2 20 22 BB C7 1F 22 69 DC 1F 6B
08B33D,212,C9 00 00 E2 20 10 04 5C 51 B3 08 C2 20 A9 00 00
08B359,212,95 0E E2 20 C2 20 B5 0C 18 7D 06 00 95 0C E2 20
08B35D,212,C2 20 B5 0C 18 7D 06 00 95 0C E2 20 22 BB C7 1F
08B365,212,95 0C E2 20 22 BB C7 1F 22 69 DC 1F 6B C2 20 A9
7E5B94,206,8A 18 65 04 85 04 89 80 F0 06 A9 FF 85 05 80 02
7E5AE5,206,8D F5 15 A5 02 30 19 0A 8F 02 42 00 AD F6 15 30
7E5B44,206,8F 02 42 00 AD F5 15 30 36 8F 03 42 00 EA EA EA
7E5B3F,206,A5 08 30 19 0A 8F 02 42 00 AD F5 15 30 36 8F 03
7E5AEA,206,30 19 0A 8F 02 42 00 AD F6 15 30 36 8F 03 42 00
7E5B48,206,AD F5 15 30 36 8F 03 42 00 EA EA EA EA AF 17 42
7E5B93,206,AA 8A 18 65 04 85 04 89 80 F0 06 A9 FF 85 05 80
7E5C58,206,65 0A 85 0A 89 80 F0 06 A9 FF 85 0B 80 02 64 0B
7E5C03,206,30 19 0A 8F 02 42 00 AD F6 15 30 36 8F 03 42 00
7E5C5E,206,F0 06 A9 FF 85 0B 80 02 64 0B 28 FA 7A 60 00 03
7E5B9A,206,89 80 F0 06 A9 FF 85 05 80 02 64 05 A5 02 30 19
7E5C0A,206,AD F6 15 30 36 8F 03 42 00 EA EA EA EA AF 17 42
7E5C6B,206,60 00 03 06 09 0C 0F 12 15 18 1B 1E 21 24 27 2A
7E5C01,206,A5 08 30 19 0A 8F 02 42 00 AD F6 15 30 36 8F 03
7E5BA6,206,A5 02 30 19 0A 8F 02 42 00 AD F5 15 30 36 8F 03
7E5C5A,206,85 0A 89 80 F0 06 A9 FF 85 0B 80 02 64 0B 28 FA
7E5C6A,206,7A 60 00 03 06 09 0C 0F 12 15 18 1B 1E 21 24 27
7E5BFF,206,85 0A A5 08 30 19 0A 8F 02 42 00 AD F6 15 30 36
7E5C69,206,FA 7A 60 00 03 06 09 0C 0F 12 15 18 1B 1E 21 24
7E5C68,206,28 FA 7A 60 00 03 06 09 0C 0F 12 15 18 1B 1E 21
7E5C5C,206,89 80 F0 06 A9 FF 85 0B 80 02 64 0B 28 FA 7A 60
7E5B96,206,65 04 85 04 89 80 F0 06 A9 FF 85 05 80 02 64 05
7E5BFC,206,49 FF 1A 85 0A A5 08 30 19 0A 8F 02 42 00 AD F6
7E5B9C,206,F0 06 A9 FF 85 05 80 02 64 05 A5 02 30 19 0A 8F
7E5BFB,206,8A 49 FF 1A 85 0A A5 08 30 19 0A 8F 02 42 00 AD
7E5C57,206,18 65 0A 85 0A 89 80 F0 06 A9 FF 85 0B 80 02 64
7E5C56,206,8A 18 65 0A 85 0A 89 80 F0 06 A9 FF 85 0B 80 02
7E5BFA,206,AA 8A 49 FF 1A 85 0A A5 08 30 19 0A 8F 02 42 00
7E5B95,206,18 65 04 85 04 89 80 F0 06 A9 FF 85 05 80 02 64
7E5C06,206,8F 02 42 00 AD F6 15 30 36 8F 03 42 00 EA EA EA
7E5C05,206,0A 8F 02 42 00 AD F6 15 30 36 8F 03 42 00 EA EA
7E5B98,206,85 04 89 80 F0 06 A9 FF 85 05 80 02 64 05 A5 02
7E5BA8,206,30 19 0A 8F 02 42 00 AD F5 15 30 36 8F 03 42 00
7E5BFE,206,1A 85 0A A5 08 30 19 0A 8F 02 42 00 AD F6 15 30
7E5B41,206,30 19 0A 8F 02 42 00 AD F5 15 30 36 8F 03 42 00
7E5C0F,206,8F 03 42 00 EA EA EA EA AF 17 42 00 4C 55 5C 49
7E5AD4,206,5A DA 08 E2 10 AA BF AC 5C 7E 8D F6 15 BF 6C 5C
7E5AD7,206,E2 10 AA BF AC 5C 7E 8D F6 15 BF 6C 5C 7E 8D F5
7E5AD9,206,AA BF AC 5C 7E 8D F6 15 BF 6C 5C 7E 8D F5 15 A5
7E5ADE,206,8D F6 15 BF 6C 5C 7E 8D F5 15 A5 02 30 19 0A 8F
7E5C55,206,AA 8A 18 65 0A 85 0A 89 80 F0 06 A9 FF 85 0B 80
7E5AD6,206,08 E2 10 AA BF AC 5C 7E 8D F6 15 BF 6C 5C 7E 8D
7E5ADA,206,BF AC 5C 7E 8D F6 15 BF 6C 5C 7E 8D F5 15 A5 02
7E5AD5,206,DA 08 E2 10 AA BF AC 5C 7E 8D F6 15 BF 6C 5C 7E
7E5C13,206,EA EA EA EA AF 17 42 00 4C 55 5C 49 FF 1A 0A 8F
7E5B43,206,0A 8F 02 42 00 AD F5 15 30 36 8F 03 42 00 EA EA
7E5C17,206,AF 17 42 00 4C 55 5C 49 FF 1A 0A 8F 02 42 00 AD
7E5C0D,206,30 36 8F 03 42 00 EA EA EA EA AF 17 42 00 4C 55
7E51EF,206,20 D4 5A C2 20 A5 04 89 80 00 F0 05 09 00 FF 80
7E5B4B,206,30 36 8F 03 42 00 EA EA EA EA AF 17 42 00 4C 93
7E5B3C,206,AA 86 04 A5 08 30 19 0A 8F 02 42 00 AD F5 15 30
7E5B3D,206,86 04 A5 08 30 19 0A 8F 02 42 00 AD F5 15 30 36
7E5C1B,206,4C 55 5C 49 FF 1A 0A 8F 02 42 00 AD F6 15 30 08
7E5AE1,206,BF 6C 5C 7E 8D F5 15 A5 02 30 19 0A 8F 02 42 00
7E5C14,206,EA EA EA AF 17 42 00 4C 55 5C 49 FF 1A 0A 8F 02
7E5C16,206,EA AF 17 42 00 4C 55 5C 49 FF 1A 0A 8F 02 42 00
7E5AE8,206,A5 02 30 19 0A 8F 02 42 00 AD F6 15 30 36 8F 03
7E5C15,206,EA EA AF 17 42 00 4C 55 5C 49 FF 1A 0A 8F 02 42
7E5C66,205,64 0B 28 FA 7A 60 00 03 06 09 0C 0F 12 15 18 1B
08B344,203,5C 51 B3 08 C2 20 A9 00 00 95 0E E2 20 C2 20 B5
03BADC,195,A5 89 65 CB 85 89 6B 10 03 82 F9 01 C2 30 A5 C1
03BADA,195,85 88 A5 89 65 CB 85 89 6B 10 03 82 F9 01 C2 30
03BADE,195,65 CB 85 89 6B 10 03 82 F9 01 C2 30 A5 C1 29 FF
03BAD5,195,18 A5 88 65 CA 85 88 A5 89 65 CB 85 89 6B 10 03
03BAE0,195,85 89 6B 10 03 82 F9 01 C2 30 A5 C1 29 FF 00 49
03BAD8,195,65 CA 85 88 A5 89 65 CB 85 89 6B 10 03 82 F9 01
03BAD6,195,A5 88 65 CA 85 88 A5 89 65 CB 85 89 6B 10 03 82
09F8DA,184,B5 10 18 69 E8 03 95 10 E2 20 C2 20 B9 10 00 DD
09F8EE,184,30 04 5C D0 F8 09 C2 20 B5 10 38 E9 E8 03 95 10
09F8E9,184,DD 10 00 E2 20 30 04 5C D0 F8 09 C2 20 B5 10 38
09F8EC,184,E2 20 30 04 5C D0 F8 09 C2 20 B5 10 38 E9 E8 03
09F899,184,C2 20 A9 C8 00 20 AB 80 B0 04 5C D5 F8 09 C2 20
09F8E0,184,95 10 E2 20 C2 20 B9 10 00 DD 10 00 E2 20 30 04
09F8E6,184,B9 10 00 DD 10 00 E2 20 30 04 5C D0 F8 09 C2 20
09F8E2,184,E2 20 C2 20 B9 10 00 DD 10 00 E2 20 30 04 5C D0
09F8DC,184,18 69 E8 03 95 10 E2 20 C2 20 B9 10 00 DD 10 00
09F8E4,184,C2 20 B9 10 00 DD 10 00 E2 20 30 04 5C D0 F8 09
09F8A1,184,B0 04 5C D5 F8 09 C2 20 B5 26 8D 59 17 E2 20 C2
09F89E,184,20 AB 80 B0 04 5C D5 F8 09 C2 20 B5 26 8D 59 17
09F8DD,184,69 E8 03 95 10 E2 20 C2 20 B9 10 00 DD 10 00 E2
09F89B,184,A9 C8 00 20 AB 80 B0 04 5C D5 F8 09 C2 20 B5 26
1FD60F,184,B5 15 38 ED C7 14 F0 23 10 03 49 FF 1A C5 3A 10
0980B2,184,B9 10 00 38 F5 10 10 04 49 FF FF 1A C5 02 E2 20
0980BE,184,C5 02 E2 20 10 04 5C CC 80 09 E2 20 18 60 E2 21
0980B0,184,C2 20 B9 10 00 38 F5 10 10 04 49 FF FF 1A C5 02
0980B8,184,10 04 49 FF FF 1A C5 02 E2 20 10 04 5C CC 80 09
0980AB,184,85 02 AC 3A 12 C2 20 B9 10 00 38 F5 10 10 04 49
0980B6,184,F5 10 10 04 49 FF FF 1A C5 02 E2 20 10 04 5C CC
1FD60D,184,85 3A B5 15 38 ED C7 14 F0 23 10 03 49 FF 1A C5
0980AD,184,AC 3A 12 C2 20 B9 10 00 38 F5 10 10 04 49 FF FF
0980C2,184,10 04 5C CC 80 09 E2 20 18 60 E2 21 60 C2 20 B5
09F8D8,184,C2 20 B5 10 18 69 E8 03 95 10 E2 20 C2 20 B9 10
1FD611,184,38 ED C7 14 F0 23 10 03 49 FF 1A C5 3A 10 05 AD
0980C0,184,E2 20 10 04 5C CC 80 09 E2 20 18 60 E2 21 60 C2
1FD612,184,ED C7 14 F0 23 10 03 49 FF 1A C5 3A 10 05 AD C7
1FD615,184,F0 23 10 03 49 FF 1A C5 3A 10 05 AD C7 14 80 11
09F8D5,184,AC 3A 12 C2 20 B5 10 18 69 E8 03 95 10 E2 20 C2
0980B5,184,38 F5 10 10 04 49 FF FF 1A C5 02 E2 20 10 04 5C
03B378,183,38 F9 10 00 C9 64 00 90 06 B4 00 BB D0 BB 60 E2
03B376,183,B5 10 38 F9 10 00 C9 64 00 90 06 B4 00 BB D0 BB
03B37F,183,90 06 B4 00 BB D0 BB 60 E2 20 B5 20 09 02 95 20
03B37C,183,C9 64 00 90 06 B4 00 BB D0 BB 60 E2 20 B5 20 09
03B379,183,F9 10 00 C9 64 00 90 06 B4 00 BB D0 BB 60 E2 20
0AFA54,182,98 18 79 A5 A0 CD A1 F0 F0 1C B9 A1 A0 A8 D0 EB
0AFA56,182,79 A5 A0 CD A1 F0 F0 1C B9 A1 A0 A8 D0 EB 60 BD
0AFA62,182,D0 EB 60 BD A5 A0 18 79 A5 A0 9D A5 A0 8E A1 F0
0AFA5C,182,F0 1C B9 A1 A0 A8 D0 EB 60 BD A5 A0 18 79 A5 A0
0AFA5E,182,B9 A1 A0 A8 D0 EB 60 BD A5 A0 18 79 A5 A0 9D A5
0AFA61,182,A8 D0 EB 60 BD A5 A0 18 79 A5 A0 9D A5 A0 8E A1
0AFA59,182,CD A1 F0 F0 1C B9 A1 A0 A8 D0 EB 60 BD A5 A0 18
0AFA52,182,F0 11 98 18 79 A5 A0 CD A1 F0 F0 1C B9 A1 A0 A8
0AFA55,182,18 79 A5 A0 CD A1 F0 F0 1C B9 A1 A0 A8 D0 EB 60
0AFA4F,182,CC A3 F0 F0 11 98 18 79 A5 A0 CD A1 F0 F0 1C B9
09F8F4,181,C2 20 B5 10 38 E9 E8 03 95 10 E2 20 6B C2 20 A9
09F900,181,6B C2 20 A9 F6 20 95 28 E2 20 22 4A FC 02 9B C2
02F5B7,181,5C B2 F6 02 B9 09 00 89 01 C2 20 F0 05 A9 98 3A
09F8F8,181,38 E9 E8 03 95 10 E2 20 6B C2 20 A9 F6 20 95 28
09F8F9,181,E9 E8 03 95 10 E2 20 6B C2 20 A9 F6 20 95 28 E2
09F8FE,181,E2 20 6B C2 20 A9 F6 20 95 28 E2 20 22 4A FC 02
09F8FC,181,95 10 E2 20 6B C2 20 A9 F6 20 95 28 E2 20 22 4A
09F8F6,181,B5 10 38 E9 E8 03 95 10 E2 20 6B C2 20 A9 F6 20
0483E3,178,4C 5F 80 A9 00 95 24 E2 20 C2 20 F6 28 E2 20 4C
0483E1,178,E2 20 4C 5F 80 A9 00 95 24 E2 20 C2 20 F6 28 E2
0483D9,178,B5 28 18 69 02 00 95 28 E2 20 4C 5F 80 A9 00 95
0483D7,178,C2 20 B5 28 18 69 02 00 95 28 E2 20 4C 5F 80 A9
0483DC,178,69 02 00 95 28 E2 20 4C 5F 80 A9 00 95 24 E2 20
0483DB,178,18 69 02 00 95 28 E2 20 4C 5F 80 A9 00 95 24 E2
0483D5,178,E2 20 C2 20 B5 28 18 69 02 00 95 28 E2 20 4C 5F
0483DF,178,95 28 E2 20 4C 5F 80 A9 00 95 24 E2 20 C2 20 F6
03BA8C,177,B0 FA 85 86 8A 38 E5 92 85 8A A6 84 BD D5 83 A6
03BA8A,177,C5 84 B0 FA 85 86 8A 38 E5 92 85 8A A6 84 BD D5
03BA88,177,CA 4A C5 84 B0 FA 85 86 8A 38 E5 92 85 8A A6 84
03BA89,177,4A C5 84 B0 FA 85 86 8A 38 E5 92 85 8A A6 84 BD
03BA8E,177,85 86 8A 38 E5 92 85 8A A6 84 BD D5 83 A6 86 38
1FCD80,175,A9 00 38 ED 17 42 AA 8A 49 FF 1A 85 0A A5 08 30
1FCD83,175,ED 17 42 AA 8A 49 FF 1A 85 0A A5 08 30 16 0A 8D
1FCD82,175,38 ED 17 42 AA 8A 49 FF 1A 85 0A A5 08 30 16 0A
09F8A3,166,5C D5 F8 09 C2 20 B5 26 8D 59 17 E2 20 C2 20 22
0980CB,166,60 E2 21 60 C2 20 B5 31 18 69 04 00 95 31 E2 20
0980CA,166,18 60 E2 21 60 C2 20 B5 31 18 69 04 00 95 31 E2
0980C8,166,E2 20 18 60 E2 21 60 C2 20 B5 31 18 69 04 00 95
7E5724,162,BD C8 2E 18 6D 5A 12 8D 52 12 A5 3A 38 E5 6C 10
7E5727,162,18 6D 5A 12 8D 52 12 A5 3A 38 E5 6C 10 04 49 FF
7E573D,162,30 03 4C 82 57 BD CA 2E 18 6D 5C 12 8D 52 12 A5
7E5728,162,6D 5A 12 8D 52 12 A5 3A 38 E5 6C 10 04 49 FF FF
7E5730,162,38 E5 6C 10 04 49 FF FF 1A 38 ED 52 12 30 03 4C
7E572B,162,8D 52 12 A5 3A 38 E5 6C 10 04 49 FF FF 1A 38 ED
7E5739,162,38 ED 52 12 30 03 4C 82 57 BD CA 2E 18 6D 5C 12
7E573A,162,ED 52 12 30 03 4C 82 57 BD CA 2E 18 6D 5C 12 8D
7E5731,162,E5 6C 10 04 49 FF FF 1A 38 ED 52 12 30 03 4C 82
7E572E,162,A5 3A 38 E5 6C 10 04 49 FF FF 1A 38 ED 52 12 30
7E5733,162,10 04 49 FF FF 1A 38 ED 52 12 30 03 4C 82 57 BD
1FCD4F,154,AD 17 42 4C 86 CD 49 FF 1A 0A 8D 02 42 AD F5 15
1FCD4C,154,EA EA EA AD 17 42 4C 86 CD 49 FF 1A 0A 8D 02 42
1FD63B,154,6B C5 3A D0 04 5C 29 DA 1F 38 E5 3A C9 00 00 30
1FCD4D,154,EA EA AD 17 42 4C 86 CD 49 FF 1A 0A 8D 02 42 AD
1FCD4E,154,EA AD 17 42 4C 86 CD 49 FF 1A 0A 8D 02 42 AD F5
1FCD4B,154,EA EA EA EA AD 17 42 4C 86 CD 49 FF 1A 0A 8D 02
1FCD52,154,4C 86 CD 49 FF 1A 0A 8D 02 42 AD F5 15 30 07 8D
1FD63A,154,38 6B C5 3A D0 04 5C 29 DA 1F 38 E5 3A C9 00 00
1FCD48,154,8D 03 42 EA EA EA EA AD 17 42 4C 86 CD 49 FF 1A
1FCD24,150,38 ED 17 42 AA 8A 18 65 04 85 04 89 80 F0 06 A9
1FCD22,150,A9 00 38 ED 17 42 AA 8A 18 65 04 85 04 89 80 F0
1FCD25,150,ED 17 42 AA 8A 18 65 04 85 04 89 80 F0 06 A9 FF
1FCD21,150,EA A9 00 38 ED 17 42 AA 8A 18 65 04 85 04 89 80
1FCD1D,150,8D 03 42 EA EA A9 00 38 ED 17 42 AA 8A 18 65 04
7E532E,150,82 51 04 AE 01 1F BD C6 2E D0 03 82 CA 03 48 A5
1FCD20,150,EA EA A9 00 38 ED 17 42 AA 8A 18 65 04 85 04 89
1FCD1A,150,49 FF 1A 8D 03 42 EA EA A9 00 38 ED 17 42 AA 8A
1FCD1C,150,1A 8D 03 42 EA EA A9 00 38 ED 17 42 AA 8A 18 65
1FC529,147,1A 8D 03 42 EA EA A9 00 38 ED 17 42 AA 85 90 A5
1FC57E,147,ED 17 42 AA 85 90 C9 00 10 02 C6 91 A5 7E 30 15
1FC52D,147,EA EA A9 00 38 ED 17 42 AA 85 90 A5 90 30 15 0A
1FC55A,147,30 07 8D 03 42 EA 4C 7B C5 49 FF 1A 8D 03 42 EA
1FC52A,147,8D 03 42 EA EA A9 00 38 ED 17 42 AA 85 90 A5 90
1FC527,147,49 FF 1A 8D 03 42 EA EA A9 00 38 ED 17 42 AA 85
1FC57D,147,38 ED 17 42 AA 85 90 C9 00 10 02 C6 91 A5 7E 30
1FC52E,147,EA A9 00 38 ED 17 42 AA 85 90 A5 90 30 15 0A 8D
1FC55C,147,8D 03 42 EA 4C 7B C5 49 FF 1A 8D 03 42 EA EA EA
1FC555,147,8D 02 42 A5 83 30 07 8D 03 42 EA 4C 7B C5 49 FF
1FC558,147,A5 83 30 07 8D 03 42 EA 4C 7B C5 49 FF 1A 8D 03
1FC55F,147,EA 4C 7B C5 49 FF 1A 8D 03 42 EA EA EA EA AD 17
1FC52F,147,A9 00 38 ED 17 42 AA 85 90 A5 90 30 15 0A 8D 02
1FC560,147,4C 7B C5 49 FF 1A 8D 03 42 EA EA EA EA AD 17 42
1FC553,147,1A 0A 8D 02 42 A5 83 30 07 8D 03 42 EA 4C 7B C5
1FC57B,147,A9 00 38 ED 17 42 AA 85 90 C9 00 10 02 C6 91 A5
1FC531,147,38 ED 17 42 AA 85 90 A5 90 30 15 0A 8D 02 42 A5
1FC551,147,49 FF 1A 0A 8D 02 42 A5 83 30 07 8D 03 42 EA 4C
1FC554,147,0A 8D 02 42 A5 83 30 07 8D 03 42 EA 4C 7B C5 49
1FC588,147,C6 91 A5 7E 30 15 0A 8D 02 42 A5 82 30 2F 8D 03
1FC532,147,ED 17 42 AA 85 90 A5 90 30 15 0A 8D 02 42 A5 83
04A22A,145,B5 1F 29 02 D0 04 5C 47 A2 04 AD BD 15 18 6D 3C
04A19C,145,D0 04 5C D1 A1 04 B5 15 D5 0A 30 0B 38 F5 0B D5
04A21B,145,29 20 D0 04 5C 26 A2 04 20 BF 84 22 BB C7 1F B5
04A21D,145,D0 04 5C 26 A2 04 20 BF 84 22 BB C7 1F B5 1F 29
04A199,145,60 B5 0B D0 04 5C D1 A1 04 B5 15 D5 0A 30 0B 38
04A219,145,B5 1E 29 20 D0 04 5C 26 A2 04 20 BF 84 22 BB C7
04A196,145,9C AE F0 60 B5 0B D0 04 5C D1 A1 04 B5 15 D5 0A
04A226,145,22 BB C7 1F B5 1F 29 02 D0 04 5C 47 A2 04 AD BD
04A0B6,145,D0 04 5C 93 A1 04 C8 48 5A DA B9 A3 A0 C2 20 29
04A19A,145,B5 0B D0 04 5C D1 A1 04 B5 15 D5 0A 30 0B 38 F5
04A1F0,145,B5 1E 29 40 D0 04 5C 0B A2 04 B5 12 95 15 B5 1E
04A20F,145,D0 04 5C 19 A2 04 22 69 DC 1F B5 1E 29 20 D0 04
04A20B,145,B5 1E 29 10 D0 04 5C 19 A2 04 22 69 DC 1F B5 1E
04A20D,145,29 10 D0 04 5C 19 A2 04 22 69 DC 1F B5 1E 29 20
04A1F6,145,5C 0B A2 04 B5 12 95 15 B5 1E 29 20 F0 04 5C 0B
04A0A5,145,B4 28 8C AD F0 BC FA 1C D0 04 5C 93 A1 04 B9 A1
04A0A7,145,8C AD F0 BC FA 1C D0 04 5C 93 A1 04 B9 A1 A0 D0
04A099,145,AD AD F0 0D AD F0 F0 04 5C EE BD 1F B4 28 8C AD
04A09F,145,F0 04 5C EE BD 1F B4 28 8C AD F0 BC FA 1C D0 04
04A1D5,145,D0 04 5C F0 A1 04 B5 14 C9 80 6A 10 02 69 00 C9
04A09C,145,0D AD F0 F0 04 5C EE BD 1F B4 28 8C AD F0 BC FA
04A22C,145,29 02 D0 04 5C 47 A2 04 AD BD 15 18 6D 3C 12 29
04A0AD,145,D0 04 5C 93 A1 04 B9 A1 A0 D0 04 5C 93 A1 04 C8
04A0AA,145,BC FA 1C D0 04 5C 93 A1 04 B9 A1 A0 D0 04 5C 93
04A1D1,145,B5 1E 29 80 D0 04 5C F0 A1 04 B5 14 C9 80 6A 10
04A22E,145,D0 04 5C 47 A2 04 AD BD 15 18 6D 3C 12 29 03 F0
04A2C0,145,95 1F B5 1F 29 FE 95 1F 6B B5 1F 09 04 95 1F B4
04A247,145,B5 1D 29 40 D0 04 5C AB A2 04 BD F5 1C D0 04 5C
04A18E,145,AC AD F0 94 28 9C AD F0 9C AE F0 60 B5 0B D0 04
04A11C,145,FA DA B5 1F 29 01 D0 04 5C 7F A1 04 80 31 FA DA
04A191,145,94 28 9C AD F0 9C AE F0 60 B5 0B D0 04 5C D1 A1
04A193,145,9C AD F0 9C AE F0 60 B5 0B D0 04 5C D1 A1 04 B5
04A2C8,145,6B B5 1F 09 04 95 1F B4 1B B9 2E 00 29 80 D0 04
04A124,145,5C 7F A1 04 80 31 FA DA B5 1F 29 04 D0 04 5C 7F
04A122,145,D0 04 5C 7F A1 04 80 31 FA DA B5 1F 29 04 D0 04
04A11D,145,DA B5 1F 29 01 D0 04 5C 7F A1 04 80 31 FA DA B5
04A1F4,145,D0 04 5C 0B A2 04 B5 12 95 15 B5 1E 29 20 F0 04
04A11E,145,B5 1F 29 01 D0 04 5C 7F A1 04 80 31 FA DA B5 1F
04A120,145,29 01 D0 04 5C 7F A1 04 80 31 FA DA B5 1F 29 04
04A230,145,5C 47 A2 04 AD BD 15 18 6D 3C 12 29 03 F0 04 5C
04A2C6,145,95 1F 6B B5 1F 09 04 95 1F B4 1B B9 2E 00 29 80
04A2C2,145,B5 1F 29 FE 95 1F 6B B5 1F 09 04 95 1F B4 1B B9
04A24D,145,5C AB A2 04 BD F5 1C D0 04 5C AB A2 04 C2 20 A9
04A2AB,145,20 99 A0 B5 20 29 40 D0 04 5C BC A2 04 22 18 E1
04A24B,145,D0 04 5C AB A2 04 BD F5 1C D0 04 5C AB A2 04 C2
04A249,145,29 40 D0 04 5C AB A2 04 BD F5 1C D0 04 5C AB A2
04A2C4,145,29 FE 95 1F 6B B5 1F 09 04 95 1F B4 1B B9 2E 00
04A2AE,145,B5 20 29 40 D0 04 5C BC A2 04 22 18 E1 09 B5 1F
04A2B2,145,D0 04 5C BC A2 04 22 18 E1 09 B5 1F 29 FB 95 1F
04A2BE,145,29 FB 95 1F B5 1F 29 FE 95 1F 6B B5 1F 09 04 95
04A2B0,145,29 40 D0 04 5C BC A2 04 22 18 E1 09 B5 1F 29 FB
04A2BC,145,B5 1F 29 FB 95 1F B5 1F 29 FE 95 1F 6B B5 1F 09
04A2B4,145,5C BC A2 04 22 18 E1 09 B5 1F 29 FB 95 1F B5 1F
04A1F2,145,29 40 D0 04 5C 0B A2 04 B5 12 95 15 B5 1E 29 20
04A1D3,145,29 80 D0 04 5C F0 A1 04 B5 14 C9 80 6A 10 02 69
04A0BC,145,C8 48 5A DA B9 A3 A0 C2 20 29 FF 00 0A AA E2 20
04A1D7,145,5C F0 A1 04 B5 14 C9 80 6A 10 02 69 00 C9 80 6A
04A0B3,145,B9 A1 A0 D0 04 5C 93 A1 04 C8 48 5A DA B9 A3 A0
04A19E,145,5C D1 A1 04 B5 15 D5 0A 30 0B 38 F5 0B D5 0A 10
1FC4B6,143,0A 8D 02 42 A5 83 30 07 8D 03 42 EA 4C DD C4 49
1FC4B3,143,49 FF 1A 0A 8D 02 42 A5 83 30 07 8D 03 42 EA 4C
1FC4BC,143,30 07 8D 03 42 EA 4C DD C4 49 FF 1A 8D 03 42 EA
1FC494,143,ED 17 42 AA 85 02 A5 02 30 15 0A 8D 02 42 A5 83
1FC4BA,143,A5 83 30 07 8D 03 42 EA 4C DD C4 49 FF 1A 8D 03
1FC48F,143,EA EA A9 00 38 ED 17 42 AA 85 02 A5 02 30 15 0A
1FC4B5,143,1A 0A 8D 02 42 A5 83 30 07 8D 03 42 EA 4C DD C4
1FC4E0,143,ED 17 42 AA 85 02 C9 00 10 02 C6 03 A5 7E 30 15
1FC48B,143,1A 8D 03 42 EA EA A9 00 38 ED 17 42 AA 85 02 A5
1FC493,143,38 ED 17 42 AA 85 02 A5 02 30 15 0A 8D 02 42 A5
1FC490,143,EA A9 00 38 ED 17 42 AA 85 02 A5 02 30 15 0A 8D
1FC4BE,143,8D 03 42 EA 4C DD C4 49 FF 1A 8D 03 42 EA EA EA
1FC48C,143,8D 03 42 EA EA A9 00 38 ED 17 42 AA 85 02 A5 02
1FC4C2,143,4C DD C4 49 FF 1A 8D 03 42 EA EA EA EA AD 17 42
1FC4DD,143,A9 00 38 ED 17 42 AA 85 02 C9 00 10 02 C6 03 A5
1FC4DF,143,38 ED 17 42 AA 85 02 C9 00 10 02 C6 03 A5 7E 30
1FC491,143,A9 00 38 ED 17 42 AA 85 02 A5 02 30 15 0A 8D 02
1FC4C1,143,EA 4C DD C4 49 FF 1A 8D 03 42 EA EA EA EA AD 17
1FC4B7,143,8D 02 42 A5 83 30 07 8D 03 42 EA 4C DD C4 49 FF
1FC489,143,49 FF 1A 8D 03 42 EA EA A9 00 38 ED 17 42 AA 85
03B36F,140,80 05 C9 D4 FE 90 0B B5 10 38 F9 10 00 C9 64 00
04A215,138,22 69 DC 1F B5 1E 29 20 D0 04 5C 26 A2 04 20 BF
1FDADD,137,99 0C 00 B5 0E 99 0E 00 B5 10 99 10 00 E2 20 6B
1FDAD9,137,C2 20 B5 0C 99 0C 00 B5 0E 99 0E 00 B5 10 99 10
1FDAE7,137,99 10 00 E2 20 6B C2 20 B9 0C 00 95 0C B9 0E 00
1FDAE0,137,B5 0E 99 0E 00 B5 10 99 10 00 E2 20 6B C2 20 B9
1FDADB,137,B5 0C 99 0C 00 B5 0E 99 0E 00 B5 10 99 10 00 E2
1FDAE5,137,B5 10 99 10 00 E2 20 6B C2 20 B9 0C 00 95 0C B9
1FDAEA,137,E2 20 6B C2 20 B9 0C 00 95 0C B9 0E 00 95 0E B9
1FDAE2,137,99 0E 00 B5 10 99 10 00 E2 20 6B C2 20 B9 0C 00
1FDAEC,137,6B C2 20 B9 0C 00 95 0C B9 0E 00 95 0E B9 10 00
03EB31,136,60 60 60 60 60 7C 7D 62 62 7A 7B 61 61 7E 7F 63
03EB30,136,28 60 60 60 60 60 7C 7D 62 62 7A 7B 61 61 7E 7F
03EB1B,136,F0 05 AD FD 1F F0 0E C2 20 AF 2C 00 70 38 E9 10
03EB13,136,89 80 D0 0B 29 7F C9 05 F0 05 AD FD 1F F0 0E C2
03EB15,136,D0 0B 29 7F C9 05 F0 05 AD FD 1F F0 0E C2 20 AF
03EB17,136,29 7F C9 05 F0 05 AD FD 1F F0 0E C2 20 AF 2C 00
03EB0D,136,08 E2 20 AD 9C 18 89 80 D0 0B 29 7F C9 05 F0 05
03EB10,136,AD 9C 18 89 80 D0 0B 29 7F C9 05 F0 05 AD FD 1F
03EB19,136,C9 05 F0 05 AD FD 1F F0 0E C2 20 AF 2C 00 70 38
03EB0E,136,E2 20 AD 9C 18 89 80 D0 0B 29 7F C9 05 F0 05 AD
03EB20,136,F0 0E C2 20 AF 2C 00 70 38 E9 10 00 8F 2C 00 70
03EB1D,136,AD FD 1F F0 0E C2 20 AF 2C 00 70 38 E9 10 00 8F
1FC4EA,134,C6 03 A5 7E 30 15 0A 8D 02 42 A5 7B 30 2F 8D 03
0980BD,133,1A C5 02 E2 20 10 04 5C CC 80 09 E2 20 18 60 E2
7E573F,133,4C 82 57 BD CA 2E 18 6D 5C 12 8D 52 12 A5 3C 38
0980BA,133,49 FF FF 1A C5 02 E2 20 10 04 5C CC 80 09 E2 20
1FD112,130,E2 20 6B C2 20 B9 0C 00 38 F5 0C 85 02 10 06 A9
1FD10F,130,8D 52 12 E2 20 6B C2 20 B9 0C 00 38 F5 0C 85 02
1FD10A,130,6A C9 00 80 6A 8D 52 12 E2 20 6B C2 20 B9 0C 00
1FD101,130,65 08 C9 00 80 6A C9 00 80 6A C9 00 80 6A 8D 52
1FD106,130,6A C9 00 80 6A C9 00 80 6A 8D 52 12 E2 20 6B C2
1FD0DE,130,65 02 0A 8D 52 12 A5 08 C5 02 30 04 A5 08 80 02
1FD114,130,6B C2 20 B9 0C 00 38 F5 0C 85 02 10 06 A9 00 00
1FD0DB,130,A5 08 18 65 02 0A 8D 52 12 A5 08 C5 02 30 04 A5
1FD0E4,130,A5 08 C5 02 30 04 A5 08 80 02 A5 02 18 6D 52 12
1FD0FA,130,A5 02 C9 00 80 6A 18 65 08 C9 00 80 6A C9 00 80
1FD0C7,130,85 08 C2 20 A5 02 C9 00 80 6A 85 02 A5 08 C9 00
1FD107,130,C9 00 80 6A C9 00 80 6A 8D 52 12 E2 20 6B C2 20
1FD0E0,130,0A 8D 52 12 A5 08 C5 02 30 04 A5 08 80 02 A5 02
1FD0D8,130,6A 85 08 A5 08 18 65 02 0A 8D 52 12 A5 08 C5 02
1FD0D9,130,85 08 A5 08 18 65 02 0A 8D 52 12 A5 08 C5 02 30
1FD10E,130,6A 8D 52 12 E2 20 6B C2 20 B9 0C 00 38 F5 0C 85
03B34F,130,5C 81 B3 03 B5 20 29 02 F0 04 5C 81 B3 03 C2 20
1FD0DD,130,18 65 02 0A 8D 52 12 A5 08 C5 02 30 04 A5 08 80
1FD100,130,18 65 08 C9 00 80 6A C9 00 80 6A C9 00 80 6A 8D
1FD103,130,C9 00 80 6A C9 00 80 6A C9 00 80 6A 8D 52 12 E2
1FD0F4,130,85 02 0A 0A 85 08 A5 02 C9 00 80 6A 18 65 08 C9
1FD0F7,130,0A 85 08 A5 02 C9 00 80 6A 18 65 08 C9 00 80 6A
1FD0D3,130,A5 08 C9 00 80 6A 85 08 A5 08 18 65 02 0A 8D 52
1FD0E1,130,8D 52 12 A5 08 C5 02 30 04 A5 08 80 02 A5 02 18
1FD0FF,130,6A 18 65 08 C9 00 80 6A C9 00 80 6A C9 00 80 6A
1FD0F0,130,18 6D 52 12 85 02 0A 0A 85 08 A5 02 C9 00 80 6A
1FD0F1,130,6D 52 12 85 02 0A 0A 85 08 A5 02 C9 00 80 6A 18
1FD0E6,130,C5 02 30 04 A5 08 80 02 A5 02 18 6D 52 12 85 02
1FD0F6,130,0A 0A 85 08 A5 02 C9 00 80 6A 18 65 08 C9 00 80
1FD0F8,130,85 08 A5 02 C9 00 80 6A 18 65 08 C9 00 80 6A C9
1FD0E8,130,30 04 A5 08 80 02 A5 02 18 6D 52 12 85 02 0A 0A
1FD0FC,130,C9 00 80 6A 18 65 08 C9 00 80 6A C9 00 80 6A C9
1FD0D1,130,85 02 A5 08 C9 00 80 6A 85 08 A5 08 18 65 02 0A
1FD0D5,130,C9 00 80 6A 85 08 A5 08 18 65 02 0A 8D 52 12 A5
1FD0D0,130,6A 85 02 A5 08 C9 00 80 6A 85 08 A5 08 18 65 02
1FD0B0,130,38 F5 0C 10 04 49 FF FF 1A 85 02 B9 10 00 38 F5
1FD0B1,130,F5 0C 10 04 49 FF FF 1A 85 02 B9 10 00 38 F5 10
1FD0B9,130,85 02 B9 10 00 38 F5 10 10 04 49 FF FF 1A 85 08
1FD0AD,130,B9 0C 00 38 F5 0C 10 04 49 FF FF 1A 85 02 B9 10
1FD0BF,130,F5 10 10 04 49 FF FF 1A 85 08 C2 20 A5 02 C9 00
1FD0AB,130,C2 20 B9 0C 00 38 F5 0C 10 04 49 FF FF 1A 85 02
1FD0C1,130,10 04 49 FF FF 1A 85 08 C2 20 A5 02 C9 00 80 6A
1FD0BB,130,B9 10 00 38 F5 10 10 04 49 FF FF 1A 85 08 C2 20
1FD0B3,130,10 04 49 FF FF 1A 85 02 B9 10 00 38 F5 10 10 04
1FD0CD,130,C9 00 80 6A 85 02 A5 08 C9 00 80 6A 85 08 A5 08
1FD0C9,130,C2 20 A5 02 C9 00 80 6A 85 02 A5 08 C9 00 80 6A
1FD0BE,130,38 F5 10 10 04 49 FF FF 1A 85 08 C2 20 A5 02 C9
1FD0CB,130,A5 02 C9 00 80 6A 85 02 A5 08 C9 00 80 6A 85 08
1FD10B,130,C9 00 80 6A 8D 52 12 E2 20 6B C2 20 B9 0C 00 38
1FD0C3,128,49 FF FF 1A 85 08 C2 20 A5 02 C9 00 80 6A 85 02
1FD0C6,128,1A 85 08 C2 20 A5 02 C9 00 80 6A 85 02 A5 08 C9
1FD0EC,127,80 02 A5 02 18 6D 52 12 85 02 0A 0A 85 08 A5 02
1FD0EA,127,A5 08 80 02 A5 02 18 6D 52 12 85 02 0A 0A 85 08
1FC5CF,126,38 ED 17 42 AA 85 08 C9 00 10 02 C6 09 C2 10 A6
02DD11,126,8F B8 01 70 AF BA 01 70 F0 14 AF BC 01 70 3A 3A
03DBBF,126,60 E2 20 E2 20 A9 00 8F 00 21 00 A9 00 EA EA EA
1FC5C7,126,1A 8D 03 42 EA EA A9 00 38 ED 17 42 AA 85 08 C9
02DA42,126,22 10 DC 02 AD BD 18 C9 02 D0 F9 9C BD 18 C2 30
1FC5CD,126,A9 00 38 ED 17 42 AA 85 08 C9 00 10 02 C6 09 C2
1FC5C5,126,49 FF 1A 8D 03 42 EA EA A9 00 38 ED 17 42 AA 85
1FC5CC,126,EA A9 00 38 ED 17 42 AA 85 08 C9 00 10 02 C6 09
1FC5CB,126,EA EA A9 00 38 ED 17 42 AA 85 08 C9 00 10 02 C6
1FC09E,126,6B B5 15 85 7E 8B 86 76 84 78 64 08 64 09 B5 13
02DA33,126,E2 20 AD BD 18 F0 FB AD 15 1F F0 03 20 A3 DA 22
02DA3D,126,F0 03 20 A3 DA 22 10 DC 02 AD BD 18 C9 02 D0 F9
02DD08,126,AE 69 15 B5 2A 10 02 A9 00 8F B8 01 70 AF BA 01
02DC1F,126,6B 08 E2 20 C2 10 A9 01 A2 E2 B0 22 E3 4E 7E 28
02DD0B,126,B5 2A 10 02 A9 00 8F B8 01 70 AF BA 01 70 F0 14
02DD06,126,C2 10 AE 69 15 B5 2A 10 02 A9 00 8F B8 01 70 AF
02DA2C,126,20 04 DD 22 3D C0 1F E2 20 AD BD 18 F0 FB AD 15
02DD04,126,E2 20 C2 10 AE 69 15 B5 2A 10 02 A9 00 8F B8 01
1FC5D0,126,ED 17 42 AA 85 08 C9 00 10 02 C6 09 C2 10 A6 76
1FC09D,126,28 6B B5 15 85 7E 8B 86 76 84 78 64 08 64 09 B5
02DD0D,126,10 02 A9 00 8F B8 01 70 AF BA 01 70 F0 14 AF BC
02DC17,126,A2 CB B0 22 E3 4E 7E 28 6B 08 E2 20 C2 10 A9 01
02DD33,126,C9 28 F0 0D AF BC 01 70 1A 8F BC 01 70 29 0F F0
02DC13,126,C2 10 A9 01 A2 CB B0 22 E3 4E 7E 28 6B 08 E2 20
02DD15,126,AF BA 01 70 F0 14 AF BC 01 70 3A 3A 10 06 A9 00
02DC10,126,08 E2 20 C2 10 A9 01 A2 CB B0 22 E3 4E 7E 28 6B
02DD19,126,F0 14 AF BC 01 70 3A 3A 10 06 A9 00 8F BA 01 70
02DA3A,126,AD 15 1F F0 03 20 A3 DA 22 10 DC 02 AD BD 18 C9
02DA2F,126,22 3D C0 1F E2 20 AD BD 18 F0 FB AD 15 1F F0 03
1FC5C8,126,8D 03 42 EA EA A9 00 38 ED 17 42 AA 85 08 C9 00
03DBA3,126,6B 20 A8 DB 6B C2 20 A9 48 01 38 ED B1 15 30 0D
02DC1E,126,28 6B 08 E2 20 C2 10 A9 01 A2 E2 B0 22 E3 4E 7E
1FC040,126,9C FD 1E AE 1F 12 F0 55 A0 00 00 DA B5 2E 29 04
1FC043,126,AE 1F 12 F0 55 A0 00 00 DA B5 2E 29 04 00 D0 44
02DC11,126,E2 20 C2 10 A9 01 A2 CB B0 22 E3 4E 7E 28 6B 08
02DD35,126,F0 0D AF BC 01 70 1A 8F BC 01 70 29 0F F0 00 60
02DC1A,126,22 E3 4E 7E 28 6B 08 E2 20 C2 10 A9 01 A2 E2 B0
1FC046,126,F0 55 A0 00 00 DA B5 2E 29 04 00 D0 44 B5 1E 29
02DD44,126,60 20 49 DD 6B E2 20 9C D2 1F C2 30 AE AD 16 D0
02DD2F,126,AF BC 01 70 C9 28 F0 0D AF BC 01 70 1A 8F BC 01
1FC03D,126,08 C2 30 9C FD 1E AE 1F 12 F0 55 A0 00 00 DA B5
02DC15,126,A9 01 A2 CB B0 22 E3 4E 7E 28 6B 08 E2 20 C2 10
1FC03E,126,C2 30 9C FD 1E AE 1F 12 F0 55 A0 00 00 DA B5 2E
1FC048,126,A0 00 00 DA B5 2E 29 04 00 D0 44 B5 1E 29 01 00
0BE9D7,125,F0 04 5C 56 EA 0B AD 02 12 29 04 D0 04 5C F3 E9
03E9F8,125,AD 9F 18 D0 03 82 D5 00 AD A0 18 C9 05 B0 03 82
03E9FB,125,D0 03 82 D5 00 AD A0 18 C9 05 B0 03 82 D9 00 22
03E9ED,125,AD D2 14 29 42 F0 04 5C 0B EB 03 AD 9F 18 D0 03
0BE9D5,125,29 08 F0 04 5C 56 EA 0B AD 02 12 29 04 D0 04 5C
03E9F2,125,F0 04 5C 0B EB 03 AD 9F 18 D0 03 82 D5 00 AD A0
02F940,125,C2 20 AD 97 15 89 80 00 F0 05 09 00 FF 80 03 29
0BEB1D,125,10 03 69 00 00 95 31 E2 20 AB 60 E2 20 AD D8 14
03E9EB,125,E2 20 AD D2 14 29 42 F0 04 5C 0B EB 03 AD 9F 18
0BEB1C,125,6A 10 03 69 00 00 95 31 E2 20 AB 60 E2 20 AD D8
03E9F0,125,29 42 F0 04 5C 0B EB 03 AD 9F 18 D0 03 82 D5 00
0BEB19,125,C9 00 80 6A 10 03 69 00 00 95 31 E2 20 AB 60 E2
02FA3C,125,AD DB 15 8D 1F 16 AD DD 15 8D 21 16 AD DF 15 8D
0BEB13,125,6A 10 03 69 00 00 C9 00 80 6A 10 03 69 00 00 95
0BEAFE,125,10 03 69 00 00 95 2F A5 08 C9 00 80 6A 10 03 69
0BE9FE,125,29 08 D0 04 5C 11 EA 0B AD E1 14 29 80 D0 04 5C
0BEB03,125,95 2F A5 08 C9 00 80 6A 10 03 69 00 00 C9 00 80
0BEA00,125,D0 04 5C 11 EA 0B AD E1 14 29 80 D0 04 5C 19 EA
0BEAFA,125,C9 00 80 6A 10 03 69 00 00 95 2F A5 08 C9 00 80
0BEA02,125,5C 11 EA 0B AD E1 14 29 80 D0 04 5C 19 EA 0B AD
0BEA19,125,AD 02 12 29 02 D0 04 5C 2F EA 0B AD E1 14 29 01
0BEB14,125,10 03 69 00 00 C9 00 80 6A 10 03 69 00 00 95 31
0BE9FB,125,AD 02 12 29 08 D0 04 5C 11 EA 0B AD E1 14 29 80
0BEB07,125,C9 00 80 6A 10 03 69 00 00 C9 00 80 6A 10 03 69
0BE9E2,125,D0 04 5C F3 E9 0B AD E1 14 29 40 D0 04 5C FB E9
03E9EA,125,08 E2 20 AD D2 14 29 42 F0 04 5C 0B EB 03 AD 9F
0BEB05,125,A5 08 C9 00 80 6A 10 03 69 00 00 C9 00 80 6A 10
0BE9E4,125,5C F3 E9 0B AD E1 14 29 40 D0 04 5C FB E9 0B AD
0BEB0A,125,6A 10 03 69 00 00 C9 00 80 6A 10 03 69 00 00 C9
0BEB0B,125,10 03 69 00 00 C9 00 80 6A 10 03 69 00 00 C9 00
0BE9F3,125,AD C9 1F 29 FE 8D C9 1F AD 02 12 29 08 D0 04 5C
0BEB22,125,95 31 E2 20 AB 60 E2 20 AD D8 14 C2 20 29 18 00
02F6D1,125,D0 01 6B AE EB 1E AC EF 1E BF F1 F7 02 99 0B 18
02F93E,125,E2 10 C2 20 AD 97 15 89 80 00 F0 05 09 00 FF 80
0BEB76,125,95 04 E2 20 AD DD 14 C9 03 F0 04 5C 8E EB 0B C2
0BE8E6,125,20 21 DF 20 6C DF 20 D0 E9 60 20 3A D3 B5 15 85
0BEB78,125,E2 20 AD DD 14 C9 03 F0 04 5C 8E EB 0B C2 20 A9
02F974,125,85 C3 AD 99 15 89 80 00 F0 05 09 00 FF 80 03 29
02F971,125,6D EA 14 85 C3 AD 99 15 89 80 00 F0 05 09 00 FF
0BE8E9,125,20 6C DF 20 D0 E9 60 20 3A D3 B5 15 85 7E B5 13
0BE8EC,125,20 D0 E9 60 20 3A D3 B5 15 85 7E B5 13 8D A9 15
0BEB7A,125,AD DD 14 C9 03 F0 04 5C 8E EB 0B C2 20 A9 CC D2
0BEB7F,125,F0 04 5C 8E EB 0B C2 20 A9 CC D2 95 04 E2 20 60
02FDDB,125,AD C3 14 29 FD 8D C3 14 E2 20 C2 10 4C D7 FD 08
02FDD9,125,E2 20 AD C3 14 29 FD 8D C3 14 E2 20 C2 10 4C D7
0BEB7D,125,C9 03 F0 04 5C 8E EB 0B C2 20 A9 CC D2 95 04 E2
0BD08C,125,5C B2 D0 0B AD D9 14 29 20 D0 04 5C A2 D0 0B A9
0BEB81,125,5C 8E EB 0B C2 20 A9 CC D2 95 04 E2 20 60 00 01
0BEB8E,125,60 00 01 02 03 04 04 05 05 05 04 04 03 02 01 00
0BEB24,125,E2 20 AB 60 E2 20 AD D8 14 C2 20 29 18 00 F0 37
02F938,125,F0 04 5C A5 FA 02 E2 10 C2 20 AD 97 15 89 80 00
0BE8EF,125,60 20 3A D3 B5 15 85 7E B5 13 8D A9 15 B5 12 8D
02FA57,125,8D 27 16 AD E5 15 8D 29 16 AD E7 15 8D 2B 16 AD
0BEB26,125,AB 60 E2 20 AD D8 14 C2 20 29 18 00 F0 37 89 08
0BEB27,125,60 E2 20 AD D8 14 C2 20 29 18 00 F0 37 89 08 00
0BB342,125,B5 0E 18 65 0A 95 0E E2 20 C2 20 B5 0C CD 73 15
0BEA1E,125,D0 04 5C 2F EA 0B AD E1 14 29 01 D0 04 5C 37 EA
03BC38,125,AD 2B 16 C9 00 80 6A C9 00 80 6A C9 00 80 6A C9
0BEB72,125,AF 86 31 7E 95 04 E2 20 AD DD 14 C9 03 F0 04 5C
0BEB28,125,E2 20 AD D8 14 C2 20 29 18 00 F0 37 89 08 00 F0
0BEB2F,125,29 18 00 F0 37 89 08 00 F0 14 89 10 00 D0 1E A9
0BEA14,125,29 FD 8D C9 1F AD 02 12 29 02 D0 04 5C 2F EA 0B
0BEB6E,125,8F 26 2B 70 AF 86 31 7E 95 04 E2 20 AD DD 14 C9
0BEB2A,125,AD D8 14 C2 20 29 18 00 F0 37 89 08 00 F0 14 89
0BEB6B,125,A9 00 00 8F 26 2B 70 AF 86 31 7E 95 04 E2 20 AD
02F970,125,18 6D EA 14 85 C3 AD 99 15 89 80 00 F0 05 09 00
0BEB32,125,F0 37 89 08 00 F0 14 89 10 00 D0 1E A9 01 00 8F
0BEA20,125,5C 2F EA 0B AD E1 14 29 01 D0 04 5C 37 EA 0B AD
0BEA3C,125,D0 04 5C 4D EA 0B AD E1 14 29 02 D0 04 5C 55 EA
0BEA3A,125,29 01 D0 04 5C 4D EA 0B AD E1 14 29 02 D0 04 5C
02F96C,125,18 6D FA 14 18 6D EA 14 85 C3 AD 99 15 89 80 00
0BEAA7,125,85 09 64 08 AD E5 14 85 3A DA E2 10 A5 02 85 63
0BEAC7,125,A5 67 85 03 A5 08 85 63 A5 09 85 64 A5 3A 85 65
03BBE9,125,C9 00 80 6A C9 00 80 6A 8D 43 16 AD 27 16 C9 00
0BEAC3,125,A5 66 85 02 A5 67 85 03 A5 08 85 63 A5 09 85 64
0BEAC5,125,85 02 A5 67 85 03 A5 08 85 63 A5 09 85 64 A5 3A
0BEABF,125,22 62 FC 02 A5 66 85 02 A5 67 85 03 A5 08 85 63
0BEABD,125,85 65 22 62 FC 02 A5 66 85 02 A5 67 85 03 A5 08
0BEACB,125,A5 08 85 63 A5 09 85 64 A5 3A 85 65 22 62 FC 02
0BEACF,125,A5 09 85 64 A5 3A 85 65 22 62 FC 02 A5 66 85 08
02D95F,125,D0 FC 9C 12 1F A9 02 85 00 20 49 DD 22 5C BB 06
02F588,125,AB C2 30 9C E7 1E AD 61 19 8F 20 02 70 A5 C3 8F
0BEACD,125,85 63 A5 09 85 64 A5 3A 85 65 22 62 FC 02 A5 66
02F956,125,18 6D E8 14 85 C1 AD 98 15 89 80 00 F0 05 09 00
02FDE7,125,4C D7 FD 08 E2 20 C2 10 DA E2 20 C2 10 AD C3 14
0BEAD1,125,85 64 A5 3A 85 65 22 62 FC 02 A5 66 85 08 A5 67
0BEAD5,125,85 65 22 62 FC 02 A5 66 85 08 A5 67 85 09 C2 30
0BD9EC,125,C9 00 80 6A C9 00 80 6A 10 03 69 00 00 18 6D C7
0BEAA9,125,64 08 AD E5 14 85 3A DA E2 10 A5 02 85 63 A5 03
03BAEF,125,49 FF 00 38 E9 80 07 85 02 A5 C5 29 FF 00 49 FF
02F95A,125,85 C1 AD 98 15 89 80 00 F0 05 09 00 FF 80 03 29
0BEAAE,125,85 3A DA E2 10 A5 02 85 63 A5 03 85 64 A5 3A 85
02F962,125,F0 05 09 00 FF 80 03 29 FF 00 18 6D FA 14 18 6D
02F95C,125,AD 98 15 89 80 00 F0 05 09 00 FF 80 03 29 FF 00
02FA42,125,AD DD 15 8D 21 16 AD DF 15 8D 23 16 AD E1 15 8D
0BEABB,125,A5 3A 85 65 22 62 FC 02 A5 66 85 02 A5 67 85 03
02F976,125,AD 99 15 89 80 00 F0 05 09 00 FF 80 03 29 FF 00
0BEAB0,125,DA E2 10 A5 02 85 63 A5 03 85 64 A5 3A 85 65 22
02F957,125,6D E8 14 85 C1 AD 98 15 89 80 00 F0 05 09 00 FF
0BEAB7,125,A5 03 85 64 A5 3A 85 65 22 62 FC 02 A5 66 85 02
02FA36,125,AD D9 15 8D 1D 16 AD DB 15 8D 1F 16 AD DD 15 8D
02D966,125,85 00 20 49 DD 22 5C BB 06 20 54 DB C2 30 AD FE
0BEAAB,125,AD E5 14 85 3A DA E2 10 A5 02 85 63 A5 03 85 64
02FA34,125,C2 20 AD D9 15 8D 1D 16 AD DB 15 8D 1F 16 AD DD
0BEA32,125,29 FB 8D C9 1F AD 02 12 29 01 D0 04 5C 4D EA 0B
0BDA00,125,1A 8D 1D 15 E2 20 AD D9 14 29 08 D0 04 5C 20 DA
0BEAA5,125,B5 31 85 09 64 08 AD E5 14 85 3A DA E2 10 A5 02
0BEA9E,125,AB B5 2F 85 03 64 02 B5 31 85 09 64 08 AD E5 14
0BEA9D,125,48 AB B5 2F 85 03 64 02 B5 31 85 09 64 08 AD E5
0BEA9B,125,A9 00 48 AB B5 2F 85 03 64 02 B5 31 85 09 64 08
0BEA9F,125,B5 2F 85 03 64 02 B5 31 85 09 64 08 AD E5 14 85
0BEAEB,125,6A 10 03 69 00 00 C9 00 80 6A 10 03 69 00 00 C9
03EB0C,125,6B 08 E2 20 AD 9C 18 89 80 D0 0B 29 7F C9 05 F0
0BEAE8,125,C9 00 80 6A 10 03 69 00 00 C9 00 80 6A 10 03 69
0BEA9A,125,8B A9 00 48 AB B5 2F 85 03 64 02 B5 31 85 09 64
0BEAF1,125,C9 00 80 6A 10 03 69 00 00 C9 00 80 6A 10 03 69
0BEA4D,125,AD C9 1F 29 F7 8D C9 1F 60 9C C9 1F 60 20 5E EA
02F95F,125,89 80 00 F0 05 09 00 FF 80 03 29 FF 00 18 6D FA
0BEA52,125,8D C9 1F 60 9C C9 1F 60 20 5E EA 6B C2 20 A9 A1
02F96D,125,6D FA 14 18 6D EA 14 85 C3 AD 99 15 89 80 00 F0
0BEA50,125,29 F7 8D C9 1F 60 9C C9 1F 60 20 5E EA 6B C2 20
0BEAF4,125,6A 10 03 69 00 00 C9 00 80 6A 10 03 69 00 00 95
02F953,125,6D F8 14 18 6D E8 14 85 C1 AD 98 15 89 80 00 F0
02FDDE,125,29 FD 8D C3 14 E2 20 C2 10 4C D7 FD 08 E2 20 C2
0BEAE5,125,FA A5 02 C9 00 80 6A 10 03 69 00 00 C9 00 80 6A
02FA4E,125,AD E1 15 8D 25 16 AD E3 15 8D 27 16 AD E5 15 8D
02FAF3,125,1A 8D 2F 16 AD 37 16 49 FF FF 1A 8D 31 16 AD 39
02F948,125,F0 05 09 00 FF 80 03 29 FF 00 18 6D F8 14 18 6D
02FA48,125,AD DF 15 8D 23 16 AD E1 15 8D 25 16 AD E3 15 8D
02FDE5,125,C2 10 4C D7 FD 08 E2 20 C2 10 DA E2 20 C2 10 AD
02F952,125,18 6D F8 14 18 6D E8 14 85 C1 AD 98 15 89 80 00
0BEAE6,125,A5 02 C9 00 80 6A 10 03 69 00 00 C9 00 80 6A 10
02F945,125,89 80 00 F0 05 09 00 FF 80 03 29 FF 00 18 6D F8
02FDE3,125,E2 20 C2 10 4C D7 FD 08 E2 20 C2 10 DA E2 20 C2
0BEADF,125,A5 67 85 09 C2 30 FA A5 02 C9 00 80 6A 10 03 69
02FDE0,125,8D C3 14 E2 20 C2 10 4C D7 FD 08 E2 20 C2 10 DA
02F942,125,AD 97 15 89 80 00 F0 05 09 00 FF 80 03 29 FF 00
0BEAA1,125,85 03 64 02 B5 31 85 09 64 08 AD E5 14 85 3A DA
0BEADB,125,A5 66 85 08 A5 67 85 09 C2 30 FA A5 02 C9 00 80
0BEAA3,125,64 02 B5 31 85 09 64 08 AD E5 14 85 3A DA E2 10
02FDD8,125,6B E2 20 AD C3 14 29 FD 8D C3 14 E2 20 C2 10 4C
03ED50,125,B5 10 8D 01 17 AE FF 16 AD FD 16 38 ED 03 17 30
02FA5D,125,8D 29 16 AD E7 15 8D 2B 16 AD E9 15 8D 2D 16 A5
7E4F0A,125,C2 30 AD C5 14 8F 22 2B 70 AD 0B 1F 8F 2A 1A 70
0BAE4C,125,85 02 A5 0A 85 08 AD C4 15 85 90 C2 20 B5 0C 18
0BAE4E,125,A5 0A 85 08 AD C4 15 85 90 C2 20 B5 0C 18 65 04
7E3B5A,125,E2 20 AD 62 12 29 F7 8D 3A 30 A9 80 8D 15 21 A9
0BAE4A,125,A5 04 85 02 A5 0A 85 08 AD C4 15 85 90 C2 20 B5
0BAE46,125,22 78 CC 1F A5 04 85 02 A5 0A 85 08 AD C4 15 85
7E3B5C,125,AD 62 12 29 F7 8D 3A 30 A9 80 8D 15 21 A9 18 8D
0BAE41,125,9C C5 15 B5 14 22 78 CC 1F A5 04 85 02 A5 0A 85
0BAE44,125,B5 14 22 78 CC 1F A5 04 85 02 A5 0A 85 08 AD C4
0BAE38,125,F0 07 A9 FF 8D C5 15 80 03 9C C5 15 B5 14 22 78
0BAE50,125,85 08 AD C4 15 85 90 C2 20 B5 0C 18 65 04 95 0C
0BAE52,125,AD C4 15 85 90 C2 20 B5 0C 18 65 04 95 0C B5 10
0BAE5B,125,18 65 04 95 0C B5 10 18 6D C4 15 95 10 B5 0E 18
0BAE5C,125,65 04 95 0C B5 10 18 6D C4 15 95 10 B5 0E 18 65
0BAE5E,125,95 0C B5 10 18 6D C4 15 95 10 B5 0E 18 65 0A 95
7E3B59,125,AA E2 20 AD 62 12 29 F7 8D 3A 30 A9 80 8D 15 21
0BAE59,125,B5 0C 18 65 04 95 0C B5 10 18 6D C4 15 95 10 B5
0BAE57,125,C2 20 B5 0C 18 65 04 95 0C B5 10 18 6D C4 15 95
7E3B56,125,69 00 15 AA E2 20 AD 62 12 29 F7 8D 3A 30 A9 80
0BAE55,125,85 90 C2 20 B5 0C 18 65 04 95 0C B5 10 18 6D C4
7E3B55,125,18 69 00 15 AA E2 20 AD 62 12 29 F7 8D 3A 30 A9
0BAE36,125,89 80 F0 07 A9 FF 8D C5 15 80 03 9C C5 15 B5 14
0BAE31,125,85 90 8D C4 15 89 80 F0 07 A9 FF 8D C5 15 80 03
0BB32F,125,85 90 C2 20 B5 0C 18 65 04 95 0C B5 10 18 6D C4
7E3B61,125,8D 3A 30 A9 80 8D 15 21 A9 18 8D 01 43 8E 16 21
03BAFD,125,49 FF 00 38 E9 80 07 85 90 A9 00 00 38 E5 C3 85
02FB01,125,AD 39 16 49 FF FF 1A 8D 33 16 E2 20 22 76 B9 03
02FAFD,125,1A 8D 31 16 AD 39 16 49 FF FF 1A 8D 33 16 E2 20
1FD4D7,125,6A 18 65 3A 18 65 3C 6B C9 00 80 6A 85 3A C9 00
0BDC02,125,D0 04 5C 58 DC 0B AD E2 14 29 01 D0 04 5C 30 DC
06BB91,125,C9 E8 00 30 03 A9 E8 00 C9 C8 FF 10 03 A9 C8 FF
0BAE33,125,8D C4 15 89 80 F0 07 A9 FF 8D C5 15 80 03 9C C5
03BB00,125,38 E9 80 07 85 90 A9 00 00 38 E5 C3 85 08 A5 C1
7E3B5F,125,29 F7 8D 3A 30 A9 80 8D 15 21 A9 18 8D 01 43 8E
0BAE25,125,F0 06 A9 FF 85 0B 80 02 64 0B A9 00 85 90 8D C4
0BAE2D,125,64 0B A9 00 85 90 8D C4 15 89 80 F0 07 A9 FF 8D
0BAE2F,125,A9 00 85 90 8D C4 15 89 80 F0 07 A9 FF 8D C5 15
0BAE1F,125,85 08 85 0A 89 80 F0 06 A9 FF 85 0B 80 02 64 0B
0BAE23,125,89 80 F0 06 A9 FF 85 0B 80 02 64 0B A9 00 85 90
02FB04,125,49 FF FF 1A 8D 33 16 E2 20 22 76 B9 03 C2 20 AD
03BC3E,125,6A C9 00 80 6A C9 00 80 6A C9 00 80 6A C9 00 80
0BAE21,125,85 0A 89 80 F0 06 A9 FF 85 0B 80 02 64 0B A9 00
02FAFA,125,49 FF FF 1A 8D 31 16 AD 39 16 49 FF FF 1A 8D 33
0BAE60,125,B5 10 18 6D C4 15 95 10 B5 0E 18 65 0A 95 0E E2
0BAE62,125,18 6D C4 15 95 10 B5 0E 18 65 0A 95 0E E2 20 6B
02FB0B,125,E2 20 22 76 B9 03 C2 20 AD D9 15 8D 1D 16 AD DB
03BC3B,125,C9 00 80 6A C9 00 80 6A C9 00 80 6A C9 00 80 6A
03BB09,125,38 E5 C3 85 08 A5 C1 29 00 FF 4A 4A 4A 4A 4A 4A
7E3B3C,125,20 1B 40 6B C2 10 AD 0F 1F F0 06 A9 18 85 00 80
0BB2DD,125,22 ED DA 1F 22 11 DB 1F A9 21 85 02 85 04 89 80
7E3B3F,125,6B C2 10 AD 0F 1F F0 06 A9 18 85 00 80 04 A9 06
7E4F3E,125,8D 3A 30 22 F1 F4 02 6B 22 4F 4F 7E 60 20 A7 4F
7E3B40,125,C2 10 AD 0F 1F F0 06 A9 18 85 00 80 04 A9 06 85
7E3B42,125,AD 0F 1F F0 06 A9 18 85 00 80 04 A9 06 85 00 C2
7E4F4F,125,8B 08 E2 20 C2 10 AE 1F 12 B5 1D 29 80 F0 04 5C
03BB0C,125,85 08 A5 C1 29 00 FF 4A 4A 4A 4A 4A 4A 4A 4A E2
7E3B37,125,A9 01 8D BD 18 20 1B 40 6B C2 10 AD 0F 1F F0 06
0BB2FB,125,85 0A 89 80 F0 06 A9 FF 85 0B 80 02 64 0B A9 00
03BB10,125,29 00 FF 4A 4A 4A 4A 4A 4A 4A 4A E2 20 8D 4D 16
03BB0A,125,E5 C3 85 08 A5 C1 29 00 FF 4A 4A 4A 4A 4A 4A 4A
7E4F53,125,C2 10 AE 1F 12 B5 1D 29 80 F0 04 5C 68 4F 7E A9
03BB0E,125,A5 C1 29 00 FF 4A 4A 4A 4A 4A 4A 4A 4A E2 20 8D
7E3B39,125,8D BD 18 20 1B 40 6B C2 10 AD 0F 1F F0 06 A9 18
0BB2E5,125,A9 21 85 02 85 04 89 80 F0 06 A9 FF 85 05 80 02
0BB34F,125,CD 73 15 E2 20 10 04 5C 6F B3 0B C2 20 AD 73 15
03BC34,125,6A 8D 47 16 AD 2B 16 C9 00 80 6A C9 00 80 6A C9
7E4F3B,125,AD 62 12 8D 3A 30 22 F1 F4 02 6B 22 4F 4F 7E 60
0BAE6A,125,18 65 0A 95 0E E2 20 6B B4 1B AD D9 14 29 02 F0
0BAE6B,125,65 0A 95 0E E2 20 6B B4 1B AD D9 14 29 02 F0 04
0BAE6D,125,95 0E E2 20 6B B4 1B AD D9 14 29 02 F0 04 5C A1
0BAE6F,125,E2 20 6B B4 1B AD D9 14 29 02 F0 04 5C A1 AE 0B
0BAE68,125,B5 0E 18 65 0A 95 0E E2 20 6B B4 1B AD D9 14 29
7E3B53,125,A5 4A 18 69 00 15 AA E2 20 AD 62 12 29 F7 8D 3A
0BAE66,125,95 10 B5 0E 18 65 0A 95 0E E2 20 6B B4 1B AD D9
0BAE63,125,6D C4 15 95 10 B5 0E 18 65 0A 95 0E E2 20 6B B4
03BB06,125,A9 00 00 38 E5 C3 85 08 A5 C1 29 00 FF 4A 4A 4A
0BAE71,125,6B B4 1B AD D9 14 29 02 F0 04 5C A1 AE 0B C0 00
7E4F24,125,AD 62 12 09 18 8D 3A 30 8E 1E 30 20 46 4F E2 20
03BB04,125,85 90 A9 00 00 38 E5 C3 85 08 A5 C1 29 00 FF 4A
02FB08,125,8D 33 16 E2 20 22 76 B9 03 C2 20 AD D9 15 8D 1D
7E3B45,125,F0 06 A9 18 85 00 80 04 A9 06 85 00 C2 20 A5 4A
7E3B51,125,C2 20 A5 4A 18 69 00 15 AA E2 20 AD 62 12 29 F7
7E4F1A,125,E2 20 A9 01 A2 1D AC 8D 34 30 AD 62 12 09 18 8D
7E3B4D,125,A9 06 85 00 C2 20 A5 4A 18 69 00 15 AA E2 20 AD
7E4F2C,125,8E 1E 30 20 46 4F E2 20 AD 30 30 29 20 D0 F9 AD
7E3B4F,125,85 00 C2 20 A5 4A 18 69 00 15 AA E2 20 AD 62 12
02FDD7,125,28 6B E2 20 AD C3 14 29 FD 8D C3 14 E2 20 C2 10
7E3B64,125,A9 80 8D 15 21 A9 18 8D 01 43 8E 16 21 A2 00 56
03BC46,125,6A C9 00 80 6A C9 00 80 6A C9 00 80 6A C9 00 80
03ED42,125,C2 30 AE 3A 12 B5 10 38 ED 01 17 8D 03 17 B5 10
03ED44,125,AE 3A 12 B5 10 38 ED 01 17 8D 03 17 B5 10 8D 01
02FA7F,125,A5 B3 65 C1 85 C1 A5 B4 65 C2 85 C2 18 A5 B5 65
02FA81,125,65 C1 85 C1 A5 B4 65 C2 85 C2 18 A5 B5 65 C3 85
0BD179,125,CD FC 14 F0 3A 38 ED FC 14 C9 00 00 30 0A C9 08
03DB81,125,20 DD DB 20 20 DC 20 48 E1 20 8A E1 20 B3 DD 20
02FA7A,125,22 3C B9 03 18 A5 B3 65 C1 85 C1 A5 B4 65 C2 85
02FAF4,125,8D 2F 16 AD 37 16 49 FF FF 1A 8D 31 16 AD 39 16
0BDA2E,125,AD 7B 15 8D 1D 15 E2 20 C2 20 AD 1D 15 38 E9 1E
03ED4A,125,ED 01 17 8D 03 17 B5 10 8D 01 17 AE FF 16 AD FD
02FA2B,125,9C 33 16 E2 20 22 76 B9 03 C2 20 AD D9 15 8D 1D
03ED5B,125,38 ED 03 17 30 04 8D FD 16 6B 08 E2 20 8B 20 6F
0BD1B8,125,8D FC 14 E2 20 AD 0D 15 8D C7 14 A9 02 22 0D D6
02FA89,125,85 C2 18 A5 B5 65 C3 85 C3 A5 B6 65 C4 85 C4 18
03ED4D,125,8D 03 17 B5 10 8D 01 17 AE FF 16 AD FD 16 38 ED
0BD52B,125,AD D2 14 89 20 D0 04 5C 87 D6 0B AD D8 14 89 A0
02FA83,125,85 C1 A5 B4 65 C2 85 C2 18 A5 B5 65 C3 85 C3 A5
03ED58,125,AD FD 16 38 ED 03 17 30 04 8D FD 16 6B 08 E2 20
03ED52,125,8D 01 17 AE FF 16 AD FD 16 38 ED 03 17 30 04 8D
02FA8B,125,18 A5 B5 65 C3 85 C3 A5 B6 65 C4 85 C4 18 A5 B7
02FA74,125,A5 B7 85 90 E2 20 22 3C B9 03 18 A5 B3 65 C1 85
7E4F45,125,6B 22 4F 4F 7E 60 20 A7 4F 6B 8B 08 E2 20 C2 10
0BD116,125,18 6D F6 14 8D FC 14 E2 20 C2 20 AD F6 14 D5 33
0BD8D0,125,AD 2B 15 F0 06 CE 2B 15 82 7D 03 B5 23 F0 04 5C
0BD11F,125,C2 20 AD F6 14 D5 33 F0 0C 30 06 38 E9 01 00 80
0BD121,125,AD F6 14 D5 33 F0 0C 30 06 38 E9 01 00 80 04 18
02F933,125,AD CC 15 29 02 F0 04 5C A5 FA 02 E2 10 C2 20 AD
0BD0CA,125,AD 9A 15 CD CD 18 F0 3A 38 ED CD 18 C9 00 00 30
02DA63,125,20 07 E2 E2 20 AD D3 1F F0 03 EE 12 1F E2 20 AD
02F936,125,29 02 F0 04 5C A5 FA 02 E2 10 C2 20 AD 97 15 89
0BDA2C,125,C2 20 AD 7B 15 8D 1D 15 E2 20 C2 20 AD 1D 15 38
0BD134,125,8D F6 14 E2 20 C2 20 AD FC 14 38 ED 13 15 C9 00
02FA6E,125,85 02 A5 B5 85 08 A5 B7 85 90 E2 20 22 3C B9 03
02F926,125,E2 20 AD C8 1F F0 06 9C C7 18 9C C8 18 AD CC 15
0BD15A,125,6D 13 15 8D FC 14 E2 20 B5 23 C9 0A F0 06 30 04
02FA72,125,85 08 A5 B7 85 90 E2 20 22 3C B9 03 18 A5 B3 65
02F92B,125,F0 06 9C C7 18 9C C8 18 AD CC 15 29 02 F0 04 5C
02FA70,125,A5 B5 85 08 A5 B7 85 90 E2 20 22 3C B9 03 18 A5
02F928,125,AD C8 1F F0 06 9C C7 18 9C C8 18 AD CC 15 29 02
0BD14A,125,30 0D A9 32 00 80 08 C9 38 FF 10 03 A9 38 FF 18
0BD13E,125,38 ED 13 15 C9 00 00 30 0A C9 32 00 30 0D A9 32
02DA7F,125,8D A6 16 EE A7 16 AD A6 16 C9 3C 90 12 AD A7 16
02FD7F,125,F0 58 E2 20 C2 10 AD C3 14 09 02 8D C3 14 A2 8B
02FD79,125,C2 10 AD 64 19 1A F0 58 E2 20 C2 10 AD C3 14 09
03B2AD,125,29 80 D0 0B 80 12 A9 00 8D 41 21 8D E3 1F 60 A9
7E3B6B,125,8D 01 43 8E 16 21 A2 00 56 8E 02 43 A9 70 8D 04
0BAE0B,125,A9 00 85 02 85 04 89 80 F0 06 A9 FF 85 05 80 02
7E3B69,125,A9 18 8D 01 43 8E 16 21 A2 00 56 8E 02 43 A9 70
0BAE07,125,22 11 DB 1F A9 00 85 02 85 04 89 80 F0 06 A9 FF
0BAE03,125,22 ED DA 1F 22 11 DB 1F A9 00 85 02 85 04 89 80
7E3B6E,125,8E 16 21 A2 00 56 8E 02 43 A9 70 8D 04 43 A2 00
02F6CB,125,60 C2 30 AC EF 1E D0 01 6B AE EB 1E AC EF 1E BF
0BAE00,125,AC 3A 12 22 ED DA 1F 22 11 DB 1F A9 00 85 02 85
0BAE0F,125,85 04 89 80 F0 06 A9 FF 85 05 80 02 64 05 A9 00
0BDF34,125,30 04 5C 4B DF 0B C2 20 AD 71 15 95 0C E2 20 AD
03BAF6,125,85 02 A5 C5 29 FF 00 49 FF 00 38 E9 80 07 85 90
7E3B66,125,8D 15 21 A9 18 8D 01 43 8E 16 21 A2 00 56 8E 02
0BDA3C,125,E9 1E 00 8D 1D 15 E2 20 AD E0 14 89 01 F0 04 5C
0BAE13,125,F0 06 A9 FF 85 05 80 02 64 05 A9 00 85 08 85 0A
0BDA47,125,89 01 F0 04 5C 95 DA 0B AD 02 12 29 02 D0 04 5C
02FAAA,125,8E 38 12 A5 C1 95 0C A5 C3 95 0E A5 C5 95 10 E2
02FAAD,125,A5 C1 95 0C A5 C3 95 0E A5 C5 95 10 E2 20 AD CC
02FAA5,125,C2 30 A2 00 03 8E 38 12 A5 C1 95 0C A5 C3 95 0E
02FD7B,125,AD 64 19 1A F0 58 E2 20 C2 10 AD C3 14 09 02 8D
7E3B71,125,A2 00 56 8E 02 43 A9 70 8D 04 43 A2 00 2A 8E 05
7E3B77,125,A9 70 8D 04 43 A2 00 2A 8E 05 43 A9 01 8D 00 43
7E3B87,125,A9 01 8D 0B 42 AD 62 12 09 08 8D 3A 30 A9 02 8D
7E3B84,125,8D 00 43 A9 01 8D 0B 42 AD 62 12 09 08 8D 3A 30
0BDA04,125,E2 20 AD D9 14 29 08 D0 04 5C 20 DA 0B C2 20 B5
0BD9D8,125,C9 00 80 6A C9 00 80 6A C9 00 80 6A C9 00 80 6A
0BD86D,125,B5 23 D0 04 5C 85 D8 0B D6 23 F0 04 5C 85 D8 0B
02FD76,125,08 E2 20 C2 10 AD 64 19 1A F0 58 E2 20 C2 10 AD
02FA8C,125,A5 B5 65 C3 85 C3 A5 B6 65 C4 85 C4 18 A5 B7 65
02FD77,125,E2 20 C2 10 AD 64 19 1A F0 58 E2 20 C2 10 AD C3
7E3B74,125,8E 02 43 A9 70 8D 04 43 A2 00 2A 8E 05 43 A9 01
7E3B82,125,A9 01 8D 00 43 A9 01 8D 0B 42 AD 62 12 09 08 8D
0BD9D4,125,C9 00 80 6A C9 00 80 6A C9 00 80 6A C9 00 80 6A
7E3B7C,125,A2 00 2A 8E 05 43 A9 01 8D 00 43 A9 01 8D 0B 42
02FAA1,125,65 C6 85 C6 C2 30 A2 00 03 8E 38 12 A5 C1 95 0C
7E3B79,125,8D 04 43 A2 00 2A 8E 05 43 A9 01 8D 00 43 A9 01
02F6F5,125,F0 01 6B AD F3 1E D0 01 6B 3A 8D F3 1E C2 30 AE
02FA9B,125,65 C5 85 C5 A5 B8 65 C6 85 C6 C2 30 A2 00 03 8E
7E3B7F,125,8E 05 43 A9 01 8D 00 43 A9 01 8D 0B 42 AD 62 12
02FAF7,125,AD 37 16 49 FF FF 1A 8D 31 16 AD 39 16 49 FF FF
02FA99,125,A5 B7 65 C5 85 C5 A5 B8 65 C6 85 C6 C2 30 A2 00
0BE8E2,125,22 BB C7 1F 20 21 DF 20 6C DF 20 D0 E9 60 20 3A
0BE8AD,125,B5 15 85 7E B5 13 8D A9 15 B5 12 8D A8 15 22 A7
0BE8DD,125,E2 20 20 9A EA 22 BB C7 1F 20 21 DF 20 6C DF 20
02FA63,125,8D 2B 16 AD E9 15 8D 2D 16 A5 B3 85 02 A5 B5 85
02FA66,125,AD E9 15 8D 2D 16 A5 B3 85 02 A5 B5 85 08 A5 B7
0681E7,125,A9 00 8D C6 14 AD DD 14 C9 03 F0 04 5C FC 81 06
03E0B1,125,8E B1 15 60 08 E2 20 C2 10 AD DD 14 C9 03 D0 05
03E0B4,125,60 08 E2 20 C2 10 AD DD 14 C9 03 D0 05 AD AD 15
0BE08B,125,D0 04 5C E4 E1 0B CE 27 15 F0 04 5C E2 E1 0B A9
0BE089,125,29 40 D0 04 5C E4 E1 0B CE 27 15 F0 04 5C E2 E1
02FA69,125,8D 2D 16 A5 B3 85 02 A5 B5 85 08 A5 B7 85 90 E2
02FA6C,125,A5 B3 85 02 A5 B5 85 08 A5 B7 85 90 E2 20 22 3C
03BAEA,125,A5 C1 29 FF 00 49 FF 00 38 E9 80 07 85 02 A5 C5
06BB8B,125,1A AC CE 14 D0 10 C9 E8 00 30 03 A9 E8 00 C9 C8
02FA60,125,AD E7 15 8D 2B 16 AD E9 15 8D 2D 16 A5 B3 85 02
03E0B5,125,08 E2 20 C2 10 AD DD 14 C9 03 D0 05 AD AD 15 D0
03E0BF,125,D0 05 AD AD 15 D0 02 28 60 C2 20 AD F4 16 85 72
0BD8F5,125,5C 62 D9 0B AD 02 12 29 80 F0 04 5C 62 D9 0B AD
02FA54,125,AD E3 15 8D 27 16 AD E5 15 8D 29 16 AD E7 15 8D
0BDBC8,125,5C EA DB 0B AD E2 14 09 02 8D E2 14 AD A7 15 29
03E0BD,125,C9 03 D0 05 AD AD 15 D0 02 28 60 C2 20 AD F4 16
02FA5A,125,AD E5 15 8D 29 16 AD E7 15 8D 2B 16 AD E9 15 8D
03E0BA,125,AD DD 14 C9 03 D0 05 AD AD 15 D0 02 28 60 C2 20
03E0B6,125,E2 20 C2 10 AD DD 14 C9 03 D0 05 AD AD 15 D0 02
03E0B8,125,C2 10 AD DD 14 C9 03 D0 05 AD AD 15 D0 02 28 60
02FA51,125,8D 25 16 AD E3 15 8D 27 16 AD E5 15 8D 29 16 AD
06BBA5,125,29 FF 01 8D 4F 19 9C 51 19 AD C9 18 38 ED 2C 15
0BD58B,125,C2 20 AD 73 15 8D 1F 15 E2 20 C2 20 AD 1F 15 38
03E06C,125,C2 20 A5 3A 9D 63 12 A9 BC 20 9D 65 12 A5 3A 38
02FA94,125,65 C4 85 C4 18 A5 B7 65 C5 85 C5 A5 B8 65 C6 85
02FA92,125,A5 B6 65 C4 85 C4 18 A5 B7 65 C5 85 C5 A5 B8 65
02FA90,125,85 C3 A5 B6 65 C4 85 C4 18 A5 B7 65 C5 85 C5 A5
03E062,125,F0 08 CE CA 1F 88 D0 02 80 1C C2 20 A5 3A 9D 63
03E05D,125,E2 20 AD CA 1F F0 08 CE CA 1F 88 D0 02 80 1C C2
03E05F,125,AD CA 1F F0 08 CE CA 1F 88 D0 02 80 1C C2 20 A5
03E058,125,AC AF 15 F0 54 E2 20 AD CA 1F F0 08 CE CA 1F 88
03E05B,125,F0 54 E2 20 AD CA 1F F0 08 CE CA 1F 88 D0 02 80
02FA76,125,85 90 E2 20 22 3C B9 03 18 A5 B3 65 C1 85 C1 A5
02F597,125,8F C8 00 70 A2 F2 0E AC 1F 12 E2 20 8C 3C 12 B9
06BB84,125,18 6D C7 14 49 FF FF 1A AC CE 14 D0 10 C9 E8 00
03E088,125,E2 20 AD CA 1F F0 22 AD BD 15 29 07 C9 03 90 19
03E08A,125,AD CA 1F F0 22 AD BD 15 29 07 C9 03 90 19 C2 20
03E08D,125,F0 22 AD BD 15 29 07 C9 03 90 19 C2 20 A5 3A 9D
02FA8E,125,65 C3 85 C3 A5 B6 65 C4 85 C4 18 A5 B7 65 C5 85
02FBC5,125,22 F0 CD 1F C2 20 A5 04 18 75 0C 38 E5 C1 8F 62
02FA85,125,A5 B4 65 C2 85 C2 18 A5 B5 65 C3 85 C3 A5 B6 65
02FA7E,125,18 A5 B3 65 C1 85 C1 A5 B4 65 C2 85 C2 18 A5 B5
03BAE8,125,C2 30 A5 C1 29 FF 00 49 FF 00 38 E9 80 07 85 02
02FA87,125,65 C2 85 C2 18 A5 B5 65 C3 85 C3 A5 B6 65 C4 85
03E055,125,AE B1 15 AC AF 15 F0 54 E2 20 AD CA 1F F0 08 CE
03BC47,125,C9 00 80 6A C9 00 80 6A C9 00 80 6A C9 00 80 6A
02FA4B,125,8D 23 16 AD E1 15 8D 25 16 AD E3 15 8D 27 16 AD
03BA26,125,E5 CA 85 74 A5 75 E5 CB 85 75 6B A2 00 A5 87 F0
02FA28,125,8D 31 16 9C 33 16 E2 20 22 76 B9 03 C2 20 AD D9
03BA24,125,A5 74 E5 CA 85 74 A5 75 E5 CB 85 75 6B A2 00 A5
03BA23,125,38 A5 74 E5 CA 85 74 A5 75 E5 CB 85 75 6B A2 00
04A157,125,F0 02 80 24 FA DA C2 20 A9 FF FF C2 20 8D A9 F0
03BA2A,125,A5 75 E5 CB 85 75 6B A2 00 A5 87 F0 0C E8 4A F0
03BA28,125,85 74 A5 75 E5 CB 85 75 6B A2 00 A5 87 F0 0C E8
02FA2E,125,E2 20 22 76 B9 03 C2 20 AD D9 15 8D 1D 16 AD DB
04A154,125,2D BD 15 F0 02 80 24 FA DA C2 20 A9 FF FF C2 20
03BA2C,125,E5 CB 85 75 6B A2 00 A5 87 F0 0C E8 4A F0 06 66
03BA21,125,85 75 38 A5 74 E5 CA 85 74 A5 75 E5 CB 85 75 6B
03BA1F,125,65 75 85 75 38 A5 74 E5 CA 85 74 A5 75 E5 CB 85
03BA17,125,A5 CC 65 74 85 74 A5 CD 65 75 85 75 38 A5 74 E5
03BA16,125,18 A5 CC 65 74 85 74 A5 CD 65 75 85 75 38 A5 74
02FA18,125,22 3C B9 03 C2 20 9C 2F 16 AD 37 16 49 FF FF 1A
0BD586,125,8D 1D 15 E2 20 C2 20 AD 73 15 8D 1F 15 E2 20 C2
03BA19,125,65 74 85 74 A5 CD 65 75 85 75 38 A5 74 E5 CA 85
02F9AC,125,AD F3 16 D0 06 8D 3A 16 8D 39 16 E2 20 C2 20 AD
03BA1B,125,85 74 A5 CD 65 75 85 75 38 A5 74 E5 CA 85 74 A5
02FA21,125,AD 37 16 49 FF FF 1A 8D 31 16 9C 33 16 E2 20 22
03BA1D,125,A5 CD 65 75 85 75 38 A5 74 E5 CA 85 74 A5 75 E5
03E0C7,125,60 C2 20 AD F4 16 85 72 AD F6 16 85 74 C2 20 AE
03E152,125,60 10 01 4A 85 02 A9 C8 38 E5 02 C2 20 29 FF 00
03E150,125,D0 01 60 10 01 4A 85 02 A9 C8 38 E5 02 C2 20 29
7E4F27,125,09 18 8D 3A 30 8E 1E 30 20 46 4F E2 20 AD 30 30
02F979,125,89 80 00 F0 05 09 00 FF 80 03 29 FF 00 18 6D FC
03BA30,125,6B A2 00 A5 87 F0 0C E8 4A F0 06 66 86 E8 4A D0
02D9EB,125,C2 10 AD D3 1F D0 03 EE 12 1F AD 7C 17 89 01 F0
02FA39,125,8D 1D 16 AD DB 15 8D 1F 16 AD DD 15 8D 21 16 AD
02FA3F,125,8D 1F 16 AD DD 15 8D 21 16 AD DF 15 8D 23 16 AD
0BBBEE,125,80 06 B5 0C 22 DF D4 1F 8D F8 14 B5 0E 38 ED 8B
02FA45,125,8D 21 16 AD DF 15 8D 23 16 AD E1 15 8D 25 16 AD
02D964,125,A9 02 85 00 20 49 DD 22 5C BB 06 20 54 DB C2 30
02FA30,125,22 76 B9 03 C2 20 AD D9 15 8D 1D 16 AD DB 15 8D
03BA2E,125,85 75 6B A2 00 A5 87 F0 0C E8 4A F0 06 66 86 E8
04A12B,125,DA B5 1F 29 04 D0 04 5C 7F A1 04 80 23 A9 01 80
04A148,125,A9 1F 80 08 A9 3F 80 04 A9 7F 80 00 2D BD 15 F0
04A14A,125,80 08 A9 3F 80 04 A9 7F 80 00 2D BD 15 F0 02 80
03E14E,125,29 FF D0 01 60 10 01 4A 85 02 A9 C8 38 E5 02 C2
04A12A,125,FA DA B5 1F 29 04 D0 04 5C 7F A1 04 80 23 A9 01
03E14A,125,AF 9A 01 70 29 FF D0 01 60 10 01 4A 85 02 A9 C8
04A130,125,D0 04 5C 7F A1 04 80 23 A9 01 80 18 A9 03 80 14
03E148,125,E2 20 AF 9A 01 70 29 FF D0 01 60 10 01 4A 85 02
04A12C,125,B5 1F 29 04 D0 04 5C 7F A1 04 80 23 A9 01 80 18
04A12E,125,29 04 D0 04 5C 7F A1 04 80 23 A9 01 80 18 A9 03
03BA14,125,85 75 18 A5 CC 65 74 85 74 A5 CD 65 75 85 75 38
03E053,125,85 3A AE B1 15 AC AF 15 F0 54 E2 20 AD CA 1F F0
03E04E,125,C2 20 A9 E1 B6 85 3A AE B1 15 AC AF 15 F0 54 E2
0BDE62,125,D0 04 5C 7F DE 0B DA C2 20 AD F0 14 29 FF 00 AA
0BDE60,125,29 18 D0 04 5C 7F DE 0B DA C2 20 AD F0 14 29 FF
0BDE64,125,5C 7F DE 0B DA C2 20 AD F0 14 29 FF 00 AA E2 20
0BDE7F,125,DA C2 20 AD F0 14 29 FF 00 AA E2 20 BF 8F EB 0B
0BDE80,125,C2 20 AD F0 14 29 FF 00 AA E2 20 BF 8F EB 0B FA
0BDE5D,125,AD D8 14 29 18 D0 04 5C 7F DE 0B DA C2 20 AD F0
0BDE55,125,29 10 D0 04 5C BB DE 0B AD D8 14 29 18 D0 04 5C
0BDE57,125,D0 04 5C BB DE 0B AD D8 14 29 18 D0 04 5C 7F DE
0BDE50,125,95 14 AD DC 14 29 10 D0 04 5C BB DE 0B AD D8 14
0BDE52,125,AD DC 14 29 10 D0 04 5C BB DE 0B AD D8 14 29 18
0BDE4D,125,6D 04 15 95 14 AD DC 14 29 10 D0 04 5C BB DE 0B
0BDE82,125,AD F0 14 29 FF 00 AA E2 20 BF 8F EB 0B FA C9 80
0BDE88,125,AA E2 20 BF 8F EB 0B FA C9 80 6A 10 02 69 00 8D
0BDE93,125,10 02 69 00 8D F2 14 B5 14 18 6D F2 14 95 14 AD
0BDE97,125,8D F2 14 B5 14 18 6D F2 14 95 14 AD F0 14 18 69
0BDE9A,125,B5 14 18 6D F2 14 95 14 AD F0 14 18 69 01 8D F0
0BDE85,125,29 FF 00 AA E2 20 BF 8F EB 0B FA C9 80 6A 10 02
0BDE92,125,6A 10 02 69 00 8D F2 14 B5 14 18 6D F2 14 95 14
0BDE8F,125,FA C9 80 6A 10 02 69 00 8D F2 14 B5 14 18 6D F2
0BDE90,125,C9 80 6A 10 02 69 00 8D F2 14 B5 14 18 6D F2 14
0BDE89,125,E2 20 BF 8F EB 0B FA C9 80 6A 10 02 69 00 8D F2
0BDE8B,125,BF 8F EB 0B FA C9 80 6A 10 02 69 00 8D F2 14 B5
0BDE9C,125,18 6D F2 14 95 14 AD F0 14 18 69 01 8D F0 14 AD
0BDE4C,125,18 6D 04 15 95 14 AD DC 14 29 10 D0 04 5C BB DE
02FA96,125,85 C4 18 A5 B7 65 C5 85 C5 A5 B8 65 C6 85 C6 C2
0BDDEC,125,F0 2F 38 ED 04 15 C9 00 30 08 C9 08 10 0A A9 08
02FAB9,125,E2 20 AD CC 15 29 01 D0 04 5C EB FA 02 AC A0 15
0BDE1D,125,8D 04 15 82 27 00 AD 03 15 18 6D 04 15 8D 04 15
02FAB7,125,95 10 E2 20 AD CC 15 29 01 D0 04 5C EB FA 02 AC
02FABB,125,AD CC 15 29 01 D0 04 5C EB FA 02 AC A0 15 C2 20
02FABE,125,29 01 D0 04 5C EB FA 02 AC A0 15 C2 20 22 3E D0
0BDDE9,125,CD 04 15 F0 2F 38 ED 04 15 C9 00 30 08 C9 08 10
02FAC2,125,5C EB FA 02 AC A0 15 C2 20 22 3E D0 1F 49 FF FF
02FAC0,125,D0 04 5C EB FA 02 AC A0 15 C2 20 22 3E D0 1F 49
0BDE4A,125,B5 14 18 6D 04 15 95 14 AD DC 14 29 10 D0 04 5C
02FAB5,125,A5 C5 95 10 E2 20 AD CC 15 29 01 D0 04 5C EB FA
02FAB1,125,A5 C3 95 0E A5 C5 95 10 E2 20 AD CC 15 29 01 D0
02FA9D,125,85 C5 A5 B8 65 C6 85 C6 C2 30 A2 00 03 8E 38 12
0BDEE6,125,F0 04 5C 1B DF 0B C2 20 AD 05 15 49 FF FF 1A 18
02FA98,125,18 A5 B7 65 C5 85 C5 A5 B8 65 C6 85 C6 C2 30 A2
02FAB3,125,95 0E A5 C5 95 10 E2 20 AD CC 15 29 01 D0 04 5C
02FA9F,125,A5 B8 65 C6 85 C6 C2 30 A2 00 03 8E 38 12 A5 C1
1FD4DB,125,18 65 3C 6B C9 00 80 6A 85 3A C9 00 80 6A 85 3C
02FAA3,125,85 C6 C2 30 A2 00 03 8E 38 12 A5 C1 95 0C A5 C3
02FAAF,125,95 0C A5 C3 95 0E A5 C5 95 10 E2 20 AD CC 15 29
02FAA7,125,A2 00 03 8E 38 12 A5 C1 95 0C A5 C3 95 0E A5 C5
03E050,125,A9 E1 B6 85 3A AE B1 15 AC AF 15 F0 54 E2 20 AD
0BDE9D,125,6D F2 14 95 14 AD F0 14 18 69 01 8D F0 14 AD F0
0BDEA2,125,AD F0 14 18 69 01 8D F0 14 AD F0 14 C9 1C F0 04
0BDFF4,125,89 40 F0 04 5C E2 E1 0B AD 64 19 C9 FF F0 04 5C
0BDFF6,125,F0 04 5C E2 E1 0B AD 64 19 C9 FF F0 04 5C E2 E1
0BDFFC,125,AD 64 19 C9 FF F0 04 5C E2 E1 0B AD D3 1F F0 04
0BDFFF,125,C9 FF F0 04 5C E2 E1 0B AD D3 1F F0 04 5C E2 E1
0BDFF1,125,AD D8 14 89 40 F0 04 5C E2 E1 0B AD 64 19 C9 FF
0BDFED,125,29 BF 95 1E AD D8 14 89 40 F0 04 5C E2 E1 0B AD
0BDFEF,125,95 1E AD D8 14 89 40 F0 04 5C E2 E1 0B AD 64 19
0BDF8E,125,5C EB DF 0B C2 20 B5 0C 8D 1D 15 E2 20 C2 20 B5
0BDFEB,125,B5 1E 29 BF 95 1E AD D8 14 89 40 F0 04 5C E2 E1
0BDF8C,125,F0 04 5C EB DF 0B C2 20 B5 0C 8D 1D 15 E2 20 C2
0BE001,125,F0 04 5C E2 E1 0B AD D3 1F F0 04 5C E2 E1 0B CE
0BE00A,125,F0 04 5C E2 E1 0B CE 28 15 F0 04 5C 86 E0 0B A9
0BE021,125,29 80 D0 04 5C 86 E0 0B AD A7 15 29 80 F0 04 5C
0BE023,125,D0 04 5C 86 E0 0B AD A7 15 29 80 F0 04 5C 86 E0
0BE025,125,5C 86 E0 0B AD A7 15 29 80 F0 04 5C 86 E0 0B A9
0BE007,125,AD D3 1F F0 04 5C E2 E1 0B CE 28 15 F0 04 5C 86
0BE01E,125,AD 04 12 29 80 D0 04 5C 86 E0 0B AD A7 15 29 80
0BE019,125,A9 01 8D 28 15 AD 04 12 29 80 D0 04 5C 86 E0 0B
0BE01B,125,8D 28 15 AD 04 12 29 80 D0 04 5C 86 E0 0B AD A7
0BE010,125,CE 28 15 F0 04 5C 86 E0 0B A9 01 8D 28 15 AD 04
0BE013,125,F0 04 5C 86 E0 0B A9 01 8D 28 15 AD 04 12 29 80
0BDEA0,125,95 14 AD F0 14 18 69 01 8D F0 14 AD F0 14 C9 1C
0BDF87,125,AD DD 14 C9 03 F0 04 5C EB DF 0B C2 20 B5 0C 8D
0BDF4D,125,B5 0C CD 73 15 E2 20 10 04 5C 6B DF 0B C2 20 AD
0BDEB0,125,F0 04 5C BB DE 0B A9 00 8D F0 14 AD DD 14 C9 03
0BDEBB,125,AD DD 14 C9 03 F0 04 5C E1 DE 0B C2 20 AD 09 15
0BDEBE,125,C9 03 F0 04 5C E1 DE 0B C2 20 AD 09 15 89 80 00
0BDEC0,125,F0 04 5C E1 DE 0B C2 20 AD 09 15 89 80 00 F0 05
0BDEAE,125,C9 1C F0 04 5C BB DE 0B A9 00 8D F0 14 AD DD 14
0BDEA8,125,8D F0 14 AD F0 14 C9 1C F0 04 5C BB DE 0B A9 00
0BDEAB,125,AD F0 14 C9 1C F0 04 5C BB DE 0B A9 00 8D F0 14
0BDEA5,125,18 69 01 8D F0 14 AD F0 14 C9 1C F0 04 5C BB DE
0BDEA6,125,69 01 8D F0 14 AD F0 14 C9 1C F0 04 5C BB DE 0B
0BDF6B,125,60 AD D8 14 29 18 D0 04 5C 87 DF 0B AD D9 14 29
0BDEC2,125,5C E1 DE 0B C2 20 AD 09 15 89 80 00 F0 05 09 00
0BDF1D,125,8D C5 14 60 AD C9 1F 29 F3 8D C9 1F C2 20 B5 0C
0BDF30,125,E2 20 F0 06 30 04 5C 4B DF 0B C2 20 AD 71 15 95
0BDF32,125,F0 06 30 04 5C 4B DF 0B C2 20 AD 71 15 95 0C E2
0BDF36,125,5C 4B DF 0B C2 20 AD 71 15 95 0C E2 20 AD C9 1F
0BDEE1,125,AD D8 14 89 06 F0 04 5C 1B DF 0B C2 20 AD 05 15
0BDF2D,125,CD 71 15 E2 20 F0 06 30 04 5C 4B DF 0B C2 20 AD
0BDF29,125,C2 20 B5 0C CD 71 15 E2 20 F0 06 30 04 5C 4B DF
0BDF2B,125,B5 0C CD 71 15 E2 20 F0 06 30 04 5C 4B DF 0B C2
0BDF20,125,60 AD C9 1F 29 F3 8D C9 1F C2 20 B5 0C CD 71 15
0BDF24,125,29 F3 8D C9 1F C2 20 B5 0C CD 71 15 E2 20 F0 06
0BE8DF,125,20 9A EA 22 BB C7 1F 20 21 DF 20 6C DF 20 D0 E9
02FA16,125,E2 20 22 3C B9 03 C2 20 9C 2F 16 AD 37 16 49 FF
02FA14,125,85 90 E2 20 22 3C B9 03 C2 20 9C 2F 16 AD 37 16
02E3E6,125,89 10 F0 03 20 97 EF 22 76 FD 02 22 B0 BD 1F 22
02F99D,125,8D 37 16 AD CB 18 38 ED 36 12 8D 39 16 E2 20 AD
02E3E8,125,F0 03 20 97 EF 22 76 FD 02 22 B0 BD 1F 22 50 D9
02F99A,125,ED 2C 15 8D 37 16 AD CB 18 38 ED 36 12 8D 39 16
02E3ED,125,22 76 FD 02 22 B0 BD 1F 22 50 D9 02 22 EA E9 03
02FA1E,125,9C 2F 16 AD 37 16 49 FF FF 1A 8D 31 16 9C 33 16
02F9A3,125,38 ED 36 12 8D 39 16 E2 20 AD F3 16 D0 06 8D 3A
02F9A0,125,AD CB 18 38 ED 36 12 8D 39 16 E2 20 AD F3 16 D0
02F9A7,125,8D 39 16 E2 20 AD F3 16 D0 06 8D 3A 16 8D 39 16
02F9A4,125,ED 36 12 8D 39 16 E2 20 AD F3 16 D0 06 8D 3A 16
02F9AA,125,E2 20 AD F3 16 D0 06 8D 3A 16 8D 39 16 E2 20 C2
02E3F1,125,22 B0 BD 1F 22 50 D9 02 22 EA E9 03 C2 20 AD D4
02E3F9,125,22 EA E9 03 C2 20 AD D4 1F F0 C1 C9 0A 00 D0 03
0BEA11,125,AD C9 1F 29 FD 8D C9 1F AD 02 12 29 02 D0 04 5C
02F999,125,38 ED 2C 15 8D 37 16 AD CB 18 38 ED 36 12 8D 39
0BE9F6,125,29 FE 8D C9 1F AD 02 12 29 08 D0 04 5C 11 EA 0B
02E3F5,125,22 50 D9 02 22 EA E9 03 C2 20 AD D4 1F F0 C1 C9
0BEA3E,125,5C 4D EA 0B AD E1 14 29 02 D0 04 5C 55 EA 0B AD
02E402,125,F0 C1 C9 0A 00 D0 03 82 B6 00 EE D8 16 E2 20 A9
1FCCAD,125,8D 02 42 AD F6 15 30 07 8D 03 42 EA 4C D4 CC 49
02E3FD,125,C2 20 AD D4 1F F0 C1 C9 0A 00 D0 03 82 B6 00 EE
02E3FF,125,AD D4 1F F0 C1 C9 0A 00 D0 03 82 B6 00 EE D8 16
0BEB2D,125,C2 20 29 18 00 F0 37 89 08 00 F0 14 89 10 00 D0
02F9AF,125,D0 06 8D 3A 16 8D 39 16 E2 20 C2 20 AD 35 16 49
02F9B7,125,E2 20 C2 20 AD 35 16 49 FF FF 1A 8D 2F 16 9C 31
02E3CC,125,D0 1F AD D8 14 89 20 D0 18 AD D5 14 29 10 D0 11
02E3CE,125,AD D8 14 89 20 D0 18 AD D5 14 29 10 D0 11 AD DF
02E3D1,125,89 20 D0 18 AD D5 14 29 10 D0 11 AD DF 14 29 20
02E3D3,125,D0 18 AD D5 14 29 10 D0 11 AD DF 14 29 20 D0 0A
02E3C9,125,AD E9 1F D0 1F AD D8 14 89 20 D0 18 AD D5 14 29
02E3C5,125,E2 20 E2 20 AD E9 1F D0 1F AD D8 14 89 20 D0 18
02E3C7,125,E2 20 AD E9 1F D0 1F AD D8 14 89 20 D0 18 AD D5
03E358,125,AD CF 1F F0 26 AD 9A 18 C2 20 29 FF 00 A2 A0 24
03E383,125,60 AD C7 14 9D 63 12 A9 C0 24 9D 65 12 AD C7 14
1FD4CC,125,85 3A C9 00 80 6A 85 3C C9 00 80 6A 18 65 3A 18
02E3D5,125,AD D5 14 29 10 D0 11 AD DF 14 29 20 D0 0A AD 01
02E3DA,125,D0 11 AD DF 14 29 20 D0 0A AD 01 12 89 10 F0 03
02F9BB,125,AD 35 16 49 FF FF 1A 8D 2F 16 9C 31 16 9C 33 16
02DA70,125,E2 20 AD 00 12 8D E5 14 AD A6 16 18 6D A5 16 8D
02F9B9,125,C2 20 AD 35 16 49 FF FF 1A 8D 2F 16 9C 31 16 9C
02E3D8,125,29 10 D0 11 AD DF 14 29 20 D0 0A AD 01 12 89 10
02E3E3,125,AD 01 12 89 10 F0 03 20 97 EF 22 76 FD 02 22 B0
02E3E1,125,D0 0A AD 01 12 89 10 F0 03 20 97 EF 22 76 FD 02
02FA13,125,1A 85 90 E2 20 22 3C B9 03 C2 20 9C 2F 16 AD 37
02E3DC,125,AD DF 14 29 20 D0 0A AD 01 12 89 10 F0 03 20 97
02E3DF,125,29 20 D0 0A AD 01 12 89 10 F0 03 20 97 EF 22 76
02F9BE,125,49 FF FF 1A 8D 2F 16 9C 31 16 9C 33 16 E2 20 22
0BEADD,125,85 08 A5 67 85 09 C2 30 FA A5 02 C9 00 80 6A 10
0BD969,125,5C 95 D9 0B AD 04 12 29 40 F0 04 5C 95 D9 0B AD
0BE8C6,125,C9 00 80 6A C9 00 80 6A 85 02 C9 00 80 6A 18 65
0BE8C9,125,6A C9 00 80 6A 85 02 C9 00 80 6A 18 65 02 18 6D
0BE8CA,125,C9 00 80 6A 85 02 C9 00 80 6A 18 65 02 18 6D C7
0BE8CD,125,6A 85 02 C9 00 80 6A 18 65 02 18 6D C7 14 95 31
03BAEC,125,29 FF 00 49 FF 00 38 E9 80 07 85 02 A5 C5 29 FF
0BE8C1,125,B5 31 8D C7 14 C9 00 80 6A C9 00 80 6A 85 02 C9
0BE8C3,125,8D C7 14 C9 00 80 6A C9 00 80 6A 85 02 C9 00 80
0BE8BB,125,22 A7 D5 1F C2 20 B5 31 8D C7 14 C9 00 80 6A C9
0BE8BF,125,C2 20 B5 31 8D C7 14 C9 00 80 6A C9 00 80 6A 85
02FA27,125,1A 8D 31 16 9C 33 16 E2 20 22 76 B9 03 C2 20 AD
0BE8CE,125,85 02 C9 00 80 6A 18 65 02 18 6D C7 14 95 31 E2
0BE8D3,125,6A 18 65 02 18 6D C7 14 95 31 E2 20 20 9A EA 22
0BE8D8,125,6D C7 14 95 31 E2 20 20 9A EA 22 BB C7 1F 20 21
0BE8DB,125,95 31 E2 20 20 9A EA 22 BB C7 1F 20 21 DF 20 6C
02F97C,125,F0 05 09 00 FF 80 03 29 FF 00 18 6D FC 14 18 6D
0BE8D0,125,C9 00 80 6A 18 65 02 18 6D C7 14 95 31 E2 20 20
0BE8D7,125,18 6D C7 14 95 31 E2 20 20 9A EA 22 BB C7 1F 20
0BE8D5,125,65 02 18 6D C7 14 95 31 E2 20 20 9A EA 22 BB C7
0BD9E3,125,6A C9 00 80 6A C9 00 80 6A C9 00 80 6A C9 00 80
0BE8D4,125,18 65 02 18 6D C7 14 95 31 E2 20 20 9A EA 22 BB
02FAF0,125,49 FF FF 1A 8D 2F 16 AD 37 16 49 FF FF 1A 8D 31
06BB88,125,49 FF FF 1A AC CE 14 D0 10 C9 E8 00 30 03 A9 E8
0BE8B8,125,8D A8 15 22 A7 D5 1F C2 20 B5 31 8D C7 14 C9 00
02F986,125,18 6D FC 14 18 6D 00 15 85 C5 AD C7 18 8D 35 16
02D95A,125,9C 00 12 A5 00 D0 FC 9C 12 1F A9 02 85 00 20 49
02F993,125,8D 35 16 AD C9 18 38 ED 2C 15 8D 37 16 AD CB 18
03DB7B,125,20 4E E0 20 B5 E0 20 DD DB 20 20 DC 20 48 E1 20
0BD9DC,125,C9 00 80 6A C9 00 80 6A C9 00 80 6A C9 00 80 6A
03BBB0,125,AD 23 16 C9 00 80 6A C9 00 80 6A C9 00 80 6A C9
0BAE1D,125,A9 00 85 08 85 0A 89 80 F0 06 A9 FF 85 0B 80 02
02F996,125,AD C9 18 38 ED 2C 15 8D 37 16 AD CB 18 38 ED 36
0BAE0D,125,85 02 85 04 89 80 F0 06 A9 FF 85 05 80 02 64 05
0BAE11,125,89 80 F0 06 A9 FF 85 05 80 02 64 05 A9 00 85 08
0BE8B6,125,B5 12 8D A8 15 22 A7 D5 1F C2 20 B5 31 8D C7 14
0BE8AA,125,20 3A D3 B5 15 85 7E B5 13 8D A9 15 B5 12 8D A8
02FA24,125,49 FF FF 1A 8D 31 16 9C 33 16 E2 20 22 76 B9 03
0BD9DF,125,6A C9 00 80 6A C9 00 80 6A C9 00 80 6A C9 00 80
0BE8B3,125,8D A9 15 B5 12 8D A8 15 22 A7 D5 1F C2 20 B5 31
02F987,125,6D FC 14 18 6D 00 15 85 C5 AD C7 18 8D 35 16 AD
02F990,125,AD C7 18 8D 35 16 AD C9 18 38 ED 2C 15 8D 37 16
0BE8B1,125,B5 13 8D A9 15 B5 12 8D A8 15 22 A7 D5 1F C2 20
0BE8AF,125,85 7E B5 13 8D A9 15 B5 12 8D A8 15 22 A7 D5 1F
02F98A,125,18 6D 00 15 85 C5 AD C7 18 8D 35 16 AD C9 18 38
02F98E,125,85 C5 AD C7 18 8D 35 16 AD C9 18 38 ED 2C 15 8D
02F98B,125,6D 00 15 85 C5 AD C7 18 8D 35 16 AD C9 18 38 ED
03BA12,125,A5 89 85 75 18 A5 CC 65 74 85 74 A5 CD 65 75 85
03E356,125,E2 20 AD CF 1F F0 26 AD 9A 18 C2 20 29 FF 00 A2
02F9C2,125,8D 2F 16 9C 31 16 9C 33 16 E2 20 22 76 B9 03 C2
02F9FA,125,8D 29 16 AD E7 15 8D 2B 16 AD E9 15 8D 2D 16 64
03E1D7,125,AD C9 1F 89 02 00 D0 01 60 EE C7 14 A9 40 00 4C
03E1DA,125,89 02 00 D0 01 60 EE C7 14 A9 40 00 4C 0D E2 AD
03E1DD,125,D0 01 60 EE C7 14 A9 40 00 4C 0D E2 AD C9 1F 89
03E1DF,125,60 EE C7 14 A9 40 00 4C 0D E2 AD C9 1F 89 04 00
03B9F8,125,85 73 A5 08 85 84 A5 09 85 85 A5 90 85 86 A5 91
03E1CD,125,60 EE C7 14 A9 00 00 4C 0D E2 AD C9 1F 89 02 00
02D9E9,125,E2 20 C2 10 AD D3 1F D0 03 EE 12 1F AD 7C 17 89
03E1C8,125,89 01 00 D0 01 60 EE C7 14 A9 00 00 4C 0D E2 AD
03E1CB,125,D0 01 60 EE C7 14 A9 00 00 4C 0D E2 AD C9 1F 89
03E1C5,125,AD C9 1F 89 01 00 D0 01 60 EE C7 14 A9 00 00 4C
03E1E9,125,AD C9 1F 89 04 00 D0 01 60 EE C7 14 A9 C0 00 4C
03E1EF,125,D0 01 60 EE C7 14 A9 C0 00 4C 0D E2 AD C9 1F 89
03E1FB,125,AD C9 1F 89 08 00 D0 01 60 EE C7 14 A9 80 00 4C
03E1FE,125,89 08 00 D0 01 60 EE C7 14 A9 80 00 4C 0D E2 18
03E201,125,D0 01 60 EE C7 14 A9 80 00 4C 0D E2 18 6D CD 1F
03E1EC,125,89 04 00 D0 01 60 EE C7 14 A9 C0 00 4C 0D E2 AD
03B9F2,125,A5 88 85 72 A5 89 85 73 A5 08 85 84 A5 09 85 85
03B9F4,125,85 72 A5 89 85 73 A5 08 85 84 A5 09 85 85 A5 90
02F9F1,125,AD E3 15 8D 27 16 AD E5 15 8D 29 16 AD E7 15 8D
03E1F1,125,60 EE C7 14 A9 C0 00 4C 0D E2 AD C9 1F 89 08 00
03B9F6,125,A5 89 85 73 A5 08 85 84 A5 09 85 85 A5 90 85 86
02E207,125,E2 20 AD D2 1F D0 01 60 C2 20 AD CB 1F 8F 28 00
03E1C4,125,60 AD C9 1F 89 01 00 D0 01 60 EE C7 14 A9 00 00
03B9FA,125,A5 08 85 84 A5 09 85 85 A5 90 85 86 A5 91 85 87
03BA06,125,A5 91 85 87 22 31 BA 03 A5 88 85 74 A5 89 85 75
03E18C,125,9C C7 14 20 C5 E1 20 D7 E1 20 E9 E1 20 FB E1 AD
03BA04,125,85 86 A5 91 85 87 22 31 BA 03 A5 88 85 74 A5 89
03E18F,125,20 C5 E1 20 D7 E1 20 E9 E1 20 FB E1 AD BD 15 29
02FA0B,125,64 08 AD CD 18 49 FF FF 1A 85 90 E2 20 22 3C B9
02FA10,125,49 FF FF 1A 85 90 E2 20 22 3C B9 03 C2 20 9C 2F
03BA0A,125,22 31 BA 03 A5 88 85 74 A5 89 85 75 18 A5 CC 65
03BA10,125,85 74 A5 89 85 75 18 A5 CC 65 74 85 74 A5 CD 65
03BA0E,125,A5 88 85 74 A5 89 85 75 18 A5 CC 65 74 85 74 A5
03E1A1,125,F0 21 AD CD 1F 18 69 10 00 C9 40 00 D0 12 AD C7
02FA06,125,8D 2D 16 64 02 64 08 AD CD 18 49 FF FF 1A 85 90
03BA02,125,A5 90 85 86 A5 91 85 87 22 31 BA 03 A5 88 85 74
02FA00,125,8D 2B 16 AD E9 15 8D 2D 16 64 02 64 08 AD CD 18
03B9FC,125,85 84 A5 09 85 85 A5 90 85 86 A5 91 85 87 22 31
03E19E,125,29 01 00 F0 21 AD CD 1F 18 69 10 00 C9 40 00 D0
03E192,125,20 D7 E1 20 E9 E1 20 FB E1 AD BD 15 29 01 00 F0
03E19B,125,AD BD 15 29 01 00 F0 21 AD CD 1F 18 69 10 00 C9
03E198,125,20 FB E1 AD BD 15 29 01 00 F0 21 AD CD 1F 18 69
03B9FE,125,A5 09 85 85 A5 90 85 86 A5 91 85 87 22 31 BA 03
03E195,125,20 E9 E1 20 FB E1 AD BD 15 29 01 00 F0 21 AD CD
03BA00,125,85 85 A5 90 85 86 A5 91 85 87 22 31 BA 03 A5 88
02F9C1,125,1A 8D 2F 16 9C 31 16 9C 33 16 E2 20 22 76 B9 03
0BE1E4,125,A9 03 8D 26 15 A9 01 8D 27 15 AD DD 14 C9 03 F0
0BE1E6,125,8D 26 15 A9 01 8D 27 15 AD DD 14 C9 03 F0 04 5C
02F9D9,125,AD DB 15 8D 1F 16 AD DD 15 8D 21 16 AD DF 15 8D
02F9D6,125,8D 1D 16 AD DB 15 8D 1F 16 AD DD 15 8D 21 16 AD
02F9D3,125,AD D9 15 8D 1D 16 AD DB 15 8D 1F 16 AD DD 15 8D
02F9D1,125,C2 20 AD D9 15 8D 1D 16 AD DB 15 8D 1F 16 AD DD
02FA03,125,AD E9 15 8D 2D 16 64 02 64 08 AD CD 18 49 FF FF
03BBEC,125,6A C9 00 80 6A 8D 43 16 AD 27 16 C9 00 80 6A C9
02F9DC,125,8D 1F 16 AD DD 15 8D 21 16 AD DF 15 8D 23 16 AD
03B9DE,125,A5 02 85 84 A5 03 85 85 A5 90 85 86 A5 91 85 87
02F9DF,125,AD DD 15 8D 21 16 AD DF 15 8D 23 16 AD E1 15 8D
02F9E2,125,8D 21 16 AD DF 15 8D 23 16 AD E1 15 8D 25 16 AD
02F9CD,125,22 76 B9 03 C2 20 AD D9 15 8D 1D 16 AD DB 15 8D
02F9CB,125,E2 20 22 76 B9 03 C2 20 AD D9 15 8D 1D 16 AD DB
02F9C5,125,9C 31 16 9C 33 16 E2 20 22 76 B9 03 C2 20 AD D9
02FA0D,125,AD CD 18 49 FF FF 1A 85 90 E2 20 22 3C B9 03 C2
03BA08,125,85 87 22 31 BA 03 A5 88 85 74 A5 89 85 75 18 A5
02FA09,125,64 02 64 08 AD CD 18 49 FF FF 1A 85 90 E2 20 22
1FCCAC,125,0A 8D 02 42 AD F6 15 30 07 8D 03 42 EA 4C D4 CC
03ED5F,125,30 04 8D FD 16 6B 08 E2 20 8B 20 6F ED AB 28 6B
02F591,125,8F 20 02 70 A5 C3 8F C8 00 70 A2 F2 0E AC 1F 12
03ED47,125,B5 10 38 ED 01 17 8D 03 17 B5 10 8D 01 17 AE FF
03ED55,125,AE FF 16 AD FD 16 38 ED 03 17 30 04 8D FD 16 6B
02E209,125,AD D2 1F D0 01 60 C2 20 AD CB 1F 8F 28 00 70 E2
03B9E0,125,85 84 A5 03 85 85 A5 90 85 86 A5 91 85 87 22 31
03B9E2,125,A5 03 85 85 A5 90 85 86 A5 91 85 87 22 31 BA 03
03B9EE,125,22 31 BA 03 A5 88 85 72 A5 89 85 73 A5 08 85 84
0BE1F1,125,C9 03 F0 04 5C 14 E2 0B C2 20 AD 1D 15 95 0C E2
02F9F7,125,AD E5 15 8D 29 16 AD E7 15 8D 2B 16 AD E9 15 8D
0BE1F3,125,F0 04 5C 14 E2 0B C2 20 AD 1D 15 95 0C E2 20 C2
02F9F4,125,8D 27 16 AD E5 15 8D 29 16 AD E7 15 8D 2B 16 AD
02E20E,125,60 C2 20 AD CB 1F 8F 28 00 70 E2 20 A9 01 A2 8B
0BE1EB,125,8D 27 15 AD DD 14 C9 03 F0 04 5C 14 E2 0B C2 20
02E20C,125,D0 01 60 C2 20 AD CB 1F 8F 28 00 70 E2 20 A9 01
0BE1E9,125,A9 01 8D 27 15 AD DD 14 C9 03 F0 04 5C 14 E2 0B
02D9FF,125,20 EC DA E2 20 AD 02 12 8D A6 15 AD 04 12 8D A7
0BE1F5,125,5C 14 E2 0B C2 20 AD 1D 15 95 0C E2 20 C2 20 AD
02F9EE,125,8D 25 16 AD E3 15 8D 27 16 AD E5 15 8D 29 16 AD
03B9E4,125,85 85 A5 90 85 86 A5 91 85 87 22 31 BA 03 A5 88
02F9FD,125,AD E7 15 8D 2B 16 AD E9 15 8D 2D 16 64 02 64 08
0BE214,125,60 9C C9 1F AD 0E 1F D0 09 A9 01 8D 0E 1F 22 94
03B9EC,125,85 87 22 31 BA 03 A5 88 85 72 A5 89 85 73 A5 08
02F9E8,125,8D 23 16 AD E1 15 8D 25 16 AD E3 15 8D 27 16 AD
03B9E8,125,85 86 A5 91 85 87 22 31 BA 03 A5 88 85 72 A5 89
03B9E6,125,A5 90 85 86 A5 91 85 87 22 31 BA 03 A5 88 85 72
03B9EA,125,A5 91 85 87 22 31 BA 03 A5 88 85 72 A5 89 85 73
04A223,125,20 BF 84 22 BB C7 1F B5 1F 29 02 D0 04 5C 47 A2
03BB13,125,4A 4A 4A 4A 4A 4A 4A 4A E2 20 8D 4D 16 C2 20 A5
7E3B22,125,8E 05 43 A9 01 8D 00 43 A9 01 8D 0B 42 AD 62 12
03BB14,125,4A 4A 4A 4A 4A 4A 4A E2 20 8D 4D 16 C2 20 A5 C5
1FD4DC,125,65 3C 6B C9 00 80 6A 85 3A C9 00 80 6A 85 3C C9
03B282,125,80 03 9C 42 21 20 8B B2 6B E2 20 C2 10 AE A4 15
06BBC8,125,6A 18 6D A0 16 8F B0 01 70 E2 20 28 7A 6B 08 07
06BBC9,125,18 6D A0 16 8F B0 01 70 E2 20 28 7A 6B 08 07 06
02FBD9,125,18 75 0E 38 E5 C3 8F 2C 00 70 AD C4 15 18 75 10
03BBD2,125,AD 25 16 C9 00 80 6A C9 00 80 6A C9 00 80 6A C9
06BBC5,125,C9 00 80 6A 18 6D A0 16 8F B0 01 70 E2 20 28 7A
03B27F,125,20 3C B3 80 03 9C 42 21 20 8B B2 6B E2 20 C2 10
03B27C,125,20 BE B3 20 3C B3 80 03 9C 42 21 20 8B B2 6B E2
03BB34,125,22 3C B9 03 C2 20 A5 B3 85 02 A5 B5 85 08 A5 B7
03BC80,125,A5 02 8F 62 00 70 A5 08 8F 2C 00 70 A5 90 8F 2E
02FBDA,125,75 0E 38 E5 C3 8F 2C 00 70 AD C4 15 18 75 10 38
03BC79,125,8D 4B 16 E2 20 C2 20 A5 02 8F 62 00 70 A5 08 8F
03B28F,125,AE A4 15 B5 2E 29 04 F0 04 5C B3 B2 03 AD D2 14
03BB40,125,85 08 A5 B7 85 90 E2 20 C2 20 AD 1D 16 C9 00 80
03B294,125,29 04 F0 04 5C B3 B2 03 AD D2 14 29 40 D0 10 AD
03BBD8,125,6A C9 00 80 6A C9 00 80 6A C9 00 80 6A C9 00 80
03B28D,125,C2 10 AE A4 15 B5 2E 29 04 F0 04 5C B3 B2 03 AD
03B28A,125,6B E2 20 C2 10 AE A4 15 B5 2E 29 04 F0 04 5C B3
03B28B,125,E2 20 C2 10 AE A4 15 B5 2E 29 04 F0 04 5C B3 B2
03B287,125,20 8B B2 6B E2 20 C2 10 AE A4 15 B5 2E 29 04 F0
03BB3A,125,A5 B3 85 02 A5 B5 85 08 A5 B7 85 90 E2 20 C2 20
03B296,125,F0 04 5C B3 B2 03 AD D2 14 29 40 D0 10 AD DA 14
03BB2F,125,E2 20 8D 4E 16 22 3C B9 03 C2 20 A5 B3 85 02 A5
03BC82,125,8F 62 00 70 A5 08 8F 2C 00 70 A5 90 8F 2E 00 70
03BBCF,125,8D 41 16 AD 25 16 C9 00 80 6A C9 00 80 6A C9 00
03B25C,125,F0 07 AD D9 14 29 80 D0 1F AD D4 1F C9 10 F0 18
03BC88,125,8F 2C 00 70 A5 90 8F 2E 00 70 AD 3B 16 8F 42 01
03B25E,125,AD D9 14 29 80 D0 1F AD D4 1F C9 10 F0 18 C9 0F
03B261,125,29 80 D0 1F AD D4 1F C9 10 F0 18 C9 0F F0 14 C9
03BBCE,125,6A 8D 41 16 AD 25 16 C9 00 80 6A C9 00 80 6A C9
03B25A,125,29 08 F0 07 AD D9 14 29 80 D0 1F AD D4 1F C9 10
06BBC1,125,C9 00 80 6A C9 00 80 6A 18 6D A0 16 8F B0 01 70
03B257,125,AD D3 14 29 08 F0 07 AD D9 14 29 80 D0 1F AD D4
0BBBF6,125,8D F8 14 B5 0E 38 ED 8B 15 22 BA D4 1F 18 6D 8B
03B278,125,C9 0D F0 08 20 BE B3 20 3C B3 80 03 9C 42 21 20
03B263,125,D0 1F AD D4 1F C9 10 F0 18 C9 0F F0 14 C9 0B F0
03EB0B,125,28 6B 08 E2 20 AD 9C 18 89 80 D0 0B 29 7F C9 05
03B270,125,C9 0B F0 10 C9 0C F0 0C C9 0D F0 08 20 BE B3 20
03B272,125,F0 10 C9 0C F0 0C C9 0D F0 08 20 BE B3 20 3C B3
03B274,125,C9 0C F0 0C C9 0D F0 08 20 BE B3 20 3C B3 80 03
03B265,125,AD D4 1F C9 10 F0 18 C9 0F F0 14 C9 0B F0 10 C9
06BBC4,125,6A C9 00 80 6A 18 6D A0 16 8F B0 01 70 E2 20 28
03B26E,125,F0 14 C9 0B F0 10 C9 0C F0 0C C9 0D F0 08 20 BE
02DB2E,125,AD C3 14 8D C7 14 C2 20 F0 11 A2 08 00 A9 83 14
03B268,125,C9 10 F0 18 C9 0F F0 14 C9 0B F0 10 C9 0C F0 0C
03B26A,125,F0 18 C9 0F F0 14 C9 0B F0 10 C9 0C F0 0C C9 0D
03B255,125,E2 20 AD D3 14 29 08 F0 07 AD D9 14 29 80 D0 1F
03BB4D,125,C9 00 80 6A C9 00 80 6A C9 00 80 6A C9 00 80 6A
02FBDD,125,E5 C3 8F 2C 00 70 AD C4 15 18 75 10 38 E5 C5 8F
02F4E2,125,A9 01 A2 7F B1 22 E3 4E 7E E2 20 C2 10 28 6B 08
03BBE8,125,6A C9 00 80 6A C9 00 80 6A 8D 43 16 AD 27 16 C9
0BDD3A,125,F0 3A 38 ED 32 12 C9 00 00 30 0A C9 08 00 10 0D
02F4FE,125,AC 1F 12 E2 20 B9 20 00 29 08 D0 6C C2 20 B9 04
03BB76,125,6A C9 00 80 6A C9 00 80 6A C9 00 80 6A C9 00 80
02FBEA,125,E5 C5 8F 2E 00 70 E2 20 AD DD 14 C9 03 F0 04 5C
03BBE5,125,C9 00 80 6A C9 00 80 6A C9 00 80 6A 8D 43 16 AD
02FBE9,125,38 E5 C5 8F 2E 00 70 E2 20 AD DD 14 C9 03 F0 04
03BBE4,125,6A C9 00 80 6A C9 00 80 6A C9 00 80 6A 8D 43 16
03BC78,125,6A 8D 4B 16 E2 20 C2 20 A5 02 8F 62 00 70 A5 08
02FBE6,125,18 75 10 38 E5 C5 8F 2E 00 70 E2 20 AD DD 14 C9
02FD7E,125,1A F0 58 E2 20 C2 10 AD C3 14 09 02 8D C3 14 A2
03BBED,125,C9 00 80 6A 8D 43 16 AD 27 16 C9 00 80 6A C9 00
03BBF4,125,AD 27 16 C9 00 80 6A C9 00 80 6A C9 00 80 6A C9
02F4ED,125,C2 10 28 6B 08 8B E2 20 A9 7E 48 AB C2 10 A2 F2
02FBF9,125,5C 0D FC 02 C2 20 AF 2C 00 70 18 69 32 00 8F 2C
02F4FB,125,A2 F2 0E AC 1F 12 E2 20 B9 20 00 29 08 D0 6C C2
03BBF1,125,8D 43 16 AD 27 16 C9 00 80 6A C9 00 80 6A C9 00
02FBF2,125,AD DD 14 C9 03 F0 04 5C 0D FC 02 C2 20 AF 2C 00
03BBF0,125,6A 8D 43 16 AD 27 16 C9 00 80 6A C9 00 80 6A C9
02F4F9,125,C2 10 A2 F2 0E AC 1F 12 E2 20 B9 20 00 29 08 D0
02F4F7,125,48 AB C2 10 A2 F2 0E AC 1F 12 E2 20 B9 20 00 29
03BBD9,125,C9 00 80 6A C9 00 80 6A C9 00 80 6A C9 00 80 6A
03BC4E,125,6A C9 00 80 6A C9 00 80 6A 8D 49 16 AD 2D 16 C9
03B2B1,125,80 12 A9 00 8D 41 21 8D E3 1F 60 A9 4B 8D 41 21
03B29F,125,29 40 D0 10 AD DA 14 29 02 F0 09 AD D9 14 29 80
03B2A1,125,D0 10 AD DA 14 29 02 F0 09 AD D9 14 29 80 D0 0B
7E4F51,125,E2 20 C2 10 AE 1F 12 B5 1D 29 80 F0 04 5C 68 4F
0BBC0C,125,20 83 D0 6B E2 20 C2 10 AE 3A 12 C2 20 A9 25 BC
03B29C,125,AD D2 14 29 40 D0 10 AD DA 14 29 02 F0 09 AD D9
06BBD1,125,E2 20 28 7A 6B 08 07 06 05 E2 20 C2 10 DA A9 0D
03BB54,125,6A C9 00 80 6A C9 00 80 6A C9 00 80 6A C9 00 80
1FD4C0,125,C9 00 80 6A 18 65 3A 6B C9 00 80 6A 85 3A C9 00
02FBDF,125,8F 2C 00 70 AD C4 15 18 75 10 38 E5 C5 8F 2E 00
0BDAE6,125,AD D8 14 89 80 F0 04 5C 23 DB 0B AD 02 12 29 08
03B2A3,125,AD DA 14 29 02 F0 09 AD D9 14 29 80 D0 0B 80 12
02FBE3,125,AD C4 15 18 75 10 38 E5 C5 8F 2E 00 70 E2 20 AD
03BB61,125,C9 00 80 6A C9 00 80 6A 8D 3B 16 AD 1F 16 C9 00
03B2AF,125,D0 0B 80 12 A9 00 8D 41 21 8D E3 1F 60 A9 4B 8D
02DB72,125,30 30 EB 29 07 00 0A AA BF 15 8C 00 CD 51 19 D0
06BBD3,125,28 7A 6B 08 07 06 05 E2 20 C2 10 DA A9 0D 8D F6
03BBE1,125,C9 00 80 6A C9 00 80 6A C9 00 80 6A C9 00 80 6A
03B2A8,125,F0 09 AD D9 14 29 80 D0 0B 80 12 A9 00 8D 41 21
03B2AA,125,AD D9 14 29 80 D0 0B 80 12 A9 00 8D 41 21 8D E3
02DB65,125,29 FF 00 D0 05 A9 00 00 80 05 AD 36 12 30 30 EB
03B2A6,125,29 02 F0 09 AD D9 14 29 80 D0 0B 80 12 A9 00 8D
02F4EB,125,E2 20 C2 10 28 6B 08 8B E2 20 A9 7E 48 AB C2 10
06BBC0,125,6A C9 00 80 6A C9 00 80 6A 18 6D A0 16 8F B0 01
03BAF2,125,38 E9 80 07 85 02 A5 C5 29 FF 00 49 FF 00 38 E9
02FBBA,125,85 08 AD C4 15 85 90 E2 20 B5 13 22 F0 CD 1F C2
02F4DC,125,E2 20 C2 10 E2 20 A9 01 A2 7F B1 22 E3 4E 7E E2
02F9EB,125,AD E1 15 8D 25 16 AD E3 15 8D 27 16 AD E5 15 8D
0BD597,125,AD 1F 15 38 E9 2C 01 8D 1F 15 E2 20 C2 20 B5 0C
0BDDD0,125,18 6D 06 15 95 14 B5 14 18 6D 0A 15 95 14 AD 03
02F59B,125,A2 F2 0E AC 1F 12 E2 20 8C 3C 12 B9 08 00 29 E1
02D9E5,125,22 21 DB 02 E2 20 C2 10 AD D3 1F D0 03 EE 12 1F
02F59E,125,AC 1F 12 E2 20 8C 3C 12 B9 08 00 29 E1 09 08 99
0BDDD9,125,6D 0A 15 95 14 AD 03 15 F0 04 5C 23 DE 0B A9 00
0BDBF1,125,5C FD DB 0B AD E2 14 09 01 8D E2 14 AD E2 14 29
0BBBFC,125,ED 8B 15 22 BA D4 1F 18 6D 8B 15 8D FA 14 E2 20
02F595,125,A5 C3 8F C8 00 70 A2 F2 0E AC 1F 12 E2 20 8C 3C
02FBBC,125,AD C4 15 85 90 E2 20 B5 13 22 F0 CD 1F C2 20 A5
02F58E,125,AD 61 19 8F 20 02 70 A5 C3 8F C8 00 70 A2 F2 0E
03BBBB,125,C9 00 80 6A C9 00 80 6A C9 00 80 6A C9 00 80 6A
03BCAA,125,8F 48 01 70 AD 49 16 8F 4A 01 70 AD 4B 16 8F 4C
03B43D,125,EC 68 1F F0 03 82 65 00 BF E8 1C 7E 29 FF 00 F0
0BD9AD,125,5C CF D9 0B AD 09 15 C9 80 6A C9 80 6A C9 80 6A
06BBAE,125,AD C9 18 38 ED 2C 15 C9 00 80 6A C9 00 80 6A C9
03BCAE,125,AD 49 16 8F 4A 01 70 AD 4B 16 8F 4C 01 70 E2 20
06BB8C,125,AC CE 14 D0 10 C9 E8 00 30 03 A9 E8 00 C9 C8 FF
0BBC04,125,6D 8B 15 8D FA 14 E2 20 20 83 D0 6B E2 20 C2 10
02F58B,125,9C E7 1E AD 61 19 8F 20 02 70 A5 C3 8F C8 00 70
0BBBF9,125,B5 0E 38 ED 8B 15 22 BA D4 1F 18 6D 8B 15 8D FA
02FBB8,125,A5 0A 85 08 AD C4 15 85 90 E2 20 B5 13 22 F0 CD
03BCBC,125,E2 20 C2 10 AD 4D 16 8F 50 01 70 AD 4E 16 8F 52
02FBAC,125,B5 12 22 84 CE 1F C2 20 A5 04 85 02 A5 0A 85 08
0BDDDE,125,AD 03 15 F0 04 5C 23 DE 0B A9 00 CD 04 15 F0 2F
02FBAE,125,22 84 CE 1F C2 20 A5 04 85 02 A5 0A 85 08 AD C4
03BBAC,125,6A 8D 3F 16 AD 23 16 C9 00 80 6A C9 00 80 6A C9
06BB9C,125,10 03 A9 C8 FF 18 6D 9E 16 29 FF 01 8D 4F 19 9C
02FBAA,125,E2 20 B5 12 22 84 CE 1F C2 20 A5 04 85 02 A5 0A
0BDDE1,125,F0 04 5C 23 DE 0B A9 00 CD 04 15 F0 2F 38 ED 04
03BBA5,125,C9 00 80 6A C9 00 80 6A 8D 3F 16 AD 23 16 C9 00
0BDF8A,125,C9 03 F0 04 5C EB DF 0B C2 20 B5 0C 8D 1D 15 E2
03BBB6,125,6A C9 00 80 6A C9 00 80 6A C9 00 80 6A C9 00 80
06BBA1,125,18 6D 9E 16 29 FF 01 8D 4F 19 9C 51 19 AD C9 18
02D968,125,20 49 DD 22 5C BB 06 20 54 DB C2 30 AD FE 14 8D
0BBBE8,125,B5 0C 22 C8 D4 1F 80 06 B5 0C 22 DF D4 1F 8D F8
03BC29,125,C9 00 80 6A C9 00 80 6A C9 00 80 6A 8D 47 16 AD
0BBBEA,125,22 C8 D4 1F 80 06 B5 0C 22 DF D4 1F 8D F8 14 B5
03BC19,125,C9 00 80 6A C9 00 80 6A C9 00 80 6A C9 00 80 6A
06BBA8,125,8D 4F 19 9C 51 19 AD C9 18 38 ED 2C 15 C9 00 80
03BC75,125,C9 00 80 6A 8D 4B 16 E2 20 C2 20 A5 02 8F 62 00
02FC26,125,AF 2A 00 70 85 90 E2 30 22 DE B9 03 28 C2 20 A5
03BBB3,125,C9 00 80 6A C9 00 80 6A C9 00 80 6A C9 00 80 6A
02FC22,125,8F 08 00 00 AF 2A 00 70 85 90 E2 30 22 DE B9 03
03BC8C,125,A5 90 8F 2E 00 70 AD 3B 16 8F 42 01 70 AD 3D 16
02F589,125,C2 30 9C E7 1E AD 61 19 8F 20 02 70 A5 C3 8F C8
0BDDBB,125,18 6D 2D 15 95 13 AD 37 12 95 14 B5 14 18 6D 09
0BDD93,125,C9 00 00 30 0A C9 00 06 30 0D A9 00 06 80 08 C9
03BC9C,125,8F 44 01 70 AD 3F 16 8F 46 01 70 AD 47 16 8F 48
0BD0B2,125,AD DF 14 29 04 F0 04 5C EF D1 0B AD DF 14 29 01
0BD0B5,125,29 04 F0 04 5C EF D1 0B AD DF 14 29 01 F0 04 5C
03BC99,125,AD 3D 16 8F 44 01 70 AD 3F 16 8F 46 01 70 AD 47
0BBC07,125,8D FA 14 E2 20 20 83 D0 6B E2 20 C2 10 AE 3A 12
0BDA22,125,B5 0C 18 6D 1D 15 95 0C E2 20 C2 20 AD 7B 15 8D
06BBBC,125,6A C9 00 80 6A C9 00 80 6A C9 00 80 6A 18 6D A0
0BD083,125,A9 04 8D 45 1F B5 23 D0 04 5C B2 D0 0B AD D9 14
03BBC7,125,C9 00 80 6A C9 00 80 6A 8D 41 16 AD 25 16 C9 00
03BCA0,125,AD 3F 16 8F 46 01 70 AD 47 16 8F 48 01 70 AD 49
0BDA3B,125,38 E9 1E 00 8D 1D 15 E2 20 AD E0 14 89 01 F0 04
0BDA42,125,E2 20 AD E0 14 89 01 F0 04 5C 95 DA 0B AD 02 12
0BDA54,125,D0 04 5C 95 DA 0B AD E1 14 89 80 F0 0F C2 20 B5
03BC8E,125,8F 2E 00 70 AD 3B 16 8F 42 01 70 AD 3D 16 8F 44
02FBCE,125,75 0C 38 E5 C1 8F 62 00 70 A5 0A 18 75 0E 38 E5
06BBBD,125,C9 00 80 6A C9 00 80 6A C9 00 80 6A 18 6D A0 16
0BD8A2,125,5C B1 D8 0B AD DA 14 29 FB 8D DA 14 82 C7 00 AD
03BBCA,125,6A C9 00 80 6A 8D 41 16 AD 25 16 C9 00 80 6A C9
03BC92,125,AD 3B 16 8F 42 01 70 AD 3D 16 8F 44 01 70 AD 3F
03BC95,125,8F 42 01 70 AD 3D 16 8F 44 01 70 AD 3F 16 8F 46
0BDA44,125,AD E0 14 89 01 F0 04 5C 95 DA 0B AD 02 12 29 02
02FBBF,125,85 90 E2 20 B5 13 22 F0 CD 1F C2 20 A5 04 18 75
02FBC9,125,C2 20 A5 04 18 75 0C 38 E5 C1 8F 62 00 70 A5 0A
03BCA3,125,8F 46 01 70 AD 47 16 8F 48 01 70 AD 49 16 8F 4A
02DA66,125,E2 20 AD D3 1F F0 03 EE 12 1F E2 20 AD 00 12 8D
02F583,125,E2 20 A9 7E 48 AB C2 30 9C E7 1E AD 61 19 8F 20
03BCA7,125,AD 47 16 8F 48 01 70 AD 49 16 8F 4A 01 70 AD 4B
02F582,125,8B E2 20 A9 7E 48 AB C2 30 9C E7 1E AD 61 19 8F
02FBC1,125,E2 20 B5 13 22 F0 CD 1F C2 20 A5 04 18 75 0C 38
06BBB1,125,38 ED 2C 15 C9 00 80 6A C9 00 80 6A C9 00 80 6A
0BD9D1,125,AD 36 12 C9 00 80 6A C9 00 80 6A C9 00 80 6A C9
02F587,125,48 AB C2 30 9C E7 1E AD 61 19 8F 20 02 70 A5 C3
02D9F0,125,D0 03 EE 12 1F AD 7C 17 89 01 F0 03 82 03 00 20
06BBB9,125,C9 00 80 6A C9 00 80 6A C9 00 80 6A C9 00 80 6A
0BDDB4,125,AD 35 12 95 13 B5 13 18 6D 2D 15 95 13 AD 37 12
0BD41E,125,F5 31 8D 1D 15 E2 20 C2 20 B5 0E CD 1D 15 E2 20
03BBC3,125,C9 00 80 6A C9 00 80 6A C9 00 80 6A 8D 41 16 AD
06BBB8,125,6A C9 00 80 6A C9 00 80 6A C9 00 80 6A C9 00 80
0BD9F0,125,C9 00 80 6A 10 03 69 00 00 18 6D C7 14 49 FF FF
03BBBF,125,C9 00 80 6A C9 00 80 6A C9 00 80 6A C9 00 80 6A
03BBC2,125,6A C9 00 80 6A C9 00 80 6A C9 00 80 6A 8D 41 16
02FA78,125,E2 20 22 3C B9 03 18 A5 B3 65 C1 85 C1 A5 B4 65
06BBB5,125,C9 00 80 6A C9 00 80 6A C9 00 80 6A C9 00 80 6A
02FBC3,125,B5 13 22 F0 CD 1F C2 20 A5 04 18 75 0C 38 E5 C1
02F57F,125,28 6B 08 8B E2 20 A9 7E 48 AB C2 30 9C E7 1E AD
02F9C8,125,9C 33 16 E2 20 22 76 B9 03 C2 20 AD D9 15 8D 1D
03BBF7,125,C9 00 80 6A C9 00 80 6A C9 00 80 6A C9 00 80 6A
02F4E4,125,A2 7F B1 22 E3 4E 7E E2 20 C2 10 28 6B 08 8B E2
03B3C0,125,AE 1F 12 A9 FF 7F 9C 3F 1F B4 04 C0 C0 C7 D0 03
0BBBE3,125,20 AA E8 C2 20 B5 0C 22 C8 D4 1F 80 06 B5 0C 22
02F4E0,125,E2 20 A9 01 A2 7F B1 22 E3 4E 7E E2 20 C2 10 28
03B3BE,125,C2 30 AE 1F 12 A9 FF 7F 9C 3F 1F B4 04 C0 C0 C7
03BC5D,125,C9 00 80 6A C9 00 80 6A C9 00 80 6A C9 00 80 6A
03B3C3,125,A9 FF 7F 9C 3F 1F B4 04 C0 C0 C7 D0 03 82 E6 00
0BDB7D,125,AD E2 14 29 FD 8D E2 14 AD 04 12 29 20 D0 04 5C
0BB2EB,125,89 80 F0 06 A9 FF 85 05 80 02 64 05 A9 0D 85 08
0BB2E7,125,85 02 85 04 89 80 F0 06 A9 FF 85 05 80 02 64 05
0BB2E9,125,85 04 89 80 F0 06 A9 FF 85 05 80 02 64 05 A9 0D
0BDCE8,125,F0 43 38 ED 36 12 C9 00 00 30 0A C9 10 00 10 0D
0BB38C,125,CD 7F 15 E2 20 10 04 5C AE B3 0B AD E0 14 09 20
03BC61,125,C9 00 80 6A C9 00 80 6A C9 00 80 6A C9 00 80 6A
0BB2F5,125,64 05 A9 0D 85 08 85 0A 89 80 F0 06 A9 FF 85 0B
0BB2F7,125,A9 0D 85 08 85 0A 89 80 F0 06 A9 FF 85 0B 80 02
0BDCDE,125,95 1E C2 20 A9 00 00 CD 36 12 F0 43 38 ED 36 12
03BC60,125,6A C9 00 80 6A C9 00 80 6A C9 00 80 6A C9 00 80
0BDB8A,125,D0 04 5C AE DB 0B AD E2 14 09 02 8D E2 14 AD A7
0BDCE2,125,A9 00 00 CD 36 12 F0 43 38 ED 36 12 C9 00 00 30
0BDB88,125,29 20 D0 04 5C AE DB 0B AD E2 14 09 02 8D E2 14
0BB2ED,125,F0 06 A9 FF 85 05 80 02 64 05 A9 0D 85 08 85 0A
0BB393,125,5C AE B3 0B AD E0 14 09 20 8D E0 14 AD DC 14 29
0BB2F9,125,85 08 85 0A 89 80 F0 06 A9 FF 85 0B 80 02 64 0B
0BDB6D,125,AD 04 12 29 30 D0 04 5C 7D DB 0B A9 03 8D 02 15
7E51FB,125,09 00 FF 80 03 29 FF 00 85 02 A5 F6 29 0F 00 F0
03B3C6,125,9C 3F 1F B4 04 C0 C0 C7 D0 03 82 E6 00 C0 B0 D9
0BB3AE,125,6B A9 02 8D 29 15 A9 01 8D 2A 15 B4 1B AD D9 14
03B2E6,125,8D C7 14 AD 04 12 89 30 F0 3C C2 30 AE 3A 12 B5
03BBCB,125,C9 00 80 6A 8D 41 16 AD 25 16 C9 00 80 6A C9 00
03B2E9,125,AD 04 12 89 30 F0 3C C2 30 AE 3A 12 B5 0C AA 38
03BC5A,125,AD 2D 16 C9 00 80 6A C9 00 80 6A C9 00 80 6A C9
03BC57,125,8D 49 16 AD 2D 16 C9 00 80 6A C9 00 80 6A C9 00
03BC69,125,C9 00 80 6A C9 00 80 6A C9 00 80 6A C9 00 80 6A
02DA5B,125,22 E3 BA 03 22 0A 4F 7E 20 07 E2 E2 20 AD D3 1F
03BC56,125,6A 8D 49 16 AD 2D 16 C9 00 80 6A C9 00 80 6A C9
0BB2E1,125,22 11 DB 1F A9 21 85 02 85 04 89 80 F0 06 A9 FF
06BBA2,125,6D 9E 16 29 FF 01 8D 4F 19 9C 51 19 AD C9 18 38
03B2EC,125,89 30 F0 3C C2 30 AE 3A 12 B5 0C AA 38 ED 46 1F
06BBB2,125,ED 2C 15 C9 00 80 6A C9 00 80 6A C9 00 80 6A C9
0BB2DA,125,AC 3A 12 22 ED DA 1F 22 11 DB 1F A9 21 85 02 85
03B292,125,B5 2E 29 04 F0 04 5C B3 B2 03 AD D2 14 29 40 D0
03BBD5,125,C9 00 80 6A C9 00 80 6A C9 00 80 6A C9 00 80 6A
03DB87,125,20 48 E1 20 8A E1 20 B3 DD 20 56 E3 E2 20 AD D3
03BBDD,125,C9 00 80 6A C9 00 80 6A C9 00 80 6A C9 00 80 6A
03BBE0,125,6A C9 00 80 6A C9 00 80 6A C9 00 80 6A C9 00 80
03B2EE,125,F0 3C C2 30 AE 3A 12 B5 0C AA 38 ED 46 1F 8E 46
06BBAB,125,9C 51 19 AD C9 18 38 ED 2C 15 C9 00 80 6A C9 00
03BCB8,125,8F 4C 01 70 E2 20 C2 10 AD 4D 16 8F 50 01 70 AD
03BC0F,125,C9 00 80 6A 8D 45 16 AD 29 16 C9 00 80 6A C9 00
0BDCDA,125,B5 1E 29 FE 95 1E C2 20 A9 00 00 CD 36 12 F0 43
02DCE5,125,A2 22 02 8E 02 43 A9 70 8D 04 43 A2 A0 02 8E 05
03BC70,125,6A C9 00 80 6A C9 00 80 6A 8D 4B 16 E2 20 C2 20
0BB371,125,B5 0E CD 7D 15 E2 20 F0 06 30 04 5C 88 B3 0B AD
0BB328,125,A5 0A 85 08 AD C4 15 85 90 C2 20 B5 0C 18 65 04
0BB32A,125,85 08 AD C4 15 85 90 C2 20 B5 0C 18 65 04 95 0C
0BB320,125,22 78 CC 1F A5 04 85 02 A5 0A 85 08 AD C4 15 85
03B33E,125,AE 1F 12 E2 20 B5 2A C9 FF D0 38 B5 1F 29 08 D0
0BB373,125,CD 7D 15 E2 20 F0 06 30 04 5C 88 B3 0B AD E0 14
03B33C,125,C2 30 AE 1F 12 E2 20 B5 2A C9 FF D0 38 B5 1F 29
0BB376,125,E2 20 F0 06 30 04 5C 88 B3 0B AD E0 14 09 10 8D
0BB378,125,F0 06 30 04 5C 88 B3 0B AD E0 14 09 10 8D E0 14
0BB32C,125,AD C4 15 85 90 C2 20 B5 0C 18 65 04 95 0C B5 10
0BB352,125,E2 20 10 04 5C 6F B3 0B C2 20 AD 73 15 38 F5 0C
0BB340,125,95 10 B5 0E 18 65 0A 95 0E E2 20 C2 20 B5 0C CD
0BB345,125,65 0A 95 0E E2 20 C2 20 B5 0C CD 73 15 E2 20 10
0BB344,125,18 65 0A 95 0E E2 20 C2 20 B5 0C CD 73 15 E2 20
03BC4F,125,C9 00 80 6A C9 00 80 6A 8D 49 16 AD 2D 16 C9 00
0BB349,125,E2 20 C2 20 B5 0C CD 73 15 E2 20 10 04 5C 6F B3
0BB338,125,95 0C B5 10 18 6D C4 15 95 10 B5 0E 18 65 0A 95
0BB33A,125,B5 10 18 6D C4 15 95 10 B5 0E 18 65 0A 95 0E E2
0BD341,125,5C A6 D3 0B AD F5 14 C9 02 D0 04 5C A1 D3 0B 10
0BB34B,125,C2 20 B5 0C CD 73 15 E2 20 10 04 5C 6F B3 0B C2
0BB2FD,125,89 80 F0 06 A9 FF 85 0B 80 02 64 0B A9 00 85 90
0BB37A,125,30 04 5C 88 B3 0B AD E0 14 09 10 8D E0 14 C2 20
03BC6C,125,6A C9 00 80 6A C9 00 80 6A C9 00 80 6A 8D 4B 16
0BB309,125,A9 00 85 90 8D C4 15 89 80 F0 07 A9 FF 8D C5 15
0BB30B,125,85 90 8D C4 15 89 80 F0 07 A9 FF 8D C5 15 80 03
03B32C,125,E2 20 AD C7 14 8D 41 21 8D E3 1F 60 8D 42 21 60
0BB30D,125,8D C4 15 89 80 F0 07 A9 FF 8D C5 15 80 03 9C C5
0BB307,125,64 0B A9 00 85 90 8D C4 15 89 80 F0 07 A9 FF 8D
0BB38F,125,E2 20 10 04 5C AE B3 0B AD E0 14 09 20 8D E0 14
03BC64,125,6A C9 00 80 6A C9 00 80 6A C9 00 80 6A C9 00 80
0BB391,125,10 04 5C AE B3 0B AD E0 14 09 20 8D E0 14 AD DC
0BDCD5,125,8D 34 12 E2 20 B5 1E 29 FE 95 1E C2 20 A9 00 00
03BC6D,125,C9 00 80 6A C9 00 80 6A C9 00 80 6A 8D 4B 16 E2
03BC65,125,C9 00 80 6A C9 00 80 6A C9 00 80 6A C9 00 80 6A
03B331,125,8D 41 21 8D E3 1F 60 8D 42 21 60 C2 30 AE 1F 12
03BC68,125,6A C9 00 80 6A C9 00 80 6A C9 00 80 6A C9 00 80
0BB331,125,C2 20 B5 0C 18 65 04 95 0C B5 10 18 6D C4 15 95
02DCE2,125,8D 01 43 A2 22 02 8E 02 43 A9 70 8D 04 43 A2 A0
03B32E,125,AD C7 14 8D 41 21 8D E3 1F 60 8D 42 21 60 C2 30
03B337,125,60 8D 42 21 60 C2 30 AE 1F 12 E2 20 B5 2A C9 FF
0BB37C,125,5C 88 B3 0B AD E0 14 09 10 8D E0 14 C2 20 B5 0E
0BB388,125,C2 20 B5 0E CD 7F 15 E2 20 10 04 5C AE B3 0B AD
0BB312,125,F0 07 A9 FF 8D C5 15 80 03 9C C5 15 B5 14 22 78
03B334,125,8D E3 1F 60 8D 42 21 60 C2 30 AE 1F 12 E2 20 B5
03BBFA,125,6A C9 00 80 6A C9 00 80 6A C9 00 80 6A C9 00 80
0BBBFB,125,38 ED 8B 15 22 BA D4 1F 18 6D 8B 15 8D FA 14 E2
03BC53,125,C9 00 80 6A 8D 49 16 AD 2D 16 C9 00 80 6A C9 00
03BC21,125,C9 00 80 6A C9 00 80 6A C9 00 80 6A C9 00 80 6A
03BC20,125,6A C9 00 80 6A C9 00 80 6A C9 00 80 6A C9 00 80
0BBC03,125,18 6D 8B 15 8D FA 14 E2 20 20 83 D0 6B E2 20 C2
03BC24,125,6A C9 00 80 6A C9 00 80 6A C9 00 80 6A C9 00 80
03BC25,125,C9 00 80 6A C9 00 80 6A C9 00 80 6A C9 00 80 6A
02F4F0,125,6B 08 8B E2 20 A9 7E 48 AB C2 10 A2 F2 0E AC 1F
02F4F1,125,08 8B E2 20 A9 7E 48 AB C2 10 A2 F2 0E AC 1F 12
0BBBFF,125,22 BA D4 1F 18 6D 8B 15 8D FA 14 E2 20 20 83 D0
03BC1C,125,6A C9 00 80 6A C9 00 80 6A C9 00 80 6A C9 00 80
03BC1D,125,C9 00 80 6A C9 00 80 6A C9 00 80 6A C9 00 80 6A
02FC1E,125,AF 28 00 70 8F 08 00 00 AF 2A 00 70 85 90 E2 30
02FC2A,125,85 90 E2 30 22 DE B9 03 28 C2 20 A5 72 38 E9 70
02FC2C,125,E2 30 22 DE B9 03 28 C2 20 A5 72 38 E9 70 00 8D
0681EF,125,C9 03 F0 04 5C FC 81 06 A9 FF 8D C6 14 AD D5 14
03B2C8,125,D0 13 AD C4 18 89 01 D0 08 A9 C0 80 0E A9 C0 80
03BC2C,125,6A C9 00 80 6A C9 00 80 6A 8D 47 16 AD 2B 16 C9
03BC28,125,6A C9 00 80 6A C9 00 80 6A C9 00 80 6A 8D 47 16
02F4E7,125,22 E3 4E 7E E2 20 C2 10 28 6B 08 8B E2 20 A9 7E
02FC2E,125,22 DE B9 03 28 C2 20 A5 72 38 E9 70 00 8D F4 16
03B2C5,125,AD CB 16 D0 13 AD C4 18 89 01 D0 08 A9 C0 80 0E
0BBC0A,125,E2 20 20 83 D0 6B E2 20 C2 10 AE 3A 12 C2 20 A9
03BC71,125,C9 00 80 6A C9 00 80 6A 8D 4B 16 E2 20 C2 20 A5
03BB86,125,6A C9 00 80 6A 8D 3D 16 AD 21 16 C9 00 80 6A C9
02F4F3,125,E2 20 A9 7E 48 AB C2 10 A2 F2 0E AC 1F 12 E2 20
03BC16,125,AD 29 16 C9 00 80 6A C9 00 80 6A C9 00 80 6A C9
03BC02,125,6A C9 00 80 6A C9 00 80 6A C9 00 80 6A C9 00 80
03BC03,125,C9 00 80 6A C9 00 80 6A C9 00 80 6A C9 00 80 6A
0BBBE6,125,C2 20 B5 0C 22 C8 D4 1F 80 06 B5 0C 22 DF D4 1F
03BC07,125,C9 00 80 6A C9 00 80 6A C9 00 80 6A 8D 45 16 AD
02F4D8,125,08 20 81 F5 E2 20 C2 10 E2 20 A9 01 A2 7F B1 22
03BBFF,125,C9 00 80 6A C9 00 80 6A C9 00 80 6A C9 00 80 6A
02F4DE,125,C2 10 E2 20 A9 01 A2 7F B1 22 E3 4E 7E E2 20 C2
03BBFB,125,C9 00 80 6A C9 00 80 6A C9 00 80 6A C9 00 80 6A
03BBFE,125,6A C9 00 80 6A C9 00 80 6A C9 00 80 6A C9 00 80
02FC1C,125,85 02 AF 28 00 70 8F 08 00 00 AF 2A 00 70 85 90
02F4D9,125,20 81 F5 E2 20 C2 10 E2 20 A9 01 A2 7F B1 22 E3
03BC0A,125,6A C9 00 80 6A C9 00 80 6A 8D 45 16 AD 29 16 C9
03BC12,125,6A 8D 45 16 AD 29 16 C9 00 80 6A C9 00 80 6A C9
02FC16,125,C2 20 AF 26 00 70 85 02 AF 28 00 70 8F 08 00 00
02FC18,125,AF 26 00 70 85 02 AF 28 00 70 8F 08 00 00 AF 2A
02F4F8,125,AB C2 10 A2 F2 0E AC 1F 12 E2 20 B9 20 00 29 08
02F4F5,125,A9 7E 48 AB C2 10 A2 F2 0E AC 1F 12 E2 20 B9 20
03BC0E,125,6A C9 00 80 6A 8D 45 16 AD 29 16 C9 00 80 6A C9
02FC12,125,22 E3 4E 7E C2 20 AF 26 00 70 85 02 AF 28 00 70
03BC0B,125,C9 00 80 6A C9 00 80 6A 8D 45 16 AD 29 16 C9 00
02FC0F,125,A2 3E 82 22 E3 4E 7E C2 20 AF 26 00 70 85 02 AF
02DCBD,125,E2 30 AD 37 21 AE 3C 21 AD 3C 21 29 01 D0 F3 E0
03B2CA,125,AD C4 18 89 01 D0 08 A9 C0 80 0E A9 C0 80 0A A9
03B2CD,125,89 01 D0 08 A9 C0 80 0E A9 C0 80 0A A9 00 80 06
03B2E3,125,0D 45 1F 8D C7 14 AD 04 12 89 30 F0 3C C2 30 AE
03B440,125,F0 03 82 65 00 BF E8 1C 7E 29 FF 00 F0 03 82 62
03BC86,125,A5 08 8F 2C 00 70 A5 90 8F 2E 00 70 AD 3B 16 8F
03B438,125,D0 03 82 6D 00 EC 68 1F F0 03 82 65 00 BF E8 1C
03B435,125,AE 3F 1F D0 03 82 6D 00 EC 68 1F F0 03 82 65 00
03BC43,125,C9 00 80 6A C9 00 80 6A C9 00 80 6A C9 00 80 6A
02FC44,125,8D F6 16 E2 20 6B 20 4E FC 6B A5 EF 18 E5 F0 85
03BC42,125,6A C9 00 80 6A C9 00 80 6A C9 00 80 6A C9 00 80
03BC7C,125,E2 20 C2 20 A5 02 8F 62 00 70 A5 08 8F 2C 00 70
03BC7E,125,C2 20 A5 02 8F 62 00 70 A5 08 8F 2C 00 70 A5 90
03BC3F,125,C9 00 80 6A C9 00 80 6A C9 00 80 6A C9 00 80 6A
02DC95,125,B5 0C 8F 2C 00 70 E2 20 A9 06 A2 87 FB 22 E3 4E
02DC9B,125,E2 20 A9 06 A2 87 FB 22 E3 4E 7E 60 A5 C1 8F C6
02F4EF,125,28 6B 08 8B E2 20 A9 7E 48 AB C2 10 A2 F2 0E AC
03BC52,125,6A C9 00 80 6A 8D 49 16 AD 2D 16 C9 00 80 6A C9
03BCB5,125,AD 4B 16 8F 4C 01 70 E2 20 C2 10 AD 4D 16 8F 50
02DC97,125,8F 2C 00 70 E2 20 A9 06 A2 87 FB 22 E3 4E 7E 60
03BCB1,125,8F 4A 01 70 AD 4B 16 8F 4C 01 70 E2 20 C2 10 AD
03BC4A,125,6A C9 00 80 6A C9 00 80 6A C9 00 80 6A 8D 49 16
03DC0C,125,65 02 9D 6D 12 A9 20 11 9D 6B 12 8A 18 69 0C 00
02FC47,125,E2 20 6B 20 4E FC 6B A5 EF 18 E5 F0 85 F0 E5 F1
02FC49,125,6B 20 4E FC 6B A5 EF 18 E5 F0 85 F0 E5 F1 85 F1
03BC2D,125,C9 00 80 6A C9 00 80 6A 8D 47 16 AD 2B 16 C9 00
02FC41,125,E9 60 00 8D F6 16 E2 20 6B 20 4E FC 6B A5 EF 18
02FC3E,125,A5 74 38 E9 60 00 8D F6 16 E2 20 6B 20 4E FC 6B
02FC35,125,A5 72 38 E9 70 00 8D F4 16 A5 74 38 E9 60 00 8D
02FC37,125,38 E9 70 00 8D F4 16 A5 74 38 E9 60 00 8D F6 16
03BC74,125,6A C9 00 80 6A 8D 4B 16 E2 20 C2 20 A5 02 8F 62
03B2D1,125,A9 C0 80 0E A9 C0 80 0A A9 00 80 06 C9 02 F0 F4
03B2CF,125,D0 08 A9 C0 80 0E A9 C0 80 0A A9 00 80 06 C9 02
02FC33,125,C2 20 A5 72 38 E9 70 00 8D F4 16 A5 74 38 E9 60
03BC31,125,C9 00 80 6A 8D 47 16 AD 2B 16 C9 00 80 6A C9 00
02FC32,125,28 C2 20 A5 72 38 E9 70 00 8D F4 16 A5 74 38 E9
03B26C,125,C9 0F F0 14 C9 0B F0 10 C9 0C F0 0C C9 0D F0 08
02FC40,125,38 E9 60 00 8D F6 16 E2 20 6B 20 4E FC 6B A5 EF
02FC38,125,E9 70 00 8D F4 16 A5 74 38 E9 60 00 8D F6 16 E2
0BD46F,125,D0 04 5C D6 D4 0B C2 20 B5 31 E2 20 10 04 5C D6
02DD59,125,AD C3 14 29 7F 8D C3 14 E2 20 C2 10 9C D3 1F 60
02DD57,125,E2 20 AD C3 14 29 7F 8D C3 14 E2 20 C2 10 9C D3
0BD590,125,8D 1F 15 E2 20 C2 20 AD 1F 15 38 E9 2C 01 8D 1F
03BB95,125,C9 00 80 6A C9 00 80 6A C9 00 80 6A C9 00 80 6A
02DD5E,125,8D C3 14 E2 20 C2 10 9C D3 1F 60 C2 20 BF BC E0
0BD46A,125,AD E0 14 89 80 D0 04 5C D6 D4 0B C2 20 B5 31 E2
03DD58,125,D0 01 60 3A 8D BB 15 C2 20 AD BB 15 29 07 00 C9
03B2D3,125,80 0E A9 C0 80 0A A9 00 80 06 C9 02 F0 F4 A9 80
02FC3B,125,8D F4 16 A5 74 38 E9 60 00 8D F6 16 E2 20 6B 20
7E3B34,125,8D 3A 30 A9 01 8D BD 18 20 1B 40 6B C2 10 AD 0F
03BBA4,125,6A C9 00 80 6A C9 00 80 6A 8D 3F 16 AD 23 16 C9
03BBA1,125,C9 00 80 6A C9 00 80 6A C9 00 80 6A 8D 3F 16 AD
0BB347,125,95 0E E2 20 C2 20 B5 0C CD 73 15 E2 20 10 04 5C
0BDF73,125,5C 87 DF 0B AD D9 14 29 FE 8D D9 14 AD DA 14 29
0BDF71,125,D0 04 5C 87 DF 0B AD D9 14 29 FE 8D D9 14 AD DA
0BB083,125,A5 04 85 02 A5 0A 85 08 AD C4 15 85 90 C2 20 B5
02F6C5,125,28 60 20 CB F6 6B 60 C2 30 AC EF 1E D0 01 6B AE
0BB07F,125,22 78 CC 1F A5 04 85 02 A5 0A 85 08 AD C4 15 85
03BB3E,125,A5 B5 85 08 A5 B7 85 90 E2 20 C2 20 AD 1D 16 C9
0BB07D,125,B5 14 22 78 CC 1F A5 04 85 02 A5 0A 85 08 AD C4
02FB40,125,8D 2B 16 AD E9 15 8D 2D 16 C2 20 AD 35 16 8D 2F
0BB07A,125,9C C5 15 B5 14 22 78 CC 1F A5 04 85 02 A5 0A 85
02FB25,125,AD DF 15 8D 23 16 AD E1 15 8D 25 16 AD E3 15 8D
0BB085,125,85 02 A5 0A 85 08 AD C4 15 85 90 C2 20 B5 0C 18
0BB087,125,A5 0A 85 08 AD C4 15 85 90 C2 20 B5 0C 18 65 04
0BB090,125,C2 20 B5 0C 18 65 04 95 0C B5 10 18 6D C4 15 95
0BB092,125,B5 0C 18 65 04 95 0C B5 10 18 6D C4 15 95 10 B5
7E3AFB,125,85 00 A6 4A AD 62 12 29 F7 8D 3A 30 A9 80 8D 15
0BDF6F,125,29 18 D0 04 5C 87 DF 0B AD D9 14 29 FE 8D D9 14
0BB08E,125,85 90 C2 20 B5 0C 18 65 04 95 0C B5 10 18 6D C4
0BB08B,125,AD C4 15 85 90 C2 20 B5 0C 18 65 04 95 0C B5 10
02DA04,125,AD 02 12 8D A6 15 AD 04 12 8D A7 15 22 26 F9 02
0BB089,125,85 08 AD C4 15 85 90 C2 20 B5 0C 18 65 04 95 0C
0BDF6C,125,AD D8 14 29 18 D0 04 5C 87 DF 0B AD D9 14 29 FE
0BB094,125,18 65 04 95 0C B5 10 18 6D C4 15 95 10 B5 0E 18
0BD088,125,B5 23 D0 04 5C B2 D0 0B AD D9 14 29 20 D0 04 5C
0BB06F,125,89 80 F0 07 A9 FF 8D C5 15 80 03 9C C5 15 B5 14
0BB05A,125,85 0A 89 80 F0 06 A9 FF 85 0B 80 02 64 0B A9 00
0BB058,125,85 08 85 0A 89 80 F0 06 A9 FF 85 0B 80 02 64 0B
0BB05C,125,89 80 F0 06 A9 FF 85 0B 80 02 64 0B A9 00 85 90
02FBF5,125,C9 03 F0 04 5C 0D FC 02 C2 20 AF 2C 00 70 18 69
0BB05E,125,F0 06 A9 FF 85 0B 80 02 64 0B A9 00 85 90 8D C4
02FBEC,125,8F 2E 00 70 E2 20 AD DD 14 C9 03 F0 04 5C 0D FC
02F585,125,A9 7E 48 AB C2 30 9C E7 1E AD 61 19 8F 20 02 70
0BB056,125,A9 0D 85 08 85 0A 89 80 F0 06 A9 FF 85 0B 80 02
7E3AFD,125,A6 4A AD 62 12 29 F7 8D 3A 30 A9 80 8D 15 21 A9
06BBCA,125,6D A0 16 8F B0 01 70 E2 20 28 7A 6B 08 07 06 05
0BB071,125,F0 07 A9 FF 8D C5 15 80 03 9C C5 15 B5 14 22 78
02FB13,125,AD D9 15 8D 1D 16 AD DB 15 8D 1F 16 AD DD 15 8D
02FB19,125,AD DB 15 8D 1F 16 AD DD 15 8D 21 16 AD DF 15 8D
0BB06A,125,85 90 8D C4 15 89 80 F0 07 A9 FF 8D C5 15 80 03
0BB06C,125,8D C4 15 89 80 F0 07 A9 FF 8D C5 15 80 03 9C C5
02F6C7,125,20 CB F6 6B 60 C2 30 AC EF 1E D0 01 6B AE EB 1E
02FB16,125,8D 1D 16 AD DB 15 8D 1F 16 AD DD 15 8D 21 16 AD
0BB068,125,A9 00 85 90 8D C4 15 89 80 F0 07 A9 FF 8D C5 15
0BB066,125,64 0B A9 00 85 90 8D C4 15 89 80 F0 07 A9 FF 8D
0BDB80,125,29 FD 8D E2 14 AD 04 12 29 20 D0 04 5C AE DB 0B
03BB3C,125,85 02 A5 B5 85 08 A5 B7 85 90 E2 20 C2 20 AD 1D
02FB1C,125,8D 1F 16 AD DD 15 8D 21 16 AD DF 15 8D 23 16 AD
0BB052,125,80 02 64 05 A9 0D 85 08 85 0A 89 80 F0 06 A9 FF
0BB095,125,65 04 95 0C B5 10 18 6D C4 15 95 10 B5 0E 18 65
0BDF56,125,5C 6B DF 0B C2 20 AD 73 15 95 0C E2 20 AD C9 1F
7E3B8C,125,AD 62 12 09 08 8D 3A 30 A9 02 8D BD 18 A5 45 4A
0BDF21,125,AD C9 1F 29 F3 8D C9 1F C2 20 B5 0C CD 71 15 E2
7E3B89,125,8D 0B 42 AD 62 12 09 08 8D 3A 30 A9 02 8D BD 18
0BDF1B,125,B5 14 8D C5 14 60 AD C9 1F 29 F3 8D C9 1F C2 20
03B276,125,F0 0C C9 0D F0 08 20 BE B3 20 3C B3 80 03 9C 42
0BDF26,125,8D C9 1F C2 20 B5 0C CD 71 15 E2 20 F0 06 30 04
02DB31,125,8D C7 14 C2 20 F0 11 A2 08 00 A9 83 14 6E C7 14
02FB31,125,AD E3 15 8D 27 16 AD E5 15 8D 29 16 AD E7 15 8D
02FB2E,125,8D 25 16 AD E3 15 8D 27 16 AD E5 15 8D 29 16 AD
0BD08A,125,D0 04 5C B2 D0 0B AD D9 14 29 20 D0 04 5C A2 D0
0BDC00,125,29 02 D0 04 5C 58 DC 0B AD E2 14 29 01 D0 04 5C
02FB46,125,8D 2D 16 C2 20 AD 35 16 8D 2F 16 AD 37 16 8D 31
02FB34,125,8D 27 16 AD E5 15 8D 29 16 AD E7 15 8D 2B 16 AD
0BB0D9,125,F0 06 30 04 5C E9 B0 0B AD E0 14 09 04 8D E0 14
0BB0DB,125,30 04 5C E9 B0 0B AD E0 14 09 04 8D E0 14 C2 20
0BB0DD,125,5C E9 B0 0B AD E0 14 09 04 8D E0 14 C2 20 B5 0E
03B27A,125,F0 08 20 BE B3 20 3C B3 80 03 9C 42 21 20 8B B2
0BB0D7,125,E2 20 F0 06 30 04 5C E9 B0 0B AD E0 14 09 04 8D
0BB0D4,125,CD 7D 15 E2 20 F0 06 30 04 5C E9 B0 0B AD E0 14
03BB44,125,85 90 E2 20 C2 20 AD 1D 16 C9 00 80 6A C9 00 80
0BB0D0,125,C2 20 B5 0E CD 7D 15 E2 20 F0 06 30 04 5C E9 B0
0BB0D2,125,B5 0E CD 7D 15 E2 20 F0 06 30 04 5C E9 B0 0B AD
0BB097,125,95 0C B5 10 18 6D C4 15 95 10 B5 0E 18 65 0A 95
0BB0B7,125,5C D0 B0 0B C2 20 AD 71 15 38 F5 0C 8D 8F 15 E2
0BB0B5,125,30 04 5C D0 B0 0B C2 20 AD 71 15 38 F5 0C 8D 8F
0BB09F,125,95 10 B5 0E 18 65 0A 95 0E E2 20 C2 20 B5 0C CD
0BB0A1,125,B5 0E 18 65 0A 95 0E E2 20 C2 20 B5 0C CD 71 15
0BDF4F,125,CD 73 15 E2 20 10 04 5C 6B DF 0B C2 20 AD 73 15
0BB0A3,125,18 65 0A 95 0E E2 20 C2 20 B5 0C CD 71 15 E2 20
0BDF52,125,E2 20 10 04 5C 6B DF 0B C2 20 AD 73 15 95 0C E2
0BB09B,125,18 6D C4 15 95 10 B5 0E 18 65 0A 95 0E E2 20 C2
0BB09C,125,6D C4 15 95 10 B5 0E 18 65 0A 95 0E E2 20 C2 20
0BB099,125,B5 10 18 6D C4 15 95 10 B5 0E 18 65 0A 95 0E E2
0BDF54,125,10 04 5C 6B DF 0B C2 20 AD 73 15 95 0C E2 20 AD
02FB2B,125,AD E1 15 8D 25 16 AD E3 15 8D 27 16 AD E5 15 8D
0BB0A4,125,65 0A 95 0E E2 20 C2 20 B5 0C CD 71 15 E2 20 F0
0BDF4B,125,C2 20 B5 0C CD 73 15 E2 20 10 04 5C 6B DF 0B C2
0BB0B1,125,E2 20 F0 06 30 04 5C D0 B0 0B C2 20 AD 71 15 38
02FB43,125,AD E9 15 8D 2D 16 C2 20 AD 35 16 8D 2F 16 AD 37
0BB0B3,125,F0 06 30 04 5C D0 B0 0B C2 20 AD 71 15 38 F5 0C
0BB0A6,125,95 0E E2 20 C2 20 B5 0C CD 71 15 E2 20 F0 06 30
0BD174,125,C2 20 AD 13 15 CD FC 14 F0 3A 38 ED FC 14 C9 00
0BB0AC,125,B5 0C CD 71 15 E2 20 F0 06 30 04 5C D0 B0 0B C2
0BB0AE,125,CD 71 15 E2 20 F0 06 30 04 5C D0 B0 0B C2 20 AD
0BB0A8,125,E2 20 C2 20 B5 0C CD 71 15 E2 20 F0 06 30 04 5C
0BB0AA,125,C2 20 B5 0C CD 71 15 E2 20 F0 06 30 04 5C D0 B0
02FB37,125,AD E5 15 8D 29 16 AD E7 15 8D 2B 16 AD E9 15 8D
02FB3D,125,AD E7 15 8D 2B 16 AD E9 15 8D 2D 16 C2 20 AD 35
03BBDC,125,6A C9 00 80 6A C9 00 80 6A C9 00 80 6A C9 00 80
7E3B1F,125,A2 00 2A 8E 05 43 A9 01 8D 00 43 A9 01 8D 0B 42
02FB28,125,8D 23 16 AD E1 15 8D 25 16 AD E3 15 8D 27 16 AD
0BB333,125,B5 0C 18 65 04 95 0C B5 10 18 6D C4 15 95 10 B5
0BB335,125,18 65 04 95 0C B5 10 18 6D C4 15 95 10 B5 0E 18
7E3B1C,125,8D 04 43 A2 00 2A 8E 05 43 A9 01 8D 00 43 A9 01
03BB24,125,29 00 FF 4A 4A 4A 4A 4A 4A 4A 4A E2 20 8D 4E 16
0BB326,125,85 02 A5 0A 85 08 AD C4 15 85 90 C2 20 B5 0C 18
06BB85,125,6D C7 14 49 FF FF 1A AC CE 14 D0 10 C9 E8 00 30
03BB22,125,A5 C5 29 00 FF 4A 4A 4A 4A 4A 4A 4A 4A E2 20 8D
7E3B25,125,A9 01 8D 00 43 A9 01 8D 0B 42 AD 62 12 09 08 8D
7E3B27,125,8D 00 43 A9 01 8D 0B 42 AD 62 12 09 08 8D 3A 30
02D9F8,125,89 01 F0 03 82 03 00 20 EC DA E2 20 AD 02 12 8D
03BB27,125,4A 4A 4A 4A 4A 4A 4A 4A E2 20 8D 4E 16 22 3C B9
03BB2A,125,4A 4A 4A 4A 4A E2 20 8D 4E 16 22 3C B9 03 C2 20
03BB2B,125,4A 4A 4A 4A E2 20 8D 4E 16 22 3C B9 03 C2 20 A5
03BAF3,125,E9 80 07 85 02 A5 C5 29 FF 00 49 FF 00 38 E9 80
7E3B1A,125,A9 70 8D 04 43 A2 00 2A 8E 05 43 A9 01 8D 00 43
7E3B14,125,A2 00 2C 8E 02 43 A9 70 8D 04 43 A2 00 2A 8E 05
03BB28,125,4A 4A 4A 4A 4A 4A 4A E2 20 8D 4E 16 22 3C B9 03
03BB29,125,4A 4A 4A 4A 4A 4A E2 20 8D 4E 16 22 3C B9 03 C2
0BB33D,125,6D C4 15 95 10 B5 0E 18 65 0A 95 0E E2 20 C2 20
7E3B17,125,8E 02 43 A9 70 8D 04 43 A2 00 2A 8E 05 43 A9 01
03BB2C,125,4A 4A 4A E2 20 8D 4E 16 22 3C B9 03 C2 20 A5 B3
0BB31E,125,B5 14 22 78 CC 1F A5 04 85 02 A5 0A 85 08 AD C4
03BB20,125,C2 20 A5 C5 29 00 FF 4A 4A 4A 4A 4A 4A 4A 4A E2
03BB19,125,4A 4A E2 20 8D 4D 16 C2 20 A5 C5 29 00 FF 4A 4A
03BB1A,125,4A E2 20 8D 4D 16 C2 20 A5 C5 29 00 FF 4A 4A 4A
03BB1B,125,E2 20 8D 4D 16 C2 20 A5 C5 29 00 FF 4A 4A 4A 4A
02FB1F,125,AD DD 15 8D 21 16 AD DF 15 8D 23 16 AD E1 15 8D
03BB18,125,4A 4A 4A E2 20 8D 4D 16 C2 20 A5 C5 29 00 FF 4A
03BB16,125,4A 4A 4A 4A 4A E2 20 8D 4D 16 C2 20 A5 C5 29 00
03BB17,125,4A 4A 4A 4A E2 20 8D 4D 16 C2 20 A5 C5 29 00 FF
03BB15,125,4A 4A 4A 4A 4A 4A E2 20 8D 4D 16 C2 20 A5 C5 29
7E3B32,125,09 08 8D 3A 30 A9 01 8D BD 18 20 1B 40 6B C2 10
7E3B2A,125,A9 01 8D 0B 42 AD 62 12 09 08 8D 3A 30 A9 01 8D
0BB310,125,89 80 F0 07 A9 FF 8D C5 15 80 03 9C C5 15 B5 14
03BB1D,125,8D 4D 16 C2 20 A5 C5 29 00 FF 4A 4A 4A 4A 4A 4A
03BAF8,125,A5 C5 29 FF 00 49 FF 00 38 E9 80 07 85 90 A9 00
02FB22,125,8D 21 16 AD DF 15 8D 23 16 AD E1 15 8D 25 16 AD
0BDA49,125,F0 04 5C 95 DA 0B AD 02 12 29 02 D0 04 5C 95 DA
7E3B2F,125,AD 62 12 09 08 8D 3A 30 A9 01 8D BD 18 20 1B 40
02FAED,125,AD 35 16 49 FF FF 1A 8D 2F 16 AD 37 16 49 FF FF
02F6FD,125,6B 3A 8D F3 1E C2 30 AE 17 1F AC 19 1F AD 13 1F
03BB01,125,E9 80 07 85 90 A9 00 00 38 E5 C3 85 08 A5 C1 29
7E3B2C,125,8D 0B 42 AD 62 12 09 08 8D 3A 30 A9 01 8D BD 18
0BB31B,125,9C C5 15 B5 14 22 78 CC 1F A5 04 85 02 A5 0A 85
0BB050,125,85 05 80 02 64 05 A9 0D 85 08 85 0A 89 80 F0 06
02FB7A,125,8D 23 16 AD E1 15 8D 25 16 AD E3 15 8D 27 16 AD
03BB2D,125,4A 4A E2 20 8D 4E 16 22 3C B9 03 C2 20 A5 B3 85
1FD4D1,125,6A 85 3C C9 00 80 6A 18 65 3A 18 65 3C 6B C9 00
02FBD7,125,A5 0A 18 75 0E 38 E5 C3 8F 2C 00 70 AD C4 15 18
0BB040,125,22 11 DB 1F A9 DF 85 02 85 04 89 80 F0 06 A9 FF
02FB3A,125,8D 29 16 AD E7 15 8D 2B 16 AD E9 15 8D 2D 16 C2
02FBDC,125,38 E5 C3 8F 2C 00 70 AD C4 15 18 75 10 38 E5 C5
02FB0D,125,22 76 B9 03 C2 20 AD D9 15 8D 1D 16 AD DB 15 8D
02FBD3,125,8F 62 00 70 A5 0A 18 75 0E 38 E5 C3 8F 2C 00 70
0BB03C,125,22 ED DA 1F 22 11 DB 1F A9 DF 85 02 85 04 89 80
0BB039,125,AC 3A 12 22 ED DA 1F 22 11 DB 1F A9 DF 85 02 85
7E3B04,125,8D 3A 30 A9 80 8D 15 21 A9 18 8D 01 43 8E 16 21
0BB354,125,10 04 5C 6F B3 0B C2 20 AD 73 15 38 F5 0C 8D 8F
0BB356,125,5C 6F B3 0B C2 20 AD 73 15 38 F5 0C 8D 8F 15 E2
02D9F2,125,EE 12 1F AD 7C 17 89 01 F0 03 82 03 00 20 EC DA
0BB04C,125,F0 06 A9 FF 85 05 80 02 64 05 A9 0D 85 08 85 0A
7E3AFF,125,AD 62 12 29 F7 8D 3A 30 A9 80 8D 15 21 A9 18 8D
0BB04E,125,A9 FF 85 05 80 02 64 05 A9 0D 85 08 85 0A 89 80
0BB044,125,A9 DF 85 02 85 04 89 80 F0 06 A9 FF 85 05 80 02
02FB11,125,C2 20 AD D9 15 8D 1D 16 AD DB 15 8D 1F 16 AD DD
0BB048,125,85 04 89 80 F0 06 A9 FF 85 05 80 02 64 05 A9 0D
0BB04A,125,89 80 F0 06 A9 FF 85 05 80 02 64 05 A9 0D 85 08
0BB046,125,85 02 85 04 89 80 F0 06 A9 FF 85 05 80 02 64 05
03BB38,125,C2 20 A5 B3 85 02 A5 B5 85 08 A5 B7 85 90 E2 20
02F4F2,125,8B E2 20 A9 7E 48 AB C2 10 A2 F2 0E AC 1F 12 E2
03BBC6,125,6A C9 00 80 6A C9 00 80 6A 8D 41 16 AD 25 16 C9
7E51FE,125,80 03 29 FF 00 85 02 A5 F6 29 0F 00 F0 0D 84 F8
03BBA0,125,6A C9 00 80 6A C9 00 80 6A C9 00 80 6A 8D 3F 16
7E3B11,125,8E 16 21 A2 00 2C 8E 02 43 A9 70 8D 04 43 A2 00
03BB2E,125,4A E2 20 8D 4E 16 22 3C B9 03 C2 20 A5 B3 85 02
03BAFA,125,29 FF 00 49 FF 00 38 E9 80 07 85 90 A9 00 00 38
03BB9C,125,6A C9 00 80 6A C9 00 80 6A C9 00 80 6A C9 00 80
03BB99,125,C9 00 80 6A C9 00 80 6A C9 00 80 6A C9 00 80 6A
06BB83,125,6A 18 6D C7 14 49 FF FF 1A AC CE 14 D0 10 C9 E8
02FAFE,125,8D 31 16 AD 39 16 49 FF FF 1A 8D 33 16 E2 20 22
02FB9B,125,E2 20 08 C2 30 AE 3A 12 64 08 A9 F4 01 85 90 E2
7E3B07,125,A9 80 8D 15 21 A9 18 8D 01 43 8E 16 21 A2 00 2C
7E3B0E,125,8D 01 43 8E 16 21 A2 00 2C 8E 02 43 A9 70 8D 04
02FBB2,125,C2 20 A5 04 85 02 A5 0A 85 08 AD C4 15 85 90 E2
7E3B09,125,8D 15 21 A9 18 8D 01 43 8E 16 21 A2 00 2C 8E 02
03BBBA,125,6A C9 00 80 6A C9 00 80 6A C9 00 80 6A C9 00 80
0BDB70,125,29 30 D0 04 5C 7D DB 0B A9 03 8D 02 15 AD E2 14
02D9E2,125,20 BD DC 22 21 DB 02 E2 20 C2 10 AD D3 1F D0 03
03BBB7,125,C9 00 80 6A C9 00 80 6A C9 00 80 6A C9 00 80 6A
0BB34D,125,B5 0C CD 73 15 E2 20 10 04 5C 6F B3 0B C2 20 AD
03BB31,125,8D 4E 16 22 3C B9 03 C2 20 A5 B3 85 02 A5 B5 85
02FBB4,125,A5 04 85 02 A5 0A 85 08 AD C4 15 85 90 E2 20 B5
02FB07,125,1A 8D 33 16 E2 20 22 76 B9 03 C2 20 AD D9 15 8D
02FBA5,125,A9 F4 01 85 90 E2 20 B5 12 22 84 CE 1F C2 20 A5
02FB49,125,C2 20 AD 35 16 8D 2F 16 AD 37 16 8D 31 16 AD 39
0BB36F,125,C2 20 B5 0E CD 7D 15 E2 20 F0 06 30 04 5C 88 B3
02F6F3,125,29 80 F0 01 6B AD F3 1E D0 01 6B 3A 8D F3 1E C2
0BEA1C,125,29 02 D0 04 5C 2F EA 0B AD E1 14 29 01 D0 04 5C
02F6F0,125,AD D9 14 29 80 F0 01 6B AD F3 1E D0 01 6B 3A 8D
02F6EE,125,E2 20 AD D9 14 29 80 F0 01 6B AD F3 1E D0 01 6B
06BB69,125,C9 00 80 6A C9 00 80 6A C9 00 80 6A C9 00 80 6A
06BB68,125,6A C9 00 80 6A C9 00 80 6A C9 00 80 6A C9 00 80
02D957,125,8D A5 16 9C 00 12 A5 00 D0 FC 9C 12 1F A9 02 85
02F6F8,125,AD F3 1E D0 01 6B 3A 8D F3 1E C2 30 AE 17 1F AC
0BEA34,125,8D C9 1F AD 02 12 29 01 D0 04 5C 4D EA 0B AD E1
03BCCE,125,E2 30 6B E2 20 C2 10 A9 01 A2 61 A8 22 E3 4E 7E
1FD4C4,125,18 65 3A 6B C9 00 80 6A 85 3A C9 00 80 6A 85 3C
02FBE7,125,75 10 38 E5 C5 8F 2E 00 70 E2 20 AD DD 14 C9 03
0BD8D3,125,F0 06 CE 2B 15 82 7D 03 B5 23 F0 04 5C 95 D9 0B
06BB6D,125,C9 00 80 6A C9 00 80 6A C9 00 80 6A C9 00 80 6A
02D972,125,C2 30 AD FE 14 8D C7 16 AD BA 18 F0 18 AE 38 12
03BCC7,125,AD 4E 16 8F 52 01 70 E2 30 6B E2 20 C2 10 A9 01
03BB77,125,C9 00 80 6A C9 00 80 6A C9 00 80 6A C9 00 80 6A
0BD9F4,125,10 03 69 00 00 18 6D C7 14 49 FF FF 1A 8D 1D 15
0BE9DD,125,AD 02 12 29 04 D0 04 5C F3 E9 0B AD E1 14 29 40
06BBCD,125,8F B0 01 70 E2 20 28 7A 6B 08 07 06 05 E2 20 C2
06BB6C,125,6A C9 00 80 6A C9 00 80 6A C9 00 80 6A C9 00 80
03BCCA,125,8F 52 01 70 E2 30 6B E2 20 C2 10 A9 01 A2 61 A8
03BB7A,125,6A C9 00 80 6A C9 00 80 6A C9 00 80 6A C9 00 80
02F6FB,125,D0 01 6B 3A 8D F3 1E C2 30 AE 17 1F AC 19 1F AD
03BCD0,125,6B E2 20 C2 10 A9 01 A2 61 A8 22 E3 4E 7E E2 30
02FBCB,125,A5 04 18 75 0C 38 E5 C1 8F 62 00 70 A5 0A 18 75
0BBC0F,125,6B E2 20 C2 10 AE 3A 12 C2 20 A9 25 BC 95 16 E2
02FBCD,125,18 75 0C 38 E5 C1 8F 62 00 70 A5 0A 18 75 0E 38
0BD589,125,E2 20 C2 20 AD 73 15 8D 1F 15 E2 20 C2 20 AD 1F
1FD4BD,125,6A 85 3A C9 00 80 6A 18 65 3A 6B C9 00 80 6A 85
06BB60,125,C2 20 AD C7 18 C9 00 80 6A C9 00 80 6A C9 00 80
03BBBE,125,6A C9 00 80 6A C9 00 80 6A C9 00 80 6A C9 00 80
0BD59B,125,E9 2C 01 8D 1F 15 E2 20 C2 20 B5 0C CD 1D 15 E2
02FB6E,125,8D 1F 16 AD DD 15 8D 21 16 AD DF 15 8D 23 16 AD
068527,125,D0 04 5C 8E 85 06 AD D8 14 29 18 D0 04 5C 4C 85
03BB73,125,C9 00 80 6A C9 00 80 6A C9 00 80 6A C9 00 80 6A
0BDE20,125,82 27 00 AD 03 15 18 6D 04 15 8D 04 15 AD 03 15
03ED49,125,38 ED 01 17 8D 03 17 B5 10 8D 01 17 AE FF 16 AD
1FD4DE,125,6B C9 00 80 6A 85 3A C9 00 80 6A 85 3C C9 00 80
06BB65,125,C9 00 80 6A C9 00 80 6A C9 00 80 6A C9 00 80 6A
03BB72,125,6A C9 00 80 6A C9 00 80 6A C9 00 80 6A C9 00 80
02FBD0,125,38 E5 C1 8F 62 00 70 A5 0A 18 75 0E 38 E5 C3 8F
03BB6F,125,C9 00 80 6A C9 00 80 6A C9 00 80 6A C9 00 80 6A
06BB99,125,C9 C8 FF 10 03 A9 C8 FF 18 6D 9E 16 29 FF 01 8D
06BB62,125,AD C7 18 C9 00 80 6A C9 00 80 6A C9 00 80 6A C9
03ED5C,125,ED 03 17 30 04 8D FD 16 6B 08 E2 20 8B 20 6F ED
02FBD1,125,E5 C1 8F 62 00 70 A5 0A 18 75 0E 38 E5 C3 8F 2C
0BDCE0,125,C2 20 A9 00 00 CD 36 12 F0 43 38 ED 36 12 C9 00
03BB7B,125,C9 00 80 6A C9 00 80 6A C9 00 80 6A C9 00 80 6A
06BB70,125,6A C9 00 80 6A C9 00 80 6A C9 00 80 6A 8D C7 14
03BB8A,125,6A 8D 3D 16 AD 21 16 C9 00 80 6A C9 00 80 6A C9
06BB7D,125,8D C7 14 C9 00 80 6A 18 6D C7 14 49 FF FF 1A AC
03BC06,125,6A C9 00 80 6A C9 00 80 6A C9 00 80 6A 8D 45 16
03BB8B,125,8D 3D 16 AD 21 16 C9 00 80 6A C9 00 80 6A C9 00
02FC0D,125,A9 01 A2 3E 82 22 E3 4E 7E C2 20 AF 26 00 70 85
0BD33D,125,29 02 D0 04 5C A6 D3 0B AD F5 14 C9 02 D0 04 5C
03BC35,125,8D 47 16 AD 2B 16 C9 00 80 6A C9 00 80 6A C9 00
06BB7C,125,6A 8D C7 14 C9 00 80 6A 18 6D C7 14 49 FF FF 1A
02FBF7,125,F0 04 5C 0D FC 02 C2 20 AF 2C 00 70 18 69 32 00
03BB87,125,C9 00 80 6A 8D 3D 16 AD 21 16 C9 00 80 6A C9 00
06BBD5,125,6B 08 07 06 05 E2 20 C2 10 DA A9 0D 8D F6 1F A2
02F581,125,08 8B E2 20 A9 7E 48 AB C2 30 9C E7 1E AD 61 19
06BB80,125,C9 00 80 6A 18 6D C7 14 49 FF FF 1A AC CE 14 D0
06BB8F,125,D0 10 C9 E8 00 30 03 A9 E8 00 C9 C8 FF 10 03 A9
03BB9D,125,C9 00 80 6A C9 00 80 6A C9 00 80 6A C9 00 80 6A
06BB94,125,30 03 A9 E8 00 C9 C8 FF 10 03 A9 C8 FF 18 6D 9E
02F580,125,6B 08 8B E2 20 A9 7E 48 AB C2 30 9C E7 1E AD 61
02FB9D,125,08 C2 30 AE 3A 12 64 08 A9 F4 01 85 90 E2 20 B5
03BB98,125,6A C9 00 80 6A C9 00 80 6A C9 00 80 6A C9 00 80
03BC13,125,8D 45 16 AD 29 16 C9 00 80 6A C9 00 80 6A C9 00
02FB95,125,AD E9 15 8D 2D 16 E2 20 08 C2 30 AE 3A 12 64 08
03BB94,125,6A C9 00 80 6A C9 00 80 6A C9 00 80 6A C9 00 80
02FBF0,125,E2 20 AD DD 14 C9 03 F0 04 5C 0D FC 02 C2 20 AF
02FB89,125,AD E5 15 8D 29 16 AD E7 15 8D 2B 16 AD E9 15 8D
06BB79,125,C9 00 80 6A 8D C7 14 C9 00 80 6A 18 6D C7 14 49
02F6CE,125,AC EF 1E D0 01 6B AE EB 1E AC EF 1E BF F1 F7 02
0BEAD7,125,22 62 FC 02 A5 66 85 08 A5 67 85 09 C2 30 FA A5
06BBD4,125,7A 6B 08 07 06 05 E2 20 C2 10 DA A9 0D 8D F6 1F
06BB74,125,6A C9 00 80 6A C9 00 80 6A 8D C7 14 C9 00 80 6A
03BCC3,125,8F 50 01 70 AD 4E 16 8F 52 01 70 E2 30 6B E2 20
03BB7E,125,6A C9 00 80 6A C9 00 80 6A C9 00 80 6A 8D 3D 16
03BB7F,125,C9 00 80 6A C9 00 80 6A C9 00 80 6A 8D 3D 16 AD
06BB71,125,C9 00 80 6A C9 00 80 6A C9 00 80 6A 8D C7 14 C9
02F6D3,125,6B AE EB 1E AC EF 1E BF F1 F7 02 99 0B 18 CE EB
02F6BD,125,AD E7 1E 8F B6 01 70 AB 28 60 20 CB F6 6B 60 C2
03BCC0,125,AD 4D 16 8F 50 01 70 AD 4E 16 8F 52 01 70 E2 30
02F6CA,125,6B 60 C2 30 AC EF 1E D0 01 6B AE EB 1E AC EF 1E
02F57E,125,AB 28 6B 08 8B E2 20 A9 7E 48 AB C2 30 9C E7 1E
06BB78,125,6A C9 00 80 6A 8D C7 14 C9 00 80 6A 18 6D C7 14
02F6C0,125,8F B6 01 70 AB 28 60 20 CB F6 6B 60 C2 30 AC EF
02F6CC,125,C2 30 AC EF 1E D0 01 6B AE EB 1E AC EF 1E BF F1
03BB83,125,C9 00 80 6A C9 00 80 6A 8D 3D 16 AD 21 16 C9 00
0BAE1B,125,64 05 A9 00 85 08 85 0A 89 80 F0 06 A9 FF 85 0B
03BB82,125,6A C9 00 80 6A C9 00 80 6A 8D 3D 16 AD 21 16 C9
06BB75,125,C9 00 80 6A C9 00 80 6A 8D C7 14 C9 00 80 6A 18
03BCBE,125,C2 10 AD 4D 16 8F 50 01 70 AD 4E 16 8F 52 01 70
0BDAF1,125,AD 02 12 29 08 D0 04 5C 0A DB 0B C2 20 AD 32 12
06BB5E,125,E2 10 C2 20 AD C7 18 C9 00 80 6A C9 00 80 6A C9
7E4FA4,125,28 AB 6B 86 78 BC C4 2E BB 86 76 B5 1D 29 80 F0
03BB6C,125,AD 1F 16 C9 00 80 6A C9 00 80 6A C9 00 80 6A C9
02FB71,125,AD DD 15 8D 21 16 AD DF 15 8D 23 16 AD E1 15 8D
02FB57,125,AD 39 16 8D 33 16 E2 30 22 76 B9 03 C2 20 AD D9
02FB74,125,8D 21 16 AD DF 15 8D 23 16 AD E1 15 8D 25 16 AD
7E4F41,125,22 F1 F4 02 6B 22 4F 4F 7E 60 20 A7 4F 6B 8B 08
02FB6B,125,AD DB 15 8D 1F 16 AD DD 15 8D 21 16 AD DF 15 8D
03BB51,125,C9 00 80 6A C9 00 80 6A C9 00 80 6A C9 00 80 6A
02FB68,125,8D 1D 16 AD DB 15 8D 1F 16 AD DD 15 8D 21 16 AD
02DB62,125,AD F3 16 29 FF 00 D0 05 A9 00 00 80 05 AD 36 12
02FB63,125,C2 20 AD D9 15 8D 1D 16 AD DB 15 8D 1F 16 AD DD
02FB5F,125,22 76 B9 03 C2 20 AD D9 15 8D 1D 16 AD DB 15 8D
03BB55,125,C9 00 80 6A C9 00 80 6A C9 00 80 6A C9 00 80 6A
0BB2FF,125,F0 06 A9 FF 85 0B 80 02 64 0B A9 00 85 90 8D C4
0BB10F,125,6B A9 02 8D 29 15 A9 01 8D 2A 15 B4 1B AD D9 14
03BB59,125,C9 00 80 6A C9 00 80 6A C9 00 80 6A C9 00 80 6A
02FB83,125,AD E3 15 8D 27 16 AD E5 15 8D 29 16 AD E7 15 8D
02FB77,125,AD DF 15 8D 23 16 AD E1 15 8D 25 16 AD E3 15 8D
02FB80,125,8D 25 16 AD E3 15 8D 27 16 AD E5 15 8D 29 16 AD
03BB58,125,6A C9 00 80 6A C9 00 80 6A C9 00 80 6A C9 00 80
02FB7D,125,AD E1 15 8D 25 16 AD E3 15 8D 27 16 AD E5 15 8D
02FB5A,125,8D 33 16 E2 30 22 76 B9 03 C2 20 AD D9 15 8D 1D
06BB5D,125,08 E2 10 C2 20 AD C7 18 C9 00 80 6A C9 00 80 6A
7E4F50,125,08 E2 20 C2 10 AE 1F 12 B5 1D 29 80 F0 04 5C 68
02DB59,125,AD 56 19 29 FF 00 D0 01 60 AD F3 16 29 FF 00 D0
02FB54,125,8D 31 16 AD 39 16 8D 33 16 E2 30 22 76 B9 03 C2
1FD4D8,125,18 65 3A 18 65 3C 6B C9 00 80 6A 85 3A C9 00 80
0BB0E9,125,C2 20 B5 0E CD 7F 15 E2 20 10 04 5C 0F B1 0B AD
0BB0EB,125,B5 0E CD 7F 15 E2 20 10 04 5C 0F B1 0B AD E0 14
0BB0ED,125,CD 7F 15 E2 20 10 04 5C 0F B1 0B AD E0 14 09 08
02FB4B,125,AD 35 16 8D 2F 16 AD 37 16 8D 31 16 AD 39 16 8D
03BB4A,125,AD 1D 16 C9 00 80 6A C9 00 80 6A C9 00 80 6A C9
03BB42,125,A5 B7 85 90 E2 20 C2 20 AD 1D 16 C9 00 80 6A C9
03DD52,125,60 C2 20 AD BB 15 D0 01 60 3A 8D BB 15 C2 20 AD
03BB48,125,C2 20 AD 1D 16 C9 00 80 6A C9 00 80 6A C9 00 80
02DB56,125,9C 53 19 AD 56 19 29 FF 00 D0 01 60 AD F3 16 29
0BDEE4,125,89 06 F0 04 5C 1B DF 0B C2 20 AD 05 15 49 FF FF
0BB0F2,125,10 04 5C 0F B1 0B AD E0 14 09 08 8D E0 14 AD DC
7E3AF7,125,C2 10 A9 04 85 00 A6 4A AD 62 12 29 F7 8D 3A 30
7E4F1C,125,A9 01 A2 1D AC 8D 34 30 AD 62 12 09 18 8D 3A 30
02FB51,125,AD 37 16 8D 31 16 AD 39 16 8D 33 16 E2 30 22 76
0BB0F0,125,E2 20 10 04 5C 0F B1 0B AD E0 14 09 08 8D E0 14
03DB90,125,20 56 E3 E2 20 AD D3 1F D0 03 20 08 DD 20 53 DD
03BB46,125,E2 20 C2 20 AD 1D 16 C9 00 80 6A C9 00 80 6A C9
02FB4E,125,8D 2F 16 AD 37 16 8D 31 16 AD 39 16 8D 33 16 E2
0BB0F4,125,5C 0F B1 0B AD E0 14 09 08 8D E0 14 AD DC 14 29
7E4F0C,125,AD C5 14 8F 22 2B 70 AD 0B 1F 8F 2A 1A 70 E2 20
0BD593,125,E2 20 C2 20 AD 1F 15 38 E9 2C 01 8D 1F 15 E2 20
7E4F82,125,E2 20 A9 7E 48 AB AD FD 1E F0 17 A2 00 00 DA 20
7E4F8D,125,A2 00 00 DA 20 A7 4F FA C2 20 8A 18 69 0A 00 AA
03BB50,125,6A C9 00 80 6A C9 00 80 6A C9 00 80 6A C9 00 80
03BB68,125,6A 8D 3B 16 AD 1F 16 C9 00 80 6A C9 00 80 6A C9
03BBA9,125,C9 00 80 6A 8D 3F 16 AD 23 16 C9 00 80 6A C9 00
03BB64,125,6A C9 00 80 6A 8D 3B 16 AD 1F 16 C9 00 80 6A C9
03BBAD,125,8D 3F 16 AD 23 16 C9 00 80 6A C9 00 80 6A C9 00
02FA1C,125,C2 20 9C 2F 16 AD 37 16 49 FF FF 1A 8D 31 16 9C
0BD5A1,125,E2 20 C2 20 B5 0C CD 1D 15 E2 20 F0 06 30 04 5C
03BBA8,125,6A C9 00 80 6A 8D 3F 16 AD 23 16 C9 00 80 6A C9
02F9E5,125,AD DF 15 8D 23 16 AD E1 15 8D 25 16 AD E3 15 8D
02FBA8,125,85 90 E2 20 B5 12 22 84 CE 1F C2 20 A5 04 85 02
0BD5AA,125,E2 20 F0 06 30 04 5C CD D5 0B AD 02 12 29 02 D0
1FBDB0,125,6B 78 18 FB C2 30 A9 00 00 5B A2 FF 02 9A E2 30
03DBAE,125,ED B1 15 30 0D AE B1 15 9E 63 12 E8 E8 3A 3A 10
06BB5C,125,5A 08 E2 10 C2 20 AD C7 18 C9 00 80 6A C9 00 80
7E5200,125,29 FF 00 85 02 A5 F6 29 0F 00 F0 0D 84 F8 A8 A5
03BB69,125,8D 3B 16 AD 1F 16 C9 00 80 6A C9 00 80 6A C9 00
03BB65,125,C9 00 80 6A 8D 3B 16 AD 1F 16 C9 00 80 6A C9 00
0BDB74,125,5C 7D DB 0B A9 03 8D 02 15 AD E2 14 29 FD 8D E2
0BD59A,125,38 E9 2C 01 8D 1F 15 E2 20 C2 20 B5 0C CD 1D 15
0BDB72,125,D0 04 5C 7D DB 0B A9 03 8D 02 15 AD E2 14 29 FD
03BC4B,125,C9 00 80 6A C9 00 80 6A C9 00 80 6A 8D 49 16 AD
02FBB6,125,85 02 A5 0A 85 08 AD C4 15 85 90 E2 20 B5 13 22
02FB86,125,8D 27 16 AD E5 15 8D 29 16 AD E7 15 8D 2B 16 AD
02FB65,125,AD D9 15 8D 1D 16 AD DB 15 8D 1F 16 AD DD 15 8D
03BB60,125,6A C9 00 80 6A C9 00 80 6A 8D 3B 16 AD 1F 16 C9
0BB33C,125,18 6D C4 15 95 10 B5 0E 18 65 0A 95 0E E2 20 C2
02FB8F,125,AD E7 15 8D 2B 16 AD E9 15 8D 2D 16 E2 20 08 C2
0BD33F,125,D0 04 5C A6 D3 0B AD F5 14 C9 02 D0 04 5C A1 D3
02FB92,125,8D 2B 16 AD E9 15 8D 2D 16 E2 20 08 C2 30 AE 3A
0BB336,125,65 04 95 0C B5 10 18 6D C4 15 95 10 B5 0E 18 65
02FB8C,125,8D 29 16 AD E7 15 8D 2B 16 AD E9 15 8D 2D 16 E2
7E4F86,125,48 AB AD FD 1E F0 17 A2 00 00 DA 20 A7 4F FA C2
02FB5D,125,E2 30 22 76 B9 03 C2 20 AD D9 15 8D 1D 16 AD DB
0BB324,125,A5 04 85 02 A5 0A 85 08 AD C4 15 85 90 C2 20 B5
02FBA3,125,64 08 A9 F4 01 85 90 E2 20 B5 12 22 84 CE 1F C2
7E3B0C,125,A9 18 8D 01 43 8E 16 21 A2 00 2C 8E 02 43 A9 70
03BB8E,125,AD 21 16 C9 00 80 6A C9 00 80 6A C9 00 80 6A C9
03BB5D,125,C9 00 80 6A C9 00 80 6A C9 00 80 6A 8D 3B 16 AD
02FB9E,125,C2 30 AE 3A 12 64 08 A9 F4 01 85 90 E2 20 B5 12
02FBA0,125,AE 3A 12 64 08 A9 F4 01 85 90 E2 20 B5 12 22 84
7E3B02,125,29 F7 8D 3A 30 A9 80 8D 15 21 A9 18 8D 01 43 8E
0BB38A,125,B5 0E CD 7F 15 E2 20 10 04 5C AE B3 0B AD E0 14
03BB91,125,C9 00 80 6A C9 00 80 6A C9 00 80 6A C9 00 80 6A
02FB98,125,8D 2D 16 E2 20 08 C2 30 AE 3A 12 64 08 A9 F4 01
03BB5C,125,6A C9 00 80 6A C9 00 80 6A C9 00 80 6A 8D 3B 16
7E3AF9,125,A9 04 85 00 A6 4A AD 62 12 29 F7 8D 3A 30 A9 80
0BDDE7,125,A9 00 CD 04 15 F0 2F 38 ED 04 15 C9 00 30 08 C9
03BAE3,125,10 03 82 F9 01 C2 30 A5 C1 29 FF 00 49 FF 00 38
0BDDD8,125,18 6D 0A 15 95 14 AD 03 15 F0 04 5C 23 DE 0B A9
0BD5D6,125,10 04 5C F5 D5 0B AD 02 12 29 01 D0 04 5C F5 D5
0BD5D8,125,5C F5 D5 0B AD 02 12 29 01 D0 04 5C F5 D5 0B C2
0BD5F5,125,C2 20 A9 00 00 CD C7 18 F0 3A 38 ED C7 18 C9 00
0BD5F7,125,A9 00 00 CD C7 18 F0 3A 38 ED C7 18 C9 00 00 30
0BD5D4,125,E2 20 10 04 5C F5 D5 0B AD 02 12 29 01 D0 04 5C
0BD5CF,125,B5 0C CD 1F 15 E2 20 10 04 5C F5 D5 0B AD 02 12
0BD5D1,125,CD 1F 15 E2 20 10 04 5C F5 D5 0B AD 02 12 29 01
0BD5CD,125,C2 20 B5 0C CD 1F 15 E2 20 10 04 5C F5 D5 0B AD
0BD5B0,125,5C CD D5 0B AD 02 12 29 02 D0 04 5C CD D5 0B C2
0BD5FA,125,CD C7 18 F0 3A 38 ED C7 18 C9 00 00 30 0A C9 08
0BD639,125,8D C7 18 E2 20 C2 20 A9 00 00 CD C9 18 F0 3A 38
0BD646,125,F0 3A 38 ED C9 18 C9 00 00 30 0A C9 08 00 10 0D
0BD682,125,8D C9 18 E2 20 AD E0 14 89 14 D0 04 5C A0 D6 0B
0BD685,125,E2 20 AD E0 14 89 14 D0 04 5C A0 D6 0B C2 20 AD
0BD5FD,125,F0 3A 38 ED C7 18 C9 00 00 30 0A C9 08 00 10 0D
0BD643,125,CD C9 18 F0 3A 38 ED C9 18 C9 00 00 30 0A C9 08
0BD63E,125,C2 20 A9 00 00 CD C9 18 F0 3A 38 ED C9 18 C9 00
0BD640,125,A9 00 00 CD C9 18 F0 3A 38 ED C9 18 C9 00 00 30
0BD63C,125,E2 20 C2 20 A9 00 00 CD C9 18 F0 3A 38 ED C9 18
0BD687,125,AD E0 14 89 14 D0 04 5C A0 D6 0B C2 20 AD 32 12
0BD5AE,125,30 04 5C CD D5 0B AD 02 12 29 02 D0 04 5C CD D5
0BD5A7,125,CD 1D 15 E2 20 F0 06 30 04 5C CD D5 0B AD 02 12
0BD561,125,5C 73 D5 0B C2 20 AD C7 18 38 E9 00 FF 8D C7 18
0BD573,125,C2 20 AD 71 15 8D 1D 15 E2 20 C2 20 AD 1D 15 18
0BD575,125,AD 71 15 8D 1D 15 E2 20 C2 20 AD 1D 15 18 69 2C
0BD578,125,8D 1D 15 E2 20 C2 20 AD 1D 15 18 69 2C 01 8D 1D
0BD55F,125,D0 04 5C 73 D5 0B C2 20 AD C7 18 38 E9 00 FF 8D
0BD55A,125,AD 02 12 29 04 D0 04 5C 73 D5 0B C2 20 AD C7 18
0BD55D,125,29 04 D0 04 5C 73 D5 0B C2 20 AD C7 18 38 E9 00
0BD548,125,5C 5A D5 0B C2 20 AD C7 18 18 69 00 FF 8D C7 18
0BD5AC,125,F0 06 30 04 5C CD D5 0B AD 02 12 29 02 D0 04 5C
0BD57B,125,E2 20 C2 20 AD 1D 15 18 69 2C 01 8D 1D 15 E2 20
0BD57F,125,AD 1D 15 18 69 2C 01 8D 1D 15 E2 20 C2 20 AD 73
0BD59E,125,8D 1F 15 E2 20 C2 20 B5 0C CD 1D 15 E2 20 F0 06
0BD5A3,125,C2 20 B5 0C CD 1D 15 E2 20 F0 06 30 04 5C CD D5
0BD5A5,125,B5 0C CD 1D 15 E2 20 F0 06 30 04 5C CD D5 0B AD
0BD57D,125,C2 20 AD 1D 15 18 69 2C 01 8D 1D 15 E2 20 C2 20
0BD595,125,C2 20 AD 1F 15 38 E9 2C 01 8D 1F 15 E2 20 C2 20
0BD583,125,69 2C 01 8D 1D 15 E2 20 C2 20 AD 73 15 8D 1F 15
0BD58D,125,AD 73 15 8D 1F 15 E2 20 C2 20 AD 1F 15 38 E9 2C
0BD582,125,18 69 2C 01 8D 1D 15 E2 20 C2 20 AD 73 15 8D 1F
0BD546,125,D0 04 5C 5A D5 0B C2 20 AD C7 18 18 69 00 FF 8D
0BD68A,125,89 14 D0 04 5C A0 D6 0B C2 20 AD 32 12 18 69 00
0BD68E,125,5C A0 D6 0B C2 20 AD 32 12 18 69 00 03 8D 32 12
0BD72C,125,89 02 D0 04 5C 4B D7 0B C2 20 B5 0C 18 6D 8F 15
0BD72E,125,D0 04 5C 4B D7 0B C2 20 B5 0C 18 6D 8F 15 95 0C
0BD730,125,5C 4B D7 0B C2 20 B5 0C 18 6D 8F 15 95 0C E2 20
0BD74B,125,AD D8 14 89 04 D0 03 82 87 00 C2 20 A9 00 02 8D
0BD729,125,AD E0 14 89 02 D0 04 5C 4B D7 0B C2 20 B5 0C 18
0BD709,125,D0 04 5C 29 D7 0B C2 20 B5 0C 18 6D 8F 15 95 0C
0BD70B,125,5C 29 D7 0B C2 20 B5 0C 18 6D 8F 15 95 0C E2 20
0BD707,125,89 01 D0 04 5C 29 D7 0B C2 20 B5 0C 18 6D 8F 15
0BD704,125,AD E0 14 89 01 D0 04 5C 29 D7 0B C2 20 B5 0C 18
0BD74E,125,89 04 D0 03 82 87 00 C2 20 A9 00 02 8D 05 15 E2
0BE9D0,125,E2 20 AD DF 14 29 08 F0 04 5C 56 EA 0B AD 02 12
0BEA16,125,8D C9 1F AD 02 12 29 02 D0 04 5C 2F EA 0B AD E1
0BEA2F,125,AD C9 1F 29 FB 8D C9 1F AD 02 12 29 01 D0 04 5C
0BEA37,125,AD 02 12 29 01 D0 04 5C 4D EA 0B AD E1 14 29 02
0BD750,125,D0 03 82 87 00 C2 20 A9 00 02 8D 05 15 E2 20 C2
0BE9F8,125,8D C9 1F AD 02 12 29 08 D0 04 5C 11 EA 0B AD E1
0BE9E0,125,29 04 D0 04 5C F3 E9 0B AD E1 14 29 40 D0 04 5C
0BDA31,125,8D 1D 15 E2 20 C2 20 AD 1D 15 38 E9 1E 00 8D 1D
0BE9D2,125,AD DF 14 29 08 F0 04 5C 56 EA 0B AD 02 12 29 04
0BD68C,125,D0 04 5C A0 D6 0B C2 20 AD 32 12 18 69 00 03 8D
0BD6F8,125,5C 04 D7 0B B9 1D 00 09 80 99 1D 00 AD E0 14 89
0BD6F4,125,89 20 D0 04 5C 04 D7 0B B9 1D 00 09 80 99 1D 00
0BD6C2,125,AC 65 15 AD E0 14 89 04 F0 04 5C DB D6 0B AD E0
0BD6C5,125,AD E0 14 89 04 F0 04 5C DB D6 0B AD E0 14 89 08
0BD6C8,125,89 04 F0 04 5C DB D6 0B AD E0 14 89 08 D0 04 5C
0BD6CA,125,F0 04 5C DB D6 0B AD E0 14 89 08 D0 04 5C E3 D6
0BD6A7,125,5C C2 D6 0B C2 20 AD 32 12 49 FF FF 1A 38 E9 00
0BD6A3,125,89 28 D0 04 5C C2 D6 0B C2 20 AD 32 12 49 FF FF
0BD6A5,125,D0 04 5C C2 D6 0B C2 20 AD 32 12 49 FF FF 1A 38
0BD6A0,125,AD E0 14 89 28 D0 04 5C C2 D6 0B C2 20 AD 32 12
0BD6F6,125,D0 04 5C 04 D7 0B B9 1D 00 09 80 99 1D 00 AD E0
0BD6D0,125,AD E0 14 89 08 D0 04 5C E3 D6 0B B9 1D 00 09 80
0BD6D5,125,D0 04 5C E3 D6 0B B9 1D 00 09 80 99 1D 00 AC 67
0BD6EB,125,F0 04 5C FC D6 0B AD E0 14 89 20 D0 04 5C 04 D7
0BD6F1,125,AD E0 14 89 20 D0 04 5C 04 D7 0B B9 1D 00 09 80
0BD6D3,125,89 08 D0 04 5C E3 D6 0B B9 1D 00 09 80 99 1D 00
0BD6E9,125,89 10 F0 04 5C FC D6 0B AD E0 14 89 20 D0 04 5C
0BD6E3,125,AC 67 15 AD E0 14 89 10 F0 04 5C FC D6 0B AD E0
0BD6E6,125,AD E0 14 89 10 F0 04 5C FC D6 0B AD E0 14 89 20
0BD6D7,125,5C E3 D6 0B B9 1D 00 09 80 99 1D 00 AC 67 15 AD
0BEA55,125,60 9C C9 1F 60 20 5E EA 6B C2 20 A9 A1 AC 8D C7
0BD544,125,29 08 D0 04 5C 5A D5 0B C2 20 AD C7 18 18 69 00
0BD53B,125,F0 04 5C F5 D5 0B AD 02 12 29 08 D0 04 5C 5A D5
0BD33A,125,AD D9 14 29 02 D0 04 5C A6 D3 0B AD F5 14 C9 02
0BD3A6,125,B5 22 D0 04 5C FF D3 0B D6 22 22 4A FC 02 29 0F
0BD3A8,125,D0 04 5C FF D3 0B D6 22 22 4A FC 02 29 0F 8D 97
0BD40E,125,C2 20 AD 7B 15 8D 1D 15 E2 20 C2 20 AD 1D 15 38
1FD273,125,82 BA 00 B5 2E 29 FB FF 95 2E B5 0C 8D 15 15 B5
0BDDDC,125,95 14 AD 03 15 F0 04 5C 23 DE 0B A9 00 CD 04 15
0BD1F8,125,60 20 FD D1 6B E2 20 A9 01 8F 28 1A 70 8F 29 1A
0BD1F3,125,8D FE 14 E2 20 60 20 FD D1 6B E2 20 A9 01 8F 28
0BD1F1,125,A5 C5 8D FE 14 E2 20 60 20 FD D1 6B E2 20 A9 01
0BD410,125,AD 7B 15 8D 1D 15 E2 20 C2 20 AD 1D 15 38 F5 31
0BD416,125,E2 20 C2 20 AD 1D 15 38 F5 31 8D 1D 15 E2 20 C2
0BD423,125,E2 20 C2 20 B5 0E CD 1D 15 E2 20 10 04 5C 4B D4
0BD425,125,C2 20 B5 0E CD 1D 15 E2 20 10 04 5C 4B D4 0B C2
0BD427,125,B5 0E CD 1D 15 E2 20 10 04 5C 4B D4 0B C2 20 B5
0BD413,125,8D 1D 15 E2 20 C2 20 AD 1D 15 38 F5 31 8D 1D 15
0BD420,125,8D 1D 15 E2 20 C2 20 B5 0E CD 1D 15 E2 20 10 04
0BD41A,125,AD 1D 15 38 F5 31 8D 1D 15 E2 20 C2 20 B5 0E CD
0BD41D,125,38 F5 31 8D 1D 15 E2 20 C2 20 B5 0E CD 1D 15 E2
0BD418,125,C2 20 AD 1D 15 38 F5 31 8D 1D 15 E2 20 C2 20 B5
0BD429,125,CD 1D 15 E2 20 10 04 5C 4B D4 0B C2 20 B5 0E CD
0BD1EF,125,C2 20 A5 C5 8D FE 14 E2 20 60 20 FD D1 6B E2 20
0BD1CE,125,F0 04 5C EF D1 0B C2 20 B5 0C 8D F8 14 E2 20 C2
0BD171,125,8D 0D 15 C2 20 AD 13 15 CD FC 14 F0 3A 38 ED FC
0BD176,125,AD 13 15 CD FC 14 F0 3A 38 ED FC 14 C9 00 00 30
0BD17C,125,F0 3A 38 ED FC 14 C9 00 00 30 0A C9 08 00 10 0D
0BE086,125,AD 02 12 29 40 D0 04 5C E4 E1 0B CE 27 15 F0 04
7E4FA6,125,6B 86 78 BC C4 2E BB 86 76 B5 1D 29 80 F0 03 82
0BD16E,125,AD 0E 15 8D 0D 15 C2 20 AD 13 15 CD FC 14 F0 3A
7E4FA5,125,AB 6B 86 78 BC C4 2E BB 86 76 B5 1D 29 80 F0 03
0BD168,125,30 04 5C BD D1 0B AD 0E 15 8D 0D 15 C2 20 AD 13
0BD1D0,125,5C EF D1 0B C2 20 B5 0C 8D F8 14 E2 20 C2 20 B5
03BC30,125,6A C9 00 80 6A 8D 47 16 AD 2B 16 C9 00 80 6A C9
0BD1BB,125,E2 20 AD 0D 15 8D C7 14 A9 02 22 0D D6 1F AD DD
0BD1C9,125,AD DD 14 C9 03 F0 04 5C EF D1 0B C2 20 B5 0C 8D
0BD1CC,125,C9 03 F0 04 5C EF D1 0B C2 20 B5 0C 8D F8 14 E2
7E4F16,125,8F 2A 1A 70 E2 20 A9 01 A2 1D AC 8D 34 30 AD 62
0BD1C5,125,22 0D D6 1F AD DD 14 C9 03 F0 04 5C EF D1 0B C2
0BD1C0,125,8D C7 14 A9 02 22 0D D6 1F AD DD 14 C9 03 F0 04
0BD1C3,125,A9 02 22 0D D6 1F AD DD 14 C9 03 F0 04 5C EF D1
0BD1BD,125,AD 0D 15 8D C7 14 A9 02 22 0D D6 1F AD DD 14 C9
0BD541,125,AD 02 12 29 08 D0 04 5C 5A D5 0B C2 20 AD C7 18
0BD42C,125,E2 20 10 04 5C 4B D4 0B C2 20 B5 0E CD 1D 15 E2
0BD44B,125,AD E0 14 2D E1 14 8D E0 14 20 28 EB B5 15 8D 0B
1FD4C3,125,6A 18 65 3A 6B C9 00 80 6A 85 3A C9 00 80 6A 85
0BD514,125,30 04 5C 2B D5 0B C2 20 AD 79 15 95 0E E2 20 AD
1FD4C5,125,65 3A 6B C9 00 80 6A 85 3A C9 00 80 6A 85 3C C9
1FD4C7,125,6B C9 00 80 6A 85 3A C9 00 80 6A 85 3C C9 00 80
0BD512,125,F0 06 30 04 5C 2B D5 0B C2 20 AD 79 15 95 0E E2
1FD4BE,125,85 3A C9 00 80 6A 18 65 3A 6B C9 00 80 6A 85 3A
0BD510,125,E2 20 F0 06 30 04 5C 2B D5 0B C2 20 AD 79 15 95
0BD50D,125,CD 79 15 E2 20 F0 06 30 04 5C 2B D5 0B C2 20 AD
0BD50B,125,B5 0E CD 79 15 E2 20 F0 06 30 04 5C 2B D5 0B C2
1FD4C8,125,C9 00 80 6A 85 3A C9 00 80 6A 85 3C C9 00 80 6A
1FD4CE,125,C9 00 80 6A 85 3C C9 00 80 6A 18 65 3A 18 65 3C
0BD530,125,D0 04 5C 87 D6 0B AD D8 14 89 A0 F0 04 5C F5 D5
0BD536,125,AD D8 14 89 A0 F0 04 5C F5 D5 0B AD 02 12 29 08
0BD539,125,89 A0 F0 04 5C F5 D5 0B AD 02 12 29 08 D0 04 5C
1FD4CB,125,6A 85 3A C9 00 80 6A 85 3C C9 00 80 6A 18 65 3A
0BD52E,125,89 20 D0 04 5C 87 D6 0B AD D8 14 89 A0 F0 04 5C
1FD4D4,125,C9 00 80 6A 18 65 3A 18 65 3C 6B C9 00 80 6A 85
1FD4D9,125,65 3A 18 65 3C 6B C9 00 80 6A 85 3A C9 00 80 6A
1FD4D2,125,85 3C C9 00 80 6A 18 65 3A 18 65 3C 6B C9 00 80
0BD42E,125,10 04 5C 4B D4 0B C2 20 B5 0E CD 1D 15 E2 20 D0
1FD4BA,125,C9 00 80 6A 85 3A C9 00 80 6A 18 65 3A 6B C9 00
0BD4E5,125,5C 09 D5 0B C2 20 B5 0E CD 7B 15 E2 20 10 04 5C
0BD459,125,8D 0B 15 89 80 F0 07 A9 FF 8D 0C 15 80 03 9C 0C
0BD45C,125,89 80 F0 07 A9 FF 8D 0C 15 80 03 9C 0C 15 AD E0
0BD45E,125,F0 07 A9 FF 8D 0C 15 80 03 9C 0C 15 AD E0 14 89
0BD467,125,9C 0C 15 AD E0 14 89 80 D0 04 5C D6 D4 0B C2 20
0BD457,125,B5 15 8D 0B 15 89 80 F0 07 A9 FF 8D 0C 15 80 03
0BD451,125,8D E0 14 20 28 EB B5 15 8D 0B 15 89 80 F0 07 A9
0BD454,125,20 28 EB B5 15 8D 0B 15 89 80 F0 07 A9 FF 8D 0C
0BD44E,125,2D E1 14 8D E0 14 20 28 EB B5 15 8D 0B 15 89 80
0BD509,125,C2 20 B5 0E CD 79 15 E2 20 F0 06 30 04 5C 2B D5
0BD46D,125,89 80 D0 04 5C D6 D4 0B C2 20 B5 31 E2 20 10 04
02F6C4,125,AB 28 60 20 CB F6 6B 60 C2 30 AC EF 1E D0 01 6B
0BD4E1,125,89 80 F0 04 5C 09 D5 0B C2 20 B5 0E CD 7B 15 E2
0BD4E3,125,F0 04 5C 09 D5 0B C2 20 B5 0E CD 7B 15 E2 20 10
0BD471,125,5C D6 D4 0B C2 20 B5 31 E2 20 10 04 5C D6 D4 0B
0BD4DE,125,AD E1 14 89 80 F0 04 5C 09 D5 0B C2 20 B5 0E CD
0BD4D9,125,29 FC 8D C9 1F AD E1 14 89 80 F0 04 5C 09 D5 0B
0BD4DB,125,8D C9 1F AD E1 14 89 80 F0 04 5C 09 D5 0B C2 20
0BD4D6,125,AD C9 1F 29 FC 8D C9 1F AD E1 14 89 80 F0 04 5C
0BD166,125,F0 06 30 04 5C BD D1 0B AD 0E 15 8D 0D 15 C2 20
0BEAB1,125,E2 10 A5 02 85 63 A5 03 85 64 A5 3A 85 65 22 62
0BEAB5,125,85 63 A5 03 85 64 A5 3A 85 65 22 62 FC 02 A5 66
0BDA3F,125,8D 1D 15 E2 20 AD E0 14 89 01 F0 04 5C 95 DA 0B
02DA68,125,AD D3 1F F0 03 EE 12 1F E2 20 AD 00 12 8D E5 14
02DA6B,125,F0 03 EE 12 1F E2 20 AD 00 12 8D E5 14 AD A6 16
02DA72,125,AD 00 12 8D E5 14 AD A6 16 18 6D A5 16 8D A6 16
02DA5F,125,22 0A 4F 7E 20 07 E2 E2 20 AD D3 1F F0 03 EE 12
0BDA36,125,C2 20 AD 1D 15 38 E9 1E 00 8D 1D 15 E2 20 AD E0
0BDA38,125,AD 1D 15 38 E9 1E 00 8D 1D 15 E2 20 AD E0 14 89
02DA59,125,F0 04 22 E3 BA 03 22 0A 4F 7E 20 07 E2 E2 20 AD
0BDA34,125,E2 20 C2 20 AD 1D 15 38 E9 1E 00 8D 1D 15 E2 20
0BDA4F,125,AD 02 12 29 02 D0 04 5C 95 DA 0B AD E1 14 89 80
0BDA52,125,29 02 D0 04 5C 95 DA 0B AD E1 14 89 80 F0 0F C2
02DA82,125,EE A7 16 AD A6 16 C9 3C 90 12 AD A7 16 8D A8 16
02DA85,125,AD A6 16 C9 3C 90 12 AD A7 16 8D A8 16 9C A7 16
02DA88,125,C9 3C 90 12 AD A7 16 8D A8 16 9C A7 16 AD A6 16
02DA75,125,8D E5 14 AD A6 16 18 6D A5 16 8D A6 16 EE A7 16
02DA7C,125,6D A5 16 8D A6 16 EE A7 16 AD A6 16 C9 3C 90 12
0BDA56,125,5C 95 DA 0B AD E1 14 89 80 F0 0F C2 20 B5 0E CD
02DA7B,125,18 6D A5 16 8D A6 16 EE A7 16 AD A6 16 C9 3C 90
02DA78,125,AD A6 16 18 6D A5 16 8D A6 16 EE A7 16 AD A6 16
02DA8A,125,90 12 AD A7 16 8D A8 16 9C A7 16 AD A6 16 38 E9
02DA55,125,8F 9E 01 70 F0 04 22 E3 BA 03 22 0A 4F 7E 20 07
02DA50,125,C2 30 AD FB 16 8F 9E 01 70 F0 04 22 E3 BA 03 22
02DA24,125,22 C7 F6 02 22 5A DB 03 20 04 DD 22 3D C0 1F E2
0BDA01,125,8D 1D 15 E2 20 AD D9 14 29 08 D0 04 5C 20 DA 0B
02DA28,125,22 5A DB 03 20 04 DD 22 3D C0 1F E2 20 AD BD 18
0BDA06,125,AD D9 14 29 08 D0 04 5C 20 DA 0B C2 20 B5 0C 38
0BD9FD,125,49 FF FF 1A 8D 1D 15 E2 20 AD D9 14 29 08 D0 04
0BD9FA,125,6D C7 14 49 FF FF 1A 8D 1D 15 E2 20 AD D9 14 29
02DA20,125,22 D8 F4 02 22 C7 F6 02 22 5A DB 03 20 04 DD 22
0BD9F9,125,18 6D C7 14 49 FF FF 1A 8D 1D 15 E2 20 AD D9 14
02DA52,125,AD FB 16 8F 9E 01 70 F0 04 22 E3 BA 03 22 0A 4F
0BDA09,125,29 08 D0 04 5C 20 DA 0B C2 20 B5 0C 38 ED 1D 15
0BDA0D,125,5C 20 DA 0B C2 20 B5 0C 38 ED 1D 15 95 0C E2 20
02DA4D,125,9C BD 18 C2 30 AD FB 16 8F 9E 01 70 F0 04 22 E3
0BDA2A,125,E2 20 C2 20 AD 7B 15 8D 1D 15 E2 20 C2 20 AD 1D
0BDA0B,125,D0 04 5C 20 DA 0B C2 20 B5 0C 38 ED 1D 15 95 0C
0BDA28,125,95 0C E2 20 C2 20 AD 7B 15 8D 1D 15 E2 20 C2 20
0BDA24,125,18 6D 1D 15 95 0C E2 20 C2 20 AD 7B 15 8D 1D 15
0BDA25,125,6D 1D 15 95 0C E2 20 C2 20 AD 7B 15 8D 1D 15 E2
0BDA20,125,C2 20 B5 0C 18 6D 1D 15 95 0C E2 20 C2 20 AD 7B
02DA1C,125,22 CC F6 02 22 D8 F4 02 22 C7 F6 02 22 5A DB 03
02DA9E,125,6B 20 A3 DA 6B AD BD 18 C9 02 D0 F9 78 A5 00 64
0BDA98,125,89 02 F0 04 5C E6 DA 0B AD 02 12 29 01 D0 04 5C
02DB26,125,20 2B DB 28 6B 9C C8 14 AD C3 14 8D C7 14 C2 20
02DB29,125,28 6B 9C C8 14 AD C3 14 8D C7 14 C2 20 F0 11 A2
02DB2A,125,6B 9C C8 14 AD C3 14 8D C7 14 C2 20 F0 11 A2 08
02DB2B,125,9C C8 14 AD C3 14 8D C7 14 C2 20 F0 11 A2 08 00
02DB24,125,C2 10 20 2B DB 28 6B 9C C8 14 AD C3 14 8D C7 14
02DB21,125,08 E2 20 C2 10 20 2B DB 28 6B 9C C8 14 AD C3 14
02DB22,125,E2 20 C2 10 20 2B DB 28 6B 9C C8 14 AD C3 14 8D
02DB20,125,60 08 E2 20 C2 10 20 2B DB 28 6B 9C C8 14 AD C3
02DB1F,125,AB 60 08 E2 20 C2 10 20 2B DB 28 6B 9C C8 14 AD
0BDB0A,125,AD 02 12 29 04 D0 04 5C 23 DB 0B C2 20 AD 32 12
0BDB0F,125,D0 04 5C 23 DB 0B C2 20 AD 32 12 38 E9 00 02 8D
0BDB26,125,F0 04 5C 7D DB 0B AD 02 15 D0 04 5C 6D DB 0B CE
02DB4C,125,8D A9 16 60 20 54 DB 6B C2 30 9C 53 19 AD 56 19
02DB4F,125,60 20 54 DB 6B C2 30 9C 53 19 AD 56 19 29 FF 00
0BDB0D,125,29 04 D0 04 5C 23 DB 0B C2 20 AD 32 12 38 E9 00
0BDB23,125,AD 03 15 F0 04 5C 7D DB 0B AD 02 15 D0 04 5C 6D
0BDB11,125,5C 23 DB 0B C2 20 AD 32 12 38 E9 00 02 8D 32 12
02DB36,125,F0 11 A2 08 00 A9 83 14 6E C7 14 B0 09 69 08 00
02DB34,125,C2 20 F0 11 A2 08 00 A9 83 14 6E C7 14 B0 09 69
0BDA95,125,AD E0 14 89 02 F0 04 5C E6 DA 0B AD 02 12 29 01
0BDAF8,125,5C 0A DB 0B C2 20 AD 32 12 18 69 00 02 8D 32 12
0BDAF4,125,29 08 D0 04 5C 0A DB 0B C2 20 AD 32 12 18 69 00
0BDAA7,125,5C E6 DA 0B AD E1 14 89 80 F0 0F C2 20 B5 0E CD
02DAEC,125,EE BD 15 D0 03 EE BE 15 8B A9 7E 48 AB 22 D5 81
02DAEF,125,D0 03 EE BE 15 8B A9 7E 48 AB 22 D5 81 06 22 42
02DAF4,125,8B A9 7E 48 AB 22 D5 81 06 22 42 ED 03 AE 1F 12
0BDAA5,125,D0 04 5C E6 DA 0B AD E1 14 89 80 F0 0F C2 20 B5
0BDAA0,125,AD 02 12 29 01 D0 04 5C E6 DA 0B AD E1 14 89 80
0BDAA3,125,29 01 D0 04 5C E6 DA 0B AD E1 14 89 80 F0 0F C2
0BDA9A,125,F0 04 5C E6 DA 0B AD 02 12 29 01 D0 04 5C E6 DA
0BDAF6,125,D0 04 5C 0A DB 0B C2 20 AD 32 12 18 69 00 02 8D
02DAF5,125,A9 7E 48 AB 22 D5 81 06 22 42 ED 03 AE 1F 12 9C
02DAF8,125,AB 22 D5 81 06 22 42 ED 03 AE 1F 12 9C 4A 12 22
0BDAEB,125,F0 04 5C 23 DB 0B AD 02 12 29 08 D0 04 5C 0A DB
02DB15,125,80 08 B4 00 22 DC BF 1F 80 F3 AB 60 08 E2 20 C2
02DAF7,125,48 AB 22 D5 81 06 22 42 ED 03 AE 1F 12 9C 4A 12
0BDAE9,125,89 80 F0 04 5C 23 DB 0B AD 02 12 29 08 D0 04 5C
02DAFD,125,22 42 ED 03 AE 1F 12 9C 4A 12 22 6B D2 1F AD 4A
02DB01,125,AE 1F 12 9C 4A 12 22 6B D2 1F AD 4A 12 D0 07 B4
02DAF9,125,22 D5 81 06 22 42 ED 03 AE 1F 12 9C 4A 12 22 6B
0BEAB3,125,A5 02 85 63 A5 03 85 64 A5 3A 85 65 22 62 FC 02
02DA18,125,22 EE F6 02 22 CC F6 02 22 D8 F4 02 22 C7 F6 02
02DA14,125,22 55 B2 03 22 EE F6 02 22 CC F6 02 22 D8 F4 02
0BD8B4,125,C9 FF F0 04 5C 58 DC 0B AD D3 1F F0 04 5C 58 DC
0BD8B6,125,F0 04 5C 58 DC 0B AD D3 1F F0 04 5C 58 DC 0B AD
0BD8BC,125,AD D3 1F F0 04 5C 58 DC 0B AD D8 14 89 20 F0 04
0BD8BF,125,F0 04 5C 58 DC 0B AD D8 14 89 20 F0 04 5C 58 DC
0BD8B1,125,AD 64 19 C9 FF F0 04 5C 58 DC 0B AD D3 1F F0 04
0BD89E,125,29 04 D0 04 5C B1 D8 0B AD DA 14 29 FB 8D DA 14
0BD8A0,125,D0 04 5C B1 D8 0B AD DA 14 29 FB 8D DA 14 82 C7
0BD89B,125,AD DA 14 29 04 D0 04 5C B1 D8 0B AD DA 14 29 FB
0BD88C,125,5C 9B D8 0B AD D9 14 29 EF 8D D9 14 82 69 00 AD
0BD8C5,125,AD D8 14 89 20 F0 04 5C 58 DC 0B AD 2B 15 F0 06
0BD8CA,125,F0 04 5C 58 DC 0B AD 2B 15 F0 06 CE 2B 15 82 7D
0BD8E9,125,B0 03 82 A7 00 AD 04 12 29 40 D0 04 5C 62 D9 0B
0BD8EE,125,AD 04 12 29 40 D0 04 5C 62 D9 0B AD 02 12 29 80
0BD8F1,125,29 40 D0 04 5C 62 D9 0B AD 02 12 29 80 F0 04 5C
0BD8C8,125,89 20 F0 04 5C 58 DC 0B AD 2B 15 F0 06 CE 2B 15
0BD8E7,125,C9 28 B0 03 82 A7 00 AD 04 12 29 40 D0 04 5C 62
0BD8DD,125,F0 04 5C 95 D9 0B AF BC 01 70 C9 28 B0 03 82 A7
0BD8E3,125,AF BC 01 70 C9 28 B0 03 82 A7 00 AD 04 12 29 40
0BD8DB,125,B5 23 F0 04 5C 95 D9 0B AF BC 01 70 C9 28 B0 03
0BD8F3,125,D0 04 5C 62 D9 0B AD 02 12 29 80 F0 04 5C 62 D9
0BD88A,125,D0 04 5C 9B D8 0B AD D9 14 29 EF 8D D9 14 82 69
0BD885,125,AD D9 14 29 10 D0 04 5C 9B D8 0B AD D9 14 29 EF
0BD7DF,125,29 02 D0 03 82 87 00 C2 20 A9 00 FE 8D 05 15 E2
0BD7E1,125,D0 03 82 87 00 C2 20 A9 00 FE 8D 05 15 E2 20 C2
0BD7E3,125,82 87 00 C2 20 A9 00 FE 8D 05 15 E2 20 C2 20 A9
0BEAE1,125,85 09 C2 30 FA A5 02 C9 00 80 6A 10 03 69 00 00
0BD7DC,125,AD D8 14 29 02 D0 03 82 87 00 C2 20 A9 00 FE 8D
0BEAC9,125,85 03 A5 08 85 63 A5 09 85 64 A5 3A 85 65 22 62
0BEAD3,125,A5 3A 85 65 22 62 FC 02 A5 66 85 08 A5 67 85 09
0BEAB9,125,85 64 A5 3A 85 65 22 62 FC 02 A5 66 85 02 A5 67
0BD888,125,29 10 D0 04 5C 9B D8 0B AD D9 14 29 EF 8D D9 14
0BEAE3,125,C2 30 FA A5 02 C9 00 80 6A 10 03 69 00 00 C9 00
0BEAF5,125,10 03 69 00 00 C9 00 80 6A 10 03 69 00 00 95 2F
03DB73,125,D0 1B AF 1C 02 70 F0 15 20 4E E0 20 B5 E0 20 DD
0BEB10,125,C9 00 80 6A 10 03 69 00 00 C9 00 80 6A 10 03 69
0BEAEC,125,10 03 69 00 00 C9 00 80 6A 10 03 69 00 00 C9 00
0BEAFD,125,6A 10 03 69 00 00 95 2F A5 08 C9 00 80 6A 10 03
02F6C6,125,60 20 CB F6 6B 60 C2 30 AC EF 1E D0 01 6B AE EB
0BD871,125,5C 85 D8 0B D6 23 F0 04 5C 85 D8 0B AD D9 14 29
0BD86F,125,D0 04 5C 85 D8 0B D6 23 F0 04 5C 85 D8 0B AD D9
0BD9F3,125,6A 10 03 69 00 00 18 6D C7 14 49 FF FF 1A 8D 1D
02D950,125,E2 20 C2 10 AD 00 12 8D A5 16 9C 00 12 A5 00 D0
02D954,125,AD 00 12 8D A5 16 9C 00 12 A5 00 D0 FC 9C 12 1F
02D9FA,125,F0 03 82 03 00 20 EC DA E2 20 AD 02 12 8D A6 15
0BD9D7,125,6A C9 00 80 6A C9 00 80 6A C9 00 80 6A C9 00 80
0BD9DB,125,6A C9 00 80 6A C9 00 80 6A C9 00 80 6A C9 00 80
02DA02,125,E2 20 AD 02 12 8D A6 15 AD 04 12 8D A7 15 22 26
02D9F5,125,AD 7C 17 89 01 F0 03 82 03 00 20 EC DA E2 20 AD
02D9ED,125,AD D3 1F D0 03 EE 12 1F AD 7C 17 89 01 F0 03 82
0BD9CF,125,C2 20 AD 36 12 C9 00 80 6A C9 00 80 6A C9 00 80
02D9DF,125,20 34 DC 20 BD DC 22 21 DB 02 E2 20 C2 10 AD D3
0BD9AB,125,D0 04 5C CF D9 0B AD 09 15 C9 80 6A C9 80 6A C9
0BD9E0,125,C9 00 80 6A C9 00 80 6A C9 00 80 6A C9 00 80 6A
0BD9E4,125,C9 00 80 6A C9 00 80 6A C9 00 80 6A C9 00 80 6A
0BD9EB,125,6A C9 00 80 6A C9 00 80 6A 10 03 69 00 00 18 6D
02DA10,125,22 26 F9 02 22 55 B2 03 22 EE F6 02 22 CC F6 02
0BD9EF,125,6A C9 00 80 6A 10 03 69 00 00 18 6D C7 14 49 FF
02DA07,125,8D A6 15 AD 04 12 8D A7 15 22 26 F9 02 22 55 B2
02DA0D,125,8D A7 15 22 26 F9 02 22 55 B2 03 22 EE F6 02 22
0BD9E7,125,6A C9 00 80 6A C9 00 80 6A C9 00 80 6A 10 03 69
0BD9E8,125,C9 00 80 6A C9 00 80 6A C9 00 80 6A 10 03 69 00
02DA0A,125,AD 04 12 8D A7 15 22 26 F9 02 22 55 B2 03 22 EE
02D952,125,C2 10 AD 00 12 8D A5 16 9C 00 12 A5 00 D0 FC 9C
0BD9A9,125,29 03 D0 04 5C CF D9 0B AD 09 15 C9 80 6A C9 80
0BD9A3,125,9C C8 14 AD 02 12 29 03 D0 04 5C CF D9 0B AD 09
02D974,125,AD FE 14 8D C7 16 AD BA 18 F0 18 AE 38 12 B5 0C
02D977,125,8D C7 16 AD BA 18 F0 18 AE 38 12 B5 0C C9 00 80
02D97A,125,AD BA 18 F0 18 AE 38 12 B5 0C C9 00 80 6A C9 00
0BD962,125,AD 02 12 29 80 D0 04 5C 95 D9 0B AD 04 12 29 40
02D96F,125,20 54 DB C2 30 AD FE 14 8D C7 16 AD BA 18 F0 18
02D961,125,9C 12 1F A9 02 85 00 20 49 DD 22 5C BB 06 20 54
02D96B,125,22 5C BB 06 20 54 DB C2 30 AD FE 14 8D C7 16 AD
02D95D,125,A5 00 D0 FC 9C 12 1F A9 02 85 00 20 49 DD 22 5C
0BD9A6,125,AD 02 12 29 03 D0 04 5C CF D9 0B AD 09 15 C9 80
0BD965,125,29 80 D0 04 5C 95 D9 0B AD 04 12 29 40 F0 04 5C
02D997,125,AD A4 16 29 FF 00 F0 40 C9 01 00 F0 1D AD A2 16
0BD99A,125,F0 04 5C 58 DC 0B 9C C7 14 9C C8 14 AD 02 12 29
0BD9A0,125,9C C7 14 9C C8 14 AD 02 12 29 03 D0 04 5C CF D9
0BD967,125,D0 04 5C 95 D9 0B AD 04 12 29 40 F0 04 5C 95 D9
0BD998,125,89 20 F0 04 5C 58 DC 0B 9C C7 14 9C C8 14 AD 02
02D99D,125,F0 40 C9 01 00 F0 1D AD A2 16 18 6D 03 17 C9 F4
0BD995,125,AD D8 14 89 20 F0 04 5C 58 DC 0B 9C C7 14 9C C8
02D99A,125,29 FF 00 F0 40 C9 01 00 F0 1D AD A2 16 18 6D 03
0BDB2C,125,AD 02 15 D0 04 5C 6D DB 0B CE 02 15 AD 04 12 29
0BD164,125,C9 0A F0 06 30 04 5C BD D1 0B AD 0E 15 8D 0D 15
0BD160,125,E2 20 B5 23 C9 0A F0 06 30 04 5C BD D1 0B AD 0E
068522,125,AD DC 14 29 10 D0 04 5C 8E 85 06 AD D8 14 29 18
068525,125,29 10 D0 04 5C 8E 85 06 AD D8 14 29 18 D0 04 5C
06852D,125,AD D8 14 29 18 D0 04 5C 4C 85 06 DA C2 20 AD E6
068530,125,29 18 D0 04 5C 4C 85 06 DA C2 20 AD E6 14 AA BF
0684DD,125,F0 35 AD 2A 15 C9 00 D0 04 5C FA 84 06 AD 29 15
0484DB,125,60 B5 15 85 7E B5 13 22 77 C1 1F C2 20 A5 02 95
0684DA,125,AD 29 15 F0 35 AD 2A 15 C9 00 D0 04 5C FA 84 06
0484D7,125,22 A7 D5 1F 60 B5 15 85 7E B5 13 22 77 C1 1F C2
0484D4,125,8D A8 15 22 A7 D5 1F 60 B5 15 85 7E B5 13 22 77
068532,125,D0 04 5C 4C 85 06 DA C2 20 AD E6 14 AA BF DA BA
06854D,125,C2 20 AD E6 14 AA BF DA BA 06 FA C9 00 80 6A 10
068561,125,8D EA 14 E2 20 C2 20 AD E6 14 18 69 02 00 8D E6
068564,125,E2 20 C2 20 AD E6 14 18 69 02 00 8D E6 14 E2 20
068566,125,C2 20 AD E6 14 18 69 02 00 8D E6 14 E2 20 C2 20
06854C,125,DA C2 20 AD E6 14 AA BF DA BA 06 FA C9 00 80 6A
06855C,125,10 03 69 00 00 8D EA 14 E2 20 C2 20 AD E6 14 18
068557,125,FA C9 00 80 6A 10 03 69 00 00 8D EA 14 E2 20 C2
068558,125,C9 00 80 6A 10 03 69 00 00 8D EA 14 E2 20 C2 20
068552,125,AA BF DA BA 06 FA C9 00 80 6A 10 03 69 00 00 8D
06856C,125,69 02 00 8D E6 14 E2 20 C2 20 AD E6 14 C9 48 00
0484D2,125,B5 12 8D A8 15 22 A7 D5 1F 60 B5 15 85 7E B5 13
0484CD,125,B5 13 8D A9 15 B5 12 8D A8 15 22 A7 D5 1F 60 B5
068375,125,B5 33 8D EC 14 E2 20 AD D2 14 89 02 D0 04 5C DA
068377,125,8D EC 14 E2 20 AD D2 14 89 02 D0 04 5C DA 84 06
06837A,125,E2 20 AD D2 14 89 02 D0 04 5C DA 84 06 C2 20 A9
06837C,125,AD D2 14 89 02 D0 04 5C DA 84 06 C2 20 A9 00 00
068373,125,C2 20 B5 33 8D EC 14 E2 20 AD D2 14 89 02 D0 04
06836E,125,8D 13 15 E2 20 C2 20 B5 33 8D EC 14 E2 20 AD D2
068371,125,E2 20 C2 20 B5 33 8D EC 14 E2 20 AD D2 14 89 02
06836C,125,B5 10 8D 13 15 E2 20 C2 20 B5 33 8D EC 14 E2 20
0484CF,125,8D A9 15 B5 12 8D A8 15 22 A7 D5 1F 60 B5 15 85
06837F,125,89 02 D0 04 5C DA 84 06 C2 20 A9 00 00 CD C7 18
068383,125,5C DA 84 06 C2 20 A9 00 00 CD C7 18 F0 3A 38 ED
0484C3,125,F0 04 5C DC 84 04 B5 15 85 7E B5 13 8D A9 15 B5
0484C9,125,B5 15 85 7E B5 13 8D A9 15 B5 12 8D A8 15 22 A7
0484CB,125,85 7E B5 13 8D A9 15 B5 12 8D A8 15 22 A7 D5 1F
068381,125,D0 04 5C DA 84 06 C2 20 A9 00 00 CD C7 18 F0 3A
0484C1,125,29 40 F0 04 5C DC 84 04 B5 15 85 7E B5 13 8D A9
02FAEB,125,C2 20 AD 35 16 49 FF FF 1A 8D 2F 16 AD 37 16 49
0484BF,125,B5 1E 29 40 F0 04 5C DC 84 04 B5 15 85 7E B5 13
02D97D,125,F0 18 AE 38 12 B5 0C C9 00 80 6A C9 00 80 6A C9
068369,125,8D 11 15 B5 10 8D 13 15 E2 20 C2 20 B5 33 8D EC
06856F,125,8D E6 14 E2 20 C2 20 AD E6 14 C9 48 00 E2 20 F0
068574,125,C2 20 AD E6 14 C9 48 00 E2 20 F0 04 5C 8E 85 06
1FCD35,125,85 05 80 02 64 05 A5 02 30 16 0A 8D 02 42 AD F5
1FCD37,125,80 02 64 05 A5 02 30 16 0A 8D 02 42 AD F5 15 30
1FCD55,125,49 FF 1A 0A 8D 02 42 AD F5 15 30 07 8D 03 42 EA
1FCD57,125,1A 0A 8D 02 42 AD F5 15 30 07 8D 03 42 EA 4C 80
1FCD33,125,A9 FF 85 05 80 02 64 05 A5 02 30 16 0A 8D 02 42
1FCCD7,125,ED 17 42 AA 86 04 A5 08 30 16 0A 8D 02 42 AD F5
03E0C6,125,28 60 C2 20 AD F4 16 85 72 AD F6 16 85 74 C2 20
1FCCD6,125,38 ED 17 42 AA 86 04 A5 08 30 16 0A 8D 02 42 AD
1FCCD4,125,A9 00 38 ED 17 42 AA 86 04 A5 08 30 16 0A 8D 02
1FCD58,125,0A 8D 02 42 AD F5 15 30 07 8D 03 42 EA 4C 80 CD
1FCD5C,125,AD F5 15 30 07 8D 03 42 EA 4C 80 CD 49 FF 1A 8D
1FCDF5,125,8B E2 10 AA A9 00 48 AB BD A5 98 8D C8 15 BD E5
1FCDF6,125,E2 10 AA A9 00 48 AB BD A5 98 8D C8 15 BD E5 98
1FCDF8,125,AA A9 00 48 AB BD A5 98 8D C8 15 BD E5 98 8D C9
1FCD59,125,8D 02 42 AD F5 15 30 07 8D 03 42 EA 4C 80 CD 49
1FCDF4,125,08 8B E2 10 AA A9 00 48 AB BD A5 98 8D C8 15 BD
1FCDF0,125,86 3A 84 3C 08 8B E2 10 AA A9 00 48 AB BD A5 98
1FCDF2,125,84 3C 08 8B E2 10 AA A9 00 48 AB BD A5 98 8D C8
1FCD5F,125,30 07 8D 03 42 EA 4C 80 CD 49 FF 1A 8D 03 42 EA
068572,125,E2 20 C2 20 AD E6 14 C9 48 00 E2 20 F0 04 5C 8E
1FCCB9,125,4C D4 CC 49 FF 1A 8D 03 42 EA EA EA EA AD 17 42
1FCCB5,125,8D 03 42 EA 4C D4 CC 49 FF 1A 8D 03 42 EA EA EA
06858E,125,22 4A FC 02 6B B5 2E 09 10 95 2E A9 FF 95 2A A9
068592,125,6B B5 2E 09 10 95 2E A9 FF 95 2A A9 08 95 2B C2
068534,125,5C 4C 85 06 DA C2 20 AD E6 14 AA BF DA BA 06 FA
06854F,125,AD E6 14 AA BF DA BA 06 FA C9 00 80 6A 10 03 69
06857E,125,F0 04 5C 8E 85 06 C2 20 A9 00 00 8D E6 14 E2 20
068579,125,C9 48 00 E2 20 F0 04 5C 8E 85 06 C2 20 A9 00 00
06857C,125,E2 20 F0 04 5C 8E 85 06 C2 20 A9 00 00 8D E6 14
068576,125,AD E6 14 C9 48 00 E2 20 F0 04 5C 8E 85 06 C2 20
1FCCB8,125,EA 4C D4 CC 49 FF 1A 8D 03 42 EA EA EA EA AD 17
068553,125,BF DA BA 06 FA C9 00 80 6A 10 03 69 00 00 8D EA
068568,125,AD E6 14 18 69 02 00 8D E6 14 E2 20 C2 20 AD E6
1FCCB0,125,AD F6 15 30 07 8D 03 42 EA 4C D4 CC 49 FF 1A 8D
1FCCB3,125,30 07 8D 03 42 EA 4C D4 CC 49 FF 1A 8D 03 42 EA
06855B,125,6A 10 03 69 00 00 8D EA 14 E2 20 C2 20 AD E6 14
1FCCAB,125,1A 0A 8D 02 42 AD F6 15 30 07 8D 03 42 EA 4C D4
03E35B,125,F0 26 AD 9A 18 C2 20 29 FF 00 A2 A0 24 8E C7 14
1FCCA9,125,49 FF 1A 0A 8D 02 42 AD F6 15 30 07 8D 03 42 EA
06856B,125,18 69 02 00 8D E6 14 E2 20 C2 20 AD E6 14 C9 48
1FCDF9,125,A9 00 48 AB BD A5 98 8D C8 15 BD E5 98 8D C9 15
068367,125,B5 0E 8D 11 15 B5 10 8D 13 15 E2 20 C2 20 B5 33
068362,125,B5 0C 8D 0F 15 B5 0E 8D 11 15 B5 10 8D 13 15 E2
06825E,125,C9 01 D0 2C AD D9 14 29 02 D0 04 5C 84 82 06 DA
068260,125,D0 2C AD D9 14 29 02 D0 04 5C 84 82 06 DA C2 20
06828E,125,BD E6 1C 18 69 01 30 03 18 69 04 29 7F C9 04 90
068291,125,18 69 01 30 03 18 69 04 29 7F C9 04 90 03 38 E9
06825B,125,AD A2 15 C9 01 D0 2C AD D9 14 29 02 D0 04 5C 84
068254,125,8F 24 2B 70 AE 3A 12 AD A2 15 C9 01 D0 2C AD D9
068258,125,AE 3A 12 AD A2 15 C9 01 D0 2C AD D9 14 29 02 D0
068252,125,A9 0F 8F 24 2B 70 AE 3A 12 AD A2 15 C9 01 D0 2C
06824E,125,22 D9 DA 1F A9 0F 8F 24 2B 70 AE 3A 12 AD A2 15
068292,125,69 01 30 03 18 69 04 29 7F C9 04 90 03 38 E9 04
068299,125,29 7F C9 04 90 03 38 E9 04 09 80 9D E6 1C 80 07
0682A7,125,80 07 A9 04 09 80 9D E6 1C AD DC 14 29 10 D0 04
0682B0,125,AD DC 14 29 10 D0 04 5C CD 82 06 AD 6B 15 18 69
0682B3,125,29 10 D0 04 5C CD 82 06 AD 6B 15 18 69 04 8D 6B
068294,125,30 03 18 69 04 29 7F C9 04 90 03 38 E9 04 09 80
0682A4,125,9D E6 1C 80 07 A9 04 09 80 9D E6 1C AD DC 14 29
06829D,125,90 03 38 E9 04 09 80 9D E6 1C 80 07 A9 04 09 80
0682A2,125,09 80 9D E6 1C 80 07 A9 04 09 80 9D E6 1C AD DC
06829B,125,C9 04 90 03 38 E9 04 09 80 9D E6 1C 80 07 A9 04
0682B5,125,D0 04 5C CD 82 06 AD 6B 15 18 69 04 8D 6B 15 AD
06824B,125,AC 6D 15 22 D9 DA 1F A9 0F 8F 24 2B 70 AE 3A 12
0681F1,125,F0 04 5C FC 81 06 A9 FF 8D C6 14 AD D5 14 29 10
0681DC,125,29 08 D0 04 5C E7 81 06 9C C9 1F A9 00 8D C6 14
0681DE,125,D0 04 5C E7 81 06 9C C9 1F A9 00 8D C6 14 AD DD
0681E0,125,5C E7 81 06 9C C9 1F A9 00 8D C6 14 AD DD 14 C9
0681E9,125,8D C6 14 AD DD 14 C9 03 F0 04 5C FC 81 06 A9 FF
0681D9,125,AD DF 14 29 08 D0 04 5C E7 81 06 9C C9 1F A9 00
0681D5,125,E2 20 C2 10 AD DF 14 29 08 D0 04 5C E7 81 06 9C
0681D7,125,C2 10 AD DF 14 29 08 D0 04 5C E7 81 06 9C C9 1F
0BE08D,125,5C E4 E1 0B CE 27 15 F0 04 5C E2 E1 0B A9 02 8D
068248,125,AE A4 15 AC 6D 15 22 D9 DA 1F A9 0F 8F 24 2B 70
03E203,125,60 EE C7 14 A9 80 00 4C 0D E2 18 6D CD 1F AA AC
0681EC,125,AD DD 14 C9 03 F0 04 5C FC 81 06 A9 FF 8D C6 14
068203,125,5C 48 82 06 AD BD 15 29 03 F0 04 5C 19 82 06 22
03E18A,125,C2 20 9C C7 14 20 C5 E1 20 D7 E1 20 E9 E1 20 FB
0BE1EE,125,AD DD 14 C9 03 F0 04 5C 14 E2 0B C2 20 AD 1D 15
068201,125,D0 04 5C 48 82 06 AD BD 15 29 03 F0 04 5C 19 82
0681FC,125,AD D5 14 29 10 D0 04 5C 48 82 06 AD BD 15 29 03
0681FF,125,29 10 D0 04 5C 48 82 06 AD BD 15 29 03 F0 04 5C
0681F3,125,5C FC 81 06 A9 FF 8D C6 14 AD D5 14 29 10 D0 04
068364,125,8D 0F 15 B5 0E 8D 11 15 B5 10 8D 13 15 E2 20 C2
0682BB,125,AD 6B 15 18 69 04 8D 6B 15 AD 6C 15 18 69 08 8D
0682BF,125,69 04 8D 6B 15 AD 6C 15 18 69 08 8D 6C 15 AD DC
06830E,125,29 20 F0 04 5C 5D 83 06 AD DF 14 29 08 F0 04 5C
068310,125,F0 04 5C 5D 83 06 AD DF 14 29 08 F0 04 5C 5D 83
068316,125,AD DF 14 29 08 F0 04 5C 5D 83 06 AE 3A 12 B5 23
068319,125,29 08 F0 04 5C 5D 83 06 AE 3A 12 B5 23 F0 04 5C
06830B,125,AD DF 14 29 20 F0 04 5C 5D 83 06 AD DF 14 29 08
068303,125,29 20 F0 04 5C 5D 83 06 AD DF 14 29 20 F0 04 5C
068305,125,F0 04 5C 5D 83 06 AD DF 14 29 20 F0 04 5C 5D 83
068300,125,AD D8 14 29 20 F0 04 5C 5D 83 06 AD DF 14 29 20
0682FA,125,F0 04 5C 5D 83 06 AD D8 14 29 20 F0 04 5C 5D 83
06831B,125,F0 04 5C 5D 83 06 AE 3A 12 B5 23 F0 04 5C 5D 83
068324,125,B5 23 F0 04 5C 5D 83 06 AD 02 12 29 20 D0 04 5C
068333,125,5C 5D 83 06 AD A6 15 29 20 F0 04 5C 5D 83 06 A9
06835D,125,C2 20 AE A4 15 B5 0C 8D 0F 15 B5 0E 8D 11 15 B5
06835F,125,AE A4 15 B5 0C 8D 0F 15 B5 0E 8D 11 15 B5 10 8D
068321,125,AE 3A 12 B5 23 F0 04 5C 5D 83 06 AD 02 12 29 20
068331,125,D0 04 5C 5D 83 06 AD A6 15 29 20 F0 04 5C 5D 83
06832C,125,AD 02 12 29 20 D0 04 5C 5D 83 06 AD A6 15 29 20
06832F,125,29 20 D0 04 5C 5D 83 06 AD A6 15 29 20 F0 04 5C
068326,125,F0 04 5C 5D 83 06 AD 02 12 29 20 D0 04 5C 5D 83
0682BE,125,18 69 04 8D 6B 15 AD 6C 15 18 69 08 8D 6C 15 AD
0682F8,125,C9 FF F0 04 5C 5D 83 06 AD D8 14 29 20 F0 04 5C
0682EF,125,F0 04 5C 5D 83 06 AD 64 19 C9 FF F0 04 5C 5D 83
0682CA,125,8D 6C 15 AD DC 14 8F A0 01 70 AD D8 14 29 40 D0
0682CD,125,AD DC 14 8F A0 01 70 AD D8 14 29 40 D0 07 A9 FF
0682D0,125,8F A0 01 70 AD D8 14 29 40 D0 07 A9 FF 8D AD 15
0682D4,125,AD D8 14 29 40 D0 07 A9 FF 8D AD 15 80 03 9C AD
0682C8,125,69 08 8D 6C 15 AD DC 14 8F A0 01 70 AD D8 14 29
0682C4,125,AD 6C 15 18 69 08 8D 6C 15 AD DC 14 8F A0 01 70
0682C7,125,18 69 08 8D 6C 15 AD DC 14 8F A0 01 70 AD D8 14
0682C1,125,8D 6B 15 AD 6C 15 18 69 08 8D 6C 15 AD DC 14 8F
0682F5,125,AD 64 19 C9 FF F0 04 5C 5D 83 06 AD D8 14 29 20
0682D7,125,29 40 D0 07 A9 FF 8D AD 15 80 03 9C AD 15 C2 20
0682DB,125,A9 FF 8D AD 15 80 03 9C AD 15 C2 20 AD 9A 15 CD
0682EA,125,CD CD 18 E2 20 F0 04 5C 5D 83 06 AD 64 19 C9 FF
0682ED,125,E2 20 F0 04 5C 5D 83 06 AD 64 19 C9 FF F0 04 5C
0682D9,125,D0 07 A9 FF 8D AD 15 80 03 9C AD 15 C2 20 AD 9A
0682E7,125,AD 9A 15 CD CD 18 E2 20 F0 04 5C 5D 83 06 AD 64
0682E0,125,80 03 9C AD 15 C2 20 AD 9A 15 CD CD 18 E2 20 F0
0682E5,125,C2 20 AD 9A 15 CD CD 18 E2 20 F0 04 5C 5D 83 06
0682DD,125,8D AD 15 80 03 9C AD 15 C2 20 AD 9A 15 CD CD 18
0BD162,125,B5 23 C9 0A F0 06 30 04 5C BD D1 0B AD 0E 15 8D
1FCDFB,125,48 AB BD A5 98 8D C8 15 BD E5 98 8D C9 15 A5 02
1FCDFD,125,BD A5 98 8D C8 15 BD E5 98 8D C9 15 A5 02 85 63
1FCEFA,125,A5 09 85 64 AD C9 15 85 65 22 62 FC 02 A5 66 38
1FCEFC,125,85 64 AD C9 15 85 65 22 62 FC 02 A5 66 38 E5 0A
1FCEFE,125,AD C9 15 85 65 22 62 FC 02 A5 66 38 E5 0A 85 0A
1FCF01,125,85 65 22 62 FC 02 A5 66 38 E5 0A 85 0A A5 67 E5
1FCEF8,125,85 63 A5 09 85 64 AD C9 15 85 65 22 62 FC 02 A5
1FCEF4,125,85 0B A5 08 85 63 A5 09 85 64 AD C9 15 85 65 22
1FCEF6,125,A5 08 85 63 A5 09 85 64 AD C9 15 85 65 22 62 FC
1FCEF2,125,A5 67 85 0B A5 08 85 63 A5 09 85 64 AD C9 15 85
1FCEF0,125,85 0A A5 67 85 0B A5 08 85 63 A5 09 85 64 AD C9
1FCF03,125,22 62 FC 02 A5 66 38 E5 0A 85 0A A5 67 E5 0B 85
1FCF09,125,38 E5 0A 85 0A A5 67 E5 0B 85 0B AB 28 A4 3C A6
1FCF12,125,85 0B AB 28 A4 3C A6 3A 6B DA 5A 22 AB D0 1F C2
1FCF14,125,AB 28 A4 3C A6 3A 6B DA 5A 22 AB D0 1F C2 20 A5
1FCF15,125,28 A4 3C A6 3A 6B DA 5A 22 AB D0 1F C2 20 A5 02
1FCF07,125,A5 66 38 E5 0A 85 0A A5 67 E5 0B 85 0B AB 28 A4
1FCF10,125,E5 0B 85 0B AB 28 A4 3C A6 3A 6B DA 5A 22 AB D0
1FCF0C,125,85 0A A5 67 E5 0B 85 0B AB 28 A4 3C A6 3A 6B DA
1FCF0E,125,A5 67 E5 0B 85 0B AB 28 A4 3C A6 3A 6B DA 5A 22
1FCF0A,125,E5 0A 85 0A A5 67 E5 0B 85 0B AB 28 A4 3C A6 3A
1FCF16,125,A4 3C A6 3A 6B DA 5A 22 AB D0 1F C2 20 A5 02 18
1FCEEE,125,A5 66 85 0A A5 67 85 0B A5 08 85 63 A5 09 85 64
1FCEE8,125,85 65 22 62 FC 02 A5 66 85 0A A5 67 85 0B A5 08
1FCEC8,125,22 62 FC 02 A5 66 18 6D C4 15 8D C4 15 A5 67 6D
1FCECC,125,A5 66 18 6D C4 15 8D C4 15 A5 67 6D C5 15 8D C5
1FCECE,125,18 6D C4 15 8D C4 15 A5 67 6D C5 15 8D C5 15 A5
1FCECF,125,6D C4 15 8D C4 15 A5 67 6D C5 15 8D C5 15 A5 90
1FCEC6,125,85 65 22 62 FC 02 A5 66 18 6D C4 15 8D C4 15 A5
1FCEC1,125,85 64 AD C9 15 85 65 22 62 FC 02 A5 66 18 6D C4
1FCEC3,125,AD C9 15 85 65 22 62 FC 02 A5 66 18 6D C4 15 8D
1FCEBF,125,A5 91 85 64 AD C9 15 85 65 22 62 FC 02 A5 66 18
1FCEEA,125,22 62 FC 02 A5 66 85 0A A5 67 85 0B A5 08 85 63
1FCED2,125,8D C4 15 A5 67 6D C5 15 8D C5 15 A5 90 85 63 A5
1FCED7,125,6D C5 15 8D C5 15 A5 90 85 63 A5 91 85 64 AD C8
1FCEE3,125,85 64 AD C8 15 85 65 22 62 FC 02 A5 66 85 0A A5
1FCEE5,125,AD C8 15 85 65 22 62 FC 02 A5 66 85 0A A5 67 85
1FCED5,125,A5 67 6D C5 15 8D C5 15 A5 90 85 63 A5 91 85 64
1FCEE1,125,A5 91 85 64 AD C8 15 85 65 22 62 FC 02 A5 66 85
1FCEDD,125,A5 90 85 63 A5 91 85 64 AD C8 15 85 65 22 62 FC
1FCEDF,125,85 63 A5 91 85 64 AD C8 15 85 65 22 62 FC 02 A5
1FCEDA,125,8D C5 15 A5 90 85 63 A5 91 85 64 AD C8 15 85 65
1FCEBD,125,85 63 A5 91 85 64 AD C9 15 85 65 22 62 FC 02 A5
1FCF18,125,A6 3A 6B DA 5A 22 AB D0 1F C2 20 A5 02 18 65 04
0BD085,125,8D 45 1F B5 23 D0 04 5C B2 D0 0B AD D9 14 29 20
0BD126,125,F0 0C 30 06 38 E9 01 00 80 04 18 69 01 00 8D F6
0BD137,125,E2 20 C2 20 AD FC 14 38 ED 13 15 C9 00 00 30 0A
0BD139,125,C2 20 AD FC 14 38 ED 13 15 C9 00 00 30 0A C9 32
0BD13B,125,AD FC 14 38 ED 13 15 C9 00 00 30 0A C9 32 00 30
0BD124,125,D5 33 F0 0C 30 06 38 E9 01 00 80 04 18 69 01 00
0BD11D,125,E2 20 C2 20 AD F6 14 D5 33 F0 0C 30 06 38 E9 01
7E4F55,125,AE 1F 12 B5 1D 29 80 F0 04 5C 68 4F 7E A9 01 95
0BD11A,125,8D FC 14 E2 20 C2 20 AD F6 14 D5 33 F0 0C 30 06
0BD117,125,6D F6 14 8D FC 14 E2 20 C2 20 AD F6 14 D5 33 F0
0BD13F,125,ED 13 15 C9 00 00 30 0A C9 32 00 30 0D A9 32 00
0BD145,125,30 0A C9 32 00 30 0D A9 32 00 80 08 C9 38 FF 10
7E4F8B,125,F0 17 A2 00 00 DA 20 A7 4F FA C2 20 8A 18 69 0A
0BD159,125,18 6D 13 15 8D FC 14 E2 20 B5 23 C9 0A F0 06 30
0BD15D,125,8D FC 14 E2 20 B5 23 C9 0A F0 06 30 04 5C BD D1
0BD142,125,C9 00 00 30 0A C9 32 00 30 0D A9 32 00 80 08 C9
7E4F88,125,AD FD 1E F0 17 A2 00 00 DA 20 A7 4F FA C2 20 8A
7E4F84,125,A9 7E 48 AB AD FD 1E F0 17 A2 00 00 DA 20 A7 4F
7E4F87,125,AB AD FD 1E F0 17 A2 00 00 DA 20 A7 4F FA C2 20
0BD147,125,C9 32 00 30 0D A9 32 00 80 08 C9 38 FF 10 03 A9
1FCF1A,125,6B DA 5A 22 AB D0 1F C2 20 A5 02 18 65 04 85 02
7E4F4A,125,60 20 A7 4F 6B 8B 08 E2 20 C2 10 AE 1F 12 B5 1D
0BD111,125,C2 20 AD FC 14 18 6D F6 14 8D FC 14 E2 20 C2 20
0BD0C8,125,C2 20 AD 9A 15 CD CD 18 F0 3A 38 ED CD 18 C9 00
0BD0CD,125,CD CD 18 F0 3A 38 ED CD 18 C9 00 00 30 0A C9 08
0BD0D0,125,F0 3A 38 ED CD 18 C9 00 00 30 0A C9 08 00 10 0D
7E4F0F,125,8F 22 2B 70 AD 0B 1F 8F 2A 1A 70 E2 20 A9 01 A2
0BD0C2,125,F0 04 5C 11 D1 0B C2 20 AD 9A 15 CD CD 18 F0 3A
0BD0BD,125,AD DF 14 29 01 F0 04 5C 11 D1 0B C2 20 AD 9A 15
0BD0C0,125,29 01 F0 04 5C 11 D1 0B C2 20 AD 9A 15 CD CD 18
0BD0B7,125,F0 04 5C EF D1 0B AD DF 14 29 01 F0 04 5C 11 D1
0BD113,125,AD FC 14 18 6D F6 14 8D FC 14 E2 20 C2 20 AD F6
7E4F13,125,AD 0B 1F 8F 2A 1A 70 E2 20 A9 01 A2 1D AC 8D 34
7E4F21,125,8D 34 30 AD 62 12 09 18 8D 3A 30 8E 1E 30 20 46
0BD10F,125,E2 20 C2 20 AD FC 14 18 6D F6 14 8D FC 14 E2 20
7E4F46,125,22 4F 4F 7E 60 20 A7 4F 6B 8B 08 E2 20 C2 10 AE
7E4F1E,125,A2 1D AC 8D 34 30 AD 62 12 09 18 8D 3A 30 8E 1E
0BD10C,125,8D CD 18 E2 20 C2 20 AD FC 14 18 6D F6 14 8D FC
7E4F2F,125,20 46 4F E2 20 AD 30 30 29 20 D0 F9 AD 62 12 8D
7E4F32,125,E2 20 AD 30 30 29 20 D0 F9 AD 62 12 8D 3A 30 22
7E4F29,125,8D 3A 30 8E 1E 30 20 46 4F E2 20 AD 30 30 29 20
1FCDFC,125,AB BD A5 98 8D C8 15 BD E5 98 8D C9 15 A5 02 85
1FCEBB,125,A5 90 85 63 A5 91 85 64 AD C9 15 85 65 22 62 FC
1FCEB6,125,A5 67 8D C5 15 A5 90 85 63 A5 91 85 64 AD C9 15
1FCE3E,125,A5 67 6D C5 15 8D C5 15 A5 90 85 63 A5 91 85 64
1FCE40,125,6D C5 15 8D C5 15 A5 90 85 63 A5 91 85 64 AD C8
1FCE43,125,8D C5 15 A5 90 85 63 A5 91 85 64 AD C8 15 85 65
1FCE46,125,A5 90 85 63 A5 91 85 64 AD C8 15 85 65 22 62 FC
1FCE3B,125,8D C4 15 A5 67 6D C5 15 8D C5 15 A5 90 85 63 A5
1FCE37,125,18 6D C4 15 8D C4 15 A5 67 6D C5 15 8D C5 15 A5
1FCE38,125,6D C4 15 8D C4 15 A5 67 6D C5 15 8D C5 15 A5 90
1FCE35,125,A5 66 18 6D C4 15 8D C4 15 A5 67 6D C5 15 8D C5
1FCE31,125,22 62 FC 02 A5 66 18 6D C4 15 8D C4 15 A5 67 6D
1FCE48,125,85 63 A5 91 85 64 AD C8 15 85 65 22 62 FC 02 A5
1FCE4C,125,85 64 AD C8 15 85 65 22 62 FC 02 A5 66 85 04 A5
1FCE59,125,85 04 A5 67 85 05 A5 02 85 63 A5 03 85 64 AD C9
1FCE5B,125,A5 67 85 05 A5 02 85 63 A5 03 85 64 AD C9 15 85
1FCE5D,125,85 05 A5 02 85 63 A5 03 85 64 AD C9 15 85 65 22
1FCE4A,125,A5 91 85 64 AD C8 15 85 65 22 62 FC 02 A5 66 85
1FCE57,125,A5 66 85 04 A5 67 85 05 A5 02 85 63 A5 03 85 64
1FCE51,125,85 65 22 62 FC 02 A5 66 85 04 A5 67 85 05 A5 02
1FCE53,125,22 62 FC 02 A5 66 85 04 A5 67 85 05 A5 02 85 63
1FCE4E,125,AD C8 15 85 65 22 62 FC 02 A5 66 85 04 A5 67 85
1FCE5F,125,A5 02 85 63 A5 03 85 64 AD C9 15 85 65 22 62 FC
1FCE2F,125,85 65 22 62 FC 02 A5 66 18 6D C4 15 8D C4 15 A5
1FCE2A,125,85 64 AD C9 15 85 65 22 62 FC 02 A5 66 18 6D C4
1FCE0B,125,85 63 A5 03 85 64 AD C8 15 85 65 22 62 FC 02 A5
1FCE0D,125,A5 03 85 64 AD C8 15 85 65 22 62 FC 02 A5 66 8D
1FCE0F,125,85 64 AD C8 15 85 65 22 62 FC 02 A5 66 8D C4 15
1FCE11,125,AD C8 15 85 65 22 62 FC 02 A5 66 8D C4 15 A5 67
1FCE09,125,A5 02 85 63 A5 03 85 64 AD C8 15 85 65 22 62 FC
1FCE03,125,BD E5 98 8D C9 15 A5 02 85 63 A5 03 85 64 AD C8
1FCE06,125,8D C9 15 A5 02 85 63 A5 03 85 64 AD C8 15 85 65
1FCE00,125,8D C8 15 BD E5 98 8D C9 15 A5 02 85 63 A5 03 85
1FCE2C,125,AD C9 15 85 65 22 62 FC 02 A5 66 18 6D C4 15 8D
1FCE14,125,85 65 22 62 FC 02 A5 66 8D C4 15 A5 67 8D C5 15
1FCE1A,125,A5 66 8D C4 15 A5 67 8D C5 15 A5 90 85 63 A5 91
1FCE26,125,85 63 A5 91 85 64 AD C9 15 85 65 22 62 FC 02 A5
1FCE28,125,A5 91 85 64 AD C9 15 85 65 22 62 FC 02 A5 66 18
1FCE16,125,22 62 FC 02 A5 66 8D C4 15 A5 67 8D C5 15 A5 90
1FCE24,125,A5 90 85 63 A5 91 85 64 AD C9 15 85 65 22 62 FC
1FCE1F,125,A5 67 8D C5 15 A5 90 85 63 A5 91 85 64 AD C9 15
1FCE21,125,8D C5 15 A5 90 85 63 A5 91 85 64 AD C9 15 85 65
1FCE1C,125,8D C4 15 A5 67 8D C5 15 A5 90 85 63 A5 91 85 64
1FCEB8,125,8D C5 15 A5 90 85 63 A5 91 85 64 AD C9 15 85 65
1FCE61,125,85 63 A5 03 85 64 AD C9 15 85 65 22 62 FC 02 A5
1FCE65,125,85 64 AD C9 15 85 65 22 62 FC 02 A5 66 38 E5 04
1FCE93,125,AB BD A5 98 8D C8 15 BD E5 98 8D C9 15 A5 08 85
1FCE94,125,BD A5 98 8D C8 15 BD E5 98 8D C9 15 A5 08 85 63
1FCE97,125,8D C8 15 BD E5 98 8D C9 15 A5 08 85 63 A5 09 85
1FCE9A,125,BD E5 98 8D C9 15 A5 08 85 63 A5 09 85 64 AD C8
1FCE92,125,48 AB BD A5 98 8D C8 15 BD E5 98 8D C9 15 A5 08
1FCE8F,125,AA A9 00 48 AB BD A5 98 8D C8 15 BD E5 98 8D C9
1FCE90,125,A9 00 48 AB BD A5 98 8D C8 15 BD E5 98 8D C9 15
1FCE8E,125,1A AA A9 00 48 AB BD A5 98 8D C8 15 BD E5 98 8D
1FCE8C,125,49 FF 1A AA A9 00 48 AB BD A5 98 8D C8 15 BD E5
1FCE9D,125,8D C9 15 A5 08 85 63 A5 09 85 64 AD C8 15 85 65
1FCEA2,125,85 63 A5 09 85 64 AD C8 15 85 65 22 62 FC 02 A5
1FCEAD,125,22 62 FC 02 A5 66 8D C4 15 A5 67 8D C5 15 A5 90
1FCEB1,125,A5 66 8D C4 15 A5 67 8D C5 15 A5 90 85 63 A5 91
1FCEB3,125,8D C4 15 A5 67 8D C5 15 A5 90 85 63 A5 91 85 64
1FCEA0,125,A5 08 85 63 A5 09 85 64 AD C8 15 85 65 22 62 FC
1FCEAB,125,85 65 22 62 FC 02 A5 66 8D C4 15 A5 67 8D C5 15
1FCEA6,125,85 64 AD C8 15 85 65 22 62 FC 02 A5 66 8D C4 15
1FCEA8,125,AD C8 15 85 65 22 62 FC 02 A5 66 8D C4 15 A5 67
1FCEA4,125,A5 09 85 64 AD C8 15 85 65 22 62 FC 02 A5 66 8D
1FCE63,125,A5 03 85 64 AD C9 15 85 65 22 62 FC 02 A5 66 38
1FCE8A,125,E2 10 49 FF 1A AA A9 00 48 AB BD A5 98 8D C8 15
1FCE88,125,08 8B E2 10 49 FF 1A AA A9 00 48 AB BD A5 98 8D
1FCE72,125,38 E5 04 85 04 A5 67 E5 05 85 05 AB 28 A4 3C A6
1FCE73,125,E5 04 85 04 A5 67 E5 05 85 05 AB 28 A4 3C A6 3A
1FCE75,125,85 04 A5 67 E5 05 85 05 AB 28 A4 3C A6 3A 6B 86
1FCE77,125,A5 67 E5 05 85 05 AB 28 A4 3C A6 3A 6B 86 3A 84
1FCE70,125,A5 66 38 E5 04 85 04 A5 67 E5 05 85 05 AB 28 A4
1FCE6A,125,85 65 22 62 FC 02 A5 66 38 E5 04 85 04 A5 67 E5
1FCE6C,125,22 62 FC 02 A5 66 38 E5 04 85 04 A5 67 E5 05 85
1FCE67,125,AD C9 15 85 65 22 62 FC 02 A5 66 38 E5 04 85 04
1FCE89,125,8B E2 10 49 FF 1A AA A9 00 48 AB BD A5 98 8D C8
1FCE79,125,E5 05 85 05 AB 28 A4 3C A6 3A 6B 86 3A 84 3C 08
1FCE7D,125,AB 28 A4 3C A6 3A 6B 86 3A 84 3C 08 8B E2 10 49
1FCE84,125,86 3A 84 3C 08 8B E2 10 49 FF 1A AA A9 00 48 AB
1FCE86,125,84 3C 08 8B E2 10 49 FF 1A AA A9 00 48 AB BD A5
1FCE7B,125,85 05 AB 28 A4 3C A6 3A 6B 86 3A 84 3C 08 8B E2
1FCE83,125,6B 86 3A 84 3C 08 8B E2 10 49 FF 1A AA A9 00 48
1FCE7F,125,A4 3C A6 3A 6B 86 3A 84 3C 08 8B E2 10 49 FF 1A
1FCE81,125,A6 3A 6B 86 3A 84 3C 08 8B E2 10 49 FF 1A AA A9
1FCE7E,125,28 A4 3C A6 3A 6B 86 3A 84 3C 08 8B E2 10 49 FF
0BDB2F,125,D0 04 5C 6D DB 0B CE 02 15 AD 04 12 29 30 D0 04
0BD1F6,125,E2 20 60 20 FD D1 6B E2 20 A9 01 8F 28 1A 70 8F
0BDB82,125,8D E2 14 AD 04 12 29 20 D0 04 5C AE DB 0B AD E2
02DCDD,125,9C 83 21 A9 80 8D 01 43 A2 22 02 8E 02 43 A9 70
02DCE0,125,A9 80 8D 01 43 A2 22 02 8E 02 43 A9 70 8D 04 43
02DCE8,125,8E 02 43 A9 70 8D 04 43 A2 A0 02 8E 05 43 9C 00
02DCDA,125,8E 81 21 9C 83 21 A9 80 8D 01 43 A2 22 02 8E 02
02DCD6,125,78 AE B8 18 8E 81 21 9C 83 21 A9 80 8D 01 43 A2
02DCD7,125,AE B8 18 8E 81 21 9C 83 21 A9 80 8D 01 43 A2 22
02DCD4,125,C2 10 78 AE B8 18 8E 81 21 9C 83 21 A9 80 8D 01
03DB79,125,F0 15 20 4E E0 20 B5 E0 20 DD DB 20 20 DC 20 48
02DCEB,125,A9 70 8D 04 43 A2 A0 02 8E 05 43 9C 00 43 A9 01
02DCF0,125,A2 A0 02 8E 05 43 9C 00 43 A9 01 8D 0B 42 AF 11
0BDCD8,125,E2 20 B5 1E 29 FE 95 1E C2 20 A9 00 00 CD 36 12
03DB75,125,AF 1C 02 70 F0 15 20 4E E0 20 B5 E0 20 DD DB 20
02DCED,125,8D 04 43 A2 A0 02 8E 05 43 9C 00 43 A9 01 8D 0B
02DCFB,125,8D 0B 42 AF 11 42 00 58 60 E2 20 C2 10 AE 69 15
02DCF6,125,9C 00 43 A9 01 8D 0B 42 AF 11 42 00 58 60 E2 20
02DCF9,125,A9 01 8D 0B 42 AF 11 42 00 58 60 E2 20 C2 10 AE
02DCF3,125,8E 05 43 9C 00 43 A9 01 8D 0B 42 AF 11 42 00 58
02DCFE,125,AF 11 42 00 58 60 E2 20 C2 10 AE 69 15 B5 2A 10
0BDC99,125,F0 3A 38 ED 34 12 C9 00 00 30 0A C9 08 00 10 0D
0BDC93,125,A9 00 00 CD 34 12 F0 3A 38 ED 34 12 C9 00 00 30
02DC92,125,AE 3A 12 B5 0C 8F 2C 00 70 E2 20 A9 06 A2 87 FB
03DB93,125,E2 20 AD D3 1F D0 03 20 08 DD 20 53 DD 20 A8 DB
02DC9D,125,A9 06 A2 87 FB 22 E3 4E 7E 60 A5 C1 8F C6 00 70
02DC8E,125,8F C6 00 70 AE 3A 12 B5 0C 8F 2C 00 70 E2 20 A9
0BDC5D,125,F0 2F 38 ED 09 15 C9 00 30 08 C9 08 10 0A A9 08
02DC8B,125,AD 36 12 8F C6 00 70 AE 3A 12 B5 0C 8F 2C 00 70
0BDC5A,125,CD 09 15 F0 2F 38 ED 09 15 C9 00 30 08 C9 08 10
0BDC96,125,CD 34 12 F0 3A 38 ED 34 12 C9 00 00 30 0A C9 08
02DC9F,125,A2 87 FB 22 E3 4E 7E 60 A5 C1 8F C6 00 70 E2 20
02DCA6,125,60 A5 C1 8F C6 00 70 E2 20 A9 06 A2 E6 FB 22 E3
0BDC91,125,C2 20 A9 00 00 CD 34 12 F0 3A 38 ED 34 12 C9 00
03DB7E,125,20 B5 E0 20 DD DB 20 20 DC 20 48 E1 20 8A E1 20
02DCA2,125,22 E3 4E 7E 60 A5 C1 8F C6 00 70 E2 20 A9 06 A2
03DB84,125,20 20 DC 20 48 E1 20 8A E1 20 B3 DD 20 56 E3 E2
03DB8A,125,20 8A E1 20 B3 DD 20 56 E3 E2 20 AD D3 1F D0 03
0BDC8E,125,8D 09 15 C2 20 A9 00 00 CD 34 12 F0 3A 38 ED 34
03DB8D,125,20 B3 DD 20 56 E3 E2 20 AD D3 1F D0 03 20 08 DD
0BDC58,125,A9 00 CD 09 15 F0 2F 38 ED 09 15 C9 00 30 08 C9
0BDCDC,125,29 FE 95 1E C2 20 A9 00 00 CD 36 12 F0 43 38 ED
02DD03,125,60 E2 20 C2 10 AE 69 15 B5 2A 10 02 A9 00 8F B8
02DD53,125,D0 14 E2 20 E2 20 AD C3 14 29 7F 8D C3 14 E2 20
0BDD30,125,E2 20 C2 20 A9 00 00 CD 32 12 F0 3A 38 ED 32 12
02DD55,125,E2 20 E2 20 AD C3 14 29 7F 8D C3 14 E2 20 C2 10
0BDD2D,125,8D 36 12 E2 20 C2 20 A9 00 00 CD 32 12 F0 3A 38
02DD4E,125,C2 30 AE AD 16 D0 14 E2 20 E2 20 AD C3 14 29 7F
02DD50,125,AE AD 16 D0 14 E2 20 E2 20 AD C3 14 29 7F 8D C3
02DD4B,125,9C D2 1F C2 30 AE AD 16 D0 14 E2 20 E2 20 AD C3
02DD49,125,E2 20 9C D2 1F C2 30 AE AD 16 D0 14 E2 20 E2 20
0BDD32,125,C2 20 A9 00 00 CD 32 12 F0 3A 38 ED 32 12 C9 00
0BDD34,125,A9 00 00 CD 32 12 F0 3A 38 ED 32 12 C9 00 00 30
02DD61,125,E2 20 C2 10 9C D3 1F 60 C2 20 BF BC E0 02 29 FF
02DD63,125,C2 10 9C D3 1F 60 C2 20 BF BC E0 02 29 FF 00 9B
03DD53,125,C2 20 AD BB 15 D0 01 60 3A 8D BB 15 C2 20 AD BB
03DD5A,125,60 3A 8D BB 15 C2 20 AD BB 15 29 07 00 C9 03 00
0BDD37,125,CD 32 12 F0 3A 38 ED 32 12 C9 00 00 30 0A C9 08
02DD5C,125,29 7F 8D C3 14 E2 20 C2 10 9C D3 1F 60 C2 20 BF
03DD55,125,AD BB 15 D0 01 60 3A 8D BB 15 C2 20 AD BB 15 29
02DD02,125,58 60 E2 20 C2 10 AE 69 15 B5 2A 10 02 A9 00 8F
03DD0F,125,F0 41 3A 8D B7 15 AD BD 15 29 07 C9 03 F0 34 90
03DD0A,125,AD B7 15 29 FF F0 41 3A 8D B7 15 AD BD 15 29 07
02DB6F,125,AD 36 12 30 30 EB 29 07 00 0A AA BF 15 8C 00 CD
03DB69,125,8E B3 15 8E B5 15 AD 64 19 1A D0 1B AF 1C 02 70
03DB66,125,8E B1 15 8E B3 15 8E B5 15 AD 64 19 1A D0 1B AF
03DB6C,125,8E B5 15 AD 64 19 1A D0 1B AF 1C 02 70 F0 15 20
03DB72,125,1A D0 1B AF 1C 02 70 F0 15 20 4E E0 20 B5 E0 20
03DB6F,125,AD 64 19 1A D0 1B AF 1C 02 70 F0 15 20 4E E0 20
0BDCE5,125,CD 36 12 F0 43 38 ED 36 12 C9 00 00 30 0A C9 10
03DD0D,125,29 FF F0 41 3A 8D B7 15 AD BD 15 29 07 C9 03 F0
0BDB85,125,AD 04 12 29 20 D0 04 5C AE DB 0B AD E2 14 09 02
03DB61,125,D0 40 A2 00 00 8E B1 15 8E B3 15 8E B5 15 AD 64
03DB5A,125,E2 20 C2 10 AD 0F 1F D0 40 A2 00 00 8E B1 15 8E
03DD08,125,E2 20 AD B7 15 29 FF F0 41 3A 8D B7 15 AD BD 15
03DB63,125,A2 00 00 8E B1 15 8E B3 15 8E B5 15 AD 64 19 1A
02DB5F,125,D0 01 60 AD F3 16 29 FF 00 D0 05 A9 00 00 80 05
03DB5E,125,AD 0F 1F D0 40 A2 00 00 8E B1 15 8E B3 15 8E B5
03DB5C,125,C2 10 AD 0F 1F D0 40 A2 00 00 8E B1 15 8E B3 15
02DD65,125,9C D3 1F 60 C2 20 BF BC E0 02 29 FF 00 9B AA 7C
03DC5D,125,60 08 C2 20 64 02 64 08 64 90 64 04 64 0A 9C C4
03DC57,125,69 10 00 8D B1 15 60 08 C2 20 64 02 64 08 64 90
03DBEE,125,A9 E2 20 9D 69 12 A9 18 11 9D 67 12 AD EE 16 29
03DBF1,125,9D 69 12 A9 18 11 9D 67 12 AD EE 16 29 FF 00 D0
03DBF4,125,A9 18 11 9D 67 12 AD EE 16 29 FF 00 D0 03 A9 01
03DBEB,125,9D 63 12 A9 E2 20 9D 69 12 A9 18 11 9D 67 12 AD
0BDBC6,125,D0 04 5C EA DB 0B AD E2 14 09 02 8D E2 14 AD A7
03DBE8,125,A9 10 11 9D 63 12 A9 E2 20 9D 69 12 A9 18 11 9D
03DBE5,125,9D 65 12 A9 10 11 9D 63 12 A9 E2 20 9D 69 12 A9
0BDBC4,125,29 10 D0 04 5C EA DB 0B AD E2 14 09 02 8D E2 14
03DBF7,125,9D 67 12 AD EE 16 29 FF 00 D0 03 A9 01 00 3A 85
03DBFD,125,29 FF 00 D0 03 A9 01 00 3A 85 02 A9 E3 20 18 65
03DC08,125,A9 E3 20 18 65 02 9D 6D 12 A9 20 11 9D 6B 12 8A
0BDBEA,125,AD 04 12 29 20 D0 04 5C FD DB 0B AD E2 14 09 01
03DBFA,125,AD EE 16 29 FF 00 D0 03 A9 01 00 3A 85 02 A9 E3
03DC06,125,85 02 A9 E3 20 18 65 02 9D 6D 12 A9 20 11 9D 6B
03DC00,125,D0 03 A9 01 00 3A 85 02 A9 E3 20 18 65 02 9D 6D
03DC05,125,3A 85 02 A9 E3 20 18 65 02 9D 6D 12 A9 20 11 9D
03DB95,125,AD D3 1F D0 03 20 08 DD 20 53 DD 20 A8 DB 6B 20
03DC0B,125,18 65 02 9D 6D 12 A9 20 11 9D 6B 12 8A 18 69 0C
03DB98,125,D0 03 20 08 DD 20 53 DD 20 A8 DB 6B 20 A8 DB 6B
0BDBC1,125,AD 04 12 29 10 D0 04 5C EA DB 0B AD E2 14 09 02
03DBA0,125,20 A8 DB 6B 20 A8 DB 6B C2 20 A9 48 01 38 ED B1
03DBB1,125,30 0D AE B1 15 9E 63 12 E8 E8 3A 3A 10 F7 60 E2
03DBB3,125,AE B1 15 9E 63 12 E8 E8 3A 3A 10 F7 60 E2 20 E2
03DBAD,125,38 ED B1 15 30 0D AE B1 15 9E 63 12 E8 E8 3A 3A
03DBAA,125,A9 48 01 38 ED B1 15 30 0D AE B1 15 9E 63 12 E8
0BDB8C,125,5C AE DB 0B AD E2 14 09 02 8D E2 14 AD A7 15 29
03DBA8,125,C2 20 A9 48 01 38 ED B1 15 30 0D AE B1 15 9E 63
03DBE2,125,A9 BD 20 9D 65 12 A9 10 11 9D 63 12 A9 E2 20 9D
03DB9D,125,20 53 DD 20 A8 DB 6B 20 A8 DB 6B C2 20 A9 48 01
0BDBB1,125,29 10 D0 04 5C C1 DB 0B AD E2 14 29 FE 8D E2 14
03DBDD,125,C2 30 AE B1 15 A9 BD 20 9D 65 12 A9 10 11 9D 63
03DBDF,125,AE B1 15 A9 BD 20 9D 65 12 A9 10 11 9D 63 12 A9
0BDBAE,125,AD 04 12 29 10 D0 04 5C C1 DB 0B AD E2 14 29 FE
0BDBB5,125,5C C1 DB 0B AD E2 14 29 FE 8D E2 14 AD 04 12 29
0BDBB3,125,D0 04 5C C1 DB 0B AD E2 14 29 FE 8D E2 14 AD 04
03DB9A,125,20 08 DD 20 53 DD 20 A8 DB 6B 20 A8 DB 6B C2 20
03DC5A,125,8D B1 15 60 08 C2 20 64 02 64 08 64 90 64 04 64
0BDBED,125,29 20 D0 04 5C FD DB 0B AD E2 14 09 01 8D E2 14
0BDBEF,125,D0 04 5C FD DB 0B AD E2 14 09 01 8D E2 14 AD E2
02DC3F,125,AE E4 1F 7C 45 DC 8B DC A7 DC A7 DC 79 DC A7 DC
03DC3D,125,A9 CB 20 9D 65 12 A9 CC 20 9D 69 12 A9 CD 20 9D
02DC42,125,7C 45 DC 8B DC A7 DC A7 DC 79 DC A7 DC 67 DC 55
03DC3A,125,9D 6F 12 A9 CB 20 9D 65 12 A9 CC 20 9D 69 12 A9
03DC37,125,A9 30 B7 9D 6F 12 A9 CB 20 9D 65 12 A9 CC 20 9D
02DC3C,125,D0 01 60 AE E4 1F 7C 45 DC 8B DC A7 DC A7 DC 79
02DC39,125,29 FF 00 D0 01 60 AE E4 1F 7C 45 DC 8B DC A7 DC
03DC34,125,9D 6B 12 A9 30 B7 9D 6F 12 A9 CB 20 9D 65 12 A9
03DC40,125,9D 65 12 A9 CC 20 9D 69 12 A9 CD 20 9D 6D 12 A9
03DC46,125,9D 69 12 A9 CD 20 9D 6D 12 A9 CE 20 9D 71 12 8A
03DC55,125,8A 18 69 10 00 8D B1 15 60 08 C2 20 64 02 64 08
03DC56,125,18 69 10 00 8D B1 15 60 08 C2 20 64 02 64 08 64
03DC43,125,A9 CC 20 9D 69 12 A9 CD 20 9D 6D 12 A9 CE 20 9D
03DC52,125,9D 71 12 8A 18 69 10 00 8D B1 15 60 08 C2 20 64
03DC4C,125,9D 6D 12 A9 CE 20 9D 71 12 8A 18 69 10 00 8D B1
03DC4F,125,A9 CE 20 9D 71 12 8A 18 69 10 00 8D B1 15 60 08
03DC49,125,A9 CD 20 9D 6D 12 A9 CE 20 9D 71 12 8A 18 69 10
03DC0E,125,9D 6D 12 A9 20 11 9D 6B 12 8A 18 69 0C 00 8D B1
02DC36,125,AD 55 19 29 FF 00 D0 01 60 AE E4 1F 7C 45 DC 8B
02DC34,125,C2 30 AD 55 19 29 FF 00 D0 01 60 AE E4 1F 7C 45
03DC19,125,69 0C 00 8D B1 15 60 C2 30 AE B1 15 A9 18 B7 9D
03DC1C,125,8D B1 15 60 C2 30 AE B1 15 A9 18 B7 9D 63 12 A9
0BDBFD,125,AD E2 14 29 02 D0 04 5C 58 DC 0B AD E2 14 29 01
03DC18,125,18 69 0C 00 8D B1 15 60 C2 30 AE B1 15 A9 18 B7
03DC14,125,9D 6B 12 8A 18 69 0C 00 8D B1 15 60 C2 30 AE B1
03DC17,125,8A 18 69 0C 00 8D B1 15 60 C2 30 AE B1 15 A9 18
03DC11,125,A9 20 11 9D 6B 12 8A 18 69 0C 00 8D B1 15 60 C2
03DC31,125,A9 28 B7 9D 6B 12 A9 30 B7 9D 6F 12 A9 CB 20 9D
03DC1F,125,60 C2 30 AE B1 15 A9 18 B7 9D 63 12 A9 20 B7 9D
03DC22,125,AE B1 15 A9 18 B7 9D 63 12 A9 20 B7 9D 67 12 A9
03DC2B,125,A9 20 B7 9D 67 12 A9 28 B7 9D 6B 12 A9 30 B7 9D
03DC2E,125,9D 67 12 A9 28 B7 9D 6B 12 A9 30 B7 9D 6F 12 A9
03DC20,125,C2 30 AE B1 15 A9 18 B7 9D 63 12 A9 20 B7 9D 67
03DC28,125,9D 63 12 A9 20 B7 9D 67 12 A9 28 B7 9D 6B 12 A9
0BDC04,125,5C 58 DC 0B AD E2 14 29 01 D0 04 5C 30 DC 0B AD
03DC25,125,A9 18 B7 9D 63 12 A9 20 B7 9D 67 12 A9 28 B7 9D
02DD68,125,60 C2 20 BF BC E0 02 29 FF 00 9B AA 7C 77 DD AD
02DB68,125,D0 05 A9 00 00 80 05 AD 36 12 30 30 EB 29 07 00
0BDDBF,125,95 13 AD 37 12 95 14 B5 14 18 6D 09 15 95 14 B5
0BDD8C,125,95 15 C2 20 AD 36 12 C9 00 00 30 0A C9 00 06 30
0BDDC8,125,18 6D 09 15 95 14 B5 14 18 6D 06 15 95 14 B5 14
02DB5C,125,29 FF 00 D0 01 60 AD F3 16 29 FF 00 D0 05 A9 00
0BDD8E,125,C2 20 AD 36 12 C9 00 00 30 0A C9 00 06 30 0D A9
0BDD90,125,AD 36 12 C9 00 00 30 0A C9 00 06 30 0D A9 00 06
0BDDC9,125,6D 09 15 95 14 B5 14 18 6D 06 15 95 14 B5 14 18
0BDDCE,125,B5 14 18 6D 06 15 95 14 B5 14 18 6D 0A 15 95 14
0BDD86,125,C9 55 90 02 A9 55 95 15 C2 20 AD 36 12 C9 00 00
0BDDCC,125,95 14 B5 14 18 6D 06 15 95 14 B5 14 18 6D 0A 15
03DDF0,125,60 AC B1 15 DA BF 88 DE 03 C9 FF FF D0 03 82 82
0BDD88,125,90 02 A9 55 95 15 C2 20 AD 36 12 C9 00 00 30 0A
0BDDD1,125,6D 06 15 95 14 B5 14 18 6D 0A 15 95 14 AD 03 15
0BDDC6,125,B5 14 18 6D 09 15 95 14 B5 14 18 6D 06 15 95 14
0BDDC1,125,AD 37 12 95 14 B5 14 18 6D 09 15 95 14 B5 14 18
0BDDAF,125,AD 33 12 95 12 AD 35 12 95 13 B5 13 18 6D 2D 15
0BDDB2,125,95 12 AD 35 12 95 13 B5 13 18 6D 2D 15 95 13 AD
0BDDAD,125,E2 20 AD 33 12 95 12 AD 35 12 95 13 B5 13 18 6D
0BDDAA,125,8D 36 12 E2 20 AD 33 12 95 12 AD 35 12 95 13 B5
0BDDC4,125,95 14 B5 14 18 6D 09 15 95 14 B5 14 18 6D 06 15
0BDD96,125,30 0A C9 00 06 30 0D A9 00 06 80 08 C9 00 FA 10
0BDDB9,125,B5 13 18 6D 2D 15 95 13 AD 37 12 95 14 B5 14 18
03DDB3,125,C2 20 AD BA 15 29 FF 00 F0 33 AC B1 15 8C B3 15
0BDDB7,125,95 13 B5 13 18 6D 2D 15 95 13 AD 37 12 95 14 B5
03DDB5,125,AD BA 15 29 FF 00 F0 33 AC B1 15 8C B3 15 A9 20
0BDDBC,125,6D 2D 15 95 13 AD 37 12 95 14 B5 14 18 6D 09 15
03DDBB,125,F0 33 AC B1 15 8C B3 15 A9 20 30 85 3A A2 00 00
0BDDD4,125,95 14 B5 14 18 6D 0A 15 95 14 AD 03 15 F0 04 5C
03DDB8,125,29 FF 00 F0 33 AC B1 15 8C B3 15 A9 20 30 85 3A
0BDD79,125,E2 20 9C E0 14 B5 15 C9 14 B0 02 A9 14 C9 55 90
0BDD76,125,8D 32 12 E2 20 9C E0 14 B5 15 C9 14 B0 02 A9 14
0BDDD6,125,B5 14 18 6D 0A 15 95 14 AD 03 15 F0 04 5C 23 DE
0BDD7E,125,B5 15 C9 14 B0 02 A9 14 C9 55 90 02 A9 55 95 15
0BDD80,125,C9 14 B0 02 A9 14 C9 55 90 02 A9 55 95 15 C2 20
0BDD7B,125,9C E0 14 B5 15 C9 14 B0 02 A9 14 C9 55 90 02 A9
02DB54,125,C2 30 9C 53 19 AD 56 19 29 FF 00 D0 01 60 AD F3
0BDD82,125,B0 02 A9 14 C9 55 90 02 A9 55 95 15 C2 20 AD 36
0BDB31,125,5C 6D DB 0B CE 02 15 AD 04 12 29 30 D0 04 5C 7D
7E3D2D,124,64 00 6B E2 20 AD DF 1F F0 19 AD 37 1F 8D 10 21
7E4159,124,AD AB 18 49 01 8D AB 18 28 60 0F 00 FF 01 10 EF
7E3D2B,124,84 4A 64 00 6B E2 20 AD DF 1F F0 19 AD 37 1F 8D
7E415C,124,49 01 8D AB 18 28 60 0F 00 FF 01 10 EF 01 10 EF
7E3C20,124,A9 00 8D 21 21 A2 8B 17 8E 02 43 A9 00 8D 04 43
7E3C38,124,8D 00 43 A9 01 8D 0B 42 AD 10 1F F0 2C 20 85 40
7E3D30,124,E2 20 AD DF 1F F0 19 AD 37 1F 8D 10 21 AD 38 1F
7E415E,124,8D AB 18 28 60 0F 00 FF 01 10 EF 01 10 EF 01 10
7E3C1B,124,A9 22 8D 01 43 A9 00 8D 21 21 A2 8B 17 8E 02 43
7E3C33,124,8E 05 43 A9 00 8D 00 43 A9 01 8D 0B 42 AD 10 1F
7E3C1D,124,8D 01 43 A9 00 8D 21 21 A2 8B 17 8E 02 43 A9 00
7E3D2F,124,6B E2 20 AD DF 1F F0 19 AD 37 1F 8D 10 21 AD 38
7E4162,124,60 0F 00 FF 01 10 EF 01 10 EF 01 10 EF 01 10 EF
7E4161,124,28 60 0F 00 FF 01 10 EF 01 10 EF 01 10 EF 01 10
7E3D35,124,F0 19 AD 37 1F 8D 10 21 AD 38 1F 8D 10 21 AD 39
7E3C36,124,A9 00 8D 00 43 A9 01 8D 0B 42 AD 10 1F F0 2C 20
7E3D32,124,AD DF 1F F0 19 AD 37 1F 8D 10 21 AD 38 1F 8D 10
7E3CF1,124,20 99 40 20 1B 40 C2 20 AD 18 42 4D 01 12 2D 18
7E3E2E,124,60 E2 20 AD 02 12 8D 01 12 AD 04 12 8D 03 12 AD
04A132,124,5C 7F A1 04 80 23 A9 01 80 18 A9 03 80 14 A9 07
7E3CE6,124,A5 4B 4A 4A 4A 4A 09 50 8D 0B 21 20 99 40 20 1B
7E3CB8,124,A9 1F 8D 22 21 9C 22 21 AD BA 18 F0 0C AD BB 18
7E3CE8,124,4A 4A 4A 4A 09 50 8D 0B 21 20 99 40 20 1B 40 C2
7E3B9B,124,4A 4A 8D 38 30 20 1B 40 6B AD 12 1F D0 01 6B C2
7E3B9C,124,4A 8D 38 30 20 1B 40 6B AD 12 1F D0 01 6B C2 10
7E3CE9,124,4A 4A 4A 09 50 8D 0B 21 20 99 40 20 1B 40 C2 20
7E3B9D,124,8D 38 30 20 1B 40 6B AD 12 1F D0 01 6B C2 10 E2
7E4116,124,8D 2B 21 9C 2E 21 60 A9 BB 8D 23 21 A9 BB 8D 24
7E3BA7,124,D0 01 6B C2 10 E2 20 AD 37 21 AD 3C 21 EB AD 3C
7E3BA0,124,20 1B 40 6B AD 12 1F D0 01 6B C2 10 E2 20 AD 37
7E4119,124,9C 2E 21 60 A9 BB 8D 23 21 A9 BB 8D 24 21 A9 0B
7E3BA3,124,6B AD 12 1F D0 01 6B C2 10 E2 20 AD 37 21 AD 3C
7E3BA4,124,AD 12 1F D0 01 6B C2 10 E2 20 AD 37 21 AD 3C 21
7E3CEE,124,8D 0B 21 20 99 40 20 1B 40 C2 20 AD 18 42 4D 01
7E3B99,124,A5 45 4A 4A 8D 38 30 20 1B 40 6B AD 12 1F D0 01
7E3CEB,124,4A 09 50 8D 0B 21 20 99 40 20 1B 40 C2 20 AD 18
7E3C22,124,8D 21 21 A2 8B 17 8E 02 43 A9 00 8D 04 43 A2 00
7E410B,124,9C 23 21 9C 24 21 9C 2A 21 A9 0C 8D 2B 21 9C 2E
02F983,124,29 FF 00 18 6D FC 14 18 6D 00 15 85 C5 AD C7 18
7E3E3A,124,8D 03 12 AD 11 1F 29 03 0A EB A9 00 EB AA 7C 4B
7E3D29,124,86 4C 84 4A 64 00 6B E2 20 AD DF 1F F0 19 AD 37
7E3CEA,124,4A 4A 09 50 8D 0B 21 20 99 40 20 1B 40 C2 20 AD
7E3B8F,124,09 08 8D 3A 30 A9 02 8D BD 18 A5 45 4A 4A 8D 38
7E3B91,124,8D 3A 30 A9 02 8D BD 18 A5 45 4A 4A 8D 38 30 20
7E3B96,124,8D BD 18 A5 45 4A 4A 8D 38 30 20 1B 40 6B AD 12
7E410E,124,9C 24 21 9C 2A 21 A9 0C 8D 2B 21 9C 2E 21 60 A9
7E3BEB,124,A9 01 8D 0B 42 A9 80 8D 15 21 A9 18 8D 01 43 A2
7E3CEC,124,09 50 8D 0B 21 20 99 40 20 1B 40 C2 20 AD 18 42
7E3B94,124,A9 02 8D BD 18 A5 45 4A 4A 8D 38 30 20 1B 40 6B
7E3D27,124,A4 4C 86 4C 84 4A 64 00 6B E2 20 AD DF 1F F0 19
7E3D10,124,AD 08 12 8D 07 12 AD 1A 42 8D 08 12 AD 1B 42 8D
7E3D25,124,A6 4A A4 4C 86 4C 84 4A 64 00 6B E2 20 AD DF 1F
7E3E53,124,AD 18 42 8D 04 12 AD 19 42 8D 02 12 60 AD 18 42
7E3E56,124,8D 04 12 AD 19 42 8D 02 12 60 AD 18 42 8D 04 12
7E3E48,124,7C 4B 3E 53 3E 60 3E 83 3E A8 3E AD 18 42 8D 04
7E3E47,124,AA 7C 4B 3E 53 3E 60 3E 83 3E A8 3E AD 18 42 8D
7E3C0E,124,8E 05 43 A9 01 8D 00 43 A9 01 8D 0B 42 A9 22 8D
7E3E46,124,EB AA 7C 4B 3E 53 3E 60 3E 83 3E A8 3E AD 18 42
7E3E59,124,AD 19 42 8D 02 12 60 AD 18 42 8D 04 12 AD 19 42
7E3E5F,124,60 AD 18 42 8D 04 12 AD 19 42 29 C0 4A 4A 4A 4A
7E3C40,124,AD 10 1F F0 2C 20 85 40 C9 33 B0 25 A9 22 8D 01
7E3E5C,124,8D 02 12 60 AD 18 42 8D 04 12 AD 19 42 29 C0 4A
7E3CA7,124,AD CF 16 F0 0C A9 E0 8D 22 21 A9 7E 8D 22 21 80
7E3C43,124,F0 2C 20 85 40 C9 33 B0 25 A9 22 8D 01 43 A9 00
7E3C3D,124,8D 0B 42 AD 10 1F F0 2C 20 85 40 C9 33 B0 25 A9
7E3E44,124,A9 00 EB AA 7C 4B 3E 53 3E 60 3E 83 3E A8 3E AD
7E3D0A,124,AD 06 12 8D 05 12 AD 08 12 8D 07 12 AD 1A 42 8D
7E3CF9,124,AD 18 42 4D 01 12 2D 18 42 8D 09 12 20 2F 3E E2
7E3CFC,124,4D 01 12 2D 18 42 8D 09 12 20 2F 3E E2 20 AD 06
7E3E40,124,29 03 0A EB A9 00 EB AA 7C 4B 3E 53 3E 60 3E 83
7E3BFD,124,8E 16 21 A2 CF 18 8E 02 43 A9 00 8D 04 43 A2 40
7E3CF7,124,C2 20 AD 18 42 4D 01 12 2D 18 42 8D 09 12 20 2F
7E3E43,124,EB A9 00 EB AA 7C 4B 3E 53 3E 60 3E 83 3E A8 3E
7E3C0B,124,A2 40 00 8E 05 43 A9 01 8D 00 43 A9 01 8D 0B 42
7E3D02,124,8D 09 12 20 2F 3E E2 20 AD 06 12 8D 05 12 AD 08
7E3D08,124,E2 20 AD 06 12 8D 05 12 AD 08 12 8D 07 12 AD 1A
7E3CFF,124,2D 18 42 8D 09 12 20 2F 3E E2 20 AD 06 12 8D 05
7E3E42,124,0A EB A9 00 EB AA 7C 4B 3E 53 3E 60 3E 83 3E A8
7E3D05,124,20 2F 3E E2 20 AD 06 12 8D 05 12 AD 08 12 8D 07
7E4157,124,E2 20 AD AB 18 49 01 8D AB 18 28 60 0F 00 FF 01
7E3C71,124,AD 0D 1F F0 2C 20 85 40 C9 05 B0 25 A9 22 8D 01
7E3CA4,124,8D 21 21 AD CF 16 F0 0C A9 E0 8D 22 21 A9 7E 8D
7E3D1C,124,AD 1B 42 8D 06 12 20 A5 3D A6 4A A4 4C 86 4C 84
7E4148,124,AE A7 18 AD A9 18 8E A9 18 8D A7 18 8D 32 43 E2
7E3C3B,124,A9 01 8D 0B 42 AD 10 1F F0 2C 20 85 40 C9 33 B0
7E3D16,124,AD 1A 42 8D 08 12 AD 1B 42 8D 06 12 20 A5 3D A6
7E3D19,124,8D 08 12 AD 1B 42 8D 06 12 20 A5 3D A6 4A A4 4C
7E3D13,124,8D 07 12 AD 1A 42 8D 08 12 AD 1B 42 8D 06 12 20
7E3D1F,124,8D 06 12 20 A5 3D A6 4A A4 4C 86 4C 84 4A 64 00
7E414B,124,AD A9 18 8E A9 18 8D A7 18 8D 32 43 E2 20 AD AB
7E4151,124,8D A7 18 8D 32 43 E2 20 AD AB 18 49 01 8D AB 18
7E3D22,124,20 A5 3D A6 4A A4 4C 86 4C 84 4A 64 00 6B E2 20
7E414E,124,8E A9 18 8D A7 18 8D 32 43 E2 20 AD AB 18 49 01
7E3E3D,124,AD 11 1F 29 03 0A EB A9 00 EB AA 7C 4B 3E 53 3E
7E3C74,124,F0 2C 20 85 40 C9 05 B0 25 A9 22 8D 01 43 A9 50
7E3BAA,124,C2 10 E2 20 AD 37 21 AD 3C 21 EB AD 3C 21 EB C2
7E4146,124,C2 20 AE A7 18 AD A9 18 8E A9 18 8D A7 18 8D 32
7E4099,124,AE A9 16 F0 59 E0 83 14 F0 7A B5 06 8D 31 21 B5
7E409C,124,F0 59 E0 83 14 F0 7A B5 06 8D 31 21 B5 00 F0 05
7E3C11,124,A9 01 8D 00 43 A9 01 8D 0B 42 A9 22 8D 01 43 A9
7E3CA2,124,A9 24 8D 21 21 AD CF 16 F0 0C A9 E0 8D 22 21 A9
7E3D0D,124,8D 05 12 AD 08 12 8D 07 12 AD 1A 42 8D 08 12 AD
7E3C13,124,8D 00 43 A9 01 8D 0B 42 A9 22 8D 01 43 A9 00 8D
7E4111,124,9C 2A 21 A9 0C 8D 2B 21 9C 2E 21 60 A9 BB 8D 23
7E3C18,124,8D 0B 42 A9 22 8D 01 43 A9 00 8D 21 21 A2 8B 17
7E3C16,124,A9 01 8D 0B 42 A9 22 8D 01 43 A9 00 8D 21 21 A2
7E411C,124,60 A9 BB 8D 23 21 A9 BB 8D 24 21 A9 0B 8D 25 21
7E4114,124,A9 0C 8D 2B 21 9C 2E 21 60 A9 BB 8D 23 21 A9 BB
7E3CBA,124,8D 22 21 9C 22 21 AD BA 18 F0 0C AD BB 18 8D 11
7E3D50,124,AD CB 16 F0 4F C2 20 AD C7 16 4A 4A 29 3E 00 AA
7E3CF4,124,20 1B 40 C2 20 AD 18 42 4D 01 12 2D 18 42 8D 09
7E3C30,124,A2 00 01 8E 05 43 A9 00 8D 00 43 A9 01 8D 0B 42
7E3DA4,124,60 AD B4 18 D0 03 82 81 00 10 49 C9 FE F0 3B C9
7E3BCF,124,A2 00 00 8E 02 21 A2 63 12 8E 02 43 A9 00 8D 04
7E3BD2,124,8E 02 21 A2 63 12 8E 02 43 A9 00 8D 04 43 A2 48
7E3DA5,124,AD B4 18 D0 03 82 81 00 10 49 C9 FE F0 3B C9 FD
7E3BD5,124,A2 63 12 8E 02 43 A9 00 8D 04 43 A2 48 01 8E 05
7E3BD8,124,8E 02 43 A9 00 8D 04 43 A2 48 01 8E 05 43 A9 00
7E3DA8,124,D0 03 82 81 00 10 49 C9 FE F0 3B C9 FD F0 2F AD
7E3CD4,124,AC B8 18 8E B8 18 8C B6 18 8C 22 43 20 45 41 20
7E3CC0,124,AD BA 18 F0 0C AD BB 18 8D 11 21 AD BC 18 8D 11
7E3BC8,124,E2 20 A9 04 8D 01 43 A2 00 00 8E 02 21 A2 63 12
7E3CD7,124,8E B8 18 8C B6 18 8C 22 43 20 45 41 20 30 3D A5
7E3BCC,124,8D 01 43 A2 00 00 8E 02 21 A2 63 12 8E 02 43 A9
7E3C08,124,8D 04 43 A2 40 00 8E 05 43 A9 01 8D 00 43 A9 01
7E3BCA,124,A9 04 8D 01 43 A2 00 00 8E 02 21 A2 63 12 8E 02
7E4154,124,8D 32 43 E2 20 AD AB 18 49 01 8D AB 18 28 60 0F
7E3E2F,124,E2 20 AD 02 12 8D 01 12 AD 04 12 8D 03 12 AD 11
7E3CC3,124,F0 0C AD BB 18 8D 11 21 AD BC 18 8D 11 21 AE B6
7E3BDB,124,A9 00 8D 04 43 A2 48 01 8E 05 43 A9 00 8D 00 43
7E3BDD,124,8D 04 43 A2 48 01 8E 05 43 A9 00 8D 00 43 A9 01
7E3C2B,124,A9 00 8D 04 43 A2 00 01 8E 05 43 A9 00 8D 00 43
7E3BE8,124,8D 00 43 A9 01 8D 0B 42 A9 80 8D 15 21 A9 18 8D
7E3BF5,124,A9 18 8D 01 43 A2 A0 2F 8E 16 21 A2 CF 18 8E 02
7E3BED,124,8D 0B 42 A9 80 8D 15 21 A9 18 8D 01 43 A2 A0 2F
7E3BF0,124,A9 80 8D 15 21 A9 18 8D 01 43 A2 A0 2F 8E 16 21
7E3C28,124,8E 02 43 A9 00 8D 04 43 A2 00 01 8E 05 43 A9 00
7E3C25,124,A2 8B 17 8E 02 43 A9 00 8D 04 43 A2 00 01 8E 05
7E3CD1,124,AE B6 18 AC B8 18 8E B8 18 8C B6 18 8C 22 43 20
7E3C03,124,8E 02 43 A9 00 8D 04 43 A2 40 00 8E 05 43 A9 01
7E3DAA,124,82 81 00 10 49 C9 FE F0 3B C9 FD F0 2F AD B5 18
7E3E34,124,8D 01 12 AD 04 12 8D 03 12 AD 11 1F 29 03 0A EB
7E3BE0,124,A2 48 01 8E 05 43 A9 00 8D 00 43 A9 01 8D 0B 42
7E3E31,124,AD 02 12 8D 01 12 AD 04 12 8D 03 12 AD 11 1F 29
7E3BE3,124,8E 05 43 A9 00 8D 00 43 A9 01 8D 0B 42 A9 80 8D
7E3BF2,124,8D 15 21 A9 18 8D 01 43 A2 A0 2F 8E 16 21 A2 CF
7E3C2D,124,8D 04 43 A2 00 01 8E 05 43 A9 00 8D 00 43 A9 01
7E3BE6,124,A9 00 8D 00 43 A9 01 8D 0B 42 A9 80 8D 15 21 A9
7E3CDA,124,8C B6 18 8C 22 43 20 45 41 20 30 3D A5 4B 4A 4A
7E3CBD,124,9C 22 21 AD BA 18 F0 0C AD BB 18 8D 11 21 AD BC
7E3BF7,124,8D 01 43 A2 A0 2F 8E 16 21 A2 CF 18 8E 02 43 A9
7E3BFA,124,A2 A0 2F 8E 16 21 A2 CF 18 8E 02 43 A9 00 8D 04
7E3CDD,124,8C 22 43 20 45 41 20 30 3D A5 4B 4A 4A 4A 4A 09
7E3CAA,124,F0 0C A9 E0 8D 22 21 A9 7E 8D 22 21 80 08 A9 1F
7E3E37,124,AD 04 12 8D 03 12 AD 11 1F 29 03 0A EB A9 00 EB
7E3C00,124,A2 CF 18 8E 02 43 A9 00 8D 04 43 A2 40 00 8E 05
7E3CE0,124,20 45 41 20 30 3D A5 4B 4A 4A 4A 4A 09 50 8D 0B
7E3D53,124,F0 4F C2 20 AD C7 16 4A 4A 29 3E 00 AA BF 07 8A
7E3C06,124,A9 00 8D 04 43 A2 40 00 8E 05 43 A9 01 8D 00 43
7E4145,124,08 C2 20 AE A7 18 AD A9 18 8E A9 18 8D A7 18 8D
7E3CE3,124,20 30 3D A5 4B 4A 4A 4A 4A 09 50 8D 0B 21 20 99
0BDF12,123,18 6D 05 15 8D 05 15 E2 20 B5 14 8D C5 14 60 AD
0BDEF1,123,49 FF FF 1A 18 6D 07 15 8D 07 15 18 6D 05 15 8D
0BDF13,123,6D 05 15 8D 05 15 E2 20 B5 14 8D C5 14 60 AD C9
0BDF09,123,6A C9 00 80 6A 49 FF FF 1A 18 6D 05 15 8D 05 15
0BDF03,123,AD 05 15 C9 00 80 6A C9 00 80 6A 49 FF FF 1A 18
0BDEFD,123,6D 05 15 8D 05 15 AD 05 15 C9 00 80 6A C9 00 80
0BDF06,123,C9 00 80 6A C9 00 80 6A 49 FF FF 1A 18 6D 05 15
0BDEF5,123,18 6D 07 15 8D 07 15 18 6D 05 15 8D 05 15 AD 05
0BD752,123,82 87 00 C2 20 A9 00 02 8D 05 15 E2 20 C2 20 A9
02F969,123,29 FF 00 18 6D FA 14 18 6D EA 14 85 C3 AD 99 15
0BDF00,123,8D 05 15 AD 05 15 C9 00 80 6A C9 00 80 6A 49 FF
0BDEF6,123,6D 07 15 8D 07 15 18 6D 05 15 8D 05 15 AD 05 15
0BDF16,123,8D 05 15 E2 20 B5 14 8D C5 14 60 AD C9 1F 29 F3
0BDEEE,123,AD 05 15 49 FF FF 1A 18 6D 07 15 8D 07 15 18 6D
0BDEF9,123,8D 07 15 18 6D 05 15 8D 05 15 AD 05 15 C9 00 80
0BDF11,123,1A 18 6D 05 15 8D 05 15 E2 20 B5 14 8D C5 14 60
0BDEEC,123,C2 20 AD 05 15 49 FF FF 1A 18 6D 07 15 8D 07 15
0BDEF4,123,1A 18 6D 07 15 8D 07 15 18 6D 05 15 8D 05 15 AD
0BDF0A,123,C9 00 80 6A 49 FF FF 1A 18 6D 05 15 8D 05 15 E2
0BDEFC,123,18 6D 05 15 8D 05 15 AD 05 15 C9 00 80 6A C9 00
0BDF19,123,E2 20 B5 14 8D C5 14 60 AD C9 1F 29 F3 8D C9 1F
0BDF0D,123,6A 49 FF FF 1A 18 6D 05 15 8D 05 15 E2 20 B5 14
0BDF0E,123,49 FF FF 1A 18 6D 05 15 8D 05 15 E2 20 B5 14 8D
02F94F,122,29 FF 00 18 6D F8 14 18 6D E8 14 85 C1 AD 98 15
03B386,122,60 E2 20 B5 20 09 02 95 20 C2 20 AD F8 14 38 F5
04A159,121,80 24 FA DA C2 20 A9 FF FF C2 20 8D A9 F0 BD F8
0BDEB2,121,5C BB DE 0B A9 00 8D F0 14 AD DD 14 C9 03 F0 04
068580,121,5C 8E 85 06 C2 20 A9 00 00 8D E6 14 E2 20 22 4A
03B476,120,AD 41 1F C9 FA 00 90 21 C9 8A 02 90 16 C9 7E 04
1FD053,120,22 E3 FC 02 C2 30 7A FA 6B DA 5A 22 92 CF 1F C2
03B470,120,0D 3F 1F 8D 3F 1F AD 41 1F C9 FA 00 90 21 C9 8A
03B462,120,EB C2 20 29 FF 00 AA BF 25 B5 03 29 FF 00 0D 3F
1FD051,120,85 02 22 E3 FC 02 C2 30 7A FA 6B DA 5A 22 92 CF
03B465,120,29 FF 00 AA BF 25 B5 03 29 FF 00 0D 3F 1F 8D 3F
03B449,120,29 FF 00 F0 03 82 62 00 BF E9 1C 7E 29 FF 00 8D
03B49F,120,E2 20 A9 00 0D 3F 1F 8D 42 21 60 E2 20 9C 42 21
1FD04E,120,38 F5 0E 85 02 22 E3 FC 02 C2 30 7A FA 6B DA 5A
1FD044,120,C2 20 AD 52 12 85 08 B9 0E 00 38 F5 0E 85 02 22
03B479,120,C9 FA 00 90 21 C9 8A 02 90 16 C9 7E 04 90 0B C9
03B4A9,120,60 E2 20 9C 42 21 8E 68 1F 60 E2 20 8D 42 21 60
03B451,120,BF E9 1C 7E 29 FF 00 8D 3F 1F AC 38 12 22 21 D0
1FD04F,120,F5 0E 85 02 22 E3 FC 02 C2 30 7A FA 6B DA 5A 22
03B47C,120,90 21 C9 8A 02 90 16 C9 7E 04 90 0B C9 4E 0C B0
1FD049,120,85 08 B9 0E 00 38 F5 0E 85 02 22 E3 FC 02 C2 30
1FD046,120,AD 52 12 85 08 B9 0E 00 38 F5 0E 85 02 22 E3 FC
03B4A1,120,A9 00 0D 3F 1F 8D 42 21 60 E2 20 9C 42 21 8E 68
1FD04B,120,B9 0E 00 38 F5 0E 85 02 22 E3 FC 02 C2 30 7A FA
1FD040,120,22 AB D0 1F C2 20 AD 52 12 85 08 B9 0E 00 38 F5
03B445,120,BF E8 1C 7E 29 FF 00 F0 03 82 62 00 BF E9 1C 7E
03B458,120,8D 3F 1F AC 38 12 22 21 D0 1F EB C2 20 29 FF 00
03B46D,120,29 FF 00 0D 3F 1F 8D 3F 1F AD 41 1F C9 FA 00 90
03B45E,120,22 21 D0 1F EB C2 20 29 FF 00 AA BF 25 B5 03 29
03B469,120,BF 25 B5 03 29 FF 00 0D 3F 1F 8D 3F 1F AD 41 1F
1FD059,120,7A FA 6B DA 5A 22 92 CF 1F C2 20 AD 52 12 85 08
03B473,120,8D 3F 1F AD 41 1F C9 FA 00 90 21 C9 8A 02 90 16
1FD05A,120,FA 6B DA 5A 22 92 CF 1F C2 20 AD 52 12 85 08 AD
03B44C,120,F0 03 82 62 00 BF E9 1C 7E 29 FF 00 8D 3F 1F AC
1FD05B,120,6B DA 5A 22 92 CF 1F C2 20 AD 52 12 85 08 AD 0A
03B463,120,C2 20 29 FF 00 AA BF 25 B5 03 29 FF 00 0D 3F 1F
03B4A3,120,0D 3F 1F 8D 42 21 60 E2 20 9C 42 21 8E 68 1F 60
03B45B,120,AC 38 12 22 21 D0 1F EB C2 20 29 FF 00 AA BF 25
1FD03E,120,DA 5A 22 AB D0 1F C2 20 AD 52 12 85 08 B9 0E 00
03B468,120,AA BF 25 B5 03 29 FF 00 0D 3F 1F 8D 3F 1F AD 41
03B4A6,120,8D 42 21 60 E2 20 9C 42 21 8E 68 1F 60 E2 20 8D
03B455,120,29 FF 00 8D 3F 1F AC 38 12 22 21 D0 1F EB C2 20
1FD057,120,C2 30 7A FA 6B DA 5A 22 92 CF 1F C2 20 AD 52 12
1FD03F,120,5A 22 AB D0 1F C2 20 AD 52 12 85 08 B9 0E 00 38
0BD40B,119,9C 99 15 C2 20 AD 7B 15 8D 1D 15 E2 20 C2 20 AD
0BD401,119,29 DF 95 1F 9C 97 15 9C 98 15 9C 99 15 C2 20 AD
0BD405,119,9C 97 15 9C 98 15 9C 99 15 C2 20 AD 7B 15 8D 1D
0BD3FF,119,B5 1F 29 DF 95 1F 9C 97 15 9C 98 15 9C 99 15 C2
0BD408,119,9C 98 15 9C 99 15 C2 20 AD 7B 15 8D 1D 15 E2 20
0BD403,119,95 1F 9C 97 15 9C 98 15 9C 99 15 C2 20 AD 7B 15
0BD3AA,119,5C FF D3 0B D6 22 22 4A FC 02 29 0F 8D 97 15 AD
068514,118,E2 20 AD C3 14 29 BF 8D C3 14 E2 20 C2 10 AD DC
03ED64,118,6B 08 E2 20 8B 20 6F ED AB 28 6B E2 20 AD F6 1F
068519,118,29 BF 8D C3 14 E2 20 C2 10 AD DC 14 29 10 D0 04
06851E,118,E2 20 C2 10 AD DC 14 29 10 D0 04 5C 8E 85 06 AD
06851B,118,8D C3 14 E2 20 C2 10 AD DC 14 29 10 D0 04 5C 8E
03ED61,118,8D FD 16 6B 08 E2 20 8B 20 6F ED AB 28 6B E2 20
068516,118,AD C3 14 29 BF 8D C3 14 E2 20 C2 10 AD DC 14 29
068520,118,C2 10 AD DC 14 29 10 D0 04 5C 8E 85 06 AD D8 14
08B3B1,117,C2 20 B9 10 00 38 F5 10 10 04 49 FF FF 1A C9 78
08B3AE,117,AC 3A 12 C2 20 B9 10 00 38 F5 10 10 04 49 FF FF
08B4A6,117,F5 10 10 04 49 FF FF 1A C9 BC 02 E2 20 10 04 5C
08B4A0,117,C2 20 B9 10 00 38 F5 10 10 04 49 FF FF 1A C9 BC
08B4A2,117,B9 10 00 38 F5 10 10 04 49 FF FF 1A C9 BC 02 E2
08B4AE,117,C9 BC 02 E2 20 10 04 5C 36 B5 08 9C 34 15 22 3E
08B3B6,117,38 F5 10 10 04 49 FF FF 1A C9 78 05 E2 20 10 04
08B3C2,117,E2 20 10 04 5C 17 B4 08 C2 20 B9 10 00 38 F5 10
08B4B3,117,10 04 5C 36 B5 08 9C 34 15 22 3E D0 1F E2 20 EB
08B4A5,117,38 F5 10 10 04 49 FF FF 1A C9 BC 02 E2 20 10 04
08B3C4,117,10 04 5C 17 B4 08 C2 20 B9 10 00 38 F5 10 10 04
08B3B3,117,B9 10 00 38 F5 10 10 04 49 FF FF 1A C9 78 05 E2
08B3B9,117,10 04 49 FF FF 1A C9 78 05 E2 20 10 04 5C 17 B4
02DB49,117,A9 00 00 8D A9 16 60 20 54 DB 6B C2 30 9C 53 19
08B3B7,117,F5 10 10 04 49 FF FF 1A C9 78 05 E2 20 10 04 5C
08B4A8,117,10 04 49 FF FF 1A C9 BC 02 E2 20 10 04 5C 36 B5
08B4B1,117,E2 20 10 04 5C 36 B5 08 9C 34 15 22 3E D0 1F E2
08B3BF,117,C9 78 05 E2 20 10 04 5C 17 B4 08 C2 20 B9 10 00
08B4AD,116,1A C9 BC 02 E2 20 10 04 5C 36 B5 08 9C 34 15 22
7E4106,116,A9 07 8D 2D 21 9C 23 21 9C 24 21 9C 2A 21 A9 0C
08B4AA,116,49 FF FF 1A C9 BC 02 E2 20 10 04 5C 36 B5 08 9C
7E40FC,116,A9 50 8D 31 21 A9 E0 8D 32 21 A9 07 8D 2D 21 9C
7E40FE,116,8D 31 21 A9 E0 8D 32 21 A9 07 8D 2D 21 9C 23 21
7E4101,116,A9 E0 8D 32 21 A9 07 8D 2D 21 9C 23 21 9C 24 21
08B3BB,116,49 FF FF 1A C9 78 05 E2 20 10 04 5C 17 B4 08 C2
7E40F9,116,8D 30 21 A9 50 8D 31 21 A9 E0 8D 32 21 A9 07 8D
7E4103,116,8D 32 21 A9 07 8D 2D 21 9C 23 21 9C 24 21 9C 2A
7E40F7,116,A9 02 8D 30 21 A9 50 8D 31 21 A9 E0 8D 32 21 A9
08B3BE,116,1A C9 78 05 E2 20 10 04 5C 17 B4 08 C2 20 B9 10
7E4108,116,8D 2D 21 9C 23 21 9C 24 21 9C 2A 21 A9 0C 8D 2B
0BDD98,112,C9 00 06 30 0D A9 00 06 80 08 C9 00 FA 10 03 A9
0BDD9B,112,30 0D A9 00 06 80 08 C9 00 FA 10 03 A9 00 FA 8D
02DB7E,111,CD 51 19 D0 01 60 8D 51 19 AA A0 00 00 B5 00 18
02DB88,111,A0 00 00 B5 00 18 6D 4F 19 99 CF 18 C8 C8 E8 E8
02DB84,111,8D 51 19 AA A0 00 00 B5 00 18 6D 4F 19 99 CF 18
02DB81,111,D0 01 60 8D 51 19 AA A0 00 00 B5 00 18 6D 4F 19
02DB7A,111,BF 15 8C 00 CD 51 19 D0 01 60 8D 51 19 AA A0 00
02DB87,111,AA A0 00 00 B5 00 18 6D 4F 19 99 CF 18 C8 C8 E8
02DBA0,111,8D 53 19 60 49 FF FF 1A EB 29 07 00 0A AA BF 15
02DB9D,111,A9 01 00 8D 53 19 60 49 FF FF 1A EB 29 07 00 0A
02DB79,111,AA BF 15 8C 00 CD 51 19 D0 01 60 8D 51 19 AA A0
02DB78,111,0A AA BF 15 8C 00 CD 51 19 D0 01 60 8D 51 19 AA
02DBA3,111,60 49 FF FF 1A EB 29 07 00 0A AA BF 15 8C 00 CD
02DB75,111,29 07 00 0A AA BF 15 8C 00 CD 51 19 D0 01 60 8D
02DB74,111,EB 29 07 00 0A AA BF 15 8C 00 CD 51 19 D0 01 60
7E5B54,108,EA AF 17 42 00 4C 93 5B 49 FF 1A 0A 8F 02 42 00
7E5B53,108,EA EA AF 17 42 00 4C 93 5B 49 FF 1A 0A 8F 02 42
7E5B52,108,EA EA EA AF 17 42 00 4C 93 5B 49 FF 1A 0A 8F 02
7E5B4D,108,8F 03 42 00 EA EA EA EA AF 17 42 00 4C 93 5B 49
7E5B51,108,EA EA EA EA AF 17 42 00 4C 93 5B 49 FF 1A 0A 8F
7E5B59,108,4C 93 5B 49 FF 1A 0A 8F 02 42 00 AD F5 15 30 08
7E5B55,108,AF 17 42 00 4C 93 5B 49 FF 1A 0A 8F 02 42 00 AD
1FCFA1,106,E5 02 8D 52 12 AD C4 15 38 F5 10 85 08 30 06 18
1FCFAC,106,85 08 30 06 18 6D 52 12 80 06 38 AD 52 12 E5 08
1FCF96,106,38 F5 0C 85 02 10 06 A9 00 00 38 E5 02 8D 52 12
1FCF97,106,F5 0C 85 02 10 06 A9 00 00 38 E5 02 8D 52 12 AD
1FCF99,106,85 02 10 06 A9 00 00 38 E5 02 8D 52 12 AD C4 15
1FCF94,106,A5 04 38 F5 0C 85 02 10 06 A9 00 00 38 E5 02 8D
1FCFBF,106,E2 20 6B C2 20 A5 04 38 F5 0C 85 02 10 06 A9 00
1FCFBC,106,8D 52 12 E2 20 6B C2 20 A5 04 38 F5 0C 85 02 10
1FCF92,106,C2 20 A5 04 38 F5 0C 85 02 10 06 A9 00 00 38 E5
1FCF9B,106,10 06 A9 00 00 38 E5 02 8D 52 12 AD C4 15 38 F5
1FCF9D,106,A9 00 00 38 E5 02 8D 52 12 AD C4 15 38 F5 10 85
1FCFA9,106,38 F5 10 85 08 30 06 18 6D 52 12 80 06 38 AD 52
1FCFAE,106,30 06 18 6D 52 12 80 06 38 AD 52 12 E5 08 8D 52
1FCFA6,106,AD C4 15 38 F5 10 85 08 30 06 18 6D 52 12 80 06
1FCFA0,106,38 E5 02 8D 52 12 AD C4 15 38 F5 10 85 08 30 06
1FCFA3,106,8D 52 12 AD C4 15 38 F5 10 85 08 30 06 18 6D 52
1FCFAA,106,F5 10 85 08 30 06 18 6D 52 12 80 06 38 AD 52 12
1FCFC1,106,6B C2 20 A5 04 38 F5 0C 85 02 10 06 A9 00 00 38
7E5BA2,103,80 02 64 05 A5 02 30 19 0A 8F 02 42 00 AD F5 15
7E5B9E,103,A9 FF 85 05 80 02 64 05 A5 02 30 19 0A 8F 02 42
7E5BCE,103,30 08 8F 03 42 00 EA 4C F3 5B 49 FF 1A 8F 03 42
7E5BCB,103,AD F5 15 30 08 8F 03 42 00 EA 4C F3 5B 49 FF 1A
7E5B07,103,1A 0A 8F 02 42 00 AD F6 15 30 08 8F 03 42 00 EA
7E5B17,103,4C 35 5B 49 FF 1A 8F 03 42 00 EA EA EA EA AF 17
7E5B09,103,8F 02 42 00 AD F6 15 30 08 8F 03 42 00 EA 4C 35
7E5BF5,103,38 EF 17 42 00 AA 8A 49 FF 1A 85 0A A5 08 30 19
7E5AED,103,8F 02 42 00 AD F6 15 30 36 8F 03 42 00 EA EA EA
7E5BC6,103,0A 8F 02 42 00 AD F5 15 30 08 8F 03 42 00 EA 4C
7E5AFC,103,EA EA AF 17 42 00 4C 3C 5B 49 FF 1A 0A 8F 02 42
7E5BA4,103,64 05 A5 02 30 19 0A 8F 02 42 00 AD F5 15 30 36
7E5BAF,103,AD F5 15 30 36 8F 03 42 00 EA EA EA EA AF 17 42
7E5AFE,103,AF 17 42 00 4C 3C 5B 49 FF 1A 0A 8F 02 42 00 AD
7E5BA0,103,85 05 80 02 64 05 A5 02 30 19 0A 8F 02 42 00 AD
7E5AF6,103,8F 03 42 00 EA EA EA EA AF 17 42 00 4C 3C 5B 49
7E5B12,103,8F 03 42 00 EA 4C 35 5B 49 FF 1A 8F 03 42 00 EA
7E5B16,103,EA 4C 35 5B 49 FF 1A 8F 03 42 00 EA EA EA EA AF
7E5BB2,103,30 36 8F 03 42 00 EA EA EA EA AF 17 42 00 4C FA
7E5B38,103,EF 17 42 00 AA 86 04 A5 08 30 19 0A 8F 02 42 00
7E5BF6,103,EF 17 42 00 AA 8A 49 FF 1A 85 0A A5 08 30 19 0A
7E5BAB,103,8F 02 42 00 AD F5 15 30 36 8F 03 42 00 EA EA EA
7E5AFD,103,EA AF 17 42 00 4C 3C 5B 49 FF 1A 0A 8F 02 42 00
7E5BF3,103,A9 00 38 EF 17 42 00 AA 8A 49 FF 1A 85 0A A5 08
7E5B08,103,0A 8F 02 42 00 AD F6 15 30 08 8F 03 42 00 EA 4C
7E5B05,103,49 FF 1A 0A 8F 02 42 00 AD F6 15 30 08 8F 03 42
7E5B02,103,4C 3C 5B 49 FF 1A 0A 8F 02 42 00 AD F6 15 30 08
7E5BAA,103,0A 8F 02 42 00 AD F5 15 30 36 8F 03 42 00 EA EA
7E5B35,103,A9 00 38 EF 17 42 00 AA 86 04 A5 08 30 19 0A 8F
7E5B37,103,38 EF 17 42 00 AA 86 04 A5 08 30 19 0A 8F 02 42
7E5AFB,103,EA EA EA AF 17 42 00 4C 3C 5B 49 FF 1A 0A 8F 02
7E5AF4,103,30 36 8F 03 42 00 EA EA EA EA AF 17 42 00 4C 3C
7E5B0D,103,AD F6 15 30 08 8F 03 42 00 EA 4C 35 5B 49 FF 1A
7E5B10,103,30 08 8F 03 42 00 EA 4C 35 5B 49 FF 1A 8F 03 42
7E5BC3,103,49 FF 1A 0A 8F 02 42 00 AD F5 15 30 08 8F 03 42
7E5AFA,103,EA EA EA EA AF 17 42 00 4C 3C 5B 49 FF 1A 0A 8F
7E5BC5,103,1A 0A 8F 02 42 00 AD F5 15 30 08 8F 03 42 00 EA
7E5AEC,103,0A 8F 02 42 00 AD F6 15 30 36 8F 03 42 00 EA EA
7E5BC7,103,8F 02 42 00 AD F5 15 30 08 8F 03 42 00 EA 4C F3
7E5AF1,103,AD F6 15 30 36 8F 03 42 00 EA EA EA EA AF 17 42
1FCFB0,102,18 6D 52 12 80 06 38 AD 52 12 E5 08 8D 52 12 E2
1FCFB1,102,6D 52 12 80 06 38 AD 52 12 E5 08 8D 52 12 E2 20
1FCFB4,102,80 06 38 AD 52 12 E5 08 8D 52 12 E2 20 6B C2 20
1FCD7B,100,8D 03 42 EA EA A9 00 38 ED 17 42 AA 8A 49 FF 1A
1FCD7A,100,1A 8D 03 42 EA EA A9 00 38 ED 17 42 AA 8A 49 FF
1FCD78,100,49 FF 1A 8D 03 42 EA EA A9 00 38 ED 17 42 AA 8A
1FCD7F,100,EA A9 00 38 ED 17 42 AA 8A 49 FF 1A 85 0A A5 08
1FCD7E,100,EA EA A9 00 38 ED 17 42 AA 8A 49 FF 1A 85 0A A5
7E5B8B,98,EA A9 00 38 EF 17 42 00 AA 8A 18 65 04 85 04 89
7E5B8A,98,EA EA A9 00 38 EF 17 42 00 AA 8A 18 65 04 85 04
7E5B8E,98,38 EF 17 42 00 AA 8A 18 65 04 85 04 89 80 F0 06
7E5B8C,98,A9 00 38 EF 17 42 00 AA 8A 18 65 04 85 04 89 80
7E5B8F,98,EF 17 42 00 AA 8A 18 65 04 85 04 89 80 F0 06 A9
7E5B86,98,8F 03 42 00 EA EA A9 00 38 EF 17 42 00 AA 8A 18
7E5B85,98,1A 8F 03 42 00 EA EA A9 00 38 EF 17 42 00 AA 8A
7E5B83,98,49 FF 1A 8F 03 42 00 EA EA A9 00 38 EF 17 42 00
0BD516,97,5C 2B D5 0B C2 20 AD 79 15 95 0E E2 20 AD C9 1F
0690E9,94,29 10 F0 04 5C 07 8D 06 B5 1E 29 10 D0 04 5C 1A
069F4B,94,29 20 F0 04 5C E5 9F 06 AC 3A 12 C2 20 B9 10 00
069F23,94,BD E7 1C 29 7F C9 04 D0 04 5C 49 9F 06 BD E7 1C
069037,94,F0 0F C2 20 B5 0C CD 75 15 E2 20 10 04 5C CB 90
06901F,94,F0 11 C2 20 B5 0C CD 77 15 E2 20 F0 06 30 04 5C
06901D,94,89 02 F0 11 C2 20 B5 0C CD 77 15 E2 20 F0 06 30
069048,94,AD D7 14 89 64 F0 49 C2 20 B5 0E CD 79 15 E2 20
06904D,94,F0 49 C2 20 B5 0E CD 79 15 E2 20 F0 06 30 04 5C
06904B,94,89 64 F0 49 C2 20 B5 0E CD 79 15 E2 20 F0 06 30
069098,94,AD D7 14 89 18 F0 2B C2 20 B5 0E CD 81 15 E2 20
06909B,94,89 18 F0 2B C2 20 B5 0E CD 81 15 E2 20 10 04 5C
06901A,94,AD D7 14 89 02 F0 11 C2 20 B5 0C CD 77 15 E2 20
069F4D,94,F0 04 5C E5 9F 06 AC 3A 12 C2 20 B9 10 00 38 F5
069FED,94,D6 0A F0 04 5C FA 9F 06 22 01 D5 1F 6B 82 DE F0
069FE9,94,22 BB C7 1F D6 0A F0 04 5C FA 9F 06 22 01 D5 1F
069F49,94,B5 1E 29 20 F0 04 5C E5 9F 06 AC 3A 12 C2 20 B9
069FEF,94,F0 04 5C FA 9F 06 22 01 D5 1F 6B 82 DE F0 C2 20
069FFA,94,82 DE F0 C2 20 A9 2C A0 95 16 E2 20 A9 06 95 18
069FF1,94,5C FA 9F 06 22 01 D5 1F 6B 82 DE F0 C2 20 A9 2C
0690A1,94,B5 0E CD 81 15 E2 20 10 04 5C CA 90 06 AD D7 14
06909D,94,F0 2B C2 20 B5 0E CD 81 15 E2 20 10 04 5C CA 90
0690A3,94,CD 81 15 E2 20 10 04 5C CA 90 06 AD D7 14 89 10
0690F5,94,D0 04 5C 1A 90 06 6B C2 20 A9 4E 91 95 16 E2 20
0690F3,94,29 10 D0 04 5C 1A 90 06 6B C2 20 A9 4E 91 95 16
0690F1,94,B5 1E 29 10 D0 04 5C 1A 90 06 6B C2 20 A9 4E 91
0690F7,94,5C 1A 90 06 6B C2 20 A9 4E 91 95 16 E2 20 A9 06
069F28,94,C9 04 D0 04 5C 49 9F 06 BD E7 1C 18 69 02 30 03
069F2A,94,D0 04 5C 49 9F 06 BD E7 1C 18 69 02 30 03 18 69
069F26,94,29 7F C9 04 D0 04 5C 49 9F 06 BD E7 1C 18 69 02
06909F,94,C2 20 B5 0E CD 81 15 E2 20 10 04 5C CA 90 06 AD
0690EB,94,F0 04 5C 07 8D 06 B5 1E 29 10 D0 04 5C 1A 90 06
0690DE,94,29 04 F0 04 5C 07 8D 06 AD D5 14 29 10 F0 04 5C
0690A8,94,10 04 5C CA 90 06 AD D7 14 89 10 F0 16 AC 3A 12
0690A6,94,E2 20 10 04 5C CA 90 06 AD D7 14 89 10 F0 16 AC
0690E0,94,F0 04 5C 07 8D 06 AD D5 14 29 10 F0 04 5C 07 8D
0690AA,94,5C CA 90 06 AD D7 14 89 10 F0 16 AC 3A 12 C2 20
0690DB,94,AD D2 14 29 04 F0 04 5C 07 8D 06 AD D5 14 29 10
0690CA,94,6B B5 1E 09 01 95 1E A9 00 95 2A 6B 22 01 D5 1F
069FE5,94,22 69 DC 1F 22 BB C7 1F D6 0A F0 04 5C FA 9F 06
069035,94,89 01 F0 0F C2 20 B5 0C CD 75 15 E2 20 10 04 5C
0690E6,94,AD D5 14 29 10 F0 04 5C 07 8D 06 B5 1E 29 10 D0
069032,94,AD D7 14 89 01 F0 0F C2 20 B5 0C CD 75 15 E2 20
1FC5DA,93,C6 09 C2 10 A6 76 A4 78 AB 6B 85 7E 86 76 84 78
0AF98B,91,3A 3A 8D A1 F0 AA 18 7D A1 A0 8D A3 F0 BD A1 A0
0AF98C,91,3A 8D A1 F0 AA 18 7D A1 A0 8D A3 F0 BD A1 A0 8D
0AF98D,91,8D A1 F0 AA 18 7D A1 A0 8D A3 F0 BD A1 A0 8D A5
0AF990,91,AA 18 7D A1 A0 8D A3 F0 BD A1 A0 8D A5 F0 AC A1
0AF989,91,C2 10 3A 3A 8D A1 F0 AA 18 7D A1 A0 8D A3 F0 BD
0AF992,91,7D A1 A0 8D A3 F0 BD A1 A0 8D A5 F0 AC A1 A0 D0
0AFB56,91,B9 A1 A0 E0 00 00 F0 06 9D A1 A0 FA 80 04 FA 9D
0AF988,91,AB C2 10 3A 3A 8D A1 F0 AA 18 7D A1 A0 8D A3 F0
0AF985,91,A2 7E DA AB C2 10 3A 3A 8D A1 F0 AA 18 7D A1 A0
0AF9DF,91,20 41 FA 80 40 B9 A5 A0 18 7D A1 A0 9D A5 A0 B9
0AF99B,91,8D A5 F0 AC A1 A0 D0 03 82 6F 00 98 18 79 A5 A0
0AF995,91,8D A3 F0 BD A1 A0 8D A5 F0 AC A1 A0 D0 03 82 6F
0AF97C,91,D0 01 6B DA 5A 08 8B E2 10 A2 7E DA AB C2 10 3A
0AF982,91,8B E2 10 A2 7E DA AB C2 10 3A 3A 8D A1 F0 AA 18
0AF981,91,08 8B E2 10 A2 7E DA AB C2 10 3A 3A 8D A1 F0 AA
0AFB40,91,DA A2 00 00 CC A1 F0 F0 0D BB BC A1 A0 D0 F5 FA
0AFB37,91,3A 8D A1 F0 BC F6 1C F0 2D DA A2 00 00 CC A1 F0
0AF980,91,5A 08 8B E2 10 A2 7E DA AB C2 10 3A 3A 8D A1 F0
0AFC31,91,48 AB C2 20 7A F0 16 B9 A1 A0 48 B9 A3 A0 8D A9
0AFC2F,91,A9 7E 48 AB C2 20 7A F0 16 B9 A1 A0 48 B9 A3 A0
0AFC2C,91,48 E2 20 A9 7E 48 AB C2 20 7A F0 16 B9 A1 A0 48
0AFC32,91,AB C2 20 7A F0 16 B9 A1 A0 48 B9 A3 A0 8D A9 F0
0AF99E,91,AC A1 A0 D0 03 82 6F 00 98 18 79 A5 A0 CD A1 F0
0AFC33,91,C2 20 7A F0 16 B9 A1 A0 48 B9 A3 A0 8D A9 F0 B9
0AFA24,91,AB 28 7A FA 6B BD A3 A0 BC A1 A0 F0 03 99 A3 A0
0AF9AE,91,F0 24 CC A3 F0 F0 2F B9 A1 A0 A8 D0 EB BD A1 A0
0AFC2A,91,08 8B 48 E2 20 A9 7E 48 AB C2 20 7A F0 16 B9 A1
0AF9A7,91,18 79 A5 A0 CD A1 F0 F0 24 CC A3 F0 F0 2F B9 A1
0AFC2B,91,8B 48 E2 20 A9 7E 48 AB C2 20 7A F0 16 B9 A1 A0
0AF9A8,91,79 A5 A0 CD A1 F0 F0 24 CC A3 F0 F0 2F B9 A1 A0
0AFC28,91,DA 5A 08 8B 48 E2 20 A9 7E 48 AB C2 20 7A F0 16
0AFB34,91,5A DA 3A 3A 8D A1 F0 BC F6 1C F0 2D DA A2 00 00
0AFA25,91,28 7A FA 6B BD A3 A0 BC A1 A0 F0 03 99 A3 A0 AA
0AFA28,91,6B BD A3 A0 BC A1 A0 F0 03 99 A3 A0 AA F0 06 98
0AFB65,91,9D F6 1C 98 22 79 F9 0A FA 7A 6B DA 5A 08 8B E2
0AFC2D,91,E2 20 A9 7E 48 AB C2 20 7A F0 16 B9 A1 A0 48 B9
0AFC50,91,7A FA 6B 08 00 C0 FD B5 F4 00 E0 00 E0 00 E0 16
0AFC4F,91,28 7A FA 6B 08 00 C0 FD B5 F4 00 E0 00 E0 00 E0
0AFC29,91,5A 08 8B 48 E2 20 A9 7E 48 AB C2 20 7A F0 16 B9
0AF9A1,91,D0 03 82 6F 00 98 18 79 A5 A0 CD A1 F0 F0 24 CC
0AF9A6,91,98 18 79 A5 A0 CD A1 F0 F0 24 CC A3 F0 F0 2F B9
0AF979,91,C9 00 00 D0 01 6B DA 5A 08 8B E2 10 A2 7E DA AB
0AFC4E,91,AB 28 7A FA 6B 08 00 C0 FD B5 F4 00 E0 00 E0 00
0AFC36,91,F0 16 B9 A1 A0 48 B9 A3 A0 8D A9 F0 B9 A5 A0 8D
0AFC3B,91,48 B9 A3 A0 8D A9 F0 B9 A5 A0 8D AB F0 98 22 34
0AFC35,91,7A F0 16 B9 A1 A0 48 B9 A3 A0 8D A9 F0 B9 A5 A0
0AFB6E,91,7A 6B DA 5A 08 8B E2 20 A9 7E 48 AB C2 20 BC F6
0AFA49,91,8D A3 F0 AC A1 A0 CC A3 F0 F0 11 98 18 79 A5 A0
0AFA26,91,7A FA 6B BD A3 A0 BC A1 A0 F0 03 99 A3 A0 AA F0
0AFC38,91,B9 A1 A0 48 B9 A3 A0 8D A9 F0 B9 A5 A0 8D AB F0
0AF991,91,18 7D A1 A0 8D A3 F0 BD A1 A0 8D A5 F0 AC A1 A0
0AFB69,91,22 79 F9 0A FA 7A 6B DA 5A 08 8B E2 20 A9 7E 48
0AFB35,91,DA 3A 3A 8D A1 F0 BC F6 1C F0 2D DA A2 00 00 CC
0AFB36,91,3A 3A 8D A1 F0 BC F6 1C F0 2D DA A2 00 00 CC A1
0AFC48,91,98 22 34 FB 0A 68 AB 28 7A FA 6B 08 00 C0 FD B5
0AFA46,91,7D A5 A0 8D A3 F0 AC A1 A0 CC A3 F0 F0 11 98 18
0AFB68,91,98 22 79 F9 0A FA 7A 6B DA 5A 08 8B E2 20 A9 7E
0AFB59,91,E0 00 00 F0 06 9D A1 A0 FA 80 04 FA 9D F6 1C 98
0AFB38,91,8D A1 F0 BC F6 1C F0 2D DA A2 00 00 CC A1 F0 F0
0AFB3E,91,F0 2D DA A2 00 00 CC A1 F0 F0 0D BB BC A1 A0 D0
0AFB64,91,FA 9D F6 1C 98 22 79 F9 0A FA 7A 6B DA 5A 08 8B
0AFB47,91,F0 0D BB BC A1 A0 D0 F5 FA 7A 5C EE BD 1F 6B B9
0AFB44,91,CC A1 F0 F0 0D BB BC A1 A0 D0 F5 FA 7A 5C EE BD
0AFB41,91,A2 00 00 CC A1 F0 F0 0D BB BC A1 A0 D0 F5 FA 7A
0AFB5C,91,F0 06 9D A1 A0 FA 80 04 FA 9D F6 1C 98 22 79 F9
0AFC3C,91,B9 A3 A0 8D A9 F0 B9 A5 A0 8D AB F0 98 22 34 FB
0AFC45,91,8D AB F0 98 22 34 FB 0A 68 AB 28 7A FA 6B 08 00
0AFC42,91,B9 A5 A0 8D AB F0 98 22 34 FB 0A 68 AB 28 7A FA
0AF987,91,DA AB C2 10 3A 3A 8D A1 F0 AA 18 7D A1 A0 8D A3
0AF983,91,E2 10 A2 7E DA AB C2 10 3A 3A 8D A1 F0 AA 18 7D
0AF9D7,91,18 7D A1 A0 99 A5 A0 BB 20 41 FA 80 40 B9 A5 A0
0AFA41,91,8E A1 F0 8A 18 7D A5 A0 8D A3 F0 AC A1 A0 CC A3
0AF998,91,BD A1 A0 8D A5 F0 AC A1 A0 D0 03 82 6F 00 98 18
0AF9E2,91,80 40 B9 A5 A0 18 7D A1 A0 9D A5 A0 B9 A1 A0 9D
0AF97F,91,DA 5A 08 8B E2 10 A2 7E DA AB C2 10 3A 3A 8D A1
0AFA64,91,60 BD A5 A0 18 79 A5 A0 9D A5 A0 8E A1 F0 BB 20
0AFA45,91,18 7D A5 A0 8D A3 F0 AC A1 A0 CC A3 F0 F0 11 98
0AFC3F,91,8D A9 F0 B9 A5 A0 8D AB F0 98 22 34 FB 0A 68 AB
0AF9DB,91,99 A5 A0 BB 20 41 FA 80 40 B9 A5 A0 18 7D A1 A0
0AF9AB,91,CD A1 F0 F0 24 CC A3 F0 F0 2F B9 A1 A0 A8 D0 EB
0AFA4C,91,AC A1 A0 CC A3 F0 F0 11 98 18 79 A5 A0 CD A1 F0
0AFB6D,91,FA 7A 6B DA 5A 08 8B E2 20 A9 7E 48 AB C2 20 BC
0AFA27,91,FA 6B BD A3 A0 BC A1 A0 F0 03 99 A3 A0 AA F0 06
0AFC4D,91,68 AB 28 7A FA 6B 08 00 C0 FD B5 F4 00 E0 00 E0
0AF9D4,91,B9 A5 A0 18 7D A1 A0 99 A5 A0 BB 20 41 FA 80 40
0AFA44,91,8A 18 7D A5 A0 8D A3 F0 AC A1 A0 CC A3 F0 F0 11
0AFC51,91,FA 6B 08 00 C0 FD B5 F4 00 E0 00 E0 00 E0 16 00
0AFC52,91,6B 08 00 C0 FD B5 F4 00 E0 00 E0 00 E0 16 00 CC
0AF9DE,91,BB 20 41 FA 80 40 B9 A5 A0 18 7D A1 A0 9D A5 A0
0AFC49,91,22 34 FB 0A 68 AB 28 7A FA 6B 08 00 C0 FD B5 F4
0AF9D8,91,7D A1 A0 99 A5 A0 BB 20 41 FA 80 40 B9 A5 A0 18
0AFB3B,91,BC F6 1C F0 2D DA A2 00 00 CC A1 F0 F0 0D BB BC
0AFB6F,91,6B DA 5A 08 8B E2 20 A9 7E 48 AB C2 20 BC F6 1C
0AFB32,90,1A 6B 5A DA 3A 3A 8D A1 F0 BC F6 1C F0 2D DA A2
0AFB30,90,7A 1A 1A 6B 5A DA 3A 3A 8D A1 F0 BC F6 1C F0 2D
0AFB31,90,1A 1A 6B 5A DA 3A 3A 8D A1 F0 BC F6 1C F0 2D DA
0AFB16,90,6B 18 69 02 00 22 8E FA 0A C9 00 00 F0 0F 5A A8
0AFB1B,90,22 8E FA 0A C9 00 00 F0 0F 5A A8 BD F6 1C 99 A1
0AFB2C,90,98 9D F6 1C 7A 1A 1A 6B 5A DA 3A 3A 8D A1 F0 BC
0AFB22,90,F0 0F 5A A8 BD F6 1C 99 A1 A0 98 9D F6 1C 7A 1A
0AFB24,90,5A A8 BD F6 1C 99 A1 A0 98 9D F6 1C 7A 1A 1A 6B
0AFAD7,90,7D A5 A0 AA AD A1 F0 9D A1 A0 E8 E8 8A 80 2C BD
0AFB18,90,69 02 00 22 8E FA 0A C9 00 00 F0 0F 5A A8 BD F6
0AFAD2,90,9D A5 A0 8A 18 7D A5 A0 AA AD A1 F0 9D A1 A0 E8
0AFB25,90,A8 BD F6 1C 99 A1 A0 98 9D F6 1C 7A 1A 1A 6B 5A
0AFACB,90,C9 06 00 90 16 F0 14 9D A5 A0 8A 18 7D A5 A0 AA
0AFAE3,90,8A 80 2C BD A5 A0 8D A1 F0 8E A3 F0 BD A1 A0 BC
0AFADA,90,AA AD A1 F0 9D A1 A0 E8 E8 8A 80 2C BD A5 A0 8D
0AFAE4,90,80 2C BD A5 A0 8D A1 F0 8E A3 F0 BD A1 A0 BC A3
0AFAD0,90,F0 14 9D A5 A0 8A 18 7D A5 A0 AA AD A1 F0 9D A1
0AFAC7,90,38 ED A1 F0 C9 06 00 90 16 F0 14 9D A5 A0 8A 18
0AFB26,90,BD F6 1C 99 A1 A0 98 9D F6 1C 7A 1A 1A 6B 5A DA
0AFA9A,90,1A 29 FE FF F0 72 1A 1A C9 06 00 B0 03 A9 06 00
0AFA98,90,C2 10 1A 29 FE FF F0 72 1A 1A C9 06 00 B0 03 A9
0AFA96,90,DA AB C2 10 1A 29 FE FF F0 72 1A 1A C9 06 00 B0
0AFA94,90,A2 7E DA AB C2 10 1A 29 FE FF F0 72 1A 1A C9 06
0AFAA1,90,1A C9 06 00 B0 03 A9 06 00 AE A1 A0 F0 63 DD A5
0AFAAA,90,AE A1 A0 F0 63 DD A5 A0 90 0D F0 0B BC A1 A0 BB
0AFAA5,90,B0 03 A9 06 00 AE A1 A0 F0 63 DD A5 A0 90 0D F0
0AFAC4,90,BD A5 A0 38 ED A1 F0 C9 06 00 90 16 F0 14 9D A5
0AFAB2,90,90 0D F0 0B BC A1 A0 BB D0 F3 A9 00 00 80 51 8D
0AFB33,90,6B 5A DA 3A 3A 8D A1 F0 BC F6 1C F0 2D DA A2 00
0AFA92,90,E2 10 A2 7E DA AB C2 10 1A 29 FE FF F0 72 1A 1A
0AFA90,90,08 8B E2 10 A2 7E DA AB C2 10 1A 29 FE FF F0 72
0AFACE,90,90 16 F0 14 9D A5 A0 8A 18 7D A5 A0 AA AD A1 F0
0AFB2D,90,9D F6 1C 7A 1A 1A 6B 5A DA 3A 3A 8D A1 F0 BC F6
0AFB29,90,99 A1 A0 98 9D F6 1C 7A 1A 1A 6B 5A DA 3A 3A 8D
0AFAAD,90,F0 63 DD A5 A0 90 0D F0 0B BC A1 A0 BB D0 F3 A9
0AFB15,90,FA 6B 18 69 02 00 22 8E FA 0A C9 00 00 F0 0F 5A
0AFB1F,90,C9 00 00 F0 0F 5A A8 BD F6 1C 99 A1 A0 98 9D F6
0AFA8E,90,DA 5A 08 8B E2 10 A2 7E DA AB C2 10 1A 29 FE FF
0AFAE1,90,E8 E8 8A 80 2C BD A5 A0 8D A1 F0 8E A3 F0 BD A1
0AFB13,90,28 7A FA 6B 18 69 02 00 22 8E FA 0A C9 00 00 F0
0AFAC8,90,ED A1 F0 C9 06 00 90 16 F0 14 9D A5 A0 8A 18 7D
0AFAC1,90,8D A1 F0 BD A5 A0 38 ED A1 F0 C9 06 00 90 16 F0
0AFADB,90,AD A1 F0 9D A1 A0 E8 E8 8A 80 2C BD A5 A0 8D A1
0AFA8F,90,5A 08 8B E2 10 A2 7E DA AB C2 10 1A 29 FE FF F0
0AFA91,90,8B E2 10 A2 7E DA AB C2 10 1A 29 FE FF F0 72 1A
0AFAD6,90,18 7D A5 A0 AA AD A1 F0 9D A1 A0 E8 E8 8A 80 2C
0AFB12,90,AB 28 7A FA 6B 18 69 02 00 22 8E FA 0A C9 00 00
0AFAD5,90,8A 18 7D A5 A0 AA AD A1 F0 9D A1 A0 E8 E8 8A 80
0AFB14,90,7A FA 6B 18 69 02 00 22 8E FA 0A C9 00 00 F0 0F
0AFADE,90,9D A1 A0 E8 E8 8A 80 2C BD A5 A0 8D A1 F0 8E A3
0AFB17,90,18 69 02 00 22 8E FA 0A C9 00 00 F0 0F 5A A8 BD
0AFA97,90,AB C2 10 1A 29 FE FF F0 72 1A 1A C9 06 00 B0 03
0AFAA0,90,1A 1A C9 06 00 B0 03 A9 06 00 AE A1 A0 F0 63 DD
0AFAAF,90,DD A5 A0 90 0D F0 0B BC A1 A0 BB D0 F3 A9 00 00
0AFAE2,90,E8 8A 80 2C BD A5 A0 8D A1 F0 8E A3 F0 BD A1 A0
0AFA9E,90,F0 72 1A 1A C9 06 00 B0 03 A9 06 00 AE A1 A0 F0
0AFAA2,90,C9 06 00 B0 03 A9 06 00 AE A1 A0 F0 63 DD A5 A0
0AFA9B,90,29 FE FF F0 72 1A 1A C9 06 00 B0 03 A9 06 00 AE
0AFBFA,89,8A AB 28 FA 18 6B DA 08 8B E2 10 A2 7E DA AB C2
0AFBCF,89,E2 20 A9 7E 48 AB C2 20 A9 06 00 22 17 FB 0A C9
0AFBFF,89,6B DA 08 8B E2 10 A2 7E DA AB C2 10 AA F0 16 BD
0AFBEA,89,68 9D A1 A0 AD A9 F0 9D A3 A0 AD AB F0 9D A5 A0
0AFBCE,89,48 E2 20 A9 7E 48 AB C2 20 A9 06 00 22 17 FB 0A
0AFBE9,89,AA 68 9D A1 A0 AD A9 F0 9D A3 A0 AD AB F0 9D A5
0AFBD5,89,C2 20 A9 06 00 22 17 FB 0A C9 00 00 D0 06 FA AB
0AFBD1,89,A9 7E 48 AB C2 20 A9 06 00 22 17 FB 0A C9 00 00
0AFBDA,89,22 17 FB 0A C9 00 00 D0 06 FA AB 28 FA 38 6B AA
0AFBD7,89,A9 06 00 22 17 FB 0A C9 00 00 D0 06 FA AB 28 FA
0AFBDE,89,C9 00 00 D0 06 FA AB 28 FA 38 6B AA 68 9D A1 A0
0AFBCD,89,8B 48 E2 20 A9 7E 48 AB C2 20 A9 06 00 22 17 FB
0AFBCC,89,08 8B 48 E2 20 A9 7E 48 AB C2 20 A9 06 00 22 17
0AFBF4,89,AD AB F0 9D A5 A0 8A AB 28 FA 18 6B DA 08 8B E2
0AFBF1,89,9D A3 A0 AD AB F0 9D A5 A0 8A AB 28 FA 18 6B DA
0AFBF7,89,9D A5 A0 8A AB 28 FA 18 6B DA 08 8B E2 10 A2 7E
0AFBFC,89,28 FA 18 6B DA 08 8B E2 10 A2 7E DA AB C2 10 AA
0AFBFE,89,18 6B DA 08 8B E2 10 A2 7E DA AB C2 10 AA F0 16
0AFBEE,89,AD A9 F0 9D A3 A0 AD AB F0 9D A5 A0 8A AB 28 FA
0AFBD4,89,AB C2 20 A9 06 00 22 17 FB 0A C9 00 00 D0 06 FA
0AFBE1,89,D0 06 FA AB 28 FA 38 6B AA 68 9D A1 A0 AD A9 F0
0AFBD3,89,48 AB C2 20 A9 06 00 22 17 FB 0A C9 00 00 D0 06
0AFBFD,89,FA 18 6B DA 08 8B E2 10 A2 7E DA AB C2 10 AA F0
0AFBFB,89,AB 28 FA 18 6B DA 08 8B E2 10 A2 7E DA AB C2 10
0AFBEB,89,9D A1 A0 AD A9 F0 9D A3 A0 AD AB F0 9D A5 A0 8A
0AFBCB,89,DA 08 8B 48 E2 20 A9 7E 48 AB C2 20 A9 06 00 22
1FD0B5,86,49 FF FF 1A 85 02 B9 10 00 38 F5 10 10 04 49 FF
1FD0B8,86,1A 85 02 B9 10 00 38 F5 10 10 04 49 FF FF 1A 85
069F2C,86,5C 49 9F 06 BD E7 1C 18 69 02 30 03 18 69 08 29
0BD43D,85,D0 04 5C 4B D4 0B AD E0 14 09 80 8D E0 14 AD E0
0BD43F,85,5C 4B D4 0B AD E0 14 09 80 8D E0 14 AD E0 14 2D
0BD434,85,C2 20 B5 0E CD 1D 15 E2 20 D0 04 5C 4B D4 0B AD
0BD438,85,CD 1D 15 E2 20 D0 04 5C 4B D4 0B AD E0 14 09 80
0BD436,85,B5 0E CD 1D 15 E2 20 D0 04 5C 4B D4 0B AD E0 14
0BD43B,85,E2 20 D0 04 5C 4B D4 0B AD E0 14 09 80 8D E0 14
03EB62,83,8F 26 00 70 A9 98 00 8F 28 00 70 E2 20 A9 01 A2
03EB5B,83,8F 18 00 70 A9 06 00 8F 26 00 70 A9 98 00 8F 28
03EB55,83,0A 65 02 69 C0 B9 8F 18 00 70 A9 06 00 8F 26 00
03EB56,83,65 02 69 C0 B9 8F 18 00 70 A9 06 00 8F 26 00 70
03EB53,83,46 02 0A 65 02 69 C0 B9 8F 18 00 70 A9 06 00 8F
03EB51,83,85 02 46 02 0A 65 02 69 C0 B9 8F 18 00 70 A9 06
03EB50,83,EB 85 02 46 02 0A 65 02 69 C0 B9 8F 18 00 70 A9
03EB74,83,22 E3 4E 7E C2 20 C2 10 28 60 37 02 37 02 63 02
03EB58,83,69 C0 B9 8F 18 00 70 A9 06 00 8F 26 00 70 A9 98
03EB66,83,A9 98 00 8F 28 00 70 E2 20 A9 01 A2 5B D1 22 E3
03EB6F,83,A9 01 A2 5B D1 22 E3 4E 7E C2 20 C2 10 28 60 37
03EB6D,83,E2 20 A9 01 A2 5B D1 22 E3 4E 7E C2 20 C2 10 28
03EB69,83,8F 28 00 70 E2 20 A9 01 A2 5B D1 22 E3 4E 7E C2
03EB71,83,A2 5B D1 22 E3 4E 7E C2 20 C2 10 28 60 37 02 37
03EB5F,83,A9 06 00 8F 26 00 70 A9 98 00 8F 28 00 70 E2 20
03EB7A,83,C2 10 28 60 37 02 37 02 63 02 8F 02 BB 02 ED 02
03EB78,83,C2 20 C2 10 28 60 37 02 37 02 63 02 8F 02 BB 02
03EB4D,83,29 FF 00 EB 85 02 46 02 0A 65 02 69 C0 B9 8F 18
03EB7D,83,60 37 02 37 02 63 02 8F 02 BB 02 ED 02 1F 03 1F
03EB4B,83,C2 20 29 FF 00 EB 85 02 46 02 0A 65 02 69 C0 B9
03EB7C,83,28 60 37 02 37 02 63 02 8F 02 BB 02 ED 02 1F 03
03EB4A,83,08 C2 20 29 FF 00 EB 85 02 46 02 0A 65 02 69 C0
08B502,82,F0 2D 38 F5 13 C9 00 30 08 C9 08 10 0A A9 08 80
08B4C5,82,F0 2D 38 F5 12 C9 00 30 08 C9 08 10 0A A9 08 80
08B4C2,82,EB D5 12 F0 2D 38 F5 12 C9 00 30 08 C9 08 10 0A
08B531,82,95 13 82 F1 FD 82 EE FD C2 20 A9 00 00 95 16 E2
08B4B9,82,9C 34 15 22 3E D0 1F E2 20 EB D5 12 F0 2D 38 F5
08B4FD,82,49 FF 1A D5 13 F0 2D 38 F5 13 C9 00 30 08 C9 08
08B4F6,82,22 21 D0 1F E2 20 EB 49 FF 1A D5 13 F0 2D 38 F5
08B4BC,82,22 3E D0 1F E2 20 EB D5 12 F0 2D 38 F5 12 C9 00
08B4C3,82,D5 12 F0 2D 38 F5 12 C9 00 30 08 C9 08 10 0A A9
08B533,82,82 F1 FD 82 EE FD C2 20 A9 00 00 95 16 E2 20 A9
08B500,82,D5 13 F0 2D 38 F5 13 C9 00 30 08 C9 08 10 0A A9
08B4FA,82,E2 20 EB 49 FF 1A D5 13 F0 2D 38 F5 13 C9 00 30
08B4FF,82,1A D5 13 F0 2D 38 F5 13 C9 00 30 08 C9 08 10 0A
08B4C0,82,E2 20 EB D5 12 F0 2D 38 F5 12 C9 00 30 08 C9 08
08B4F4,82,95 12 22 21 D0 1F E2 20 EB 49 FF 1A D5 13 F0 2D
08B4FC,82,EB 49 FF 1A D5 13 F0 2D 38 F5 13 C9 00 30 08 C9
7E536A,81,BD C8 2E 18 6D 5A 12 8D 52 12 A5 3A 38 E5 6C 10
7E5383,81,30 03 4C A6 53 BD CA 2E 18 6D 5C 12 8D 52 12 A5
7E536D,81,18 6D 5A 12 8D 52 12 A5 3A 38 E5 6C 10 04 49 FF
7E5376,81,38 E5 6C 10 04 49 FF FF 1A 38 ED 52 12 30 03 4C
7E5380,81,ED 52 12 30 03 4C A6 53 BD CA 2E 18 6D 5C 12 8D
7E5374,81,A5 3A 38 E5 6C 10 04 49 FF FF 1A 38 ED 52 12 30
7E5371,81,8D 52 12 A5 3A 38 E5 6C 10 04 49 FF FF 1A 38 ED
7E5377,81,E5 6C 10 04 49 FF FF 1A 38 ED 52 12 30 03 4C A6
7E5379,81,10 04 49 FF FF 1A 38 ED 52 12 30 03 4C A6 53 BD
7E536E,81,6D 5A 12 8D 52 12 A5 3A 38 E5 6C 10 04 49 FF FF
7E537F,81,38 ED 52 12 30 03 4C A6 53 BD CA 2E 18 6D 5C 12
08B51C,80,10 02 69 00 C9 80 6A 10 02 69 00 C9 80 6A 10 02
08B523,80,10 02 69 00 C9 80 6A 10 02 69 00 18 75 13 95 13
08B52A,80,10 02 69 00 18 75 13 95 13 82 F1 FD 82 EE FD C2
08B522,80,6A 10 02 69 00 C9 80 6A 10 02 69 00 18 75 13 95
08B520,80,C9 80 6A 10 02 69 00 C9 80 6A 10 02 69 00 18 75
08B529,80,6A 10 02 69 00 18 75 13 95 13 82 F1 FD 82 EE FD
08B519,80,C9 80 6A 10 02 69 00 C9 80 6A 10 02 69 00 C9 80
08B507,80,C9 00 30 08 C9 08 10 0A A9 08 80 06 C9 F8 30 02
08B509,80,30 08 C9 08 10 0A A9 08 80 06 C9 F8 30 02 A9 F8
08B52E,80,18 75 13 95 13 82 F1 FD 82 EE FD C2 20 A9 00 00
08B52F,80,75 13 95 13 82 F1 FD 82 EE FD C2 20 A9 00 00 95
08B527,80,C9 80 6A 10 02 69 00 18 75 13 95 13 82 F1 FD 82
08B505,80,F5 13 C9 00 30 08 C9 08 10 0A A9 08 80 06 C9 F8
08B51B,80,6A 10 02 69 00 C9 80 6A 10 02 69 00 C9 80 6A 10
08B504,80,38 F5 13 C9 00 30 08 C9 08 10 0A A9 08 80 06 C9
1FCD64,75,EA 4C 80 CD 49 FF 1A 8D 03 42 EA EA EA EA AD 17
1FCD65,75,4C 80 CD 49 FF 1A 8D 03 42 EA EA EA EA AD 17 42
1FCD61,75,8D 03 42 EA 4C 80 CD 49 FF 1A 8D 03 42 EA EA EA
08B51E,73,69 00 C9 80 6A 10 02 69 00 C9 80 6A 10 02 69 00
08B52C,73,69 00 18 75 13 95 13 82 F1 FD 82 EE FD C2 20 A9
03EA03,73,C9 05 B0 03 82 D9 00 22 4A FC 02 29 1F D0 04 A9
03EA05,73,B0 03 82 D9 00 22 4A FC 02 29 1F D0 04 A9 04 80
08B513,73,C9 F8 30 02 A9 F8 C9 80 6A 10 02 69 00 C9 80 6A
03EA00,73,AD A0 18 C9 05 B0 03 82 D9 00 22 4A FC 02 29 1F
08B525,73,69 00 C9 80 6A 10 02 69 00 18 75 13 95 13 82 F1
7E5738,73,1A 38 ED 52 12 30 03 4C 82 57 BD CA 2E 18 6D 5C
7E5735,73,49 FF FF 1A 38 ED 52 12 30 03 4C 82 57 BD CA 2E
08B515,73,30 02 A9 F8 C9 80 6A 10 02 69 00 C9 80 6A 10 02
04855B,71,4C D5 83 20 4A A3 C2 20 89 80 00 F0 05 09 00 FF
048559,71,95 0C 4C D5 83 20 4A A3 C2 20 89 80 00 F0 05 09
048556,71,18 75 0C 95 0C 4C D5 83 20 4A A3 C2 20 89 80 00
048557,71,75 0C 95 0C 4C D5 83 20 4A A3 C2 20 89 80 00 F0
04854C,71,F0 05 09 00 FF 80 03 29 FF 00 18 75 0C 95 0C 4C
048549,71,89 80 00 F0 05 09 00 FF 80 03 29 FF 00 18 75 0C
048544,71,20 4A A3 C2 20 89 80 00 F0 05 09 00 FF 80 03 29
048547,71,C2 20 89 80 00 F0 05 09 00 FF 80 03 29 FF 00 18
08B1C6,68,69 08 95 13 6B C2 20 A9 E8 03 95 26 E2 20 A9 06
08B1C8,68,95 13 6B C2 20 A9 E8 03 95 26 E2 20 A9 06 95 23
08B1CA,68,6B C2 20 A9 E8 03 95 26 E2 20 A9 06 95 23 82 0D
08B1C3,68,B5 13 18 69 08 95 13 6B C2 20 A9 E8 03 95 26 E2
03EA67,68,A9 52 00 8F 62 00 70 A9 A9 00 8F 2C 00 70 8A 8F
03EAD3,68,80 36 AD A0 18 3A 30 30 8D A0 18 20 4A EB 80 28
03EA6A,68,8F 62 00 70 A9 A9 00 8F 2C 00 70 8A 8F A6 00 70
03EAD1,68,E2 20 80 36 AD A0 18 3A 30 30 8D A0 18 20 4A EB
03EA8B,68,F0 44 29 7F 85 02 AD 9C 18 C2 20 29 7F 00 A8 E2
03EA6E,68,A9 A9 00 8F 2C 00 70 8A 8F A6 00 70 20 0D EB E2
03EA48,68,A9 AA 00 8F 2C 00 70 8A 8F A6 00 70 20 0D EB E2
03EA41,68,A9 53 00 8F 62 00 70 A9 AA 00 8F 2C 00 70 8A 8F
03EA44,68,8F 62 00 70 A9 AA 00 8F 2C 00 70 8A 8F A6 00 70
03EA3C,68,AE 9D 18 C2 30 A9 53 00 8F 62 00 70 A9 AA 00 8F
03EA3F,68,C2 30 A9 53 00 8F 62 00 70 A9 AA 00 8F 2C 00 70
08B1C5,68,18 69 08 95 13 6B C2 20 A9 E8 03 95 26 E2 20 A9
03EA4B,68,8F 2C 00 70 8A 8F A6 00 70 20 0D EB E2 20 A9 01
03EA84,68,22 E3 4E 7E AD FD 1F F0 44 29 7F 85 02 AD 9C 18
03EA75,68,8A 8F A6 00 70 20 0D EB E2 20 A9 01 A2 29 B5 22
03EA54,68,20 0D EB E2 20 A9 01 A2 EE B4 22 E3 4E 7E AE 9D
03EA4F,68,8A 8F A6 00 70 20 0D EB E2 20 A9 01 A2 EE B4 22
03EA88,68,AD FD 1F F0 44 29 7F 85 02 AD 9C 18 C2 20 29 7F
03EA76,68,8F A6 00 70 20 0D EB E2 20 A9 01 A2 29 B5 22 E3
03EA7D,68,E2 20 A9 01 A2 29 B5 22 E3 4E 7E AD FD 1F F0 44
03EA7A,68,20 0D EB E2 20 A9 01 A2 29 B5 22 E3 4E 7E AD FD
03EA81,68,A2 29 B5 22 E3 4E 7E AD FD 1F F0 44 29 7F 85 02
03EA7F,68,A9 01 A2 29 B5 22 E3 4E 7E AD FD 1F F0 44 29 7F
03EA50,68,8F A6 00 70 20 0D EB E2 20 A9 01 A2 EE B4 22 E3
03EA71,68,8F 2C 00 70 8A 8F A6 00 70 20 0D EB E2 20 A9 01
03EA31,68,CE 9F 18 D0 06 A9 64 22 E5 B7 03 AE 9D 18 C2 30
03EA1D,68,C9 1E B0 02 64 02 AD 9C 18 29 7F 0A 18 69 05 65
03EA1A,68,AD 9F 18 C9 1E B0 02 64 02 AD 9C 18 29 7F 0A 18
03EA57,68,E2 20 A9 01 A2 EE B4 22 E3 4E 7E AE 9D 18 C2 30
03EA1F,68,B0 02 64 02 AD 9C 18 29 7F 0A 18 69 05 65 02 20
03EA23,68,AD 9C 18 29 7F 0A 18 69 05 65 02 20 4A EB CE 9F
03EA18,68,85 02 AD 9F 18 C9 1E B0 02 64 02 AD 9C 18 29 7F
03EA10,68,D0 04 A9 04 80 18 29 01 85 02 AD 9F 18 C9 1E B0
03EA16,68,29 01 85 02 AD 9F 18 C9 1E B0 02 64 02 AD 9C 18
03EA0A,68,22 4A FC 02 29 1F D0 04 A9 04 80 18 29 01 85 02
03EA0E,68,29 1F D0 04 A9 04 80 18 29 01 85 02 AD 9F 18 C9
03EA34,68,D0 06 A9 64 22 E5 B7 03 AE 9D 18 C2 30 A9 53 00
03EA26,68,29 7F 0A 18 69 05 65 02 20 4A EB CE 9F 18 D0 06
03EA59,68,A9 01 A2 EE B4 22 E3 4E 7E AE 9D 18 C2 30 A9 52
03EA2A,68,69 05 65 02 20 4A EB CE 9F 18 D0 06 A9 64 22 E5
03EA2C,68,65 02 20 4A EB CE 9F 18 D0 06 A9 64 22 E5 B7 03
03EA2E,68,20 4A EB CE 9F 18 D0 06 A9 64 22 E5 B7 03 AE 9D
03EA28,68,0A 18 69 05 65 02 20 4A EB CE 9F 18 D0 06 A9 64
03EA65,68,C2 30 A9 52 00 8F 62 00 70 A9 A9 00 8F 2C 00 70
03EA5E,68,22 E3 4E 7E AE 9D 18 C2 30 A9 52 00 8F 62 00 70
03EA62,68,AE 9D 18 C2 30 A9 52 00 8F 62 00 70 A9 A9 00 8F
03EA5B,68,A2 EE B4 22 E3 4E 7E AE 9D 18 C2 30 A9 52 00 8F
03EA29,68,18 69 05 65 02 20 4A EB CE 9F 18 D0 06 A9 64 22
7E5385,67,4C A6 53 BD CA 2E 18 6D 5C 12 8D 52 12 A5 3C 38
03E1A3,62,AD CD 1F 18 69 10 00 C9 40 00 D0 12 AD C7 14 F0
03E1AD,62,D0 12 AD C7 14 F0 0A E2 20 A9 8A 22 E5 B7 03 C2
03E1AA,62,C9 40 00 D0 12 AD C7 14 F0 0A E2 20 A9 8A 22 E5
03E1A7,62,69 10 00 C9 40 00 D0 12 AD C7 14 F0 0A E2 20 A9
03E1A6,62,18 69 10 00 C9 40 00 D0 12 AD C7 14 F0 0A E2 20
03E1C1,62,8D CD 1F 60 AD C9 1F 89 01 00 D0 01 60 EE C7 14
08B419,59,8D C7 14 A9 01 22 0D D6 1F B5 14 95 22 B5 22 38
08B43A,59,89 80 00 F0 05 09 00 FF 80 03 29 FF 00 FA C9 00
08B424,59,95 22 B5 22 38 E9 40 95 22 DA C2 20 B5 22 29 FF
08B455,59,10 03 69 00 00 C9 00 80 6A 10 03 69 00 00 95 28
08B46A,59,B5 22 29 FF 00 AA BF E5 98 00 89 80 00 F0 05 09
08B46F,59,AA BF E5 98 00 89 80 00 F0 05 09 00 FF 80 03 29
08B447,59,FA C9 00 80 6A 10 03 69 00 00 C9 00 80 6A 10 03
08B44B,59,6A 10 03 69 00 00 C9 00 80 6A 10 03 69 00 00 C9
08B45E,59,10 03 69 00 00 95 28 E2 20 DA C2 20 B5 22 29 FF
08B45A,59,C9 00 80 6A 10 03 69 00 00 95 28 E2 20 DA C2 20
08B48E,59,6A 10 03 69 00 00 95 06 E2 20 B5 14 18 7D 23 00
08B46C,59,29 FF 00 AA BF E5 98 00 89 80 00 F0 05 09 00 FF
08B430,59,B5 22 29 FF 00 AA BF A5 98 00 89 80 00 F0 05 09
08B432,59,29 FF 00 AA BF A5 98 00 89 80 00 F0 05 09 00 FF
08B42E,59,C2 20 B5 22 29 FF 00 AA BF A5 98 00 89 80 00 F0
08B42B,59,95 22 DA C2 20 B5 22 29 FF 00 AA BF A5 98 00 89
08B42D,59,DA C2 20 B5 22 29 FF 00 AA BF A5 98 00 89 80 00
08B429,59,E9 40 95 22 DA C2 20 B5 22 29 FF 00 AA BF A5 98
08B477,59,F0 05 09 00 FF 80 03 29 FF 00 FA C9 00 80 6A 10
08B467,59,DA C2 20 B5 22 29 FF 00 AA BF E5 98 00 89 80 00
08B436,59,BF A5 98 00 89 80 00 F0 05 09 00 FF 80 03 29 FF
08B451,59,C9 00 80 6A 10 03 69 00 00 C9 00 80 6A 10 03 69
08B45D,59,6A 10 03 69 00 00 95 28 E2 20 DA C2 20 B5 22 29
08B435,59,AA BF A5 98 00 89 80 00 F0 05 09 00 FF 80 03 29
08B448,59,C9 00 80 6A 10 03 69 00 00 C9 00 80 6A 10 03 69
08B465,59,E2 20 DA C2 20 B5 22 29 FF 00 AA BF E5 98 00 89
08B43D,59,F0 05 09 00 FF 80 03 29 FF 00 FA C9 00 80 6A 10
08B474,59,89 80 00 F0 05 09 00 FF 80 03 29 FF 00 FA C9 00
08B454,59,6A 10 03 69 00 00 C9 00 80 6A 10 03 69 00 00 95
08B428,59,38 E9 40 95 22 DA C2 20 B5 22 29 FF 00 AA BF A5
08B426,59,B5 22 38 E9 40 95 22 DA C2 20 B5 22 29 FF 00 AA
08B481,59,FA C9 00 80 6A 10 03 69 00 00 C9 00 80 6A 10 03
08B417,59,A9 2D 8D C7 14 A9 01 22 0D D6 1F B5 14 95 22 B5
08B41C,59,A9 01 22 0D D6 1F B5 14 95 22 B5 22 38 E9 40 95
08B41E,59,22 0D D6 1F B5 14 95 22 B5 22 38 E9 40 95 22 DA
08B470,59,BF E5 98 00 89 80 00 F0 05 09 00 FF 80 03 29 FF
08B463,59,95 28 E2 20 DA C2 20 B5 22 29 FF 00 AA BF E5 98
08B3C6,59,5C 17 B4 08 C2 20 B9 10 00 38 F5 10 10 04 49 FF
08B468,59,C2 20 B5 22 29 FF 00 AA BF E5 98 00 89 80 00 F0
08B485,59,6A 10 03 69 00 00 C9 00 80 6A 10 03 69 00 00 95
08B49B,59,7D 23 00 95 14 C2 20 B9 10 00 38 F5 10 10 04 49
08B49A,59,18 7D 23 00 95 14 C2 20 B9 10 00 38 F5 10 10 04
08B496,59,E2 20 B5 14 18 7D 23 00 95 14 C2 20 B9 10 00 38
08B486,59,10 03 69 00 00 C9 00 80 6A 10 03 69 00 00 95 06
08B494,59,95 06 E2 20 B5 14 18 7D 23 00 95 14 C2 20 B9 10
08B422,59,B5 14 95 22 B5 22 38 E9 40 95 22 DA C2 20 B5 22
08B49E,59,95 14 C2 20 B9 10 00 38 F5 10 10 04 49 FF FF 1A
08B498,59,B5 14 18 7D 23 00 95 14 C2 20 B9 10 00 38 F5 10
08B48B,59,C9 00 80 6A 10 03 69 00 00 95 06 E2 20 B5 14 18
08B48F,59,10 03 69 00 00 95 06 E2 20 B5 14 18 7D 23 00 95
08B44C,59,10 03 69 00 00 C9 00 80 6A 10 03 69 00 00 C9 00
08B482,59,C9 00 80 6A 10 03 69 00 00 C9 00 80 6A 10 03 69
08B3CF,58,38 F5 10 10 04 49 FF FF 1A C9 08 07 E2 20 30 04
08B3CC,58,B9 10 00 38 F5 10 10 04 49 FF FF 1A C9 08 07 E2
08B3DB,58,E2 20 30 04 5C A0 B4 08 AD BD 15 29 03 F0 04 5C
08B3CA,58,C2 20 B9 10 00 38 F5 10 10 04 49 FF FF 1A C9 08
0BDE95,58,69 00 8D F2 14 B5 14 18 6D F2 14 95 14 AD F0 14
08B3D8,58,C9 08 07 E2 20 30 04 5C A0 B4 08 AD BD 15 29 03
08B3D4,58,49 FF FF 1A C9 08 07 E2 20 30 04 5C A0 B4 08 AD
08B3DD,58,30 04 5C A0 B4 08 AD BD 15 29 03 F0 04 5C A0 B4
08B3D2,58,10 04 49 FF FF 1A C9 08 07 E2 20 30 04 5C A0 B4
08B3D7,58,1A C9 08 07 E2 20 30 04 5C A0 B4 08 AD BD 15 29
08B3D0,58,F5 10 10 04 49 FF FF 1A C9 08 07 E2 20 30 04 5C
06855E,57,69 00 00 8D EA 14 E2 20 C2 20 AD E6 14 18 69 02
02DB41,56,B0 09 69 08 00 CA D0 F5 A9 00 00 8D A9 16 60 20
08B4DC,56,C9 80 6A 10 02 69 00 C9 80 6A 10 02 69 00 C9 80
08B4F2,56,75 12 95 12 22 21 D0 1F E2 20 EB 49 FF 1A D5 13
08B4F1,56,18 75 12 95 12 22 21 D0 1F E2 20 EB 49 FF 1A D5
08B4C7,56,38 F5 12 C9 00 30 08 C9 08 10 0A A9 08 80 06 C9
08B4DE,56,6A 10 02 69 00 C9 80 6A 10 02 69 00 C9 80 6A 10
08B4DF,56,10 02 69 00 C9 80 6A 10 02 69 00 C9 80 6A 10 02
08B4CC,56,30 08 C9 08 10 0A A9 08 80 06 C9 F8 30 02 A9 F8
02DB3E,56,6E C7 14 B0 09 69 08 00 CA D0 F5 A9 00 00 8D A9
08B4C8,56,F5 12 C9 00 30 08 C9 08 10 0A A9 08 80 06 C9 F8
08B4ED,56,10 02 69 00 18 75 12 95 12 22 21 D0 1F E2 20 EB
08B4CA,56,C9 00 30 08 C9 08 10 0A A9 08 80 06 C9 F8 30 02
08B4E6,56,10 02 69 00 C9 80 6A 10 02 69 00 18 75 12 95 12
08B4EC,56,6A 10 02 69 00 18 75 12 95 12 22 21 D0 1F E2 20
08B4E3,56,C9 80 6A 10 02 69 00 C9 80 6A 10 02 69 00 18 75
08B4E5,56,6A 10 02 69 00 C9 80 6A 10 02 69 00 18 75 12 95
08B4EA,56,C9 80 6A 10 02 69 00 18 75 12 95 12 22 21 D0 1F
069F4F,56,5C E5 9F 06 AC 3A 12 C2 20 B9 10 00 38 F5 10 10
0BDD29,55,18 6D 36 12 8D 36 12 E2 20 C2 20 A9 00 00 CD 32
0BDCEA,55,38 ED 36 12 C9 00 00 30 0A C9 10 00 10 0D A9 10
0BDCF1,55,30 0A C9 10 00 10 0D A9 10 00 80 08 C9 F0 FF 30
1FD067,55,85 08 AD 0A 00 38 F5 0E 85 02 22 E3 FC 02 C2 20
1FD06D,55,F5 0E 85 02 22 E3 FC 02 C2 20 85 3A EB 29 FF 00
0BDD12,55,10 03 69 00 00 C9 00 80 6A 10 03 69 00 00 C9 00
0BDD17,55,C9 00 80 6A 10 03 69 00 00 C9 00 80 6A 10 03 69
0BDCEE,55,C9 00 00 30 0A C9 10 00 10 0D A9 10 00 80 08 C9
0BDD11,55,6A 10 03 69 00 00 C9 00 80 6A 10 03 69 00 00 C9
0BDD05,55,C9 00 80 6A 10 03 69 00 00 C9 00 80 6A 10 03 69
0BDD0E,55,C9 00 80 6A 10 03 69 00 00 C9 00 80 6A 10 03 69
0BDD09,55,10 03 69 00 00 C9 00 80 6A 10 03 69 00 00 C9 00
0BDD1A,55,6A 10 03 69 00 00 C9 00 80 6A 10 03 69 00 00 18
0BDD1B,55,10 03 69 00 00 C9 00 80 6A 10 03 69 00 00 18 6D
0BDD24,55,10 03 69 00 00 18 6D 36 12 8D 36 12 E2 20 C2 20
0BDCEB,55,ED 36 12 C9 00 00 30 0A C9 10 00 10 0D A9 10 00
0BDD23,55,6A 10 03 69 00 00 18 6D 36 12 8D 36 12 E2 20 C2
0BDD2A,55,6D 36 12 8D 36 12 E2 20 C2 20 A9 00 00 CD 32 12
0BDD20,55,C9 00 80 6A 10 03 69 00 00 18 6D 36 12 8D 36 12
0BDD08,55,6A 10 03 69 00 00 C9 00 80 6A 10 03 69 00 00 C9
1FD079,55,EB 29 FF 00 E2 20 C2 10 7A FA 6B DA 5A C2 20 AD
1FD05C,55,DA 5A 22 92 CF 1F C2 20 AD 52 12 85 08 AD 0A 00
1FD06C,55,38 F5 0E 85 02 22 E3 FC 02 C2 20 85 3A EB 29 FF
1FD069,55,AD 0A 00 38 F5 0E 85 02 22 E3 FC 02 C2 20 85 3A
1FD06F,55,85 02 22 E3 FC 02 C2 20 85 3A EB 29 FF 00 E2 20
1FD075,55,C2 20 85 3A EB 29 FF 00 E2 20 C2 10 7A FA 6B DA
1FD077,55,85 3A EB 29 FF 00 E2 20 C2 10 7A FA 6B DA 5A C2
1FD07D,55,E2 20 C2 10 7A FA 6B DA 5A C2 20 AD 04 00 38 F5
1FD062,55,C2 20 AD 52 12 85 08 AD 0A 00 38 F5 0E 85 02 22
1FD071,55,22 E3 FC 02 C2 20 85 3A EB 29 FF 00 E2 20 C2 10
1FD05E,55,22 92 CF 1F C2 20 AD 52 12 85 08 AD 0A 00 38 F5
1FD064,55,AD 52 12 85 08 AD 0A 00 38 F5 0E 85 02 22 E3 FC
1FD07A,55,29 FF 00 E2 20 C2 10 7A FA 6B DA 5A C2 20 AD 04
1FD07F,55,C2 10 7A FA 6B DA 5A C2 20 AD 04 00 38 F5 0C 85
1FD081,55,7A FA 6B DA 5A C2 20 AD 04 00 38 F5 0C 85 02 AD
1FD083,55,6B DA 5A C2 20 AD 04 00 38 F5 0C 85 02 AD C4 15
1FD05D,55,5A 22 92 CF 1F C2 20 AD 52 12 85 08 AD 0A 00 38
1FD082,55,FA 6B DA 5A C2 20 AD 04 00 38 F5 0C 85 02 AD C4
7E5BBA,54,EA EA AF 17 42 00 4C FA 5B 49 FF 1A 0A 8F 02 42
7E5BB9,54,EA EA EA AF 17 42 00 4C FA 5B 49 FF 1A 0A 8F 02
7E5BB4,54,8F 03 42 00 EA EA EA EA AF 17 42 00 4C FA 5B 49
7E5BC0,54,4C FA 5B 49 FF 1A 0A 8F 02 42 00 AD F5 15 30 08
7E5BD4,54,EA 4C F3 5B 49 FF 1A 8F 03 42 00 EA EA EA EA AF
7E5BD5,54,4C F3 5B 49 FF 1A 8F 03 42 00 EA EA EA EA AF 17
7E5BBC,54,AF 17 42 00 4C FA 5B 49 FF 1A 0A 8F 02 42 00 AD
7E5BD0,54,8F 03 42 00 EA 4C F3 5B 49 FF 1A 8F 03 42 00 EA
7E5BB8,54,EA EA EA EA AF 17 42 00 4C FA 5B 49 FF 1A 0A 8F
7E5BBB,54,EA AF 17 42 00 4C FA 5B 49 FF 1A 0A 8F 02 42 00
04A35B,52,BF 00 A4 04 7A FA 60 DA 5A B4 28 BB BF 01 A4 04
04A35A,52,BB BF 00 A4 04 7A FA 60 DA 5A B4 28 BB BF 01 A4
04A356,52,DA 5A B4 28 BB BF 00 A4 04 7A FA 60 DA 5A B4 28
04A357,52,5A B4 28 BB BF 00 A4 04 7A FA 60 DA 5A B4 28 BB
04A360,52,FA 60 DA 5A B4 28 BB BF 01 A4 04 7A FA 60 DA 5A
04A358,52,B4 28 BB BF 00 A4 04 7A FA 60 DA 5A B4 28 BB BF
04A361,52,60 DA 5A B4 28 BB BF 01 A4 04 7A FA 60 DA 5A B4
03EAD9,52,30 30 8D A0 18 20 4A EB 80 28 20 4A EB EE A0 18
04A35F,52,7A FA 60 DA 5A B4 28 BB BF 01 A4 04 7A FA 60 DA
03EAD5,52,AD A0 18 3A 30 30 8D A0 18 20 4A EB 80 28 20 4A
03E9FD,52,82 D5 00 AD A0 18 C9 05 B0 03 82 D9 00 22 4A FC
03EAD8,52,3A 30 30 8D A0 18 20 4A EB 80 28 20 4A EB EE A0
08B2DA,51,F0 2D 38 F5 12 C9 00 30 08 C9 08 10 0A A9 08 80
08B28C,51,F0 2D 38 F5 13 C9 00 30 08 C9 08 10 0A A9 08 80
08B28A,51,D5 13 F0 2D 38 F5 13 C9 00 30 08 C9 08 10 0A A9
08B266,51,18 6D 13 15 9D CE 1C E2 20 9C 34 15 C2 20 BF CA
08B26A,51,9D CE 1C E2 20 9C 34 15 C2 20 BF CA 1C 7E 85 04
08B289,51,1A D5 13 F0 2D 38 F5 13 C9 00 30 08 C9 08 10 0A
08B2BF,51,BF CA 1C 7E 85 04 BF CC 1C 7E 85 0A BF CE 1C 7E
08B263,51,BD CE 1C 18 6D 13 15 9D CE 1C E2 20 9C 34 15 C2
1FCF44,51,5A 22 92 CF 1F 22 E3 FC 02 C2 20 EB 29 FF 00 E2
1FCF4F,51,EB 29 FF 00 E2 20 C2 10 7A FA 6B C2 20 B9 0C 00
1FCF53,51,E2 20 C2 10 7A FA 6B C2 20 B9 0C 00 18 65 04 38
1FCF43,51,DA 5A 22 92 CF 1F 22 E3 FC 02 C2 20 EB 29 FF 00
1FCF4D,51,C2 20 EB 29 FF 00 E2 20 C2 10 7A FA 6B C2 20 B9
1FCF45,51,22 92 CF 1F 22 E3 FC 02 C2 20 EB 29 FF 00 E2 20
1FCF49,51,22 E3 FC 02 C2 20 EB 29 FF 00 E2 20 C2 10 7A FA
08B309,51,95 12 AC 3A 12 C2 20 B9 10 00 38 F5 10 10 04 49
08B287,51,49 FF 1A D5 13 F0 2D 38 F5 13 C9 00 30 08 C9 08
08B267,51,6D 13 15 9D CE 1C E2 20 9C 34 15 C2 20 BF CA 1C
08B27A,51,BF CE 1C 7E 8D C4 15 E2 20 22 43 CF 1F 49 FF 1A
08B272,51,C2 20 BF CA 1C 7E 85 04 BF CE 1C 7E 8D C4 15 E2
08B27E,51,8D C4 15 E2 20 22 43 CF 1F 49 FF 1A D5 13 F0 2D
08B278,51,85 04 BF CE 1C 7E 8D C4 15 E2 20 22 43 CF 1F 49
08B2CF,51,8D C4 15 E2 20 22 5C D0 1F D5 12 F0 2D 38 F5 12
08B274,51,BF CA 1C 7E 85 04 BF CE 1C 7E 8D C4 15 E2 20 22
08B257,51,C2 20 A9 DC 05 9D CE 1C E2 20 C2 20 BD CE 1C 18
08B261,51,C2 20 BD CE 1C 18 6D 13 15 9D CE 1C E2 20 9C 34
08B26F,51,9C 34 15 C2 20 BF CA 1C 7E 85 04 BF CE 1C 7E 8D
08B259,51,A9 DC 05 9D CE 1C E2 20 C2 20 BD CE 1C 18 6D 13
08B313,51,38 F5 10 10 04 49 FF FF 1A C9 E8 03 E2 20 30 04
08B283,51,22 43 CF 1F 49 FF 1A D5 13 F0 2D 38 F5 13 C9 00
08B26D,51,E2 20 9C 34 15 C2 20 BF CA 1C 7E 85 04 BF CE 1C
08B281,51,E2 20 22 43 CF 1F 49 FF 1A D5 13 F0 2D 38 F5 13
1FCF55,51,C2 10 7A FA 6B C2 20 B9 0C 00 18 65 04 38 F5 0C
1FCF50,51,29 FF 00 E2 20 C2 10 7A FA 6B C2 20 B9 0C 00 18
08B2D8,51,D5 12 F0 2D 38 F5 12 C9 00 30 08 C9 08 10 0A A9
08B2C5,51,BF CC 1C 7E 85 0A BF CE 1C 7E 8D C4 15 E2 20 22
08B2BB,51,95 13 C2 20 BF CA 1C 7E 85 04 BF CC 1C 7E 85 0A
08B2C9,51,85 0A BF CE 1C 7E 8D C4 15 E2 20 22 5C D0 1F D5
08B25C,51,9D CE 1C E2 20 C2 20 BD CE 1C 18 6D 13 15 9D CE
08B25F,51,E2 20 C2 20 BD CE 1C 18 6D 13 15 9D CE 1C E2 20
1FCF59,51,6B C2 20 B9 0C 00 18 65 04 38 F5 0C 85 02 10 06
08B31C,51,C9 E8 03 E2 20 30 04 5C 72 B3 08 B5 15 85 7E B5
08B31F,51,E2 20 30 04 5C 72 B3 08 B5 15 85 7E B5 13 8D A9
08B2BD,51,C2 20 BF CA 1C 7E 85 04 BF CC 1C 7E 85 0A BF CE
08B2C3,51,85 04 BF CC 1C 7E 85 0A BF CE 1C 7E 8D C4 15 E2
08B316,51,10 04 49 FF FF 1A C9 E8 03 E2 20 30 04 5C 72 B3
08B310,51,B9 10 00 38 F5 10 10 04 49 FF FF 1A C9 E8 03 E2
1FCF57,51,7A FA 6B C2 20 B9 0C 00 18 65 04 38 F5 0C 85 02
08B321,51,30 04 5C 72 B3 08 B5 15 85 7E B5 13 8D A9 15 B5
08B2CB,51,BF CE 1C 7E 8D C4 15 E2 20 22 5C D0 1F D5 12 F0
08B314,51,F5 10 10 04 49 FF FF 1A C9 E8 03 E2 20 30 04 5C
08B30B,51,AC 3A 12 C2 20 B9 10 00 38 F5 10 10 04 49 FF FF
1FCF58,51,FA 6B C2 20 B9 0C 00 18 65 04 38 F5 0C 85 02 10
08B30E,51,C2 20 B9 10 00 38 F5 10 10 04 49 FF FF 1A C9 E8
08B2D2,51,E2 20 22 5C D0 1F D5 12 F0 2D 38 F5 12 C9 00 30
08B2D4,51,22 5C D0 1F D5 12 F0 2D 38 F5 12 C9 00 30 08 C9
08B2B4,50,10 02 69 00 18 75 13 95 13 C2 20 BF CA 1C 7E 85
08B28F,50,F5 13 C9 00 30 08 C9 08 10 0A A9 08 80 06 C9 F8
1FCD6B,50,8D 03 42 EA EA EA EA AD 17 42 4C 86 CD 49 FF 1A
1FCD6F,50,EA EA EA AD 17 42 4C 86 CD 49 FF 1A 8D 03 42 EA
08B2B9,50,75 13 95 13 C2 20 BF CA 1C 7E 85 04 BF CC 1C 7E
1FCD6A,50,1A 8D 03 42 EA EA EA EA AD 17 42 4C 86 CD 49 FF
1FCD6E,50,EA EA EA EA AD 17 42 4C 86 CD 49 FF 1A 8D 03 42
08B28E,50,38 F5 13 C9 00 30 08 C9 08 10 0A A9 08 80 06 C9
08B2B1,50,C9 80 6A 10 02 69 00 18 75 13 95 13 C2 20 BF CA
1FCD68,50,49 FF 1A 8D 03 42 EA EA EA EA AD 17 42 4C 86 CD
1FCD70,50,EA EA AD 17 42 4C 86 CD 49 FF 1A 8D 03 42 EA EA
08B2A6,50,10 02 69 00 C9 80 6A 10 02 69 00 C9 80 6A 10 02
08B2AD,50,10 02 69 00 C9 80 6A 10 02 69 00 18 75 13 95 13
1FCD71,50,EA AD 17 42 4C 86 CD 49 FF 1A 8D 03 42 EA EA A9
1FCD72,50,AD 17 42 4C 86 CD 49 FF 1A 8D 03 42 EA EA A9 00
08B2AC,50,6A 10 02 69 00 C9 80 6A 10 02 69 00 18 75 13 95
08B2A3,50,C9 80 6A 10 02 69 00 C9 80 6A 10 02 69 00 C9 80
08B2AA,50,C9 80 6A 10 02 69 00 C9 80 6A 10 02 69 00 18 75
1FCD75,50,4C 86 CD 49 FF 1A 8D 03 42 EA EA A9 00 38 ED 17
08B2A5,50,6A 10 02 69 00 C9 80 6A 10 02 69 00 C9 80 6A 10
08B2B8,50,18 75 13 95 13 C2 20 BF CA 1C 7E 85 04 BF CC 1C
08B291,50,C9 00 30 08 C9 08 10 0A A9 08 80 06 C9 F8 30 02
08B2B3,50,6A 10 02 69 00 18 75 13 95 13 C2 20 BF CA 1C 7E
08B293,50,30 08 C9 08 10 0A A9 08 80 06 C9 F8 30 02 A9 F8
7E5BEA,49,49 FF 1A 8F 03 42 00 EA EA A9 00 38 EF 17 42 00
7E5BDA,49,1A 8F 03 42 00 EA EA EA EA AF 17 42 00 4C FA 5B
7E5BF2,49,EA A9 00 38 EF 17 42 00 AA 8A 49 FF 1A 85 0A A5
7E5BD8,49,49 FF 1A 8F 03 42 00 EA EA EA EA AF 17 42 00 4C
08B4CE,49,C9 08 10 0A A9 08 80 06 C9 F8 30 02 A9 F8 C9 80
7E5BEC,49,1A 8F 03 42 00 EA EA A9 00 38 EF 17 42 00 AA 8A
7E5BE3,49,AF 17 42 00 4C FA 5B 49 FF 1A 8F 03 42 00 EA EA
08B4D0,49,10 0A A9 08 80 06 C9 F8 30 02 A9 F8 C9 80 6A 10
7E5BE2,49,EA AF 17 42 00 4C FA 5B 49 FF 1A 8F 03 42 00 EA
7E5BE7,49,4C FA 5B 49 FF 1A 8F 03 42 00 EA EA A9 00 38 EF
7E5BE1,49,EA EA AF 17 42 00 4C FA 5B 49 FF 1A 8F 03 42 00
08B297,49,10 0A A9 08 80 06 C9 F8 30 02 A9 F8 C9 80 6A 10
7E5BED,49,8F 03 42 00 EA EA A9 00 38 EF 17 42 00 AA 8A 49
08B295,49,C9 08 10 0A A9 08 80 06 C9 F8 30 02 A9 F8 C9 80
7E5BDB,49,8F 03 42 00 EA EA EA EA AF 17 42 00 4C FA 5B 49
7E5BDF,49,EA EA EA EA AF 17 42 00 4C FA 5B 49 FF 1A 8F 03
7E5BE0,49,EA EA EA AF 17 42 00 4C FA 5B 49 FF 1A 8F 03 42
7E5BF1,49,EA EA A9 00 38 EF 17 42 00 AA 8A 49 FF 1A 85 0A
1FD8BF,48,D0 04 5C 29 DA 1F 38 E5 3A C9 00 30 08 C9 08 10
02DB43,48,69 08 00 CA D0 F5 A9 00 00 8D A9 16 60 20 54 DB
1FDA27,48,18 6B A5 3A 38 6B C2 20 A9 5F F4 9F D0 1C 7E E2
02DB46,48,CA D0 F5 A9 00 00 8D A9 16 60 20 54 DB 6B C2 30
02DB47,48,D0 F5 A9 00 00 8D A9 16 60 20 54 DB 6B C2 30 9C
1FDA25,48,A5 3A 18 6B A5 3A 38 6B C2 20 A9 5F F4 9F D0 1C
08B389,48,A9 00 22 BD D8 1F 95 13 90 04 5C A1 B3 08 B5 12
08B38F,48,95 13 90 04 5C A1 B3 08 B5 12 18 69 FF 95 12 82
08B391,48,90 04 5C A1 B3 08 B5 12 18 69 FF 95 12 82 86 FF
08B385,48,B5 13 85 3A A9 00 22 BD D8 1F 95 13 90 04 5C A1
1FDA28,48,6B A5 3A 38 6B C2 20 A9 5F F4 9F D0 1C 7E E2 20
1FD8BD,48,C5 3A D0 04 5C 29 DA 1F 38 E5 3A C9 00 30 08 C9
08B387,48,85 3A A9 00 22 BD D8 1F 95 13 90 04 5C A1 B3 08
08B38B,48,22 BD D8 1F 95 13 90 04 5C A1 B3 08 B5 12 18 69
03EA21,47,64 02 AD 9C 18 29 7F 0A 18 69 05 65 02 20 4A EB
1FD8F4,46,82 2E 01 C5 3A D0 04 5C 29 DA 1F 38 E5 3A C9 00
1FD8ED,46,69 00 18 65 3A 85 3A 82 2E 01 C5 3A D0 04 5C 29
1FD8E3,46,6A 10 02 69 00 C9 80 6A 10 02 69 00 18 65 3A 85
1FD8E4,46,10 02 69 00 C9 80 6A 10 02 69 00 18 65 3A 85 3A
1FD8DF,46,69 00 C9 80 6A 10 02 69 00 C9 80 6A 10 02 69 00
1FD8DD,46,10 02 69 00 C9 80 6A 10 02 69 00 C9 80 6A 10 02
1FD8E8,46,C9 80 6A 10 02 69 00 18 65 3A 85 3A 82 2E 01 C5
1FD8E6,46,69 00 C9 80 6A 10 02 69 00 18 65 3A 85 3A 82 2E
1FD8EA,46,6A 10 02 69 00 18 65 3A 85 3A 82 2E 01 C5 3A D0
1FD8C8,46,C9 00 30 08 C9 08 10 0A A9 08 80 06 C9 F8 30 02
1FD8DC,46,6A 10 02 69 00 C9 80 6A 10 02 69 00 C9 80 6A 10
1FD8C6,46,E5 3A C9 00 30 08 C9 08 10 0A A9 08 80 06 C9 F8
1FD8C5,46,38 E5 3A C9 00 30 08 C9 08 10 0A A9 08 80 06 C9
08B397,46,B5 12 18 69 FF 95 12 82 86 FF C2 20 A9 AE B3 95
08B39E,46,82 86 FF C2 20 A9 AE B3 95 16 E2 20 A9 08 95 18
08B399,46,18 69 FF 95 12 82 86 FF C2 20 A9 AE B3 95 16 E2
1FD8D6,46,30 02 A9 F8 C9 80 6A 10 02 69 00 C9 80 6A 10 02
08B39C,46,95 12 82 86 FF C2 20 A9 AE B3 95 16 E2 20 A9 08
1FD8EF,46,18 65 3A 85 3A 82 2E 01 C5 3A D0 04 5C 29 DA 1F
1FD8D4,46,C9 F8 30 02 A9 F8 C9 80 6A 10 02 69 00 C9 80 6A
1FD8DA,46,C9 80 6A 10 02 69 00 C9 80 6A 10 02 69 00 C9 80
1FD8E1,46,C9 80 6A 10 02 69 00 C9 80 6A 10 02 69 00 18 65
1FD8EB,46,10 02 69 00 18 65 3A 85 3A 82 2E 01 C5 3A D0 04
1FD8CA,46,30 08 C9 08 10 0A A9 08 80 06 C9 F8 30 02 A9 F8
1FD8F2,46,85 3A 82 2E 01 C5 3A D0 04 5C 29 DA 1F 38 E5 3A
08B39A,46,69 FF 95 12 82 86 FF C2 20 A9 AE B3 95 16 E2 20
1FD8F0,46,65 3A 85 3A 82 2E 01 C5 3A D0 04 5C 29 DA 1F 38
08B31B,45,1A C9 E8 03 E2 20 30 04 5C 72 B3 08 B5 15 85 7E
08B318,45,49 FF FF 1A C9 E8 03 E2 20 30 04 5C 72 B3 08 B5
08B3DF,43,5C A0 B4 08 AD BD 15 29 03 F0 04 5C A0 B4 08 A9
048541,43,4C D5 83 20 4A A3 C2 20 89 80 00 F0 05 09 00 FF
049A4D,43,CE 59 17 E2 20 F0 3D C2 20 BD F8 1C 22 28 FC 0A
049A52,43,F0 3D C2 20 BD F8 1C 22 28 FC 0A 9D F8 1C AD A9
04853C,43,18 75 14 95 14 4C D5 83 20 4A A3 C2 20 89 80 00
049A49,43,E2 20 C2 20 CE 59 17 E2 20 F0 3D C2 20 BD F8 1C
048539,43,20 4A A3 18 75 14 95 14 4C D5 83 20 4A A3 C2 20
049A4B,43,C2 20 CE 59 17 E2 20 F0 3D C2 20 BD F8 1C 22 28
049A40,43,9D F8 1C AD A9 F0 8D 59 17 E2 20 C2 20 CE 59 17
049A46,43,8D 59 17 E2 20 C2 20 CE 59 17 E2 20 F0 3D C2 20
04853D,43,75 14 95 14 4C D5 83 20 4A A3 C2 20 89 80 00 F0
049A43,43,AD A9 F0 8D 59 17 E2 20 C2 20 CE 59 17 E2 20 F0
04853F,43,95 14 4C D5 83 20 4A A3 C2 20 89 80 00 F0 05 09
048553,43,29 FF 00 18 75 0C 95 0C 4C D5 83 20 4A A3 C2 20
049A3C,43,22 28 FC 0A 9D F8 1C AD A9 F0 8D 59 17 E2 20 C2
049A37,43,C2 20 BD F8 1C 22 28 FC 0A 9D F8 1C AD A9 F0 8D
049A50,43,E2 20 F0 3D C2 20 BD F8 1C 22 28 FC 0A 9D F8 1C
049A39,43,BD F8 1C 22 28 FC 0A 9D F8 1C AD A9 F0 8D 59 17
08B491,42,69 00 00 95 06 E2 20 B5 14 18 7D 23 00 95 14 C2
03BACE,42,E5 89 85 89 4C E2 BA 18 A5 88 65 CA 85 88 A5 89
03BAC6,42,A5 CA E5 88 85 88 A5 CB E5 89 85 89 4C E2 BA 18
03BAC8,42,E5 88 85 88 A5 CB E5 89 85 89 4C E2 BA 18 A5 88
08B488,42,69 00 00 C9 00 80 6A 10 03 69 00 00 95 06 E2 20
1FD5CF,42,95 33 E2 20 6B 22 1E C4 1F C2 20 A5 02 0A 0A 95
03BA4F,42,38 E5 84 85 84 A9 00 E5 85 85 85 F0 0F E8 4A F0
1FD5D1,42,E2 20 6B 22 1E C4 1F C2 20 A5 02 0A 0A 95 2F A5
03BACA,42,85 88 A5 CB E5 89 85 89 4C E2 BA 18 A5 88 65 CA
03BACC,42,A5 CB E5 89 85 89 4C E2 BA 18 A5 88 65 CA 85 88
1FD5D3,42,6B 22 1E C4 1F C2 20 A5 02 0A 0A 95 2F A5 08 0A
1FD5CE,42,0A 95 33 E2 20 6B 22 1E C4 1F C2 20 A5 02 0A 0A
03BAC5,42,38 A5 CA E5 88 85 88 A5 CB E5 89 85 89 4C E2 BA
03BA56,42,E5 85 85 85 F0 0F E8 4A F0 06 66 84 E8 4A D0 FA
03BA58,42,85 85 F0 0F E8 4A F0 06 66 84 E8 4A D0 FA 66 84
1FD5C2,42,A5 02 0A 95 2F A5 08 0A 95 31 A5 90 0A 95 33 E2
1FD5CC,42,A5 90 0A 95 33 E2 20 6B 22 1E C4 1F C2 20 A5 02
1FD5C5,42,95 2F A5 08 0A 95 31 A5 90 0A 95 33 E2 20 6B 22
03BA4D,42,A9 00 38 E5 84 85 84 A9 00 E5 85 85 85 F0 0F E8
08B47C,42,80 03 29 FF 00 FA C9 00 80 6A 10 03 69 00 00 C9
1FD5C0,42,C2 20 A5 02 0A 95 2F A5 08 0A 95 31 A5 90 0A 95
1FD5BC,42,22 1E C4 1F C2 20 A5 02 0A 95 2F A5 08 0A 95 31
08B479,42,09 00 FF 80 03 29 FF 00 FA C9 00 80 6A 10 03 69
1FD5C4,42,0A 95 2F A5 08 0A 95 31 A5 90 0A 95 33 E2 20 6B
1FD5C7,42,A5 08 0A 95 31 A5 90 0A 95 33 E2 20 6B 22 1E C4
03BAD2,42,4C E2 BA 18 A5 88 65 CA 85 88 A5 89 65 CB 85 89
1FD5C9,42,0A 95 31 A5 90 0A 95 33 E2 20 6B 22 1E C4 1F C2
1FD5CA,42,95 31 A5 90 0A 95 33 E2 20 6B 22 1E C4 1F C2 20
03BA52,42,85 84 A9 00 E5 85 85 85 F0 0F E8 4A F0 06 66 84
03BA50,42,E5 84 85 84 A9 00 E5 85 85 85 F0 0F E8 4A F0 06
03BAD0,42,85 89 4C E2 BA 18 A5 88 65 CA 85 88 A5 89 65 CB
03BA54,42,A9 00 E5 85 85 85 F0 0F E8 4A F0 06 66 84 E8 4A
0BDD00,41,30 03 A9 F0 FF C9 00 80 6A 10 03 69 00 00 C9 00
0BDD26,41,69 00 00 18 6D 36 12 8D 36 12 E2 20 C2 20 A9 00
02FC84,41,A9 00 38 E5 63 8D 03 42 A9 00 E5 64 4C A8 FC 49
0BDD0B,41,69 00 00 C9 00 80 6A 10 03 69 00 00 C9 00 80 6A
7E537B,41,49 FF FF 1A 38 ED 52 12 30 03 4C A6 53 BD CA 2E
02FCA8,41,AC 17 42 8D 03 42 84 66 C2 20 A5 68 38 ED 16 42
02FCB8,41,38 E5 66 4C DE FC A9 00 38 E5 63 8D 03 42 EA EA
02FCB0,41,C2 20 A5 68 38 ED 16 42 38 E5 66 4C DE FC A9 00
0BDD72,41,18 6D 32 12 8D 32 12 E2 20 9C E0 14 B5 15 C9 14
02FCB5,41,ED 16 42 38 E5 66 4C DE FC A9 00 38 E5 63 8D 03
02FCB2,41,A5 68 38 ED 16 42 38 E5 66 4C DE FC A9 00 38 E5
0BDD48,41,10 0D A9 08 00 80 08 C9 F8 FF 30 03 A9 F8 FF C9
02FCB9,41,E5 66 4C DE FC A9 00 38 E5 63 8D 03 42 EA EA A9
7E537E,41,1A 38 ED 52 12 30 03 4C A6 53 BD CA 2E 18 6D 5C
0BDCFD,41,C9 F0 FF 30 03 A9 F0 FF C9 00 80 6A 10 03 69 00
02FC86,41,38 E5 63 8D 03 42 A9 00 E5 64 4C A8 FC 49 FF 1A
02FCAB,41,8D 03 42 84 66 C2 20 A5 68 38 ED 16 42 38 E5 66
02FCBB,41,4C DE FC A9 00 38 E5 63 8D 03 42 EA EA A9 00 E5
02FCAE,41,84 66 C2 20 A5 68 38 ED 16 42 38 E5 66 4C DE FC
0BDD69,41,C9 00 80 6A 10 03 69 00 00 18 6D 32 12 8D 32 12
0BDD45,41,C9 08 00 10 0D A9 08 00 80 08 C9 F8 FF 30 03 A9
0BDD14,41,69 00 00 C9 00 80 6A 10 03 69 00 00 C9 00 80 6A
0BDD6C,41,6A 10 03 69 00 00 18 6D 32 12 8D 32 12 E2 20 9C
0BDD3D,41,ED 32 12 C9 00 00 30 0A C9 08 00 10 0D A9 08 00
0BEB0D,41,69 00 00 C9 00 80 6A 10 03 69 00 00 C9 00 80 6A
0BDD73,41,6D 32 12 8D 32 12 E2 20 9C E0 14 B5 15 C9 14 B0
02FC89,41,8D 03 42 A9 00 E5 64 4C A8 FC 49 FF 1A 0A 8D 02
0BDD1D,41,69 00 00 C9 00 80 6A 10 03 69 00 00 18 6D 36 12
0BDD5A,41,6A 10 03 69 00 00 C9 00 80 6A 10 03 69 00 00 C9
0BDD6D,41,10 03 69 00 00 18 6D 32 12 8D 32 12 E2 20 9C E0
02FC90,41,4C A8 FC 49 FF 1A 0A 8D 02 42 A5 64 30 20 A5 63
0BEB1F,41,69 00 00 95 31 E2 20 AB 60 E2 20 AD D8 14 C2 20
0BDD57,41,C9 00 80 6A 10 03 69 00 00 C9 00 80 6A 10 03 69
02FC8C,41,A9 00 E5 64 4C A8 FC 49 FF 1A 0A 8D 02 42 A5 64
02FC8E,41,E5 64 4C A8 FC 49 FF 1A 0A 8D 02 42 A5 64 30 20
0BDD3C,41,38 ED 32 12 C9 00 00 30 0A C9 08 00 10 0D A9 08
0BDD5B,41,10 03 69 00 00 C9 00 80 6A 10 03 69 00 00 C9 00
02FCB4,41,38 ED 16 42 38 E5 66 4C DE FC A9 00 38 E5 63 8D
0BDD63,41,6A 10 03 69 00 00 C9 00 80 6A 10 03 69 00 00 18
0BDD60,41,C9 00 80 6A 10 03 69 00 00 C9 00 80 6A 10 03 69
02FC87,41,E5 63 8D 03 42 A9 00 E5 64 4C A8 FC 49 FF 1A 0A
0BDD64,41,10 03 69 00 00 C9 00 80 6A 10 03 69 00 00 18 6D
0BDD43,41,30 0A C9 08 00 10 0D A9 08 00 80 08 C9 F8 FF 30
0BEB16,41,69 00 00 C9 00 80 6A 10 03 69 00 00 95 31 E2 20
0BDD40,41,C9 00 00 30 0A C9 08 00 10 0D A9 08 00 80 08 C9
0BD430,40,5C 4B D4 0B C2 20 B5 0E CD 1D 15 E2 20 D0 04 5C
049A71,39,22 CB FB 0A 9D F8 1C E2 20 C2 20 AD 59 17 8D A9
049A7F,39,8D A9 F0 BD F8 1C 22 CB FB 0A 9D F8 1C E2 20 4C
049A67,39,C2 20 B5 28 8D A9 F0 BD F8 1C 22 CB FB 0A 9D F8
049A59,39,22 28 FC 0A 9D F8 1C AD A9 F0 95 28 E2 20 C2 20
049A78,39,E2 20 C2 20 AD 59 17 8D A9 F0 BD F8 1C 22 CB FB
049A6E,39,BD F8 1C 22 CB FB 0A 9D F8 1C E2 20 C2 20 AD 59
049A7A,39,C2 20 AD 59 17 8D A9 F0 BD F8 1C 22 CB FB 0A 9D
049A63,39,95 28 E2 20 C2 20 B5 28 8D A9 F0 BD F8 1C 22 CB
049A60,39,AD A9 F0 95 28 E2 20 C2 20 B5 28 8D A9 F0 BD F8
049A89,39,9D F8 1C E2 20 4C 9A A1 C2 20 BD F8 1C 22 28 FC
049A56,39,BD F8 1C 22 28 FC 0A 9D F8 1C AD A9 F0 95 28 E2
049A82,39,BD F8 1C 22 CB FB 0A 9D F8 1C E2 20 4C 9A A1 C2
049A8C,39,E2 20 4C 9A A1 C2 20 BD F8 1C 22 28 FC 0A 9D F8
049A6B,39,8D A9 F0 BD F8 1C 22 CB FB 0A 9D F8 1C E2 20 C2
049A7C,39,AD 59 17 8D A9 F0 BD F8 1C 22 CB FB 0A 9D F8 1C
049A65,39,E2 20 C2 20 B5 28 8D A9 F0 BD F8 1C 22 CB FB 0A
049A85,39,22 CB FB 0A 9D F8 1C E2 20 4C 9A A1 C2 20 BD F8
049A54,39,C2 20 BD F8 1C 22 28 FC 0A 9D F8 1C AD A9 F0 95
049A75,39,9D F8 1C E2 20 C2 20 AD 59 17 8D A9 F0 BD F8 1C
049A8E,39,4C 9A A1 C2 20 BD F8 1C 22 28 FC 0A 9D F8 1C AD
049A69,39,B5 28 8D A9 F0 BD F8 1C 22 CB FB 0A 9D F8 1C E2
049A5D,39,9D F8 1C AD A9 F0 95 28 E2 20 C2 20 B5 28 8D A9
069F60,38,49 FF FF 1A C9 20 03 E2 20 30 04 5C 75 9F 06 B5
069F63,38,1A C9 20 03 E2 20 30 04 5C 75 9F 06 B5 1E 09 20
069F67,38,E2 20 30 04 5C 75 9F 06 B5 1E 09 20 95 1E 9C 34
069F64,38,C9 20 03 E2 20 30 04 5C 75 9F 06 B5 1E 09 20 95
069F5E,38,10 04 49 FF FF 1A C9 20 03 E2 20 30 04 5C 75 9F
069FA2,38,95 12 22 21 D0 1F E2 20 EB 49 FF 1A D5 13 F0 1F
069F5B,38,38 F5 10 10 04 49 FF FF 1A C9 20 03 E2 20 30 04
069FDC,38,B5 12 8D A8 15 22 BC D5 1F 22 69 DC 1F 22 BB C7
069FD7,38,B5 13 8D A9 15 B5 12 8D A8 15 22 BC D5 1F 22 69
069FDE,38,8D A8 15 22 BC D5 1F 22 69 DC 1F 22 BB C7 1F D6
069FE1,38,22 BC D5 1F 22 69 DC 1F 22 BB C7 1F D6 0A F0 04
069F5C,38,F5 10 10 04 49 FF FF 1A C9 20 03 E2 20 30 04 5C
069FD5,38,85 7E B5 13 8D A9 15 B5 12 8D A8 15 22 BC D5 1F
069FD1,38,95 13 B5 15 85 7E B5 13 8D A9 15 B5 12 8D A8 15
069F58,38,B9 10 00 38 F5 10 10 04 49 FF FF 1A C9 20 03 E2
069FD3,38,B5 15 85 7E B5 13 8D A9 15 B5 12 8D A8 15 22 BC
069F56,38,C2 20 B9 10 00 38 F5 10 10 04 49 FF FF 1A C9 20
069F53,38,AC 3A 12 C2 20 B9 10 00 38 F5 10 10 04 49 FF FF
069FD9,38,8D A9 15 B5 12 8D A8 15 22 BC D5 1F 22 69 DC 1F
069F69,38,30 04 5C 75 9F 06 B5 1E 09 20 95 1E 9C 34 15 22
069F81,38,F0 1F 38 F5 12 C9 00 30 08 C9 02 10 0A A9 02 80
069F78,38,22 3E D0 1F E2 20 EB D5 12 F0 1F 38 F5 12 C9 00
069F7F,38,D5 12 F0 1F 38 F5 12 C9 00 30 08 C9 02 10 0A A9
069FAB,38,49 FF 1A D5 13 F0 1F 38 F5 13 C9 00 30 08 C9 02
069FA8,38,E2 20 EB 49 FF 1A D5 13 F0 1F 38 F5 13 C9 00 30
069F7C,38,E2 20 EB D5 12 F0 1F 38 F5 12 C9 00 30 08 C9 02
069F7E,38,EB D5 12 F0 1F 38 F5 12 C9 00 30 08 C9 02 10 0A
069FAD,38,1A D5 13 F0 1F 38 F5 13 C9 00 30 08 C9 02 10 0A
069FB0,38,F0 1F 38 F5 13 C9 00 30 08 C9 02 10 0A A9 02 80
069F75,38,9C 34 15 22 3E D0 1F E2 20 EB D5 12 F0 1F 38 F5
069FAA,38,EB 49 FF 1A D5 13 F0 1F 38 F5 13 C9 00 30 08 C9
069FAE,38,D5 13 F0 1F 38 F5 13 C9 00 30 08 C9 02 10 0A A9
069FA4,38,22 21 D0 1F E2 20 EB 49 FF 1A D5 13 F0 1F 38 F5
08B444,37,29 FF 00 FA C9 00 80 6A 10 03 69 00 00 C9 00 80
08B4B5,35,5C 36 B5 08 9C 34 15 22 3E D0 1F E2 20 EB D5 12
08B536,35,82 EE FD C2 20 A9 00 00 95 16 E2 20 A9 00 95 18
02F525,34,29 F7 99 08 00 AD D2 14 89 01 D0 21 B9 2E 00 29
02F52D,34,89 01 D0 21 B9 2E 00 29 04 D0 1A B9 09 00 29 08
02F53D,34,F0 13 DA BB B4 00 22 DC BF 1F C2 20 68 18 69 1E
02F520,34,E2 20 B9 08 00 29 F7 99 08 00 AD D2 14 89 01 D0
02F52F,34,D0 21 B9 2E 00 29 04 D0 1A B9 09 00 29 08 F0 13
02F534,34,29 04 D0 1A B9 09 00 29 08 F0 13 DA BB B4 00 22
02F538,34,B9 09 00 29 08 F0 13 DA BB B4 00 22 DC BF 1F C2
02F527,34,99 08 00 AD D2 14 89 01 D0 21 B9 2E 00 29 04 D0
02F522,34,B9 08 00 29 F7 99 08 00 AD D2 14 89 01 D0 21 B9
069F6B,34,5C 75 9F 06 B5 1E 09 20 95 1E 9C 34 15 22 3E D0
02F53B,34,29 08 F0 13 DA BB B4 00 22 DC BF 1F C2 20 68 18
02F531,34,B9 2E 00 29 04 D0 1A B9 09 00 29 08 F0 13 DA BB
02F536,34,D0 1A B9 09 00 29 08 F0 13 DA BB B4 00 22 DC BF
02F52A,34,AD D2 14 89 01 D0 21 B9 2E 00 29 04 D0 1A B9 09
04A086,31,29 FF 00 89 80 00 F0 04 18 69 4A 1C 18 6D 59 17
04A089,31,89 80 00 F0 04 18 69 4A 1C 18 6D 59 17 A8 28 60
04A098,31,60 AD AD F0 0D AD F0 F0 04 5C EE BD 1F B4 28 8C
04A083,31,08 C2 20 29 FF 00 89 80 00 F0 04 18 69 4A 1C 18
04A096,31,A8 28 60 AD AD F0 0D AD F0 F0 04 5C EE BD 1F B4
0682A0,31,E9 04 09 80 9D E6 1C 80 07 A9 04 09 80 9D E6 1C
04A093,31,6D 59 17 A8 28 60 AD AD F0 0D AD F0 F0 04 5C EE
04A097,31,28 60 AD AD F0 0D AD F0 F0 04 5C EE BD 1F B4 28
04A084,31,C2 20 29 FF 00 89 80 00 F0 04 18 69 4A 1C 18 6D
06829F,31,38 E9 04 09 80 9D E6 1C 80 07 A9 04 09 80 9D E6
04A092,31,18 6D 59 17 A8 28 60 AD AD F0 0D AD F0 F0 04 5C
04A08C,31,F0 04 18 69 4A 1C 18 6D 59 17 A8 28 60 AD AD F0
1FD61E,30,10 05 AD C7 14 80 11 B5 15 CD C7 14 F0 0A 30 05
1FD627,30,CD C7 14 F0 0A 30 05 38 E5 3A 80 03 18 65 3A 95
1FD62E,30,38 E5 3A 80 03 18 65 3A 95 15 18 6B 38 6B C5 3A
1FBFE3,30,22 A4 DB 1F C2 20 DA 8A AE 1F 12 D5 19 D0 02 74
1FD625,30,B5 15 CD C7 14 F0 0A 30 05 38 E5 3A 80 03 18 65
1FC03A,30,7A FA 60 08 C2 30 9C FD 1E AE 1F 12 F0 55 A0 00
0AFB70,30,DA 5A 08 8B E2 20 A9 7E 48 AB C2 20 BC F6 1C F0
0AFB72,30,08 8B E2 20 A9 7E 48 AB C2 20 BC F6 1C F0 10 DA
1FC03C,30,60 08 C2 30 9C FD 1E AE 1F 12 F0 55 A0 00 00 DA
1FD62F,30,E5 3A 80 03 18 65 3A 95 15 18 6B 38 6B C5 3A D0
0AFB93,30,7A FA 6B DA 08 8B 48 E2 20 A9 7E 48 AB C2 20 A9
0AFB7A,30,C2 20 BC F6 1C F0 10 DA BE A1 A0 98 22 79 F9 0A
1FD631,30,80 03 18 65 3A 95 15 18 6B 38 6B C5 3A D0 04 5C
1FDBA8,30,29 10 D0 04 5C D1 DB 1F B4 06 B5 20 29 EF 95 20
1FBFDF,30,6B DA 5A 08 22 A4 DB 1F C2 20 DA 8A AE 1F 12 D5
1FDBAA,30,D0 04 5C D1 DB 1F B4 06 B5 20 29 EF 95 20 C2 20
0AFB7F,30,F0 10 DA BE A1 A0 98 22 79 F9 0A 9B D0 F5 FA 9E
1FBFE7,30,C2 20 DA 8A AE 1F 12 D5 19 D0 02 74 19 D5 06 D0
0AFB92,30,28 7A FA 6B DA 08 8B 48 E2 20 A9 7E 48 AB C2 20
1FC03B,30,FA 60 08 C2 30 9C FD 1E AE 1F 12 F0 55 A0 00 00
1FD636,30,95 15 18 6B 38 6B C5 3A D0 04 5C 29 DA 1F 38 E5
1FBFE2,30,08 22 A4 DB 1F C2 20 DA 8A AE 1F 12 D5 19 D0 02
0AFB73,30,8B E2 20 A9 7E 48 AB C2 20 BC F6 1C F0 10 DA BE
0AFB74,30,E2 20 A9 7E 48 AB C2 20 BC F6 1C F0 10 DA BE A1
1FD61C,30,C5 3A 10 05 AD C7 14 80 11 B5 15 CD C7 14 F0 0A
0AFB71,30,5A 08 8B E2 20 A9 7E 48 AB C2 20 BC F6 1C F0 10
0AFB94,30,FA 6B DA 08 8B 48 E2 20 A9 7E 48 AB C2 20 A9 06
1FBFDC,30,20 E0 BF 6B DA 5A 08 22 A4 DB 1F C2 20 DA 8A AE
1FD62A,30,F0 0A 30 05 38 E5 3A 80 03 18 65 3A 95 15 18 6B
0AFB76,30,A9 7E 48 AB C2 20 BC F6 1C F0 10 DA BE A1 A0 98
0AFB79,30,AB C2 20 BC F6 1C F0 10 DA BE A1 A0 98 22 79 F9
0AFB78,30,48 AB C2 20 BC F6 1C F0 10 DA BE A1 A0 98 22 79
0AFB7C,30,BC F6 1C F0 10 DA BE A1 A0 98 22 79 F9 0A 9B D0
0AFB95,30,6B DA 08 8B 48 E2 20 A9 7E 48 AB C2 20 A9 06 00
1FD62C,30,30 05 38 E5 3A 80 03 18 65 3A 95 15 18 6B 38 6B
1FDBA4,30,E2 20 B5 20 29 10 D0 04 5C D1 DB 1F B4 06 B5 20
1FD639,30,6B 38 6B C5 3A D0 04 5C 29 DA 1F 38 E5 3A C9 00
1FDBD3,30,29 40 D0 04 5C 24 DC 1F B9 20 00 29 BF 99 20 00
1FDBAC,30,5C D1 DB 1F B4 06 B5 20 29 EF 95 20 C2 20 86 3C
1FC023,30,DA B5 00 AA 96 00 C9 00 00 F0 02 94 02 FA AD 21
1FD617,30,10 03 49 FF 1A C5 3A 10 05 AD C7 14 80 11 B5 15
1FDBA6,30,B5 20 29 10 D0 04 5C D1 DB 1F B4 06 B5 20 29 EF
1FC031,30,AD 21 12 95 00 8E 21 12 28 7A FA 60 08 C2 30 9C
1FC012,30,B4 02 D0 0D B4 00 8C 1F 12 A9 00 00 99 02 00 80
1FC00E,30,22 70 FB 0A B4 02 D0 0D B4 00 8C 1F 12 A9 00 00
1FC030,30,FA AD 21 12 95 00 8E 21 12 28 7A FA 60 08 C2 30
1FDBD1,30,B5 20 29 40 D0 04 5C 24 DC 1F B9 20 00 29 BF 99
1FDBD5,30,D0 04 5C 24 DC 1F B9 20 00 29 BF 99 20 00 9C C7
1FC029,30,C9 00 00 F0 02 94 02 FA AD 21 12 95 00 8E 21 12
1FBFEA,30,8A AE 1F 12 D5 19 D0 02 74 19 D5 06 D0 02 74 06
1FC02E,30,94 02 FA AD 21 12 95 00 8E 21 12 28 7A FA 60 08
1FC02C,30,F0 02 94 02 FA AD 21 12 95 00 8E 21 12 28 7A FA
1FC026,30,AA 96 00 C9 00 00 F0 02 94 02 FA AD 21 12 95 00
1FC027,30,96 00 C9 00 00 F0 02 94 02 FA AD 21 12 95 00 8E
1FC024,30,B5 00 AA 96 00 C9 00 00 F0 02 94 02 FA AD 21 12
1FC00D,30,FA 22 70 FB 0A B4 02 D0 0D B4 00 8C 1F 12 A9 00
1FC014,30,D0 0D B4 00 8C 1F 12 A9 00 00 99 02 00 80 0E DA
1FBFE9,30,DA 8A AE 1F 12 D5 19 D0 02 74 19 D5 06 D0 02 74
1FC036,30,8E 21 12 28 7A FA 60 08 C2 30 9C FD 1E AE 1F 12
1FBFEB,30,AE 1F 12 D5 19 D0 02 74 19 D5 06 D0 02 74 06 DD
1FDC24,30,6B B5 18 48 C2 20 D0 09 B5 16 F0 0C 3A 48 E2 20
1FDBD7,30,5C 24 DC 1F B9 20 00 29 BF 99 20 00 9C C7 14 5A
1FC039,30,28 7A FA 60 08 C2 30 9C FD 1E AE 1F 12 F0 55 A0
1FD638,30,18 6B 38 6B C5 3A D0 04 5C 29 DA 1F 38 E5 3A C9
0AFB91,30,AB 28 7A FA 6B DA 08 8B 48 E2 20 A9 7E 48 AB C2
1FBFE1,30,5A 08 22 A4 DB 1F C2 20 DA 8A AE 1F 12 D5 19 D0
1FBFE0,30,DA 5A 08 22 A4 DB 1F C2 20 DA 8A AE 1F 12 D5 19
1FC034,30,95 00 8E 21 12 28 7A FA 60 08 C2 30 9C FD 1E AE
7E574F,29,E5 74 10 04 49 FF FF 1A 38 ED 52 12 30 03 4C 82
048575,29,4C D5 83 20 4A A3 C2 20 89 80 00 F0 05 09 00 FF
7E5749,29,8D 52 12 A5 3C 38 E5 74 10 04 49 FF FF 1A 38 ED
048561,29,C2 20 89 80 00 F0 05 09 00 FF 80 03 29 FF 00 18
048563,29,89 80 00 F0 05 09 00 FF 80 03 29 FF 00 18 75 0E
7E574E,29,38 E5 74 10 04 49 FF FF 1A 38 ED 52 12 30 03 4C
7E5751,29,10 04 49 FF FF 1A 38 ED 52 12 30 03 4C 82 57 DA
7E575B,29,30 03 4C 82 57 DA A6 76 E2 20 B5 1D 09 80 95 1D
04855E,29,20 4A A3 C2 20 89 80 00 F0 05 09 00 FF 80 03 29
048573,29,95 0E 4C D5 83 20 4A A3 C2 20 89 80 00 F0 05 09
7E5746,29,6D 5C 12 8D 52 12 A5 3C 38 E5 74 10 04 49 FF FF
048571,29,75 0E 95 0E 4C D5 83 20 4A A3 C2 20 89 80 00 F0
7E574C,29,A5 3C 38 E5 74 10 04 49 FF FF 1A 38 ED 52 12 30
7E5758,29,ED 52 12 30 03 4C 82 57 DA A6 76 E2 20 B5 1D 09
048566,29,F0 05 09 00 FF 80 03 29 FF 00 18 75 0E 95 0E 4C
7E5757,29,38 ED 52 12 30 03 4C 82 57 DA A6 76 E2 20 B5 1D
048570,29,18 75 0E 95 0E 4C D5 83 20 4A A3 C2 20 89 80 00
7E5745,29,18 6D 5C 12 8D 52 12 A5 3C 38 E5 74 10 04 49 FF
7E5742,29,BD CA 2E 18 6D 5C 12 8D 52 12 A5 3C 38 E5 74 10
048551,28,80 03 29 FF 00 18 75 0C 95 0C 4C D5 83 20 4A A3
048568,28,09 00 FF 80 03 29 FF 00 18 75 0E 95 0E 4C D5 83
04854E,28,09 00 FF 80 03 29 FF 00 18 75 0C 95 0C 4C D5 83
04856B,28,80 03 29 FF 00 18 75 0E 95 0E 4C D5 83 20 4A A3
0BD526,28,09 01 8D C9 1F AD D2 14 89 20 D0 04 5C 87 D6 0B
0BD51A,28,C2 20 AD 79 15 95 0E E2 20 AD C9 1F 09 01 8D C9
0484F6,28,D5 23 F0 0E F6 23 C2 20 20 56 A3 95 28 E2 20 4C
0BD528,28,8D C9 1F AD D2 14 89 20 D0 04 5C 87 D6 0B AD D8
0BD51F,28,95 0E E2 20 AD C9 1F 09 01 8D C9 1F AD D2 14 89
0484F8,28,F0 0E F6 23 C2 20 20 56 A3 95 28 E2 20 4C 9A A1
0484F3,28,20 4A A3 D5 23 F0 0E F6 23 C2 20 20 56 A3 95 28
0BD521,28,E2 20 AD C9 1F 09 01 8D C9 1F AD D2 14 89 20 D0
0BD523,28,AD C9 1F 09 01 8D C9 1F AD D2 14 89 20 D0 04 5C
0BD51C,28,AD 79 15 95 0E E2 20 AD C9 1F 09 01 8D C9 1F AD
1FD36E,27,DA BB 7A A9 00 5A DA A0 32 00 95 04 E8 88 D0 FA
1FD380,27,A0 36 00 9F CA 1C 7E E8 88 D0 F8 FA 7A B5 08 09
1FD38B,27,FA 7A B5 08 09 10 95 08 B5 09 09 08 95 09 B5 2E
1FD3A1,27,09 08 95 1F DA BB 7A 6B C2 20 9B AE 21 12 D0 06
1FD38C,27,7A B5 08 09 10 95 08 B5 09 09 08 95 09 B5 2E 09
1FD37E,27,FA DA A0 36 00 9F CA 1C 7E E8 88 D0 F8 FA 7A B5
1FD370,27,7A A9 00 5A DA A0 32 00 95 04 E8 88 D0 FA FA DA
1FD375,27,A0 32 00 95 04 E8 88 D0 FA FA DA A0 36 00 9F CA
1FD391,27,95 08 B5 09 09 08 95 09 B5 2E 09 04 95 2E B5 1F
1FD373,27,5A DA A0 32 00 95 04 E8 88 D0 FA FA DA A0 36 00
1FD399,27,B5 2E 09 04 95 2E B5 1F 09 08 95 1F DA BB 7A 6B
1FD37F,27,DA A0 36 00 9F CA 1C 7E E8 88 D0 F8 FA 7A B5 08
1FD3A6,27,BB 7A 6B C2 20 9B AE 21 12 D0 06 E2 20 BB 4C DE
1FD36F,27,BB 7A A9 00 5A DA A0 32 00 95 04 E8 88 D0 FA FA
1FD371,27,A9 00 5A DA A0 32 00 95 04 E8 88 D0 FA FA DA A0
1FD3A8,27,6B C2 20 9B AE 21 12 D0 06 E2 20 BB 4C DE D3 B5
1FD38F,27,09 10 95 08 B5 09 09 08 95 09 B5 2E 09 04 95 2E
1FD395,27,09 08 95 09 B5 2E 09 04 95 2E B5 1F 09 08 95 1F
1FD393,27,B5 09 09 08 95 09 B5 2E 09 04 95 2E B5 1F 09 08
1FD39B,27,09 04 95 2E B5 1F 09 08 95 1F DA BB 7A 6B C2 20
1FD3A5,27,DA BB 7A 6B C2 20 9B AE 21 12 D0 06 E2 20 BB 4C
1FD39F,27,B5 1F 09 08 95 1F DA BB 7A 6B C2 20 9B AE 21 12
1FD38D,27,B5 08 09 10 95 08 B5 09 09 08 95 09 B5 2E 09 04
1FD3A3,27,95 1F DA BB 7A 6B C2 20 9B AE 21 12 D0 06 E2 20
1FD39D,27,95 2E B5 1F 09 08 95 1F DA BB 7A 6B C2 20 9B AE
1FD374,27,DA A0 32 00 95 04 E8 88 D0 FA FA DA A0 36 00 9F
1FD3A7,27,7A 6B C2 20 9B AE 21 12 D0 06 E2 20 BB 4C DE D3
1FD397,27,95 09 B5 2E 09 04 95 2E B5 1F 09 08 95 1F DA BB
0484FC,26,C2 20 20 56 A3 95 28 E2 20 4C 9A A1 74 23 4C AB
0484FE,26,20 56 A3 95 28 E2 20 4C 9A A1 74 23 4C AB 83 8E
048501,26,95 28 E2 20 4C 9A A1 74 23 4C AB 83 8E 59 17 20
048505,26,4C 9A A1 74 23 4C AB 83 8E 59 17 20 4A A3 20 83
048503,26,E2 20 4C 9A A1 74 23 4C AB 83 8E 59 17 20 4A A3
048482,26,D5 24 D0 04 5C D1 83 04 F6 24 4C 9A A1 C2 20 F6
04847F,26,20 4A A3 D5 24 D0 04 5C D1 83 04 F6 24 4C 9A A1
048484,26,D0 04 5C D1 83 04 F6 24 4C 9A A1 C2 20 F6 28 E2
0484FA,26,F6 23 C2 20 20 56 A3 95 28 E2 20 4C 9A A1 74 23
04848A,25,F6 24 4C 9A A1 C2 20 F6 28 E2 20 4C 9A A1 B5 1E
04848C,25,4C 9A A1 C2 20 F6 28 E2 20 4C 9A A1 B5 1E 09 20
7E575D,25,4C 82 57 DA A6 76 E2 20 B5 1D 09 80 95 1D 94 1B
08B4D4,23,80 06 C9 F8 30 02 A9 F8 C9 80 6A 10 02 69 00 C9
08B4D2,23,A9 08 80 06 C9 F8 30 02 A9 F8 C9 80 6A 10 02 69
08B43F,22,09 00 FF 80 03 29 FF 00 FA C9 00 80 6A 10 03 69
08B442,22,80 03 29 FF 00 FA C9 00 80 6A 10 03 69 00 00 C9
048910,22,8D 5B 17 8E 59 17 20 56 A3 20 83 A0 B9 00 00 8D
08B44E,22,69 00 00 C9 00 80 6A 10 03 69 00 00 C9 00 80 6A
04891F,22,8D 59 17 AD 5B 17 CD 59 17 D0 04 5C 62 89 04 38
048919,22,20 83 A0 B9 00 00 8D 59 17 AD 5B 17 CD 59 17 D0
048916,22,20 56 A3 20 83 A0 B9 00 00 8D 59 17 AD 5B 17 CD
048922,22,AD 5B 17 CD 59 17 D0 04 5C 62 89 04 38 ED 59 17
048928,22,D0 04 5C 62 89 04 38 ED 59 17 C9 00 30 08 C9 08
048925,22,CD 59 17 D0 04 5C 62 89 04 38 ED 59 17 C9 00 30
08B460,22,69 00 00 95 28 E2 20 DA C2 20 B5 22 29 FF 00 AA
04891C,22,B9 00 00 8D 59 17 AD 5B 17 CD 59 17 D0 04 5C 62
048913,22,8E 59 17 20 56 A3 20 83 A0 B9 00 00 8D 59 17 AD
08B457,22,69 00 00 C9 00 80 6A 10 03 69 00 00 95 28 E2 20
04890D,22,20 4A A3 8D 5B 17 8E 59 17 20 56 A3 20 83 A0 B9
04894E,21,10 02 69 00 C9 80 6A 10 02 69 00 18 6D 59 17 8D
048940,21,30 02 A9 F8 C9 80 6A 10 02 69 00 C9 80 6A 10 02
048954,21,6A 10 02 69 00 18 6D 59 17 8D 59 17 80 04 5C 6F
048952,21,C9 80 6A 10 02 69 00 18 6D 59 17 8D 59 17 80 04
04896C,21,4C 9A A1 AD 59 17 99 00 00 4C C0 83 C2 20 20 4A
04892E,21,38 ED 59 17 C9 00 30 08 C9 08 10 0A A9 08 80 06
048932,21,C9 00 30 08 C9 08 10 0A A9 08 80 06 C9 F8 30 02
048944,21,C9 80 6A 10 02 69 00 C9 80 6A 10 02 69 00 C9 80
04893E,21,C9 F8 30 02 A9 F8 C9 80 6A 10 02 69 00 C9 80 6A
04892F,21,ED 59 17 C9 00 30 08 C9 08 10 0A A9 08 80 06 C9
048957,21,69 00 18 6D 59 17 8D 59 17 80 04 5C 6F 89 04 AD
048959,21,18 6D 59 17 8D 59 17 80 04 5C 6F 89 04 AD 59 17
048955,21,10 02 69 00 18 6D 59 17 8D 59 17 80 04 5C 6F 89
04895A,21,6D 59 17 8D 59 17 80 04 5C 6F 89 04 AD 59 17 99
04895D,21,8D 59 17 80 04 5C 6F 89 04 AD 59 17 99 00 00 4C
04894B,21,C9 80 6A 10 02 69 00 C9 80 6A 10 02 69 00 18 6D
04894D,21,6A 10 02 69 00 C9 80 6A 10 02 69 00 18 6D 59 17
048946,21,6A 10 02 69 00 C9 80 6A 10 02 69 00 C9 80 6A 10
048960,21,80 04 5C 6F 89 04 AD 59 17 99 00 00 4C 9A A1 AD
048950,21,69 00 C9 80 6A 10 02 69 00 18 6D 59 17 8D 59 17
048966,21,AD 59 17 99 00 00 4C 9A A1 AD 59 17 99 00 00 4C
048969,21,99 00 00 4C 9A A1 AD 59 17 99 00 00 4C C0 83 C2
048947,21,10 02 69 00 C9 80 6A 10 02 69 00 C9 80 6A 10 02
048949,21,69 00 C9 80 6A 10 02 69 00 C9 80 6A 10 02 69 00
048934,21,30 08 C9 08 10 0A A9 08 80 06 C9 F8 30 02 A9 F8
03B359,21,5C 81 B3 03 C2 20 AC 3A 12 AD F8 14 38 F5 0C 30
03ED75,21,AB C2 20 BD 00 80 29 FF 00 9B AA 7C 83 ED 5F F7
03ED76,21,C2 20 BD 00 80 29 FF 00 9B AA 7C 83 ED 5F F7 7F
03ED74,21,48 AB C2 20 BD 00 80 29 FF 00 9B AA 7C 83 ED 5F
03ED6F,21,E2 20 AD F6 1F 48 AB C2 20 BD 00 80 29 FF 00 9B
03ED78,21,BD 00 80 29 FF 00 9B AA 7C 83 ED 5F F7 7F F9 84
03ED71,21,AD F6 1F 48 AB C2 20 BD 00 80 29 FF 00 9B AA 7C
03ED7E,21,9B AA 7C 83 ED 5F F7 7F F9 84 F9 D3 F9 D7 F9 6E
03ED7B,21,29 FF 00 9B AA 7C 83 ED 5F F7 7F F9 84 F9 D3 F9
03ED80,21,7C 83 ED 5F F7 7F F9 84 F9 D3 F9 D7 F9 6E FA 0D
03ED7F,21,AA 7C 83 ED 5F F7 7F F9 84 F9 D3 F9 D7 F9 6E FA
04A21F,20,5C 26 A2 04 20 BF 84 22 BB C7 1F B5 1F 29 02 D0
1FD140,19,8D 91 15 E2 20 6B 48 AD D4 14 29 01 D0 22 68 86
1FD145,19,6B 48 AD D4 14 29 01 D0 22 68 86 3A E2 30 8D C7
1FD11F,19,10 06 A9 00 00 38 E5 02 8D 91 15 B9 0E 00 38 F5
1FD12A,19,B9 0E 00 38 F5 0E 85 08 30 06 18 6D 91 15 80 06
1FD12D,19,38 F5 0E 85 08 30 06 18 6D 91 15 80 06 38 AD 91
1FD11D,19,85 02 10 06 A9 00 00 38 E5 02 8D 91 15 B9 0E 00
1FD130,19,85 08 30 06 18 6D 91 15 80 06 38 AD 91 15 E5 08
1FD127,19,8D 91 15 B9 0E 00 38 F5 0E 85 08 30 06 18 6D 91
1FD11B,19,F5 0C 85 02 10 06 A9 00 00 38 E5 02 8D 91 15 B9
7E5753,19,49 FF FF 1A 38 ED 52 12 30 03 4C 82 57 DA A6 76
1FD117,19,B9 0C 00 38 F5 0C 85 02 10 06 A9 00 00 38 E5 02
1FD11A,19,38 F5 0C 85 02 10 06 A9 00 00 38 E5 02 8D 91 15
7E5756,19,1A 38 ED 52 12 30 03 4C 82 57 DA A6 76 E2 20 B5
1FD132,19,30 06 18 6D 91 15 80 06 38 AD 91 15 E5 08 8D 91
1FD115,19,C2 20 B9 0C 00 38 F5 0C 85 02 10 06 A9 00 00 38
1FD143,19,E2 20 6B 48 AD D4 14 29 01 D0 22 68 86 3A E2 30
1FD12E,19,F5 0E 85 08 30 06 18 6D 91 15 80 06 38 AD 91 15
09F8A7,18,C2 20 B5 26 8D 59 17 E2 20 C2 20 22 15 D1 1F C2
09F8A9,18,B5 26 8D 59 17 E2 20 C2 20 22 15 D1 1F C2 20 AD
0980C4,18,5C CC 80 09 E2 20 18 60 E2 21 60 C2 20 B5 31 18
0980CC,18,E2 21 60 C2 20 B5 31 18 69 04 00 95 31 E2 20 C2
0980CE,18,60 C2 20 B5 31 18 69 04 00 95 31 E2 20 C2 20 B5
09F8AB,18,8D 59 17 E2 20 C2 20 22 15 D1 1F C2 20 AD 91 15
09F8C0,18,CD 59 17 30 06 E2 20 5C D5 F8 09 E2 20 CE B7 F0
09F8BB,18,C9 00 00 30 05 CD 59 17 30 06 E2 20 5C D5 F8 09
09F8C5,18,E2 20 5C D5 F8 09 E2 20 CE B7 F0 22 01 D5 1F 6B
09F8B2,18,22 15 D1 1F C2 20 AD 91 15 C9 00 00 30 05 CD 59
09F8B6,18,C2 20 AD 91 15 C9 00 00 30 05 CD 59 17 30 06 E2
09F8BE,18,30 05 CD 59 17 30 06 E2 20 5C D5 F8 09 E2 20 CE
09F8B0,18,C2 20 22 15 D1 1F C2 20 AD 91 15 C9 00 00 30 05
09F8C3,18,30 06 E2 20 5C D5 F8 09 E2 20 CE B7 F0 22 01 D5
09F8AE,18,E2 20 C2 20 22 15 D1 1F C2 20 AD 91 15 C9 00 00
09F8B8,18,AD 91 15 C9 00 00 30 05 CD 59 17 30 06 E2 20 5C
09F8C7,18,5C D5 F8 09 E2 20 CE B7 F0 22 01 D5 1F 6B AC 3A
1FC8A4,17,B4 00 BB D0 DA B4 00 8C CC 14 A4 3C A6 04 6B A0
049060,17,B9 10 00 38 F5 10 10 04 49 FF FF 1A CD 59 17 E2
1FC885,17,F0 1D B5 04 C5 0A D0 17 A4 04 22 AB D0 1F C2 20
08B47E,17,29 FF 00 FA C9 00 80 6A 10 03 69 00 00 C9 00 80
049064,17,F5 10 10 04 49 FF FF 1A CD 59 17 E2 20 10 04 5C
1FC883,17,E4 04 F0 1D B5 04 C5 0A D0 17 A4 04 22 AB D0 1F
049066,17,10 04 49 FF FF 1A CD 59 17 E2 20 10 04 5C 0D 84
1FC8A7,17,D0 DA B4 00 8C CC 14 A4 3C A6 04 6B A0 00 00 A6
04903A,17,AD AF F0 F0 1F 9C AF F0 C2 20 B9 10 00 38 F5 10
0483A4,17,4C 5F 80 A9 00 95 24 E2 20 C2 20 B5 28 18 69 04
0483A2,17,E2 20 4C 5F 80 A9 00 95 24 E2 20 C2 20 B5 28 18
04906C,17,CD 59 17 E2 20 10 04 5C 0D 84 04 4C 96 83 C2 20
1FC8A6,17,BB D0 DA B4 00 8C CC 14 A4 3C A6 04 6B A0 00 00
04903D,17,F0 1F 9C AF F0 C2 20 B9 10 00 38 F5 10 10 04 49
04839A,17,B5 28 18 69 05 00 95 28 E2 20 4C 5F 80 A9 00 95
048396,17,E2 20 C2 20 B5 28 18 69 05 00 95 28 E2 20 4C 5F
0483A0,17,95 28 E2 20 4C 5F 80 A9 00 95 24 E2 20 C2 20 B5
049071,17,10 04 5C 0D 84 04 4C 96 83 C2 20 20 4A A3 8D 59
048398,17,C2 20 B5 28 18 69 05 00 95 28 E2 20 4C 5F 80 A9
04839D,17,69 05 00 95 28 E2 20 4C 5F 80 A9 00 95 24 E2 20
04839C,17,18 69 05 00 95 28 E2 20 4C 5F 80 A9 00 95 24 E2
049063,17,38 F5 10 10 04 49 FF FF 1A CD 59 17 E2 20 10 04
04905E,17,C2 20 B9 10 00 38 F5 10 10 04 49 FF FF 1A CD 59
04906F,17,E2 20 10 04 5C 0D 84 04 4C 96 83 C2 20 20 4A A3
1FD3AC,16,AE 21 12 D0 06 E2 20 BB 4C DE D3 B5 00 8D 21 12
1FD3D4,16,B4 00 F0 02 96 02 E2 20 38 6B 18 6B C2 10 DA AE
03B7FD,16,DA AE 4F 1F 9D 55 1F AD 4F 1F 1A 29 0F 8D 4F 1F
7E406D,16,8D 51 1F 28 60 28 60 8D 43 21 8D 53 1F 9C 4F 1F
03B7FE,16,AE 4F 1F 9D 55 1F AD 4F 1F 1A 29 0F 8D 4F 1F FA
03B7FA,16,D0 14 68 DA AE 4F 1F 9D 55 1F AD 4F 1F 1A 29 0F
1FD8D8,16,A9 F8 C9 80 6A 10 02 69 00 C9 80 6A 10 02 69 00
1FD55D,16,E2 20 22 6E D3 1F C2 20 AD C7 14 99 04 00 E2 20
1FD3AB,16,9B AE 21 12 D0 06 E2 20 BB 4C DE D3 B5 00 8D 21
7E405E,16,BD 55 1F 8D 43 21 8D 53 1F AD 51 1F 1A 29 0F 8D
03B7F8,16,29 80 D0 14 68 DA AE 4F 1F 9D 55 1F AD 4F 1F 1A
7E4061,16,8D 43 21 8D 53 1F AD 51 1F 1A 29 0F 8D 51 1F 28
1FD3B9,16,8D 21 12 98 D0 0C AD 1F 12 95 00 74 02 8E 1F 12
1FD3B7,16,B5 00 8D 21 12 98 D0 0C AD 1F 12 95 00 74 02 8E
03B80F,16,6B 68 28 6B 08 80 03 08 E2 30 A9 3A 85 EF A9 A7
03B7E6,16,48 E2 20 AD D1 1F D0 22 AD D3 14 29 08 F0 07 AD
1FD3BC,16,98 D0 0C AD 1F 12 95 00 74 02 8E 1F 12 80 09 B9
1FD55B,16,A6 3A E2 20 22 6E D3 1F C2 20 AD C7 14 99 04 00
03B7F5,16,AD D9 14 29 80 D0 14 68 DA AE 4F 1F 9D 55 1F AD
7E4049,16,D0 27 9C 53 1F 9C 43 21 AD 54 1F D0 1E AE 51 1F
7E406A,16,1A 29 0F 8D 51 1F 28 60 28 60 8D 43 21 8D 53 1F
7E4046,16,CD 43 21 D0 27 9C 53 1F 9C 43 21 AD 54 1F D0 1E
7E404E,16,9C 43 21 AD 54 1F D0 1E AE 51 1F EC 4F 1F F0 12
7E404B,16,9C 53 1F 9C 43 21 AD 54 1F D0 1E AE 51 1F EC 4F
1FD55A,16,9B A6 3A E2 20 22 6E D3 1F C2 20 AD C7 14 99 04
1FD55F,16,22 6E D3 1F C2 20 AD C7 14 99 04 00 E2 20 38 6B
1FD3A9,16,C2 20 9B AE 21 12 D0 06 E2 20 BB 4C DE D3 B5 00
03B801,16,9D 55 1F AD 4F 1F 1A 29 0F 8D 4F 1F FA 28 6B 68
1FD3BD,16,D0 0C AD 1F 12 95 00 74 02 8E 1F 12 80 09 B9 00
1FD56B,16,E2 20 38 6B 8D C7 14 AD C7 14 99 22 00 96 06 C2
1FD568,16,99 04 00 E2 20 38 6B 8D C7 14 AD C7 14 99 22 00
1FD3DA,16,E2 20 38 6B 18 6B C2 10 DA AE 1F 12 F0 13 B4 00
1FD565,16,AD C7 14 99 04 00 E2 20 38 6B 8D C7 14 AD C7 14
7E4064,16,8D 53 1F AD 51 1F 1A 29 0F 8D 51 1F 28 60 28 60
1FD56D,16,38 6B 8D C7 14 AD C7 14 99 22 00 96 06 C2 20 A9
1FD3D6,16,F0 02 96 02 E2 20 38 6B 18 6B C2 10 DA AE 1F 12
7E4067,16,AD 51 1F 1A 29 0F 8D 51 1F 28 60 28 60 8D 43 21
1FD56E,16,6B 8D C7 14 AD C7 14 99 22 00 96 06 C2 20 A9 00
03B7EC,16,D0 22 AD D3 14 29 08 F0 07 AD D9 14 29 80 D0 14
03B80A,16,8D 4F 1F FA 28 6B 68 28 6B 08 80 03 08 E2 30 A9
03B80D,16,FA 28 6B 68 28 6B 08 80 03 08 E2 30 A9 3A 85 EF
03B7E7,16,E2 20 AD D1 1F D0 22 AD D3 14 29 08 F0 07 AD D9
1FD563,16,C2 20 AD C7 14 99 04 00 E2 20 38 6B 8D C7 14 AD
03B7E9,16,AD D1 1F D0 22 AD D3 14 29 08 F0 07 AD D9 14 29
03B80E,16,28 6B 68 28 6B 08 80 03 08 E2 30 A9 3A 85 EF A9
1FD3CB,16,B9 00 00 95 00 96 00 94 02 B4 00 F0 02 96 02 E2
03B804,16,AD 4F 1F 1A 29 0F 8D 4F 1F FA 28 6B 68 28 6B 08
03B7E5,16,08 48 E2 20 AD D1 1F D0 22 AD D3 14 29 08 F0 07
1FD3D0,16,96 00 94 02 B4 00 F0 02 96 02 E2 20 38 6B 18 6B
1FD3DD,16,6B 18 6B C2 10 DA AE 1F 12 F0 13 B4 00 E2 20 B5
1FD3CE,16,95 00 96 00 94 02 B4 00 F0 02 96 02 E2 20 38 6B
7E406B,16,29 0F 8D 51 1F 28 60 28 60 8D 43 21 8D 53 1F 9C
03B808,16,29 0F 8D 4F 1F FA 28 6B 68 28 6B 08 80 03 08 E2
1FD3AF,16,D0 06 E2 20 BB 4C DE D3 B5 00 8D 21 12 98 D0 0C
03B807,16,1A 29 0F 8D 4F 1F FA 28 6B 68 28 6B 08 80 03 08
1FD3D2,16,94 02 B4 00 F0 02 96 02 E2 20 38 6B 18 6B C2 10
1FD3D8,16,96 02 E2 20 38 6B 18 6B C2 10 DA AE 1F 12 F0 13
03B7EE,16,AD D3 14 29 08 F0 07 AD D9 14 29 80 D0 14 68 DA
1FD54B,16,86 3A 22 A9 D3 1F B0 07 A0 00 00 A6 3A 18 6B 9B
1FD551,16,B0 07 A0 00 00 A6 3A 18 6B 9B A6 3A E2 20 22 6E
1FC889,16,C5 0A D0 17 A4 04 22 AB D0 1F C2 20 AD 52 12 C5
03B7F3,16,F0 07 AD D9 14 29 80 D0 14 68 DA AE 4F 1F 9D 55
03B7FC,16,68 DA AE 4F 1F 9D 55 1F AD 4F 1F 1A 29 0F 8D 4F
1FD54D,16,22 A9 D3 1F B0 07 A0 00 00 A6 3A 18 6B 9B A6 3A
1FC887,16,B5 04 C5 0A D0 17 A4 04 22 AB D0 1F C2 20 AD 52
1FC88B,16,D0 17 A4 04 22 AB D0 1F C2 20 AD 52 12 C5 3A 10
03B7F1,16,29 08 F0 07 AD D9 14 29 80 D0 14 68 DA AE 4F 1F
049077,16,4C 96 83 C2 20 20 4A A3 8D 59 17 E2 20 B4 06 D0
1FD3DC,16,38 6B 18 6B C2 10 DA AE 1F 12 F0 13 B4 00 E2 20
1FD503,15,29 40 D0 04 5C 31 D5 1F 5A C2 20 BF DD 1C 7E F0
049097,15,4C 9A A1 20 4A A3 95 0A 20 56 A3 95 0B 4C C0 83
02F540,15,BB B4 00 22 DC BF 1F C2 20 68 18 69 1E 00 AA 98
08B3E3,15,AD BD 15 29 03 F0 04 5C A0 B4 08 A9 00 8D 47 15
08B3E6,15,29 03 F0 04 5C A0 B4 08 A9 00 8D 47 15 A9 00 8D
02F550,15,80 29 C2 20 BF 12 00 70 10 0B B9 08 00 09 14 00
1FD507,15,5C 31 D5 1F 5A C2 20 BF DD 1C 7E F0 1A A8 A9 00
02F549,15,68 18 69 1E 00 AA 98 80 29 C2 20 BF 12 00 70 10
02F541,15,B4 00 22 DC BF 1F C2 20 68 18 69 1E 00 AA 98 80
049095,15,E2 20 4C 9A A1 20 4A A3 95 0A 20 56 A3 95 0B 4C
02F547,15,C2 20 68 18 69 1E 00 AA 98 80 29 C2 20 BF 12 00
1FD531,15,EC 3C 12 D0 05 EE 4A 12 80 04 22 DC BF 1F 6B DA
03E1B2,15,F0 0A E2 20 A9 8A 22 E5 B7 03 C2 20 A9 00 00 8D
03E1BE,15,A9 00 00 8D CD 1F 60 AD C9 1F 89 01 00 D0 01 60
1FD501,15,B5 08 29 40 D0 04 5C 31 D5 1F 5A C2 20 BF DD 1C
02F54E,15,AA 98 80 29 C2 20 BF 12 00 70 10 0B B9 08 00 09
02F543,15,22 DC BF 1F C2 20 68 18 69 1E 00 AA 98 80 29 C2
1FD534,15,D0 05 EE 4A 12 80 04 22 DC BF 1F 6B DA BB 7A 22
02F54A,15,18 69 1E 00 AA 98 80 29 C2 20 BF 12 00 70 10 0B
02F54B,15,69 1E 00 AA 98 80 29 C2 20 BF 12 00 70 10 0B B9
04908E,15,C2 20 20 4A A3 95 28 E2 20 4C 9A A1 20 4A A3 95
049090,15,20 4A A3 95 28 E2 20 4C 9A A1 20 4A A3 95 0A 20
1FD53F,15,6B DA BB 7A 22 01 D5 1F DA BB 7A 6B 86 3A 22 A9
049093,15,95 28 E2 20 4C 9A A1 20 4A A3 95 0A 20 56 A3 95
02F53F,15,DA BB B4 00 22 DC BF 1F C2 20 68 18 69 1E 00 AA
1FD505,15,D0 04 5C 31 D5 1F 5A C2 20 BF DD 1C 7E F0 1A A8
08B3E8,15,F0 04 5C A0 B4 08 A9 00 8D 47 15 A9 00 8D 49 15
03E1AF,15,AD C7 14 F0 0A E2 20 A9 8A 22 E5 B7 03 C2 20 A9
02F54F,15,98 80 29 C2 20 BF 12 00 70 10 0B B9 08 00 09 14
02DBA7,14,1A EB 29 07 00 0A AA BF 15 8C 00 CD 51 19 D0 01
7E538B,14,18 6D 5C 12 8D 52 12 A5 3C 38 E5 74 10 04 49 FF
7E5392,14,A5 3C 38 E5 74 10 04 49 FF FF 1A 38 ED 52 12 30
7E538C,14,6D 5C 12 8D 52 12 A5 3C 38 E5 74 10 04 49 FF FF
02DBAD,14,AA BF 15 8C 00 CD 51 19 D0 01 60 8D 51 19 18 69
02DBA9,14,29 07 00 0A AA BF 15 8C 00 CD 51 19 D0 01 60 8D
7E5388,14,BD CA 2E 18 6D 5C 12 8D 52 12 A5 3C 38 E5 74 10
02DBD8,14,8D 53 19 60 08 E2 20 C2 10 20 E6 DB 28 6B A9 80
02DBB2,14,CD 51 19 D0 01 60 8D 51 19 18 69 3E 00 AA A0 00
02DBDB,14,60 08 E2 20 C2 10 20 E6 DB 28 6B A9 80 8D 15 21
0BDCF6,14,10 0D A9 10 00 80 08 C9 F0 FF 30 03 A9 F0 FF C9
02DBC0,14,A0 00 00 B5 00 18 6D 4F 19 99 CF 18 CA CA C8 C8
0BDCF3,14,C9 10 00 10 0D A9 10 00 80 08 C9 F0 FF 30 03 A9
7E539D,14,38 ED 52 12 30 07 4C A6 53 68 4C 82 57 68 AA E2
0BD9F6,14,69 00 00 18 6D C7 14 49 FF FF 1A 8D 1D 15 E2 20
0BDCF8,14,A9 10 00 80 08 C9 F0 FF 30 03 A9 F0 FF C9 00 80
02DBBC,14,69 3E 00 AA A0 00 00 B5 00 18 6D 4F 19 99 CF 18
0BDCFB,14,80 08 C9 F0 FF 30 03 A9 F0 FF C9 00 80 6A 10 03
7E5395,14,E5 74 10 04 49 FF FF 1A 38 ED 52 12 30 07 4C A6
7E5394,14,38 E5 74 10 04 49 FF FF 1A 38 ED 52 12 30 07 4C
02DBBF,14,AA A0 00 00 B5 00 18 6D 4F 19 99 CF 18 CA CA C8
02DBD5,14,A9 01 00 8D 53 19 60 08 E2 20 C2 10 20 E6 DB 28
02DBB5,14,D0 01 60 8D 51 19 18 69 3E 00 AA A0 00 00 B5 00
02DBAC,14,0A AA BF 15 8C 00 CD 51 19 D0 01 60 8D 51 19 18
7E5397,14,10 04 49 FF FF 1A 38 ED 52 12 30 07 4C A6 53 68
02DBBB,14,18 69 3E 00 AA A0 00 00 B5 00 18 6D 4F 19 99 CF
7E539E,14,ED 52 12 30 07 4C A6 53 68 4C 82 57 68 AA E2 20
02DBB8,14,8D 51 19 18 69 3E 00 AA A0 00 00 B5 00 18 6D 4F
02DBA4,14,49 FF FF 1A EB 29 07 00 0A AA BF 15 8C 00 CD 51
02DBA8,14,EB 29 07 00 0A AA BF 15 8C 00 CD 51 19 D0 01 60
02DBAE,14,BF 15 8C 00 CD 51 19 D0 01 60 8D 51 19 18 69 3E
7E538F,14,8D 52 12 A5 3C 38 E5 74 10 04 49 FF FF 1A 38 ED
7E53A1,14,30 07 4C A6 53 68 4C 82 57 68 AA E2 20 BD 02 00
0BDC81,13,69 00 C9 80 6A 10 02 69 00 18 6D 09 15 8D 09 15
03BA71,13,A5 CA 85 88 A5 CB 85 89 4C E2 BA CA 0A 10 FC 85
03BA79,13,4C E2 BA CA 0A 10 FC 85 84 A5 86 C5 84 90 08 CA
0BDC85,13,6A 10 02 69 00 18 6D 09 15 8D 09 15 C2 20 A9 00
0BDC7F,13,10 02 69 00 C9 80 6A 10 02 69 00 18 6D 09 15 8D
0BDC83,13,C9 80 6A 10 02 69 00 18 6D 09 15 8D 09 15 C2 20
0BDC7C,13,C9 80 6A 10 02 69 00 C9 80 6A 10 02 69 00 18 6D
0BDC86,13,10 02 69 00 18 6D 09 15 8D 09 15 C2 20 A9 00 00
03BA75,13,A5 CB 85 89 4C E2 BA CA 0A 10 FC 85 84 A5 86 C5
03BA77,13,85 89 4C E2 BA CA 0A 10 FC 85 84 A5 86 C5 84 90
0BDC8A,13,18 6D 09 15 8D 09 15 C2 20 A9 00 00 CD 34 12 F0
0BDC88,13,69 00 18 6D 09 15 8D 09 15 C2 20 A9 00 00 CD 34
08B307,13,75 12 95 12 AC 3A 12 C2 20 B9 10 00 38 F5 10 10
0BDDA5,13,10 03 A9 00 FA 8D 36 12 E2 20 AD 33 12 95 12 AD
08B306,13,18 75 12 95 12 AC 3A 12 C2 20 B9 10 00 38 F5 10
08B2DF,13,C9 00 30 08 C9 08 10 0A A9 08 80 06 C9 F8 30 02
0BDC77,13,6A 10 02 69 00 C9 80 6A 10 02 69 00 C9 80 6A 10
0BDC75,13,C9 80 6A 10 02 69 00 C9 80 6A 10 02 69 00 C9 80
0BDC7A,13,69 00 C9 80 6A 10 02 69 00 C9 80 6A 10 02 69 00
08B2E1,13,30 08 C9 08 10 0A A9 08 80 06 C9 F8 30 02 A9 F8
03BA73,13,85 88 A5 CB 85 89 4C E2 BA CA 0A 10 FC 85 84 A5
0BDC8B,13,6D 09 15 8D 09 15 C2 20 A9 00 00 CD 34 12 F0 3A
08B2DD,13,F5 12 C9 00 30 08 C9 08 10 0A A9 08 80 06 C9 F8
08B2DC,13,38 F5 12 C9 00 30 08 C9 08 10 0A A9 08 80 06 C9
0BDC60,13,ED 09 15 C9 00 30 08 C9 08 10 0A A9 08 80 06 C9
0BDC71,13,30 02 A9 F8 C9 80 6A 10 02 69 00 C9 80 6A 10 02
0BDC63,13,C9 00 30 08 C9 08 10 0A A9 08 80 06 C9 F8 30 02
0BDC6F,13,C9 F8 30 02 A9 F8 C9 80 6A 10 02 69 00 C9 80 6A
0BDC65,13,30 08 C9 08 10 0A A9 08 80 06 C9 F8 30 02 A9 F8
0BDC5F,13,38 ED 09 15 C9 00 30 08 C9 08 10 0A A9 08 80 06
08B2E3,13,C9 08 10 0A A9 08 80 06 C9 F8 30 02 A9 F8 C9 80
08B2F3,13,6A 10 02 69 00 C9 80 6A 10 02 69 00 C9 80 6A 10
0BDC7E,13,6A 10 02 69 00 C9 80 6A 10 02 69 00 18 6D 09 15
08B2FF,13,C9 80 6A 10 02 69 00 18 75 12 95 12 AC 3A 12 C2
08B2FB,13,10 02 69 00 C9 80 6A 10 02 69 00 18 75 12 95 12
0BDDA2,13,C9 00 FA 10 03 A9 00 FA 8D 36 12 E2 20 AD 33 12
0BDC78,13,10 02 69 00 C9 80 6A 10 02 69 00 C9 80 6A 10 02
08B302,13,10 02 69 00 18 75 12 95 12 AC 3A 12 C2 20 B9 10
08B2E5,13,10 0A A9 08 80 06 C9 F8 30 02 A9 F8 C9 80 6A 10
08B2FA,13,6A 10 02 69 00 C9 80 6A 10 02 69 00 18 75 12 95
08B2F4,13,10 02 69 00 C9 80 6A 10 02 69 00 C9 80 6A 10 02
08B2E7,13,A9 08 80 06 C9 F8 30 02 A9 F8 C9 80 6A 10 02 69
08B301,13,6A 10 02 69 00 18 75 12 95 12 AC 3A 12 C2 20 B9
08B2F8,13,C9 80 6A 10 02 69 00 C9 80 6A 10 02 69 00 18 75
08B2E9,13,80 06 C9 F8 30 02 A9 F8 C9 80 6A 10 02 69 00 C9
08B2F1,13,C9 80 6A 10 02 69 00 C9 80 6A 10 02 69 00 C9 80
1FD135,12,6D 91 15 80 06 38 AD 91 15 E5 08 8D 91 15 E2 20
04848F,12,C2 20 F6 28 E2 20 4C 9A A1 B5 1E 09 20 95 1E 4C
1FD138,12,80 06 38 AD 91 15 E5 08 8D 91 15 E2 20 6B 48 AD
06B720,12,D0 04 5C 12 8D 06 BD E6 1C 18 69 01 30 03 18 69
048491,12,F6 28 E2 20 4C 9A A1 B5 1E 09 20 95 1E 4C EA 83
06B71E,12,C9 02 D0 04 5C 12 8D 06 BD E6 1C 18 69 01 30 03
06B71C,12,29 7F C9 02 D0 04 5C 12 8D 06 BD E6 1C 18 69 01
1FD134,12,18 6D 91 15 80 06 38 AD 91 15 E5 08 8D 91 15 E2
048493,12,E2 20 4C 9A A1 B5 1E 09 20 95 1E 4C EA 83 B5 1E
06B719,12,BD E6 1C 29 7F C9 02 D0 04 5C 12 8D 06 BD E6 1C
048495,12,4C 9A A1 B5 1E 09 20 95 1E 4C EA 83 B5 1E 29 DF
06B715,12,22 69 DC 1F BD E6 1C 29 7F C9 02 D0 04 5C 12 8D
1FD539,11,80 04 22 DC BF 1F 6B DA BB 7A 22 01 D5 1F DA BB
04906B,11,1A CD 59 17 E2 20 10 04 5C 0D 84 04 4C 96 83 C2
08B299,11,A9 08 80 06 C9 F8 30 02 A9 F8 C9 80 6A 10 02 69
049068,11,49 FF FF 1A CD 59 17 E2 20 10 04 5C 0D 84 04 4C
1FD536,11,EE 4A 12 80 04 22 DC BF 1F 6B DA BB 7A 22 01 D5
049037,11,AC 3A 12 AD AF F0 F0 1F 9C AF F0 C2 20 B9 10 00
02DB17,11,B4 00 22 DC BF 1F 80 F3 AB 60 08 E2 20 C2 10 20
08B29B,11,80 06 C9 F8 30 02 A9 F8 C9 80 6A 10 02 69 00 C9
049035,11,E2 20 AC 3A 12 AD AF F0 F0 1F 9C AF F0 C2 20 B9
04902F,11,20 4A A3 8D 59 17 E2 20 AC 3A 12 AD AF F0 F0 1F
049032,11,8D 59 17 E2 20 AC 3A 12 AD AF F0 F0 1F 9C AF F0
7E53A3,11,4C A6 53 68 4C 82 57 68 AA E2 20 BD 02 00 F0 2E
04902D,11,C2 20 20 4A A3 8D 59 17 E2 20 AC 3A 12 AD AF F0
08B3EA,11,5C A0 B4 08 A9 00 8D 47 15 A9 00 8D 49 15 A9 00
02DB1D,11,80 F3 AB 60 08 E2 20 C2 10 20 2B DB 28 6B 9C C8
02DB19,11,22 DC BF 1F 80 F3 AB 60 08 E2 20 C2 10 20 2B DB
0BAC4D,10,22 BB C7 1F D6 0A F0 04 5C 5D AC 0B 22 01 D5 1F
1FD2D2,10,8D 46 12 C2 20 BF D3 1C 7E D0 32 E2 20 B5 1D 29
0BAC49,10,22 69 DC 1F 22 BB C7 1F D6 0A F0 04 5C 5D AC 0B
02DA8C,10,AD A7 16 8D A8 16 9C A7 16 AD A6 16 38 E9 3C 8D
1FD121,10,A9 00 00 38 E5 02 8D 91 15 B9 0E 00 38 F5 0E 85
0BAC51,10,D6 0A F0 04 5C 5D AC 0B 22 01 D5 1F 6B 20 62 AC
0BAC46,10,9D E6 1C 22 69 DC 1F 22 BB C7 1F D6 0A F0 04 5C
1FD2DB,10,D0 32 E2 20 B5 1D 29 7F 95 1D 80 1D B5 1E 29 02
03EADE,10,20 4A EB 80 28 20 4A EB EE A0 18 AD A0 18 C9 05
0BAC3B,10,29 7F C9 10 90 03 38 E9 10 09 80 9D E6 1C 22 69
0BAC44,10,09 80 9D E6 1C 22 69 DC 1F 22 BB C7 1F D6 0A F0
0BAC3F,10,90 03 38 E9 10 09 80 9D E6 1C 22 69 DC 1F 22 BB
02DA92,10,9C A7 16 AD A6 16 38 E9 3C 8D A6 16 6B 20 A3 DA
0BAC34,10,69 02 30 03 18 69 10 29 7F C9 10 90 03 38 E9 10
1FD2D7,10,BF D3 1C 7E D0 32 E2 20 B5 1D 29 7F 95 1D 80 1D
0BAC36,10,30 03 18 69 10 29 7F C9 10 90 03 38 E9 10 09 80
1FD2D5,10,C2 20 BF D3 1C 7E D0 32 E2 20 B5 1D 29 7F 95 1D
02DA99,10,E9 3C 8D A6 16 6B 20 A3 DA 6B AD BD 18 C9 02 D0
1FD2CE,10,BF D5 1C 7E 8D 46 12 C2 20 BF D3 1C 7E D0 32 E2
03EAE1,10,80 28 20 4A EB EE A0 18 AD A0 18 C9 05 90 1B AD
0BAC33,10,18 69 02 30 03 18 69 10 29 7F C9 10 90 03 38 E9
0BAC30,10,BD E6 1C 18 69 02 30 03 18 69 10 29 7F C9 10 90
0BAC3D,10,C9 10 90 03 38 E9 10 09 80 9D E6 1C 22 69 DC 1F
02DA95,10,AD A6 16 38 E9 3C 8D A6 16 6B 20 A3 DA 6B AD BD
02DA98,10,38 E9 3C 8D A6 16 6B 20 A3 DA 6B AD BD 18 C9 02
0BDC73,10,A9 F8 C9 80 6A 10 02 69 00 C9 80 6A 10 02 69 00
048582,10,09 00 FF 80 03 29 FF 00 18 75 10 95 10 4C D5 83
048585,10,80 03 29 FF 00 18 75 10 95 10 4C D5 83 8E 59 17
04858A,10,18 75 10 95 10 4C D5 83 8E 59 17 20 4A A3 20 83
1FD125,10,E5 02 8D 91 15 B9 0E 00 38 F5 0E 85 08 30 06 18
048580,10,F0 05 09 00 FF 80 03 29 FF 00 18 75 10 95 10 4C
04857B,10,C2 20 89 80 00 F0 05 09 00 FF 80 03 29 FF 00 18
04857D,10,89 80 00 F0 05 09 00 FF 80 03 29 FF 00 18 75 10
048578,10,20 4A A3 C2 20 89 80 00 F0 05 09 00 FF 80 03 29
04858B,10,75 10 95 10 4C D5 83 8E 59 17 20 4A A3 20 83 A0
1FD124,10,38 E5 02 8D 91 15 B9 0E 00 38 F5 0E 85 08 30 06
0BAC53,10,F0 04 5C 5D AC 0B 22 01 D5 1F 6B 20 62 AC 6B AD
02DA8F,10,8D A8 16 9C A7 16 AD A6 16 38 E9 3C 8D A6 16 6B
02DA9B,10,8D A6 16 6B 20 A3 DA 6B AD BD 18 C9 02 D0 F9 78
0BAC5D,10,6B 20 62 AC 6B AD D9 14 29 04 F0 04 5C DE AC 0B
04858F,10,4C D5 83 8E 59 17 20 4A A3 20 83 A0 20 56 A3 C2
03EADB,10,8D A0 18 20 4A EB 80 28 20 4A EB EE A0 18 AD A0
04858D,10,95 10 4C D5 83 8E 59 17 20 4A A3 20 83 A0 20 56
06F7BA,9,C9 08 90 03 38 E9 08 09 80 9D E6 1C F6 0A B5 20
06F7CC,9,D0 04 5C D6 F7 06 22 69 DC 1F 22 BB C7 1F B5 0A
06F7B1,9,69 01 30 03 18 69 08 29 7F C9 08 90 03 38 E9 08
06F7CE,9,5C D6 F7 06 22 69 DC 1F 22 BB C7 1F B5 0A DD 0B
06F7D6,9,22 BB C7 1F B5 0A DD 0B 00 30 04 5C 12 8D 06 6B
06F7C3,9,9D E6 1C F6 0A B5 20 29 04 D0 04 5C D6 F7 06 22
06F7C6,9,F6 0A B5 20 29 04 D0 04 5C D6 F7 06 22 69 DC 1F
7E56CD,9,AA F0 03 82 D9 FC E2 20 AD FA 1E F0 29 DA A6 76
7E53E1,9,BD 09 00 85 F6 29 70 D0 03 82 59 02 89 10 F0 03
7E5651,9,AD F6 1E 18 7D 05 00 85 3C AD F8 1E 18 7D 07 00
7E5654,9,18 7D 05 00 85 3C AD F8 1E 18 7D 07 00 85 3E BD
7E564F,9,85 3A AD F6 1E 18 7D 05 00 85 3C AD F8 1E 18 7D
7E53B1,9,F0 2E 3A 85 02 DA BB BF E7 1C 7E 10 07 FA 25 02
7E5670,9,E5 6E 10 04 49 FF FF 1A 38 ED 52 12 30 03 4C CA
7E5655,9,7D 05 00 85 3C AD F8 1E 18 7D 07 00 85 3E BD 0E
7E5678,9,38 ED 52 12 30 03 4C CA 56 BD 0A 00 18 6D 5A 12
06F7DC,9,DD 0B 00 30 04 5C 12 8D 06 6B C2 20 A9 1C F8 9F
7E5658,9,85 3C AD F8 1E 18 7D 07 00 85 3E BD 0E 00 18 6D
7E567C,9,30 03 4C CA 56 BD 0A 00 18 6D 5A 12 8D 52 12 A5
7E5679,9,ED 52 12 30 03 4C CA 56 BD 0A 00 18 6D 5A 12 8D
7E53E4,9,85 F6 29 70 D0 03 82 59 02 89 10 F0 03 82 D5 01
7E564B,9,18 7D 03 00 85 3A AD F6 1E 18 7D 05 00 85 3C AD
08B34F,9,E2 20 C2 20 B5 0E 18 7D 28 00 95 0E E2 20 C2 20
7E5667,9,6D 5E 12 8D 52 12 A5 3E 38 E5 6E 10 04 49 FF FF
7E5674,9,49 FF FF 1A 38 ED 52 12 30 03 4C CA 56 BD 0A 00
7E5672,9,10 04 49 FF FF 1A 38 ED 52 12 30 03 4C CA 56 BD
06F7E5,9,6B C2 20 A9 1C F8 9F D0 1C 7E E2 20 A9 06 9F D2
7E5648,9,AD F4 1E 18 7D 03 00 85 3A AD F6 1E 18 7D 05 00
7E5677,9,1A 38 ED 52 12 30 03 4C CA 56 BD 0A 00 18 6D 5A
08B34A,9,A9 00 00 95 0E E2 20 C2 20 B5 0E 18 7D 28 00 95
08B348,9,C2 20 A9 00 00 95 0E E2 20 C2 20 B5 0E 18 7D 28
08B34D,9,95 0E E2 20 C2 20 B5 0E 18 7D 28 00 95 0E E2 20
7E5646,9,C2 20 AD F4 1E 18 7D 03 00 85 3A AD F6 1E 18 7D
06F7C8,9,B5 20 29 04 D0 04 5C D6 F7 06 22 69 DC 1F 22 BB
7E564C,9,7D 03 00 85 3A AD F6 1E 18 7D 05 00 85 3C AD F8
06F7C1,9,09 80 9D E6 1C F6 0A B5 20 29 04 D0 04 5C D6 F7
06F7AD,9,BD E6 1C 18 69 01 30 03 18 69 08 29 7F C9 08 90
7E53E6,9,29 70 D0 03 82 59 02 89 10 F0 03 82 D5 01 89 20
06F7DA,9,B5 0A DD 0B 00 30 04 5C 12 8D 06 6B C2 20 A9 1C
7E53E8,9,D0 03 82 59 02 89 10 F0 03 82 D5 01 89 20 F0 03
7E53EA,9,82 59 02 89 10 F0 03 82 D5 01 89 20 F0 03 82 4E
06F7B0,9,18 69 01 30 03 18 69 08 29 7F C9 08 90 03 38 E9
7E5666,9,18 6D 5E 12 8D 52 12 A5 3E 38 E5 6E 10 04 49 FF
7E53AE,9,BD 02 00 F0 2E 3A 85 02 DA BB BF E7 1C 7E 10 07
7E565A,9,AD F8 1E 18 7D 07 00 85 3E BD 0E 00 18 6D 5E 12
7E566D,9,A5 3E 38 E5 6E 10 04 49 FF FF 1A 38 ED 52 12 30
06F7CA,9,29 04 D0 04 5C D6 F7 06 22 69 DC 1F 22 BB C7 1F
06F7DF,9,30 04 5C 12 8D 06 6B C2 20 A9 1C F8 9F D0 1C 7E
7E566A,9,8D 52 12 A5 3E 38 E5 6E 10 04 49 FF FF 1A 38 ED
7E5663,9,BD 0E 00 18 6D 5E 12 8D 52 12 A5 3E 38 E5 6E 10
06F7BC,9,90 03 38 E9 08 09 80 9D E6 1C F6 0A B5 20 29 04
06F7B8,9,29 7F C9 08 90 03 38 E9 08 09 80 9D E6 1C F6 0A
7E56CA,9,BD 00 00 AA F0 03 82 D9 FC E2 20 AD FA 1E F0 29
7E565E,9,7D 07 00 85 3E BD 0E 00 18 6D 5E 12 8D 52 12 A5
7E566F,9,38 E5 6E 10 04 49 FF FF 1A 38 ED 52 12 30 03 4C
7E565D,9,18 7D 07 00 85 3E BD 0E 00 18 6D 5E 12 8D 52 12
7E56CE,9,F0 03 82 D9 FC E2 20 AD FA 1E F0 29 DA A6 76 B5
06F7B3,9,30 03 18 69 08 29 7F C9 08 90 03 38 E9 08 09 80
7E53AC,9,E2 20 BD 02 00 F0 2E 3A 85 02 DA BB BF E7 1C 7E
7E5661,9,85 3E BD 0E 00 18 6D 5E 12 8D 52 12 A5 3E 38 E5
7E40CE,8,8D 2D 21 B5 05 89 30 D0 16 09 10 8D 30 21 A9 80
7E40C3,8,B5 03 29 1F 09 80 8D 32 21 B5 04 8D 2D 21 B5 05
7E40BE,8,09 40 8D 32 21 B5 03 29 1F 09 80 8D 32 21 B5 04
7E40CC,8,B5 04 8D 2D 21 B5 05 89 30 D0 16 09 10 8D 30 21
7E40D3,8,89 30 D0 16 09 10 8D 30 21 A9 80 8D 25 21 A9 10
7E40DE,8,8D 25 21 A9 10 8D 28 21 A9 F0 8D 29 21 80 1E 8D
7E40D7,8,09 10 8D 30 21 A9 80 8D 25 21 A9 10 8D 28 21 A9
7E40C9,8,8D 32 21 B5 04 8D 2D 21 B5 05 89 30 D0 16 09 10
7E40E1,8,A9 10 8D 28 21 A9 F0 8D 29 21 80 1E 8D 30 21 A9
7E40D5,8,D0 16 09 10 8D 30 21 A9 80 8D 25 21 A9 10 8D 28
7E40D9,8,8D 30 21 A9 80 8D 25 21 A9 10 8D 28 21 A9 F0 8D
7E40B3,8,29 1F 09 20 8D 32 21 B5 02 29 1F 09 40 8D 32 21
7E40BC,8,29 1F 09 40 8D 32 21 B5 03 29 1F 09 80 8D 32 21
7E40A3,8,B5 06 8D 31 21 B5 00 F0 05 8D 32 21 80 1B B5 01
7E40A5,8,8D 31 21 B5 00 F0 05 8D 32 21 80 1B B5 01 29 1F
7E40A1,8,F0 7A B5 06 8D 31 21 B5 00 F0 05 8D 32 21 80 1B
069FB2,8,38 F5 13 C9 00 30 08 C9 02 10 0A A9 02 80 06 C9
7E409E,8,E0 83 14 F0 7A B5 06 8D 31 21 B5 00 F0 05 8D 32
7E40C7,8,09 80 8D 32 21 B5 04 8D 2D 21 B5 05 89 30 D0 16
7E40A8,8,B5 00 F0 05 8D 32 21 80 1B B5 01 29 1F 09 20 8D
7E40B1,8,B5 01 29 1F 09 20 8D 32 21 B5 02 29 1F 09 40 8D
7E40BA,8,B5 02 29 1F 09 40 8D 32 21 B5 03 29 1F 09 80 8D
7E40AA,8,F0 05 8D 32 21 80 1B B5 01 29 1F 09 20 8D 32 21
7E40C0,8,8D 32 21 B5 03 29 1F 09 80 8D 32 21 B5 04 8D 2D
7E40B5,8,09 20 8D 32 21 B5 02 29 1F 09 40 8D 32 21 B5 03
7E40B7,8,8D 32 21 B5 02 29 1F 09 40 8D 32 21 B5 03 29 1F
7E40E3,8,8D 28 21 A9 F0 8D 29 21 80 1E 8D 30 21 A9 20 8D
02DB3B,8,A9 83 14 6E C7 14 B0 09 69 08 00 CA D0 F5 A9 00
7E40C5,8,29 1F 09 80 8D 32 21 B5 04 8D 2D 21 B5 05 89 30
069F34,8,69 02 30 03 18 69 08 29 7F C9 08 90 03 38 E9 08
069F36,8,30 03 18 69 08 29 7F C9 08 90 03 38 E9 08 09 80
06B73C,8,9D E6 1C 6B 20 20 B9 DA C2 20 AD 02 00 29 FF 00
069F3B,8,29 7F C9 08 90 03 38 E9 08 09 80 9D E7 1C B5 1E
06B73A,8,09 80 9D E6 1C 6B 20 20 B9 DA C2 20 AD 02 00 29
06B735,8,90 03 38 E9 04 09 80 9D E6 1C 6B 20 20 B9 DA C2
069F33,8,18 69 02 30 03 18 69 08 29 7F C9 08 90 03 38 E9
7E40E6,8,A9 F0 8D 29 21 80 1E 8D 30 21 A9 20 8D 25 21 80
7E40EB,8,80 1E 8D 30 21 A9 20 8D 25 21 80 14 A9 02 8D 30
06B73F,8,6B 20 20 B9 DA C2 20 AD 02 00 29 FF 00 AA BF A5
069F3F,8,90 03 38 E9 08 09 80 9D E7 1C B5 1E 29 20 F0 04
0BAC55,8,5C 5D AC 0B 22 01 D5 1F 6B 20 62 AC 6B AD D9 14
048942,8,A9 F8 C9 80 6A 10 02 69 00 C9 80 6A 10 02 69 00
08B517,8,A9 F8 C9 80 6A 10 02 69 00 C9 80 6A 10 02 69 00
069F3D,8,C9 08 90 03 38 E9 08 09 80 9D E7 1C B5 1E 29 20
03B418,8,1A 8D 52 12 68 CD 52 12 90 0E AD 52 12 8E 3F 1F
069F46,8,9D E7 1C B5 1E 29 20 F0 04 5C E5 9F 06 AC 3A 12
03B415,8,49 FF FF 1A 8D 52 12 68 CD 52 12 90 0E AD 52 12
069F44,8,09 80 9D E7 1C B5 1E 29 20 F0 04 5C E5 9F 06 AC
7E40E8,8,8D 29 21 80 1E 8D 30 21 A9 20 8D 25 21 80 14 A9
069F30,8,BD E7 1C 18 69 02 30 03 18 69 08 29 7F C9 08 90
7E40DC,8,A9 80 8D 25 21 A9 10 8D 28 21 A9 F0 8D 29 21 80
069FB7,8,30 08 C9 02 10 0A A9 02 80 06 C9 FE 30 02 A9 FE
069FC1,8,C9 FE 30 02 A9 FE C9 80 6A 10 02 69 00 18 75 13
06B733,8,C9 04 90 03 38 E9 04 09 80 9D E6 1C 6B 20 20 B9
069FC5,8,A9 FE C9 80 6A 10 02 69 00 18 75 13 95 13 B5 15
06B729,8,18 69 01 30 03 18 69 04 29 7F C9 04 90 03 38 E9
06B726,8,BD E6 1C 18 69 01 30 03 18 69 04 29 7F C9 04 90
069FB5,8,C9 00 30 08 C9 02 10 0A A9 02 80 06 C9 FE 30 02
069FB3,8,F5 13 C9 00 30 08 C9 02 10 0A A9 02 80 06 C9 FE
069FC7,8,C9 80 6A 10 02 69 00 18 75 13 95 13 B5 15 85 7E
069FC3,8,30 02 A9 FE C9 80 6A 10 02 69 00 18 75 13 95 13
069FCA,8,10 02 69 00 18 75 13 95 13 B5 15 85 7E B5 13 8D
06B72C,8,30 03 18 69 04 29 7F C9 04 90 03 38 E9 04 09 80
069FCE,8,18 75 13 95 13 B5 15 85 7E B5 13 8D A9 15 B5 12
069FCF,8,75 13 95 13 B5 15 85 7E B5 13 8D A9 15 B5 12 8D
06B731,8,29 7F C9 04 90 03 38 E9 04 09 80 9D E6 1C 6B 20
7E40D1,8,B5 05 89 30 D0 16 09 10 8D 30 21 A9 80 8D 25 21
069FC9,8,6A 10 02 69 00 18 75 13 95 13 B5 15 85 7E B5 13
02DB38,8,A2 08 00 A9 83 14 6E C7 14 B0 09 69 08 00 CA D0
06B72A,8,69 01 30 03 18 69 04 29 7F C9 04 90 03 38 E9 04
069FCC,8,69 00 18 75 13 95 13 B5 15 85 7E B5 13 8D A9 15
069F9A,7,6A 10 02 69 00 18 75 12 95 12 22 21 D0 1F E2 20
08B50F,7,A9 08 80 06 C9 F8 30 02 A9 F8 C9 80 6A 10 02 69
08B50D,7,10 0A A9 08 80 06 C9 F8 30 02 A9 F8 C9 80 6A 10
069F9B,7,10 02 69 00 18 75 12 95 12 22 21 D0 1F E2 20 EB
0483EA,7,E2 20 C2 20 F6 28 E2 20 4C 5F 80 C2 20 20 4A A3
08B50B,7,C9 08 10 0A A9 08 80 06 C9 F8 30 02 A9 F8 C9 80
04852E,7,20 4A A3 18 75 13 95 13 4C D5 83 20 4A A3 18 75
04852B,7,4C D5 83 20 4A A3 18 75 13 95 13 4C D5 83 20 4A
048529,7,95 12 4C D5 83 20 4A A3 18 75 13 95 13 4C D5 83
048527,7,75 12 95 12 4C D5 83 20 4A A3 18 75 13 95 13 4C
048531,7,18 75 13 95 13 4C D5 83 20 4A A3 18 75 14 95 14
048534,7,95 13 4C D5 83 20 4A A3 18 75 14 95 14 4C D5 83
048532,7,75 13 95 13 4C D5 83 20 4A A3 18 75 14 95 14 4C
069F83,7,38 F5 12 C9 00 30 08 C9 02 10 0A A9 02 80 06 C9
048536,7,4C D5 83 20 4A A3 18 75 14 95 14 4C D5 83 20 4A
069F98,7,C9 80 6A 10 02 69 00 18 75 12 95 12 22 21 D0 1F
048526,7,18 75 12 95 12 4C D5 83 20 4A A3 18 75 13 95 13
0684E4,7,D0 04 5C FA 84 06 AD 29 15 C9 02 D0 04 22 1A FE
0483EC,7,C2 20 F6 28 E2 20 4C 5F 80 C2 20 20 4A A3 95 28
069F84,7,F5 12 C9 00 30 08 C9 02 10 0A A9 02 80 06 C9 FE
069F88,7,30 08 C9 02 10 0A A9 02 80 06 C9 FE 30 02 A9 FE
048523,7,20 4A A3 18 75 12 95 12 4C D5 83 20 4A A3 18 75
0483EE,7,F6 28 E2 20 4C 5F 80 C2 20 20 4A A3 95 28 E2 20
0483F2,7,4C 5F 80 C2 20 20 4A A3 95 28 E2 20 4C 5F 80 C2
0483F0,7,E2 20 4C 5F 80 C2 20 20 4A A3 95 28 E2 20 4C 5F
0684E2,7,C9 00 D0 04 5C FA 84 06 AD 29 15 C9 02 D0 04 22
0684DF,7,AD 2A 15 C9 00 D0 04 5C FA 84 06 AD 29 15 C9 02
069F9F,7,18 75 12 95 12 22 21 D0 1F E2 20 EB 49 FF 1A D5
069F86,7,C9 00 30 08 C9 02 10 0A A9 02 80 06 C9 FE 30 02
069FA0,7,75 12 95 12 22 21 D0 1F E2 20 EB 49 FF 1A D5 13
1FD265,7,AD C7 14 95 2D 6B 08 C2 30 EC 6D 15 D0 03 82 BA
03ED6E,7,6B E2 20 AD F6 1F 48 AB C2 20 BD 00 80 29 FF 00
1FD263,7,95 2A AD C7 14 95 2D 6B 08 C2 30 EC 6D 15 D0 03
1FD25F,7,10 02 A9 00 95 2A AD C7 14 95 2D 6B 08 C2 30 EC
1FD25D,7,E5 02 10 02 A9 00 95 2A AD C7 14 95 2D 6B 08 C2
1FD268,7,95 2D 6B 08 C2 30 EC 6D 15 D0 03 82 BA 00 B5 2E
1FD26A,7,6B 08 C2 30 EC 6D 15 D0 03 82 BA 00 B5 2E 29 FB
03ED6D,7,28 6B E2 20 AD F6 1F 48 AB C2 20 BD 00 80 29 FF
03ED6C,7,AB 28 6B E2 20 AD F6 1F 48 AB C2 20 BD 00 80 29
049320,7,95 09 4C 9A A1 22 4A FC 02 C9 7F B0 04 5C 7D 92
1FD23C,7,F0 04 5C 6A D2 1F AD DA 14 29 01 D0 04 5C 58 D2
1FD25C,7,38 E5 02 10 02 A9 00 95 2A AD C7 14 95 2D 6B 08
1FD258,7,B5 2A 30 09 38 E5 02 10 02 A9 00 95 2A AD C7 14
08B4E1,7,69 00 C9 80 6A 10 02 69 00 C9 80 6A 10 02 69 00
1FD13E,7,E5 08 8D 91 15 E2 20 6B 48 AD D4 14 29 01 D0 22
08B4D8,7,30 02 A9 F8 C9 80 6A 10 02 69 00 C9 80 6A 10 02
1FD23A,7,D6 2D F0 04 5C 6A D2 1F AD DA 14 29 01 D0 04 5C
1FD25A,7,30 09 38 E5 02 10 02 A9 00 95 2A AD C7 14 95 2D
1FD13B,7,AD 91 15 E5 08 8D 91 15 E2 20 6B 48 AD D4 14 29
1FD245,7,29 01 D0 04 5C 58 D2 1F A5 02 C9 08 D0 05 C9 80
1FD13A,7,38 AD 91 15 E5 08 8D 91 15 E2 20 6B 48 AD D4 14
1FD249,7,5C 58 D2 1F A5 02 C9 08 D0 05 C9 80 6A 85 02 B5
1FD247,7,D0 04 5C 58 D2 1F A5 02 C9 08 D0 05 C9 80 6A 85
03ED68,7,8B 20 6F ED AB 28 6B E2 20 AD F6 1F 48 AB C2 20
03ED69,7,20 6F ED AB 28 6B E2 20 AD F6 1F 48 AB C2 20 BD
03ED65,7,08 E2 20 8B 20 6F ED AB 28 6B E2 20 AD F6 1F 48
08B4D6,7,C9 F8 30 02 A9 F8 C9 80 6A 10 02 69 00 C9 80 6A
08B4E8,7,69 00 C9 80 6A 10 02 69 00 18 75 12 95 12 22 21
08B4EF,7,69 00 18 75 12 95 12 22 21 D0 1F E2 20 EB 49 FF
08B4DA,7,A9 F8 C9 80 6A 10 02 69 00 C9 80 6A 10 02 69 00
04931E,7,09 08 95 09 4C 9A A1 22 4A FC 02 C9 7F B0 04 5C
04931C,7,B5 09 09 08 95 09 4C 9A A1 22 4A FC 02 C9 7F B0
049322,7,4C 9A A1 22 4A FC 02 C9 7F B0 04 5C 7D 92 04 4C
03ED66,7,E2 20 8B 20 6F ED AB 28 6B E2 20 AD F6 1F 48 AB
08B511,7,80 06 C9 F8 30 02 A9 F8 C9 80 6A 10 02 69 00 C9
1FD242,7,AD DA 14 29 01 D0 04 5C 58 D2 1F A5 02 C9 08 D0
04A211,7,5C 19 A2 04 22 69 DC 1F B5 1E 29 20 D0 04 5C 26
0BD3AE,6,D6 22 22 4A FC 02 29 0F 8D 97 15 AD 97 15 38 E9
0BD3E1,6,E9 07 8D 99 15 AD BD 15 29 01 F0 04 5C 0E D4 0B
0BD3E0,6,38 E9 07 8D 99 15 AD BD 15 29 01 F0 04 5C 0E D4
0BD3E3,6,8D 99 15 AD BD 15 29 01 F0 04 5C 0E D4 0B B5 1D
0BD3B4,6,29 0F 8D 97 15 AD 97 15 38 E9 07 8D 97 15 22 4A
0BD3B0,6,22 4A FC 02 29 0F 8D 97 15 AD 97 15 38 E9 07 8D
0BD3DD,6,AD 99 15 38 E9 07 8D 99 15 AD BD 15 29 01 F0 04
0BD3DA,6,8D 99 15 AD 99 15 38 E9 07 8D 99 15 AD BD 15 29
0BD3BD,6,E9 07 8D 97 15 22 4A FC 02 29 0F 8D 98 15 AD 98
0BD3B6,6,8D 97 15 AD 97 15 38 E9 07 8D 97 15 22 4A FC 02
0BD3D1,6,8D 98 15 22 4A FC 02 29 0F 8D 99 15 AD 99 15 38
0BD3CB,6,AD 98 15 38 E9 07 8D 98 15 22 4A FC 02 29 0F 8D
0BD3C6,6,29 0F 8D 98 15 AD 98 15 38 E9 07 8D 98 15 22 4A
0BD3BF,6,8D 97 15 22 4A FC 02 29 0F 8D 98 15 AD 98 15 38
0BD3C2,6,22 4A FC 02 29 0F 8D 98 15 AD 98 15 38 E9 07 8D
0BD3CF,6,E9 07 8D 98 15 22 4A FC 02 29 0F 8D 99 15 AD 99
0483C6,6,18 69 03 00 95 28 E2 20 4C 5F 80 A9 00 95 24 E2
0483C2,6,C2 20 B5 28 18 69 03 00 95 28 E2 20 4C 5F 80 A9
049082,6,E2 20 B4 06 D0 04 5C 96 83 04 80 AC C2 20 20 4A
04907F,6,8D 59 17 E2 20 B4 06 D0 04 5C 96 83 04 80 AC C2
049084,6,B4 06 D0 04 5C 96 83 04 80 AC C2 20 20 4A A3 95
04908C,6,80 AC C2 20 20 4A A3 95 28 E2 20 4C 9A A1 20 4A
049086,6,D0 04 5C 96 83 04 80 AC C2 20 20 4A A3 95 28 E2
06A0CE,6,22 69 DC 1F BD E7 1C 29 7F C9 08 D0 04 5C F9 A0
04907C,6,20 4A A3 8D 59 17 E2 20 B4 06 D0 04 5C 96 83 04
06A0C8,6,F0 04 5C D2 A0 06 22 69 DC 1F BD E7 1C 29 7F C9
06A0BB,6,29 04 D0 04 5C D2 A0 06 AD D2 14 29 02 F0 04 5C
04907A,6,C2 20 20 4A A3 8D 59 17 E2 20 B4 06 D0 04 5C 96
06A0BD,6,D0 04 5C D2 A0 06 AD D2 14 29 02 F0 04 5C D2 A0
06A0C6,6,29 02 F0 04 5C D2 A0 06 22 69 DC 1F BD E7 1C 29
06A0C3,6,AD D2 14 29 02 F0 04 5C D2 A0 06 22 69 DC 1F BD
0483C0,6,E2 20 C2 20 B5 28 18 69 03 00 95 28 E2 20 4C 5F
7E56D0,6,82 D9 FC E2 20 AD FA 1E F0 29 DA A6 76 B5 1D 09
0BD3CE,6,38 E9 07 8D 98 15 22 4A FC 02 29 0F 8D 99 15 AD
0483CA,6,95 28 E2 20 4C 5F 80 A9 00 95 24 E2 20 C2 20 B5
0483CC,6,E2 20 4C 5F 80 A9 00 95 24 E2 20 C2 20 B5 28 18
0483C7,6,69 03 00 95 28 E2 20 4C 5F 80 A9 00 95 24 E2 20
0483C4,6,B5 28 18 69 03 00 95 28 E2 20 4C 5F 80 A9 00 95
0BD3E6,6,AD BD 15 29 01 F0 04 5C 0E D4 0B B5 1D 09 02 95
0BD3D8,6,29 0F 8D 99 15 AD 99 15 38 E9 07 8D 99 15 AD BD
0483CE,6,4C 5F 80 A9 00 95 24 E2 20 C2 20 B5 28 18 69 02
06A0D7,6,C9 08 D0 04 5C F9 A0 06 BD E7 1C 18 69 02 30 03
0BD3BC,6,38 E9 07 8D 97 15 22 4A FC 02 29 0F 8D 98 15 AD
06A0D9,6,D0 04 5C F9 A0 06 BD E7 1C 18 69 02 30 03 18 69
06A0D2,6,BD E7 1C 29 7F C9 08 D0 04 5C F9 A0 06 BD E7 1C
06A0D5,6,29 7F C9 08 D0 04 5C F9 A0 06 BD E7 1C 18 69 02
0BD3B9,6,AD 97 15 38 E9 07 8D 97 15 22 4A FC 02 29 0F 8D
0BD3E9,6,29 01 F0 04 5C 0E D4 0B B5 1D 09 02 95 1D B5 1F
06A0B9,6,B5 20 29 04 D0 04 5C D2 A0 06 AD D2 14 29 02 F0
0BD3D4,6,22 4A FC 02 29 0F 8D 99 15 AD 99 15 38 E9 07 8D
0BD3EB,6,F0 04 5C 0E D4 0B B5 1D 09 02 95 1D B5 1F 09 20
0BD3C8,6,8D 98 15 AD 98 15 38 E9 07 8D 98 15 22 4A FC 02
7E567E,6,4C CA 56 BD 0A 00 18 6D 5A 12 8D 52 12 A5 3A 38
02F61C,5,B9 1D 00 89 10 F0 26 C2 20 98 9F 0A 00 70 E2 20
03F5A7,5,C2 20 BD 02 80 89 80 00 F0 05 09 00 FF 80 03 29
03F76E,5,D0 04 BB 4C FF F7 B5 00 8D 21 12 98 D0 0C AD 1F
03EA07,5,82 D9 00 22 4A FC 02 29 1F D0 04 A9 04 80 18 29
0AE9D2,5,09 80 9D E6 1C 22 69 DC 1F C2 20 B5 10 18 69 CE
03F76B,5,AE 21 12 D0 04 BB 4C FF F7 B5 00 8D 21 12 98 D0
03F5DD,5,5A AC 3A 12 18 79 10 00 7A 99 10 00 BD 00 80 29
0AE9D0,5,A9 04 09 80 9D E6 1C 22 69 DC 1F C2 20 B5 10 18
03F774,5,B5 00 8D 21 12 98 D0 0C AD 1F 12 95 00 74 02 8E
03F76A,5,9B AE 21 12 D0 04 BB 4C FF F7 B5 00 8D 21 12 98
0AE9D7,5,22 69 DC 1F C2 20 B5 10 18 69 CE FF 95 10 E2 20
1FDC25,5,B5 18 48 C2 20 D0 09 B5 16 F0 0C 3A 48 E2 20 6B
03F760,5,BD 01 80 8D FD 16 DA AE 1F 12 9B AE 21 12 D0 04
03F75F,5,BB BD 01 80 8D FD 16 DA AE 1F 12 9B AE 21 12 D0
0AE957,5,B5 12 18 69 08 95 12 B5 13 18 69 06 95 13 B5 14
03F5AF,5,F0 05 09 00 FF 80 03 29 FF 00 0A 0A 99 0C 00 BD
03F5AC,5,89 80 00 F0 05 09 00 FF 80 03 29 FF 00 0A 0A 99
03F763,5,8D FD 16 DA AE 1F 12 9B AE 21 12 D0 04 BB 4C FF
03F767,5,AE 1F 12 9B AE 21 12 D0 04 BB 4C FF F7 B5 00 8D
03F766,5,DA AE 1F 12 9B AE 21 12 D0 04 BB 4C FF F7 B5 00
049946,5,5C 7F A1 04 4C C0 83 C2 20 B5 28 1A 1A E2 20 C2
03F5DE,5,AC 3A 12 18 79 10 00 7A 99 10 00 BD 00 80 29 FF
03F56E,5,DA AE 1F 12 9B AE 21 12 D0 04 BB 4C 63 F6 B5 00
03F78B,5,95 00 96 00 94 02 B4 00 F0 02 96 02 9B FA E2 20
0AE8F4,5,CD 7B 15 E2 20 F0 06 30 04 5C 12 E9 0A C2 20 B5
03F788,5,B9 00 00 95 00 96 00 94 02 B4 00 F0 02 96 02 9B
0AE8F2,5,B5 0E CD 7B 15 E2 20 F0 06 30 04 5C 12 E9 0A C2
03F569,5,0A 0A 8D FD 16 DA AE 1F 12 9B AE 21 12 D0 04 BB
03F78F,5,94 02 B4 00 F0 02 96 02 9B FA E2 20 22 6E D3 1F
03F78D,5,96 00 94 02 B4 00 F0 02 96 02 9B FA E2 20 22 6E
0AE8F7,5,E2 20 F0 06 30 04 5C 12 E9 0A C2 20 B5 0E CD 79
03F791,5,B4 00 F0 02 96 02 9B FA E2 20 22 6E D3 1F C2 20
03F776,5,8D 21 12 98 D0 0C AD 1F 12 95 00 74 02 8E 1F 12
03B442,5,82 65 00 BF E8 1C 7E 29 FF 00 F0 03 82 62 00 BF
0AE8E5,5,CD 71 15 E2 20 10 04 5C 12 E9 0A C2 20 B5 0E CD
03F7EB,5,C2 20 8A 18 69 0B 00 AA AD FD 16 D0 03 4C 6F ED
03F77A,5,D0 0C AD 1F 12 95 00 74 02 8E 1F 12 80 09 B9 00
03F779,5,98 D0 0C AD 1F 12 95 00 74 02 8E 1F 12 80 09 B9
0AE8E8,5,E2 20 10 04 5C 12 E9 0A C2 20 B5 0E CD 7B 15 E2
03F581,5,98 D0 0C AD 1F 12 95 00 74 02 8E 1F 12 80 09 B9
03F654,5,20 77 F6 AD FD 16 D0 03 4C 6F ED 8E FF 16 60 C2
03F599,5,B4 00 F0 02 96 02 9B FA E2 20 22 6E D3 1F C2 20
03F59D,5,96 02 9B FA E2 20 22 6E D3 1F C2 20 BD 02 80 89
03F56F,5,AE 1F 12 9B AE 21 12 D0 04 BB 4C 63 F6 B5 00 8D
03F7A4,5,99 0C 00 BD 05 80 99 0E 00 5A AC 3A 12 B9 10 00
0AE9E7,5,6B C2 20 A9 76 EA 95 16 E2 20 A9 0A 95 18 B5 1E
048B62,5,99 00 00 4C D5 83 8E 59 17 20 4A A3 20 83 A0 C2
0AE970,5,F0 04 5C C6 E9 0A AC 3A 12 C2 20 B9 10 00 38 F5
0AE976,5,AC 3A 12 C2 20 B9 10 00 38 F5 10 10 04 49 FF FF
03F5D3,5,BD 04 80 29 FF 00 0A 0A 0A 0A 5A AC 3A 12 18 79
048B60,5,A9 00 99 00 00 4C D5 83 8E 59 17 20 4A A3 20 83
03EAE6,5,EE A0 18 AD A0 18 C9 05 90 1B AD 9C 18 29 7F 0A
048B5E,5,E2 20 A9 00 99 00 00 4C D5 83 8E 59 17 20 4A A3
0AE96E,5,29 10 F0 04 5C C6 E9 0A AC 3A 12 C2 20 B9 10 00
048B5B,5,20 83 A0 E2 20 A9 00 99 00 00 4C D5 83 8E 59 17
048B58,5,20 4A A3 20 83 A0 E2 20 A9 00 99 00 00 4C D5 83
0AE8D0,5,C2 20 B5 0C CD 73 15 E2 20 F0 06 30 04 5C 12 E9
04A15B,5,FA DA C2 20 A9 FF FF C2 20 8D A9 F0 BD F8 1C 22
1FDC27,5,48 C2 20 D0 09 B5 16 F0 0C 3A 48 E2 20 6B B5 16
02F618,5,9F 18 00 70 B9 1D 00 89 10 F0 26 C2 20 98 9F 0A
0AE9DD,5,B5 10 18 69 CE FF 95 10 E2 20 6B C2 20 A9 76 EA
0AE979,5,C2 20 B9 10 00 38 F5 10 10 04 49 FF FF 1A C9 3C
02F615,5,B9 0A 00 9F 18 00 70 B9 1D 00 89 10 F0 26 C2 20
04A15D,5,C2 20 A9 FF FF C2 20 8D A9 F0 BD F8 1C 22 CB FB
04A15F,5,A9 FF FF C2 20 8D A9 F0 BD F8 1C 22 CB FB 0A 9D
04A15C,5,DA C2 20 A9 FF FF C2 20 8D A9 F0 BD F8 1C 22 CB
03F795,5,96 02 9B FA E2 20 22 6E D3 1F C2 20 BD 03 80 99
048B55,5,8E 59 17 20 4A A3 20 83 A0 E2 20 A9 00 99 00 00
03F5A3,5,22 6E D3 1F C2 20 BD 02 80 89 80 00 F0 05 09 00
0AE961,5,69 06 95 13 B5 14 18 69 0C 95 14 B5 1E 29 10 F0
03F582,5,D0 0C AD 1F 12 95 00 74 02 8E 1F 12 80 09 B9 00
0AE963,5,95 13 B5 14 18 69 0C 95 14 B5 1E 29 10 F0 04 5C
0AE965,5,B5 14 18 69 0C 95 14 B5 1E 29 10 F0 04 5C C6 E9
0AE95C,5,95 12 B5 13 18 69 06 95 13 B5 14 18 69 0C 95 14
0AE95A,5,69 08 95 12 B5 13 18 69 06 95 13 B5 14 18 69 0C
0AE9DF,5,18 69 CE FF 95 10 E2 20 6B C2 20 A9 76 EA 95 16
0AE959,5,18 69 08 95 12 B5 13 18 69 06 95 13 B5 14 18 69
0AE96C,5,B5 1E 29 10 F0 04 5C C6 E9 0A AC 3A 12 C2 20 B9
04993F,5,C9 FF FF E2 20 D0 04 5C 7F A1 04 4C C0 83 C2 20
0AE968,5,69 0C 95 14 B5 1E 29 10 F0 04 5C C6 E9 0A AC 3A
03F5A0,5,FA E2 20 22 6E D3 1F C2 20 BD 02 80 89 80 00 F0
03EAEC,5,C9 05 90 1B AD 9C 18 29 7F 0A 0A 18 6D FC 1F C2
03F5A1,5,E2 20 22 6E D3 1F C2 20 BD 02 80 89 80 00 F0 05
0AE967,5,18 69 0C 95 14 B5 1E 29 10 F0 04 5C C6 E9 0A AC
0AE96A,5,95 14 B5 1E 29 10 F0 04 5C C6 E9 0A AC 3A 12 C2
03F59F,5,9B FA E2 20 22 6E D3 1F C2 20 BD 02 80 89 80 00
03EAEE,5,90 1B AD 9C 18 29 7F 0A 0A 18 6D FC 1F C2 20 29
03F59B,5,F0 02 96 02 9B FA E2 20 22 6E D3 1F C2 20 BD 02
0AE8F9,5,F0 06 30 04 5C 12 E9 0A C2 20 B5 0E CD 79 15 E2
03F798,5,FA E2 20 22 6E D3 1F C2 20 BD 03 80 99 0C 00 BD
0AE9E0,5,69 CE FF 95 10 E2 20 6B C2 20 A9 76 EA 95 16 E2
049934,5,AD A9 F0 95 28 E2 20 C2 20 B5 28 C9 FF FF E2 20
049931,5,9D F8 1C AD A9 F0 95 28 E2 20 C2 20 B5 28 C9 FF
0AE939,5,D0 04 5C 57 E9 0A C2 20 B5 0E C9 C4 FF E2 20 10
0AE93F,5,C2 20 B5 0E C9 C4 FF E2 20 10 04 5C 57 E9 0A C2
049937,5,95 28 E2 20 C2 20 B5 28 C9 FF FF E2 20 D0 04 5C
0AE95E,5,B5 13 18 69 06 95 13 B5 14 18 69 0C 95 14 B5 1E
049939,5,E2 20 C2 20 B5 28 C9 FF FF E2 20 D0 04 5C 7F A1
03F5D0,5,99 0E 00 BD 04 80 29 FF 00 0A 0A 0A 0A 5A AC 3A
04993B,5,C2 20 B5 28 C9 FF FF E2 20 D0 04 5C 7F A1 04 4C
03F5C4,5,F0 05 09 00 FF 80 03 29 FF 00 0A 0A 99 0E 00 BD
03F7F6,5,D0 03 4C 6F ED 8E FF 16 60 C2 20 9C F9 16 68 18
03F7F2,5,AA AD FD 16 D0 03 4C 6F ED 8E FF 16 60 C2 20 9C
0AE946,5,E2 20 10 04 5C 57 E9 0A C2 20 A9 C4 FF 95 0E E2
03F7E7,5,FA 8C F9 16 C2 20 8A 18 69 0B 00 AA AD FD 16 D0
0AE948,5,10 04 5C 57 E9 0A C2 20 A9 C4 FF 95 0E E2 20 B5
03F7F3,5,AD FD 16 D0 03 4C 6F ED 8E FF 16 60 C2 20 9C F9
0AE943,5,C9 C4 FF E2 20 10 04 5C 57 E9 0A C2 20 A9 C4 FF
03F7EF,5,69 0B 00 AA AD FD 16 D0 03 4C 6F ED 8E FF 16 60
03F7EE,5,18 69 0B 00 AA AD FD 16 D0 03 4C 6F ED 8E FF 16
0AE941,5,B5 0E C9 C4 FF E2 20 10 04 5C 57 E9 0A C2 20 A9
0AE94E,5,C2 20 A9 C4 FF 95 0E E2 20 B5 12 18 69 08 95 12
03F5CE,5,0A 0A 99 0E 00 BD 04 80 29 FF 00 0A 0A 0A 0A 5A
03B4AA,5,E2 20 9C 42 21 8E 68 1F 60 E2 20 8D 42 21 60 C2
0AE937,5,29 08 D0 04 5C 57 E9 0A C2 20 B5 0E C9 C4 FF E2
0AE934,5,AD DC 14 29 08 D0 04 5C 57 E9 0A C2 20 B5 0E C9
03F5DB,5,0A 0A 5A AC 3A 12 18 79 10 00 7A 99 10 00 BD 00
03B4AF,5,8E 68 1F 60 E2 20 8D 42 21 60 C2 20 BF E9 1C 7E
03F5F2,5,D0 2F BD 05 80 DA 29 FF 00 0A 0A AA BF 3D A8 00
03F7CD,5,BD 0A 80 DA 29 FF 00 0A 0A AA BF 3D A8 00 99 16
03F7C0,5,29 FF 00 0A AA BF 4B A6 00 99 04 00 FA BD 0A 80
03F561,5,BD 01 80 29 FF 00 0A 0A 0A 0A 8D FD 16 DA AE 1F
03F5EF,5,C9 76 00 D0 2F BD 05 80 DA 29 FF 00 0A 0A AA BF
03F5E6,5,99 10 00 BD 00 80 29 FF 00 C9 76 00 D0 2F BD 05
03B4AC,5,9C 42 21 8E 68 1F 60 E2 20 8D 42 21 60 C2 20 BF
03F5E9,5,BD 00 80 29 FF 00 C9 76 00 D0 2F BD 05 80 DA 29
7E52E3,5,82 9C 04 B9 2E 00 35 2E 29 F8 00 F0 03 82 8F 04
03F7ED,5,8A 18 69 0B 00 AA AD FD 16 D0 03 4C 6F ED 8E FF
03F5E5,5,7A 99 10 00 BD 00 80 29 FF 00 C9 76 00 D0 2F BD
03F57E,5,8D 21 12 98 D0 0C AD 1F 12 95 00 74 02 8E 1F 12
03F677,5,BD 00 80 29 FF 00 C9 76 00 F0 07 8A 18 69 07 00
03F5BE,5,BD 03 80 89 80 00 F0 05 09 00 FF 80 03 29 FF 00
03F67A,5,29 FF 00 C9 76 00 F0 07 8A 18 69 07 00 AA 60 8A
04992D,5,22 28 FC 0A 9D F8 1C AD A9 F0 95 28 E2 20 C2 20
03F797,5,9B FA E2 20 22 6E D3 1F C2 20 BD 03 80 99 0C 00
03F7E4,5,99 18 00 FA 8C F9 16 C2 20 8A 18 69 0B 00 AA AD
03F7DE,5,E2 20 BF 3F A8 00 99 18 00 FA 8C F9 16 C2 20 8A
03F7B5,5,18 7D 07 80 99 10 00 BD 09 80 DA 29 FF 00 0A AA
03F7B4,5,7A 18 7D 07 80 99 10 00 BD 09 80 DA 29 FF 00 0A
03F7B1,5,B9 10 00 7A 18 7D 07 80 99 10 00 BD 09 80 DA 29
03F5BA,5,0A 99 0C 00 BD 03 80 89 80 00 F0 05 09 00 FF 80
03F7B6,5,7D 07 80 99 10 00 BD 09 80 DA 29 FF 00 0A AA BF
03F7B9,5,99 10 00 BD 09 80 DA 29 FF 00 0A AA BF 4B A6 00
03F7E8,5,8C F9 16 C2 20 8A 18 69 0B 00 AA AD FD 16 D0 03
03F7BC,5,BD 09 80 DA 29 FF 00 0A AA BF 4B A6 00 99 04 00
03F651,5,8C F9 16 20 77 F6 AD FD 16 D0 03 4C 6F ED 8E FF
0AE955,5,E2 20 B5 12 18 69 08 95 12 B5 13 18 69 06 95 13
03F7AE,5,AC 3A 12 B9 10 00 7A 18 7D 07 80 99 10 00 BD 09
03F7A7,5,BD 05 80 99 0E 00 5A AC 3A 12 B9 10 00 7A 18 7D
03F79B,5,22 6E D3 1F C2 20 BD 03 80 99 0C 00 BD 05 80 99
0AE8FB,5,30 04 5C 12 E9 0A C2 20 B5 0E CD 79 15 E2 20 F0
03F799,5,E2 20 22 6E D3 1F C2 20 BD 03 80 99 0C 00 BD 05
03F7AD,5,5A AC 3A 12 B9 10 00 7A 18 7D 07 80 99 10 00 BD
03F79F,5,C2 20 BD 03 80 99 0C 00 BD 05 80 99 0E 00 5A AC
03F7A1,5,BD 03 80 99 0C 00 BD 05 80 99 0E 00 5A AC 3A 12
03F564,5,29 FF 00 0A 0A 0A 0A 8D FD 16 DA AE 1F 12 9B AE
048B65,5,4C D5 83 8E 59 17 20 4A A3 20 83 A0 C2 20 A9 00
03F7E0,5,BF 3F A8 00 99 18 00 FA 8C F9 16 C2 20 8A 18 69
03F7BF,5,DA 29 FF 00 0A AA BF 4B A6 00 99 04 00 FA BD 0A
03F7C3,5,0A AA BF 4B A6 00 99 04 00 FA BD 0A 80 DA 29 FF
03F7D6,5,AA BF 3D A8 00 99 16 00 E2 20 BF 3F A8 00 99 18
03F7D5,5,0A AA BF 3D A8 00 99 16 00 E2 20 BF 3F A8 00 99
03F7D4,5,0A 0A AA BF 3D A8 00 99 16 00 E2 20 BF 3F A8 00
03F560,5,BB BD 01 80 29 FF 00 0A 0A 0A 0A 8D FD 16 DA AE
03F7D7,5,BF 3D A8 00 99 16 00 E2 20 BF 3F A8 00 99 18 00
0AE950,5,A9 C4 FF 95 0E E2 20 B5 12 18 69 08 95 12 B5 13
03F65A,5,D0 03 4C 6F ED 8E FF 16 60 C2 20 A2 00 00 8E F9
03F7DB,5,99 16 00 E2 20 BF 3F A8 00 99 18 00 FA 8C F9 16
04993D,5,B5 28 C9 FF FF E2 20 D0 04 5C 7F A1 04 4C C0 83
03F7D1,5,29 FF 00 0A 0A AA BF 3D A8 00 99 16 00 E2 20 BF
0AE953,5,95 0E E2 20 B5 12 18 69 08 95 12 B5 13 18 69 06
03F793,5,F0 02 96 02 9B FA E2 20 22 6E D3 1F C2 20 BD 03
049944,5,D0 04 5C 7F A1 04 4C C0 83 C2 20 B5 28 1A 1A E2
03F7C4,5,AA BF 4B A6 00 99 04 00 FA BD 0A 80 DA 29 FF 00
03F7D0,5,DA 29 FF 00 0A 0A AA BF 3D A8 00 99 16 00 E2 20
049942,5,E2 20 D0 04 5C 7F A1 04 4C C0 83 C2 20 B5 28 1A
03F5E2,5,79 10 00 7A 99 10 00 BD 00 80 29 FF 00 C9 76 00
03F7C9,5,99 04 00 FA BD 0A 80 DA 29 FF 00 0A 0A AA BF 3D
03F7CC,5,FA BD 0A 80 DA 29 FF 00 0A 0A AA BF 3D A8 00 99
04A162,5,C2 20 8D A9 F0 BD F8 1C 22 CB FB 0A 9D F8 1C E2
0AE960,5,18 69 06 95 13 B5 14 18 69 0C 95 14 B5 1E 29 10
04A164,5,8D A9 F0 BD F8 1C 22 CB FB 0A 9D F8 1C E2 20 C2
04A171,5,E2 20 C2 20 B9 A1 A0 95 28 E2 20 4C 5F 80 FA 7A
04A173,5,C2 20 B9 A1 A0 95 28 E2 20 4C 5F 80 FA 7A C8 C8
1FDC3B,5,6B E2 20 68 6B 8D E8 1F DA B4 26 F0 0B B9 22 00
03F56B,5,8D FD 16 DA AE 1F 12 9B AE 21 12 D0 04 BB 4C 63
03F5BB,5,99 0C 00 BD 03 80 89 80 00 F0 05 09 00 FF 80 03
03F573,5,AE 21 12 D0 04 BB 4C 63 F6 B5 00 8D 21 12 98 D0
03F5A9,5,BD 02 80 89 80 00 F0 05 09 00 FF 80 03 29 FF 00
04A178,5,95 28 E2 20 4C 5F 80 FA 7A C8 C8 C8 E2 20 68 3A
1FDC2A,5,D0 09 B5 16 F0 0C 3A 48 E2 20 6B B5 16 3A 48 E2
04A175,5,B9 A1 A0 95 28 E2 20 4C 5F 80 FA 7A C8 C8 C8 E2
04A17C,5,4C 5F 80 FA 7A C8 C8 C8 E2 20 68 3A F0 04 5C BD
04A17A,5,E2 20 4C 5F 80 FA 7A C8 C8 C8 E2 20 68 3A F0 04
1FDC35,5,B5 16 3A 48 E2 20 6B E2 20 68 6B 8D E8 1F DA B4
0AE8D2,5,B5 0C CD 73 15 E2 20 F0 06 30 04 5C 12 E9 0A C2
0AE8D4,5,CD 73 15 E2 20 F0 06 30 04 5C 12 E9 0A C2 20 B5
0AE8EA,5,10 04 5C 12 E9 0A C2 20 B5 0E CD 7B 15 E2 20 F0
0AE8E3,5,B5 0C CD 71 15 E2 20 10 04 5C 12 E9 0A C2 20 B5
0AE8F0,5,C2 20 B5 0E CD 7B 15 E2 20 F0 06 30 04 5C 12 E9
0AE987,5,C9 3C 00 E2 20 30 04 5C D0 E9 0A 22 15 D1 1F C2
04A16E,5,9D F8 1C E2 20 C2 20 B9 A1 A0 95 28 E2 20 4C 5F
03F5B9,5,0A 0A 99 0C 00 BD 03 80 89 80 00 F0 05 09 00 FF
0AE8E1,5,C2 20 B5 0C CD 71 15 E2 20 10 04 5C 12 E9 0A C2
03F7C5,5,BF 4B A6 00 99 04 00 FA BD 0A 80 DA 29 FF 00 0A
03F595,5,96 00 94 02 B4 00 F0 02 96 02 9B FA E2 20 22 6E
0AE8DB,5,30 04 5C 12 E9 0A C2 20 B5 0C CD 71 15 E2 20 10
0AE8D7,5,E2 20 F0 06 30 04 5C 12 E9 0A C2 20 B5 0C CD 71
0AE8D9,5,F0 06 30 04 5C 12 E9 0A C2 20 B5 0C CD 71 15 E2
03F590,5,B9 00 00 95 00 96 00 94 02 B4 00 F0 02 96 02 9B
049928,5,C2 20 BD F8 1C 22 28 FC 0A 9D F8 1C AD A9 F0 95
03F680,5,F0 07 8A 18 69 07 00 AA 60 8A 18 69 06 00 AA 60
04992A,5,BD F8 1C 22 28 FC 0A 9D F8 1C AD A9 F0 95 28 E2
03F64F,5,C2 20 8C F9 16 20 77 F6 AD FD 16 D0 03 4C 6F ED
03F576,5,D0 04 BB 4C 63 F6 B5 00 8D 21 12 98 D0 0C AD 1F
0AE9E3,5,95 10 E2 20 6B C2 20 A9 76 EA 95 16 E2 20 A9 0A
03F5C1,5,89 80 00 F0 05 09 00 FF 80 03 29 FF 00 0A 0A 99
03EAE3,5,20 4A EB EE A0 18 AD A0 18 C9 05 90 1B AD 9C 18
0AE9E5,5,E2 20 6B C2 20 A9 76 EA 95 16 E2 20 A9 0A 95 18
1FDC37,5,3A 48 E2 20 6B E2 20 68 6B 8D E8 1F DA B4 26 F0
03F7AA,5,99 0E 00 5A AC 3A 12 B9 10 00 7A 18 7D 07 80 99
1FDC39,5,E2 20 6B E2 20 68 6B 8D E8 1F DA B4 26 F0 0B B9
069F8C,5,10 0A A9 02 80 06 C9 FE 30 02 A9 FE C9 80 6A 10
069F8A,5,C9 02 10 0A A9 02 80 06 C9 FE 30 02 A9 FE C9 80
03F5D9,5,0A 0A 0A 0A 5A AC 3A 12 18 79 10 00 7A 99 10 00
03F568,5,0A 0A 0A 8D FD 16 DA AE 1F 12 9B AE 21 12 D0 04
03F572,5,9B AE 21 12 D0 04 BB 4C 63 F6 B5 00 8D 21 12 98
03F5DC,5,0A 5A AC 3A 12 18 79 10 00 7A 99 10 00 BD 00 80
03F5DA,5,0A 0A 0A 5A AC 3A 12 18 79 10 00 7A 99 10 00 BD
03F67D,5,C9 76 00 F0 07 8A 18 69 07 00 AA 60 8A 18 69 06
03F5EC,5,29 FF 00 C9 76 00 D0 2F BD 05 80 DA 29 FF 00 0A
1FDC38,5,48 E2 20 6B E2 20 68 6B 8D E8 1F DA B4 26 F0 0B
03F5CF,5,0A 99 0E 00 BD 04 80 29 FF 00 0A 0A 0A 0A 5A AC
03F567,5,0A 0A 0A 0A 8D FD 16 DA AE 1F 12 9B AE 21 12 D0
03F5E1,5,18 79 10 00 7A 99 10 00 BD 00 80 29 FF 00 C9 76
03F5B6,5,29 FF 00 0A 0A 99 0C 00 BD 03 80 89 80 00 F0 05
03F5D6,5,29 FF 00 0A 0A 0A 0A 5A AC 3A 12 18 79 10 00 7A
1FDC28,5,C2 20 D0 09 B5 16 F0 0C 3A 48 E2 20 6B B5 16 3A
02F621,5,F0 26 C2 20 98 9F 0A 00 70 E2 20 B9 22 00 9F 0C
04A16A,5,22 CB FB 0A 9D F8 1C E2 20 C2 20 B9 A1 A0 95 28
03EAE9,5,AD A0 18 C9 05 90 1B AD 9C 18 29 7F 0A 0A 18 6D
0AE98C,5,30 04 5C D0 E9 0A 22 15 D1 1F C2 20 AD 91 15 C9
0AE97B,5,B9 10 00 38 F5 10 10 04 49 FF FF 1A C9 3C 00 E2
0AE97E,5,38 F5 10 10 04 49 FF FF 1A C9 3C 00 E2 20 30 04
03B4B2,5,60 E2 20 8D 42 21 60 C2 20 BF E9 1C 7E 29 FF 00
03F597,5,94 02 B4 00 F0 02 96 02 9B FA E2 20 22 6E D3 1F
0AE9D4,5,9D E6 1C 22 69 DC 1F C2 20 B5 10 18 69 CE FF 95
02F61F,5,89 10 F0 26 C2 20 98 9F 0A 00 70 E2 20 B9 22 00
0AE97F,5,F5 10 10 04 49 FF FF 1A C9 3C 00 E2 20 30 04 5C
03F56A,5,0A 8D FD 16 DA AE 1F 12 9B AE 21 12 D0 04 BB 4C
04A167,5,BD F8 1C 22 CB FB 0A 9D F8 1C E2 20 C2 20 B9 A1
0AE9DB,5,C2 20 B5 10 18 69 CE FF 95 10 E2 20 6B C2 20 A9
03F593,5,95 00 96 00 94 02 B4 00 F0 02 96 02 9B FA E2 20
03F657,5,AD FD 16 D0 03 4C 6F ED 8E FF 16 60 C2 20 A2 00
0AE98A,5,E2 20 30 04 5C D0 E9 0A 22 15 D1 1F C2 20 AD 91
03F57C,5,B5 00 8D 21 12 98 D0 0C AD 1F 12 95 00 74 02 8E
0AE981,5,10 04 49 FF FF 1A C9 3C 00 E2 20 30 04 5C D0 E9
1FD547,4,DA BB 7A 6B 86 3A 22 A9 D3 1F B0 07 A0 00 00 A6
06B630,4,95 13 DA BB 7A 80 14 B9 12 00 18 6D 4E 15 99 12
1FDB03,4,99 12 00 B5 13 99 13 00 B5 14 99 14 00 6B B9 12
06B62C,4,18 6D 4D 15 95 13 DA BB 7A 80 14 B9 12 00 18 6D
7E577E,4,FA 4C 94 57 C2 20 AD 01 1F 18 69 0A 00 A8 CE FF
0685C9,4,95 2B C2 20 A9 00 00 95 16 E2 20 A9 00 95 18 6B
1FD161,4,C2 20 BF 7C D1 1F 3A 48 E2 20 C2 10 A6 3A 6B 68
7E577F,4,4C 94 57 C2 20 AD 01 1F 18 69 0A 00 A8 CE FF 1E
0685C3,4,A9 FF 95 2A A9 08 95 2B C2 20 A9 00 00 95 16 E2
0685BF,4,A9 80 95 13 A9 FF 95 2A A9 08 95 2B C2 20 A9 00
0685C7,4,A9 08 95 2B C2 20 A9 00 00 95 16 E2 20 A9 00 95
0685C1,4,95 13 A9 FF 95 2A A9 08 95 2B C2 20 A9 00 00 95
08B400,4,9C 4E 15 9C 4D 15 A9 0A 22 46 D1 1F C0 00 00 D0
0685D8,4,6B B5 2E 09 10 95 2E A9 80 95 13 A9 FF 95 2A A9
0685CB,4,C2 20 A9 00 00 95 16 E2 20 A9 00 95 18 6B B5 2E
06B633,4,BB 7A 80 14 B9 12 00 18 6D 4E 15 99 12 00 B9 13
06B609,4,B5 0C 85 04 B5 0E 85 0A B5 10 8D C4 15 E2 20 DA
7E4F6C,4,95 1E B5 1D 29 7F 95 1D C2 20 A9 00 00 95 1B E2
0685D4,4,A9 00 95 18 6B B5 2E 09 10 95 2E A9 80 95 13 A9
0685D6,4,95 18 6B B5 2E 09 10 95 2E A9 80 95 13 A9 FF 95
0685CD,4,A9 00 00 95 16 E2 20 A9 00 95 18 6B B5 2E 09 10
0685D2,4,E2 20 A9 00 95 18 6B B5 2E 09 10 95 2E A9 80 95
7E5769,4,95 1D 94 1B B9 1D 00 09 80 99 1D 00 96 1B B5 35
7E4F5E,4,5C 68 4F 7E A9 01 95 2D 80 06 B5 1E 09 02 95 1E
06AF26,4,E2 20 20 3C B5 A9 28 99 0A 00 B9 2E 00 09 40 99
06B62B,4,1A 18 6D 4D 15 95 13 DA BB 7A 80 14 B9 12 00 18
0685D0,4,95 16 E2 20 A9 00 95 18 6B B5 2E 09 10 95 2E A9
7E577C,4,95 35 FA 4C 94 57 C2 20 AD 01 1F 18 69 0A 00 A8
03B6CD,4,A9 48 8D 4E 1F 4C 85 B7 A9 49 8D 4A 1F 8D 4B 1F
06B64B,4,FA B9 12 00 99 22 00 B9 13 00 99 23 00 B5 15 99
06AF01,4,A9 F4 9E 99 16 00 E2 20 A9 06 99 18 00 A9 06 99
06AF23,4,99 D0 1C E2 20 20 3C B5 A9 28 99 0A 00 B9 2E 00
0685B9,4,B5 2E 09 10 95 2E A9 80 95 13 A9 FF 95 2A A9 08
03B6C8,4,A9 47 8D 4D 1F A9 48 8D 4E 1F 4C 85 B7 A9 49 8D
1FDB0D,4,99 14 00 6B B9 12 00 95 12 B9 13 00 95 13 B9 14
03B6C3,4,A9 46 8D 4C 1F A9 47 8D 4D 1F A9 48 8D 4E 1F 4C
1FD08E,4,85 02 AD C4 15 38 F5 10 85 08 22 E3 FC 02 C2 20
06B629,4,49 FF 1A 18 6D 4D 15 95 13 DA BB 7A 80 14 B9 12
06B619,4,BB 7A 22 5C D0 1F 18 6D 4E 15 95 12 22 84 D0 1F
06AEF7,4,99 2A 00 A9 02 99 2B 00 C2 20 A9 F4 9E 99 16 00
7E5767,4,09 80 95 1D 94 1B B9 1D 00 09 80 99 1D 00 96 1B
0BD128,4,30 06 38 E9 01 00 80 04 18 69 01 00 8D F6 14 E2
1FD540,4,DA BB 7A 22 01 D5 1F DA BB 7A 6B 86 3A 22 A9 D3
08B3F0,4,8D 47 15 A9 00 8D 49 15 A9 00 8D 4B 15 8C 4F 15
08B406,4,A9 0A 22 46 D1 1F C0 00 00 D0 03 AC 6D 15 82 89
1FDB10,4,6B B9 12 00 95 12 B9 13 00 95 13 B9 14 00 95 14
1FC9A0,4,30 30 8D 03 42 EA EA EA EA AD 17 42 4C E0 C9 49
1FD543,4,22 01 D5 1F DA BB 7A 6B 86 3A 22 A9 D3 1F B0 07
7E4F6A,4,09 02 95 1E B5 1D 29 7F 95 1D C2 20 A9 00 00 95
06AF20,4,A9 66 A0 99 D0 1C E2 20 20 3C B5 A9 28 99 0A 00
06B64C,4,B9 12 00 99 22 00 B9 13 00 99 23 00 B5 15 99 24
0685BB,4,09 10 95 2E A9 80 95 13 A9 FF 95 2A A9 08 95 2B
1FD147,4,AD D4 14 29 01 D0 22 68 86 3A E2 30 8D C7 14 0A
1FD53B,4,22 DC BF 1F 6B DA BB 7A 22 01 D5 1F DA BB 7A 6B
1FD541,4,BB 7A 22 01 D5 1F DA BB 7A 6B 86 3A 22 A9 D3 1F
0685BD,4,95 2E A9 80 95 13 A9 FF 95 2A A9 08 95 2B C2 20
7E4F68,4,B5 1E 09 02 95 1E B5 1D 29 7F 95 1D C2 20 A9 00
1FD542,4,7A 22 01 D5 1F DA BB 7A 6B 86 3A 22 A9 D3 1F B0
1FD146,4,48 AD D4 14 29 01 D0 22 68 86 3A E2 30 8D C7 14
1FD09E,4,85 3A EB 29 FF 00 E2 20 C2 10 7A FA 6B C2 20 B9
049A91,4,C2 20 BD F8 1C 22 28 FC 0A 9D F8 1C AD A9 F0 8D
06AF4D,4,18 69 14 00 8D 4B 15 E2 20 20 52 B5 22 B9 B6 03
06AF04,4,99 16 00 E2 20 A9 06 99 18 00 A9 06 99 D5 1C A9
06AF4A,4,AD 4B 15 18 69 14 00 8D 4B 15 E2 20 20 52 B5 22
0685C5,4,95 2A A9 08 95 2B C2 20 A9 00 00 95 16 E2 20 A9
7E5779,4,0D FB 1E 95 35 FA 4C 94 57 C2 20 AD 01 1F 18 69
06AF4E,4,69 14 00 8D 4B 15 E2 20 20 52 B5 22 B9 B6 03 20
06AF51,4,8D 4B 15 E2 20 20 52 B5 22 B9 B6 03 20 62 B6 6B
03B6B9,4,A9 44 8D 4A 1F A9 45 8D 4B 1F A9 46 8D 4C 1F A9
06AF45,4,99 20 00 C2 20 AD 4B 15 18 69 14 00 8D 4B 15 E2
06B6A5,4,E2 20 10 04 5C B7 B6 06 C2 20 A9 75 B0 8D 42 15
1FCFB6,4,38 AD 52 12 E5 08 8D 52 12 E2 20 6B C2 20 A5 04
06AF48,4,C2 20 AD 4B 15 18 69 14 00 8D 4B 15 E2 20 20 52
06AF40,4,B9 20 00 09 04 99 20 00 C2 20 AD 4B 15 18 69 14
06AF43,4,09 04 99 20 00 C2 20 AD 4B 15 18 69 14 00 8D 4B
06B5FF,4,E2 20 DA AE 4F 15 F0 30 C2 20 B5 0C 85 04 B5 0E
1FCFB7,4,AD 52 12 E5 08 8D 52 12 E2 20 6B C2 20 A5 04 38
7E5777,4,B5 35 0D FB 1E 95 35 FA 4C 94 57 C2 20 AD 01 1F
7E5775,4,96 1B B5 35 0D FB 1E 95 35 FA 4C 94 57 C2 20 AD
7E5772,4,99 1D 00 96 1B B5 35 0D FB 1E 95 35 FA 4C 94 57
7E5761,4,A6 76 E2 20 B5 1D 09 80 95 1D 94 1B B9 1D 00 09
06AF59,4,22 B9 B6 03 20 62 B6 6B C2 20 A9 4D B3 8D C7 14
1FCFBA,4,E5 08 8D 52 12 E2 20 6B C2 20 A5 04 38 F5 0C 85
06AEEB,4,22 4B D5 1F B0 04 5C 60 AF 06 A9 01 99 2A 00 A9
06AEE9,4,E2 20 22 4B D5 1F B0 04 5C 60 AF 06 A9 01 99 2A
06AF54,4,E2 20 20 52 B5 22 B9 B6 03 20 62 B6 6B C2 20 A9
06AEE6,4,8D C7 14 E2 20 22 4B D5 1F B0 04 5C 60 AF 06 A9
06AEE3,4,A9 4D B3 8D C7 14 E2 20 22 4B D5 1F B0 04 5C 60
06AF56,4,20 52 B5 22 B9 B6 03 20 62 B6 6B C2 20 A9 4D B3
1FCAF1,4,80 03 9C C5 15 AB 28 FA 7A 6B DA 5A 08 8B E2 10
06B6E4,4,FA 60 B5 1D 09 20 95 1D A9 00 9D DF 1C A9 00 9D
06AF09,4,A9 06 99 18 00 A9 06 99 D5 1C A9 06 99 D2 1C C2
06AF07,4,E2 20 A9 06 99 18 00 A9 06 99 D5 1C A9 06 99 D2
06AEFA,4,A9 02 99 2B 00 C2 20 A9 F4 9E 99 16 00 E2 20 A9
06B6AF,4,A9 75 B0 8D 42 15 E2 20 C2 20 AD 42 15 8D C7 14
06AF3B,4,09 08 99 2E 00 B9 20 00 09 04 99 20 00 C2 20 AD
06AEFF,4,C2 20 A9 F4 9E 99 16 00 E2 20 A9 06 99 18 00 A9
06AF2B,4,A9 28 99 0A 00 B9 2E 00 09 40 99 2E 00 B9 2E 00
1FD549,4,7A 6B 86 3A 22 A9 D3 1F B0 07 A0 00 00 A6 3A 18
7E576B,4,94 1B B9 1D 00 09 80 99 1D 00 96 1B B5 35 0D FB
1FD54A,4,6B 86 3A 22 A9 D3 1F B0 07 A0 00 00 A6 3A 18 6B
7E576D,4,B9 1D 00 09 80 99 1D 00 96 1B B5 35 0D FB 1E 95
0AE90A,4,F0 06 30 04 5C 34 E9 0A C2 20 B5 0C 85 3A A9 00
06AEE1,4,C2 20 A9 4D B3 8D C7 14 E2 20 22 4B D5 1F B0 04
1FD548,4,BB 7A 6B 86 3A 22 A9 D3 1F B0 07 A0 00 00 A6 3A
7E5765,4,B5 1D 09 80 95 1D 94 1B B9 1D 00 09 80 99 1D 00
06AEFC,4,99 2B 00 C2 20 A9 F4 9E 99 16 00 E2 20 A9 06 99
0AE908,4,E2 20 F0 06 30 04 5C 34 E9 0A C2 20 B5 0C 85 3A
06B6EC,4,A9 00 9D DF 1C A9 00 9D F4 1C B5 1E 09 01 95 1E
06AF28,4,20 3C B5 A9 28 99 0A 00 B9 2E 00 09 40 99 2E 00
06AF3D,4,99 2E 00 B9 20 00 09 04 99 20 00 C2 20 AD 4B 15
0AE90C,4,30 04 5C 34 E9 0A C2 20 B5 0C 85 3A A9 00 00 22
06B6BF,4,E2 20 22 4B D5 1F B0 04 5C E3 B6 06 22 D9 DA 1F
06AF35,4,99 2E 00 B9 2E 00 09 08 99 2E 00 B9 20 00 09 04
06AF33,4,09 40 99 2E 00 B9 2E 00 09 08 99 2E 00 B9 20 00
06AF30,4,B9 2E 00 09 40 99 2E 00 B9 2E 00 09 08 99 2E 00
06AF38,4,B9 2E 00 09 08 99 2E 00 B9 20 00 09 04 99 20 00
1FCAEE,4,8D C5 15 80 03 9C C5 15 AB 28 FA 7A 6B DA 5A 08
1FCAE8,4,89 80 F0 07 A9 FF 8D C5 15 80 03 9C C5 15 AB 28
0AE90E,4,5C 34 E9 0A C2 20 B5 0C 85 3A A9 00 00 22 F0 D6
1FD14F,4,86 3A E2 30 8D C7 14 0A 18 6D C7 14 AA BF 7E D1
08B3EE,4,A9 00 8D 47 15 A9 00 8D 49 15 A9 00 8D 4B 15 8C
06AF2D,4,99 0A 00 B9 2E 00 09 40 99 2E 00 B9 2E 00 09 08
1FD08C,4,F5 0C 85 02 AD C4 15 38 F5 10 85 08 22 E3 FC 02
1FD156,4,0A 18 6D C7 14 AA BF 7E D1 1F 48 C2 20 BF 7C D1
1FD090,4,AD C4 15 38 F5 10 85 08 22 E3 FC 02 C2 20 85 3A
1FD098,4,22 E3 FC 02 C2 20 85 3A EB 29 FF 00 E2 20 C2 10
06AEEF,4,B0 04 5C 60 AF 06 A9 01 99 2A 00 A9 02 99 2B 00
06B62D,4,6D 4D 15 95 13 DA BB 7A 80 14 B9 12 00 18 6D 4E
1FD14A,4,29 01 D0 22 68 86 3A E2 30 8D C7 14 0A 18 6D C7
06B5DE,4,AD C4 15 0A 0A 8D C4 15 B5 0C 18 65 04 99 0C 00
0684ED,4,C9 02 D0 04 22 1A FE 02 CE 29 15 80 28 AD 29 15
1FD160,4,48 C2 20 BF 7C D1 1F 3A 48 E2 20 C2 10 A6 3A 6B
069F0D,4,B5 13 8D A9 15 B5 12 8D A8 15 22 BC D5 1F A9 00
1FD0A6,4,C2 10 7A FA 6B C2 20 B9 0C 00 38 F5 0C 10 04 49
069EF6,4,A9 23 9F 95 16 E2 20 A9 06 95 18 B5 22 95 12 B5
069F0B,4,85 7E B5 13 8D A9 15 B5 12 8D A8 15 22 BC D5 1F
1FC999,4,0A 8D 02 42 AD F6 15 30 30 8D 03 42 EA EA EA EA
1FD0A4,4,E2 20 C2 10 7A FA 6B C2 20 B9 0C 00 38 F5 0C 10
06AF0E,4,A9 06 99 D5 1C A9 06 99 D2 1C C2 20 A9 C7 87 99
06A0E2,4,18 69 02 30 03 18 69 09 29 7F C9 09 90 03 38 E9
069F0F,4,8D A9 15 B5 12 8D A8 15 22 BC D5 1F A9 00 09 80
06A0DF,4,BD E7 1C 18 69 02 30 03 18 69 09 29 7F C9 09 90
0684EF,4,D0 04 22 1A FE 02 CE 29 15 80 28 AD 29 15 C9 04
06B5E6,4,B5 0C 18 65 04 99 0C 00 B5 10 18 6D C4 15 99 10
06AF0B,4,99 18 00 A9 06 99 D5 1C A9 06 99 D2 1C C2 20 A9
0684EA,4,AD 29 15 C9 02 D0 04 22 1A FE 02 CE 29 15 80 28
069F09,4,B5 15 85 7E B5 13 8D A9 15 B5 12 8D A8 15 22 BC
069EFB,4,E2 20 A9 06 95 18 B5 22 95 12 B5 23 95 13 B5 15
1FCB16,4,0A 8D 02 42 AD F6 15 30 30 8D 03 42 EA EA EA EA
069EFF,4,95 18 B5 22 95 12 B5 23 95 13 B5 15 85 7E B5 13
069EF9,4,95 16 E2 20 A9 06 95 18 B5 22 95 12 B5 23 95 13
06A0F3,4,09 80 9D E7 1C 6B B4 06 C0 00 00 D0 04 5C 08 A1
06B53E,4,99 15 00 AD FF 1F C9 00 D0 04 5C 51 B5 06 A9 3C
1FD0A8,4,7A FA 6B C2 20 B9 0C 00 38 F5 0C 10 04 49 FF FF
069F01,4,B5 22 95 12 B5 23 95 13 B5 15 85 7E B5 13 8D A9
069F03,4,95 12 B5 23 95 13 B5 15 85 7E B5 13 8D A9 15 B5
069F07,4,95 13 B5 15 85 7E B5 13 8D A9 15 B5 12 8D A8 15
7E5760,4,DA A6 76 E2 20 B5 1D 09 80 95 1D 94 1B B9 1D 00
06B596,4,89 80 F0 07 A9 FF 8D C5 15 80 03 9C C5 15 B5 14
049A96,4,22 28 FC 0A 9D F8 1C AD A9 F0 8D 59 17 E2 20 4C
069F05,4,B5 23 95 13 B5 15 85 7E B5 13 8D A9 15 B5 12 8D
06B58C,4,64 0B AD 4B 15 85 90 8D C4 15 89 80 F0 07 A9 FF
1FD084,4,DA 5A C2 20 AD 04 00 38 F5 0C 85 02 AD C4 15 38
1FD085,4,5A C2 20 AD 04 00 38 F5 0C 85 02 AD C4 15 38 F5
1FD15C,4,BF 7E D1 1F 48 C2 20 BF 7C D1 1F 3A 48 E2 20 C2
06A0EA,4,29 7F C9 09 90 03 38 E9 09 09 80 9D E7 1C 6B B4
1FD157,4,18 6D C7 14 AA BF 7E D1 1F 48 C2 20 BF 7C D1 1F
1FD096,4,85 08 22 E3 FC 02 C2 20 85 3A EB 29 FF 00 E2 20
0684F8,4,80 28 AD 29 15 C9 04 D0 06 22 EA FD 02 80 08 C9
1FD094,4,F5 10 85 08 22 E3 FC 02 C2 20 85 3A EB 29 FF 00
1FD093,4,38 F5 10 85 08 22 E3 FC 02 C2 20 85 3A EB 29 FF
069F12,4,B5 12 8D A8 15 22 BC D5 1F A9 00 09 80 9D E7 1C
069F14,4,8D A8 15 22 BC D5 1F A9 00 09 80 9D E7 1C 6B BD
1FD09C,4,C2 20 85 3A EB 29 FF 00 E2 20 C2 10 7A FA 6B C2
06A0EC,4,C9 09 90 03 38 E9 09 09 80 9D E7 1C 6B B4 06 C0
1FD153,4,8D C7 14 0A 18 6D C7 14 AA BF 7E D1 1F 48 C2 20
1FD0A1,4,29 FF 00 E2 20 C2 10 7A FA 6B C2 20 B9 0C 00 38
069F17,4,22 BC D5 1F A9 00 09 80 9D E7 1C 6B BD E7 1C 29
06A0EE,4,90 03 38 E9 09 09 80 9D E7 1C 6B B4 06 C0 00 00
1FD158,4,6D C7 14 AA BF 7E D1 1F 48 C2 20 BF 7C D1 1F 3A
1FD15B,4,AA BF 7E D1 1F 48 C2 20 BF 7C D1 1F 3A 48 E2 20
1FD088,4,AD 04 00 38 F5 0C 85 02 AD C4 15 38 F5 10 85 08
06A0E3,4,69 02 30 03 18 69 09 29 7F C9 09 90 03 38 E9 09
1FD08B,4,38 F5 0C 85 02 AD C4 15 38 F5 10 85 08 22 E3 FC
049AA3,4,E2 20 4C EA 83 C2 20 BD F8 1C 22 28 FC 0A 9D F8
049AA0,4,8D 59 17 E2 20 4C EA 83 C2 20 BD F8 1C 22 28 FC
1FD086,4,C2 20 AD 04 00 38 F5 0C 85 02 AD C4 15 38 F5 10
06B5C1,4,A5 0A 85 08 AD C4 15 85 90 B5 13 22 7B C9 1F C2
069F1B,4,A9 00 09 80 9D E7 1C 6B BD E7 1C 29 7F C9 04 D0
06B552,4,A9 02 99 09 00 B9 2E 00 09 02 99 2E 00 22 01 DB
049AA5,4,4C EA 83 C2 20 BD F8 1C 22 28 FC 0A 9D F8 1C AD
069EFD,4,A9 06 95 18 B5 22 95 12 B5 23 95 13 B5 15 85 7E
1FD14C,4,D0 22 68 86 3A E2 30 8D C7 14 0A 18 6D C7 14 AA
06A0E5,4,30 03 18 69 09 29 7F C9 09 90 03 38 E9 09 09 80
0684F5,4,CE 29 15 80 28 AD 29 15 C9 04 D0 06 22 EA FD 02
06B620,4,6D 4E 15 95 12 22 84 D0 1F 49 FF 1A 18 6D 4D 15
069EF4,4,C2 20 A9 23 9F 95 16 E2 20 A9 06 95 18 B5 22 95
1FD163,4,BF 7C D1 1F 3A 48 E2 20 C2 10 A6 3A 6B 68 EC 3A
0AE905,4,CD 79 15 E2 20 F0 06 30 04 5C 34 E9 0A C2 20 B5
068584,4,C2 20 A9 00 00 8D E6 14 E2 20 22 4A FC 02 6B B5
08B408,4,22 46 D1 1F C0 00 00 D0 03 AC 6D 15 82 89 00 A9
1FD16F,4,6B 68 EC 3A 12 F0 D9 A0 00 00 6B 20 FE 00 00 00
08B40F,4,D0 03 AC 6D 15 82 89 00 A9 2D 8D C7 14 A9 01 22
1FD14E,4,68 86 3A E2 30 8D C7 14 0A 18 6D C7 14 AA BF 7E
06AF5D,4,20 62 B6 6B C2 20 A9 4D B3 8D C7 14 E2 20 22 4B
06AF1A,4,A9 C7 87 99 D3 1C A9 66 A0 99 D0 1C E2 20 20 3C
08B403,4,9C 4D 15 A9 0A 22 46 D1 1F C0 00 00 D0 03 AC 6D
1FD169,4,E2 20 C2 10 A6 3A 6B 68 EC 3A 12 F0 D9 A0 00 00
0AE903,4,B5 0E CD 79 15 E2 20 F0 06 30 04 5C 34 E9 0A C2
069F71,4,09 20 95 1E 9C 34 15 22 3E D0 1F E2 20 EB D5 12
06B5F7,4,B5 0E 18 65 0A 99 0E 00 E2 20 DA AE 4F 15 F0 30
049A9A,4,9D F8 1C AD A9 F0 8D 59 17 E2 20 4C EA 83 C2 20
069F22,4,6B BD E7 1C 29 7F C9 04 D0 04 5C 49 9F 06 BD E7
06AF1D,4,99 D3 1C A9 66 A0 99 D0 1C E2 20 20 3C B5 A9 28
1FDB08,4,99 13 00 B5 14 99 14 00 6B B9 12 00 95 12 B9 13
069F73,4,95 1E 9C 34 15 22 3E D0 1F E2 20 EB D5 12 F0 1F
06B6B2,4,8D 42 15 E2 20 C2 20 AD 42 15 8D C7 14 E2 20 22
7E5763,4,E2 20 B5 1D 09 80 95 1D 94 1B B9 1D 00 09 80 99
06AEF5,4,A9 01 99 2A 00 A9 02 99 2B 00 C2 20 A9 F4 9E 99
06B66C,4,8D 42 15 E2 20 C2 20 B9 10 00 38 F5 10 10 04 49
1FD0A0,4,EB 29 FF 00 E2 20 C2 10 7A FA 6B C2 20 B9 0C 00
068586,4,A9 00 00 8D E6 14 E2 20 22 4A FC 02 6B B5 2E 09
068589,4,8D E6 14 E2 20 22 4A FC 02 6B B5 2E 09 10 95 2E
06B548,4,5C 51 B5 06 A9 3C 99 15 00 60 A9 02 99 09 00 B9
1FDB0B,4,B5 14 99 14 00 6B B9 12 00 95 12 B9 13 00 95 13
1FBFF8,4,74 06 DD DD 1C D0 03 9E DD 1C D5 1B D0 02 74 1B
08B414,4,82 89 00 A9 2D 8D C7 14 A9 01 22 0D D6 1F B5 14
1FD16B,4,C2 10 A6 3A 6B 68 EC 3A 12 F0 D9 A0 00 00 6B 20
06A0F8,4,6B B4 06 C0 00 00 D0 04 5C 08 A1 06 22 40 D5 1F
1FDB01,4,B5 12 99 12 00 B5 13 99 13 00 B5 14 99 14 00 6B
06858C,4,E2 20 22 4A FC 02 6B B5 2E 09 10 95 2E A9 FF 95
0AE901,4,C2 20 B5 0E CD 79 15 E2 20 F0 06 30 04 5C 34 E9
1FD151,4,E2 30 8D C7 14 0A 18 6D C7 14 AA BF 7E D1 1F 48
1FD0AA,4,6B C2 20 B9 0C 00 38 F5 0C 10 04 49 FF FF 1A 85
06AF13,4,A9 06 99 D2 1C C2 20 A9 C7 87 99 D3 1C A9 66 A0
0BDEB8,4,8D F0 14 AD DD 14 C9 03 F0 04 5C E1 DE 0B C2 20
06B580,4,85 0A 89 80 F0 06 A9 FF 85 0B 80 02 64 0B AD 4B
08B3F3,4,A9 00 8D 49 15 A9 00 8D 4B 15 8C 4F 15 9C 4E 15
0BDEB6,4,A9 00 8D F0 14 AD DD 14 C9 03 F0 04 5C E1 DE 0B
06B6B9,4,AD 42 15 8D C7 14 E2 20 22 4B D5 1F B0 04 5C E3
08B40C,4,C0 00 00 D0 03 AC 6D 15 82 89 00 A9 2D 8D C7 14
06B5F9,4,18 65 0A 99 0E 00 E2 20 DA AE 4F 15 F0 30 C2 20
049A9D,4,AD A9 F0 8D 59 17 E2 20 4C EA 83 C2 20 BD F8 1C
1FDB06,4,B5 13 99 13 00 B5 14 99 14 00 6B B9 12 00 95 12
0AE98E,4,5C D0 E9 0A 22 15 D1 1F C2 20 AD 91 15 C9 3C 00
06AF10,4,99 D5 1C A9 06 99 D2 1C C2 20 A9 C7 87 99 D3 1C
069F6F,4,B5 1E 09 20 95 1E 9C 34 15 22 3E D0 1F E2 20 EB
06B579,4,64 05 AD 49 15 85 08 85 0A 89 80 F0 06 A9 FF 85
08B3F5,4,8D 49 15 A9 00 8D 4B 15 8C 4F 15 9C 4E 15 9C 4D
069F1F,4,9D E7 1C 6B BD E7 1C 29 7F C9 04 D0 04 5C 49 9F
06B53C,4,A9 30 99 15 00 AD FF 1F C9 00 D0 04 5C 51 B5 06
06B563,4,A9 00 99 14 00 AD 47 15 85 02 85 04 89 80 F0 06
1FD168,4,48 E2 20 C2 10 A6 3A 6B 68 EC 3A 12 F0 D9 A0 00
08B3FD,4,8C 4F 15 9C 4E 15 9C 4D 15 A9 0A 22 46 D1 1F C0
06A0F5,4,9D E7 1C 6B B4 06 C0 00 00 D0 04 5C 08 A1 06 22
069F1D,4,09 80 9D E7 1C 6B BD E7 1C 29 7F C9 04 D0 04 5C
06B565,4,99 14 00 AD 47 15 85 02 85 04 89 80 F0 06 A9 FF
06B56F,4,89 80 F0 06 A9 FF 85 05 80 02 64 05 AD 49 15 85
06B571,4,F0 06 A9 FF 85 05 80 02 64 05 AD 49 15 85 08 85
08B3FA,4,8D 4B 15 8C 4F 15 9C 4E 15 9C 4D 15 A9 0A 22 46
06AF15,4,99 D2 1C C2 20 A9 C7 87 99 D3 1C A9 66 A0 99 D0
08B3F8,4,A9 00 8D 4B 15 8C 4F 15 9C 4E 15 9C 4D 15 A9 0A
1FD167,4,3A 48 E2 20 C2 10 A6 3A 6B 68 EC 3A 12 F0 D9 A0
06AF18,4,C2 20 A9 C7 87 99 D3 1C A9 66 A0 99 D0 1C E2 20
06B582,4,89 80 F0 06 A9 FF 85 0B 80 02 64 0B AD 4B 15 85
1FCC13,4,30 16 0A 8D 02 42 AD F6 15 30 30 8D 03 42 EA EA
06B66F,4,E2 20 C2 20 B9 10 00 38 F5 10 10 04 49 FF FF 1A
06B708,4,95 16 E2 20 A9 06 95 18 22 69 DC 1F 6B 22 69 DC
06B70A,4,E2 20 A9 06 95 18 22 69 DC 1F 6B 22 69 DC 1F BD
06B70C,4,A9 06 95 18 22 69 DC 1F 6B 22 69 DC 1F BD E6 1C
06B70E,4,95 18 22 69 DC 1F 6B 22 69 DC 1F BD E6 1C 29 7F
1FCAF6,4,AB 28 FA 7A 6B DA 5A 08 8B E2 10 AA A9 00 48 AB
06B705,4,A9 15 B7 95 16 E2 20 A9 06 95 18 22 69 DC 1F 6B
1FCAF8,4,FA 7A 6B DA 5A 08 8B E2 10 AA A9 00 48 AB BD E5
1FCC28,4,4C 5C CC 49 FF 1A 0A 8D 02 42 AD F6 15 30 07 8D
06B703,4,C2 20 A9 15 B7 95 16 E2 20 A9 06 95 18 22 69 DC
1FCAF7,4,28 FA 7A 6B DA 5A 08 8B E2 10 AA A9 00 48 AB BD
1FCAF9,4,7A 6B DA 5A 08 8B E2 10 AA A9 00 48 AB BD E5 98
1FCAEC,4,A9 FF 8D C5 15 80 03 9C C5 15 AB 28 FA 7A 6B DA
1FCC5C,4,AA 8A 18 6D C4 15 8D C4 15 89 80 F0 07 A9 FF 8D
1FCAE2,4,6D C4 15 8D C4 15 89 80 F0 07 A9 FF 8D C5 15 80
1FCAE5,4,8D C4 15 89 80 F0 07 A9 FF 8D C5 15 80 03 9C C5
1FCAE1,4,18 6D C4 15 8D C4 15 89 80 F0 07 A9 FF 8D C5 15
1FCC5F,4,6D C4 15 8D C4 15 89 80 F0 07 A9 FF 8D C5 15 80
06B710,4,22 69 DC 1F 6B 22 69 DC 1F BD E6 1C 29 7F C9 02
1FCC5E,4,18 6D C4 15 8D C4 15 89 80 F0 07 A9 FF 8D C5 15
06B5A1,4,9C C5 15 B5 14 22 78 CC 1F A5 04 85 02 A5 0A 85
1FCC5D,4,8A 18 6D C4 15 8D C4 15 89 80 F0 07 A9 FF 8D C5
1FCAEA,4,F0 07 A9 FF 8D C5 15 80 03 9C C5 15 AB 28 FA 7A
06B714,4,6B 22 69 DC 1F BD E6 1C 29 7F C9 02 D0 04 5C 12
06B669,4,A9 AD B0 8D 42 15 E2 20 C2 20 B9 10 00 38 F5 10
06B700,4,9D E6 1C C2 20 A9 15 B7 95 16 E2 20 A9 06 95 18
06B671,4,C2 20 B9 10 00 38 F5 10 10 04 49 FF FF 1A C9 F4
1FCAFD,4,08 8B E2 10 AA A9 00 48 AB BD E5 98 8D F6 15 BD
06B6F8,4,09 01 95 1E A9 00 09 80 9D E6 1C C2 20 A9 15 B7
06B6FA,4,95 1E A9 00 09 80 9D E6 1C C2 20 A9 15 B7 95 16
1FCAFC,4,5A 08 8B E2 10 AA A9 00 48 AB BD E5 98 8D F6 15
1FCC21,4,EA EA EA EA AD 17 42 4C 5C CC 49 FF 1A 0A 8D 02
1FCAFE,4,8B E2 10 AA A9 00 48 AB BD E5 98 8D F6 15 BD A5
1FCAFF,4,E2 10 AA A9 00 48 AB BD E5 98 8D F6 15 BD A5 98
1FCB02,4,A9 00 48 AB BD E5 98 8D F6 15 BD A5 98 8D F5 15
06B6F6,4,B5 1E 09 01 95 1E A9 00 09 80 9D E6 1C C2 20 A9
06B6F3,4,9D F4 1C B5 1E 09 01 95 1E A9 00 09 80 9D E6 1C
1FCB01,4,AA A9 00 48 AB BD E5 98 8D F6 15 BD A5 98 8D F5
1FCAFA,4,6B DA 5A 08 8B E2 10 AA A9 00 48 AB BD E5 98 8D
1FCC22,4,EA EA EA AD 17 42 4C 5C CC 49 FF 1A 0A 8D 02 42
06B6FC,4,A9 00 09 80 9D E6 1C C2 20 A9 15 B7 95 16 E2 20
1FCC25,4,AD 17 42 4C 5C CC 49 FF 1A 0A 8D 02 42 AD F6 15
06B676,4,38 F5 10 10 04 49 FF FF 1A C9 F4 01 E2 20 10 04
06B6FE,4,09 80 9D E6 1C C2 20 A9 15 B7 95 16 E2 20 A9 06
06B673,4,B9 10 00 38 F5 10 10 04 49 FF FF 1A C9 F4 01 E2
06B67B,4,49 FF FF 1A C9 F4 01 E2 20 10 04 5C B7 B6 06 C2
06B677,4,F5 10 10 04 49 FF FF 1A C9 F4 01 E2 20 10 04 5C
06B679,4,10 04 49 FF FF 1A C9 F4 01 E2 20 10 04 5C B7 B6
1FCC24,4,EA AD 17 42 4C 5C CC 49 FF 1A 0A 8D 02 42 AD F6
1FCC23,4,EA EA AD 17 42 4C 5C CC 49 FF 1A 0A 8D 02 42 AD
1FCAFB,4,DA 5A 08 8B E2 10 AA A9 00 48 AB BD E5 98 8D F6
06B6F1,4,A9 00 9D F4 1C B5 1E 09 01 95 1E A9 00 09 80 9D
1FCAE0,4,8A 18 6D C4 15 8D C4 15 89 80 F0 07 A9 FF 8D C5
1FCADF,4,AA 8A 18 6D C4 15 8D C4 15 89 80 F0 07 A9 FF 8D
048B36,4,20 4A A3 99 00 00 4C C0 83 8E 59 17 20 62 A3 20
06B655,4,99 23 00 B5 15 99 24 00 96 19 94 19 60 DA BB AC
048B34,4,E2 20 20 4A A3 99 00 00 4C C0 83 8E 59 17 20 62
06B5DA,4,0A 0A 85 0A AD C4 15 0A 0A 8D C4 15 B5 0C 18 65
1FD16D,4,A6 3A 6B 68 EC 3A 12 F0 D9 A0 00 00 6B 20 FE 00
048B39,4,99 00 00 4C C0 83 8E 59 17 20 62 A3 20 83 A0 C2
06B57E,4,85 08 85 0A 89 80 F0 06 A9 FF 85 0B 80 02 64 0B
06B65A,4,99 24 00 96 19 94 19 60 DA BB AC 3A 12 C2 20 A9
06B57B,4,AD 49 15 85 08 85 0A 89 80 F0 06 A9 FF 85 0B 80
06B5AA,4,A5 04 85 02 A5 0A 85 08 AD C4 15 85 90 B5 12 22
06B658,4,B5 15 99 24 00 96 19 94 19 60 DA BB AC 3A 12 C2
06B5A6,4,22 78 CC 1F A5 04 85 02 A5 0A 85 08 AD C4 15 85
048B31,4,20 83 A0 E2 20 20 4A A3 99 00 00 4C C0 83 8E 59
048B2E,4,20 56 A3 20 83 A0 E2 20 20 4A A3 99 00 00 4C C0
06B5AE,4,A5 0A 85 08 AD C4 15 85 90 B5 12 22 FB CA 1F A5
06B68C,4,A9 91 B0 8D 42 15 E2 20 C2 20 B9 10 00 38 F5 10
06B568,4,AD 47 15 85 02 85 04 89 80 F0 06 A9 FF 85 05 80
1FCA98,4,0A 8D 02 42 AD F6 15 30 30 8D 03 42 EA EA EA EA
06B56D,4,85 04 89 80 F0 06 A9 FF 85 05 80 02 64 05 AD 49
1FCA9C,4,AD F6 15 30 30 8D 03 42 EA EA EA EA AD 17 42 4C
048B2B,4,8E 59 17 20 56 A3 20 83 A0 E2 20 20 4A A3 99 00
1FCA9F,4,30 30 8D 03 42 EA EA EA EA AD 17 42 4C DF CA 49
06B56B,4,85 02 85 04 89 80 F0 06 A9 FF 85 05 80 02 64 05
06B5AC,4,85 02 A5 0A 85 08 AD C4 15 85 90 B5 12 22 FB CA
06B593,4,8D C4 15 89 80 F0 07 A9 FF 8D C5 15 80 03 9C C5
048B3C,4,4C C0 83 8E 59 17 20 62 A3 20 83 A0 C2 20 20 4A
1FCC73,4,AB 28 7A FA 6B 5A DA 08 8B E2 10 AA A9 00 48 AB
06B667,4,C2 20 A9 AD B0 8D 42 15 E2 20 C2 20 B9 10 00 38
1FCAD9,4,A9 00 38 ED 17 42 AA 8A 18 6D C4 15 8D C4 15 89
1FCC65,4,89 80 F0 07 A9 FF 8D C5 15 80 03 9C C5 15 AB 28
06B664,4,AC 3A 12 C2 20 A9 AD B0 8D 42 15 E2 20 C2 20 B9
1FCAD8,4,EA A9 00 38 ED 17 42 AA 8A 18 6D C4 15 8D C4 15
1FCADB,4,38 ED 17 42 AA 8A 18 6D C4 15 8D C4 15 89 80 F0
1FCADC,4,ED 17 42 AA 8A 18 6D C4 15 8D C4 15 89 80 F0 07
06B722,4,5C 12 8D 06 BD E6 1C 18 69 01 30 03 18 69 04 29
1FCC62,4,8D C4 15 89 80 F0 07 A9 FF 8D C5 15 80 03 9C C5
06B591,4,85 90 8D C4 15 89 80 F0 07 A9 FF 8D C5 15 80 03
1FCAD1,4,49 FF 1A 8D 03 42 EA EA A9 00 38 ED 17 42 AA 8A
1FCAD7,4,EA EA A9 00 38 ED 17 42 AA 8A 18 6D C4 15 8D C4
06B662,4,DA BB AC 3A 12 C2 20 A9 AD B0 8D 42 15 E2 20 C2
1FCC70,4,9C C5 15 AB 28 7A FA 6B 5A DA 08 8B E2 10 AA A9
1FCC67,4,F0 07 A9 FF 8D C5 15 80 03 9C C5 15 AB 28 7A FA
06B65D,4,96 19 94 19 60 DA BB AC 3A 12 C2 20 A9 AD B0 8D
1FCAD3,4,1A 8D 03 42 EA EA A9 00 38 ED 17 42 AA 8A 18 6D
06B663,4,BB AC 3A 12 C2 20 A9 AD B0 8D 42 15 E2 20 C2 20
1FCAD4,4,8D 03 42 EA EA A9 00 38 ED 17 42 AA 8A 18 6D C4
06B661,4,60 DA BB AC 3A 12 C2 20 A9 AD B0 8D 42 15 E2 20
1FD0A9,4,FA 6B C2 20 B9 0C 00 38 F5 0C 10 04 49 FF FF 1A
06B58E,4,AD 4B 15 85 90 8D C4 15 89 80 F0 07 A9 FF 8D C5
06B584,4,F0 06 A9 FF 85 0B 80 02 64 0B AD 4B 15 85 90 8D
1FCA96,4,30 16 0A 8D 02 42 AD F6 15 30 30 8D 03 42 EA EA
06B598,4,F0 07 A9 FF 8D C5 15 80 03 9C C5 15 B5 14 22 78
06B67E,4,1A C9 F4 01 E2 20 10 04 5C B7 B6 06 C2 20 A9 91
1FCBB4,4,F0 06 A9 FF 85 0B 80 02 64 0B A5 08 30 16 0A 8D
1FCBBC,4,64 0B A5 08 30 16 0A 8D 02 42 AD F5 15 30 30 8D
06B6AD,4,C2 20 A9 75 B0 8D 42 15 E2 20 C2 20 AD 42 15 8D
1FCBB2,4,89 80 F0 06 A9 FF 85 0B 80 02 64 0B A5 08 30 16
03B6BB,4,8D 4A 1F A9 45 8D 4B 1F A9 46 8D 4C 1F A9 47 8D
1FCBBE,4,A5 08 30 16 0A 8D 02 42 AD F5 15 30 30 8D 03 42
1FCBC2,4,0A 8D 02 42 AD F5 15 30 30 8D 03 42 EA EA EA EA
1FCBC6,4,AD F5 15 30 30 8D 03 42 EA EA EA EA AD 17 42 4C
1FCBC0,4,30 16 0A 8D 02 42 AD F5 15 30 30 8D 03 42 EA EA
1FCBC3,4,8D 02 42 AD F5 15 30 30 8D 03 42 EA EA EA EA AD
06B6A7,4,10 04 5C B7 B6 06 C2 20 A9 75 B0 8D 42 15 E2 20
1FCBC9,4,30 30 8D 03 42 EA EA EA EA AD 17 42 4C 09 CC 49
1FCBB0,4,85 0A 89 80 F0 06 A9 FF 85 0B 80 02 64 0B A5 08
1FCBAD,4,18 65 0A 85 0A 89 80 F0 06 A9 FF 85 0B 80 02 64
1FCB77,4,4C AB CB 49 FF 1A 0A 8D 02 42 AD F5 15 30 07 8D
06B6B7,4,C2 20 AD 42 15 8D C7 14 E2 20 22 4B D5 1F B0 04
1FCC1E,4,8D 03 42 EA EA EA EA AD 17 42 4C 5C CC 49 FF 1A
03B6C5,4,8D 4C 1F A9 47 8D 4D 1F A9 48 8D 4E 1F 4C 85 B7
1FCBAE,4,65 0A 85 0A 89 80 F0 06 A9 FF 85 0B 80 02 64 0B
1FCBAB,4,AA 8A 18 65 0A 85 0A 89 80 F0 06 A9 FF 85 0B 80
06B6B5,4,E2 20 C2 20 AD 42 15 8D C7 14 E2 20 22 4B D5 1F
1FCC1C,4,30 30 8D 03 42 EA EA EA EA AD 17 42 4C 5C CC 49
1FCBAC,4,8A 18 65 0A 85 0A 89 80 F0 06 A9 FF 85 0B 80 02
03B6C0,4,8D 4B 1F A9 46 8D 4C 1F A9 47 8D 4D 1F A9 48 8D
1FCB74,4,AD 17 42 4C AB CB 49 FF 1A 0A 8D 02 42 AD F5 15
1FCBCB,4,8D 03 42 EA EA EA EA AD 17 42 4C 09 CC 49 FF 1A
06B6A1,4,1A C9 E8 03 E2 20 10 04 5C B7 B6 06 C2 20 A9 75
1FCC0B,4,49 FF 1A 8D C4 15 A5 90 30 16 0A 8D 02 42 AD F6
06B692,4,E2 20 C2 20 B9 10 00 38 F5 10 10 04 49 FF FF 1A
06B694,4,C2 20 B9 10 00 38 F5 10 10 04 49 FF FF 1A C9 E8
1FCC0A,4,8A 49 FF 1A 8D C4 15 A5 90 30 16 0A 8D 02 42 AD
1FCC16,4,8D 02 42 AD F6 15 30 30 8D 03 42 EA EA EA EA AD
1FCC0D,4,1A 8D C4 15 A5 90 30 16 0A 8D 02 42 AD F6 15 30
06B68A,4,C2 20 A9 91 B0 8D 42 15 E2 20 C2 20 B9 10 00 38
1FCC15,4,0A 8D 02 42 AD F6 15 30 30 8D 03 42 EA EA EA EA
1FCC0E,4,8D C4 15 A5 90 30 16 0A 8D 02 42 AD F6 15 30 30
1FCC11,4,A5 90 30 16 0A 8D 02 42 AD F6 15 30 30 8D 03 42
06B68F,4,8D 42 15 E2 20 C2 20 B9 10 00 38 F5 10 10 04 49
06B6A2,4,C9 E8 03 E2 20 10 04 5C B7 B6 06 C2 20 A9 75 B0
06B696,4,B9 10 00 38 F5 10 10 04 49 FF FF 1A C9 E8 03 E2
1FCBD5,4,4C 09 CC 49 FF 1A 0A 8D 02 42 AD F5 15 30 07 8D
06B69E,4,49 FF FF 1A C9 E8 03 E2 20 10 04 5C B7 B6 06 C2
1FCBD0,4,EA EA AD 17 42 4C 09 CC 49 FF 1A 0A 8D 02 42 AD
1FCBCF,4,EA EA EA AD 17 42 4C 09 CC 49 FF 1A 0A 8D 02 42
1FCBCE,4,EA EA EA EA AD 17 42 4C 09 CC 49 FF 1A 0A 8D 02
1FCC09,4,AA 8A 49 FF 1A 8D C4 15 A5 90 30 16 0A 8D 02 42
06B69C,4,10 04 49 FF FF 1A C9 E8 03 E2 20 10 04 5C B7 B6
1FCC19,4,AD F6 15 30 30 8D 03 42 EA EA EA EA AD 17 42 4C
1FCBD1,4,EA AD 17 42 4C 09 CC 49 FF 1A 0A 8D 02 42 AD F5
06B699,4,38 F5 10 10 04 49 FF FF 1A C9 E8 03 E2 20 10 04
1FCBD2,4,AD 17 42 4C 09 CC 49 FF 1A 0A 8D 02 42 AD F5 15
1FCB04,4,48 AB BD E5 98 8D F6 15 BD A5 98 8D F5 15 A5 08
1FCB73,4,EA AD 17 42 4C AB CB 49 FF 1A 0A 8D 02 42 AD F5
1FCB72,4,EA EA AD 17 42 4C AB CB 49 FF 1A 0A 8D 02 42 AD
1FCB17,4,8D 02 42 AD F6 15 30 30 8D 03 42 EA EA EA EA AD
06B6E0,4,99 18 00 9B FA 60 B5 1D 09 20 95 1D A9 00 9D DF
1FCB14,4,30 16 0A 8D 02 42 AD F6 15 30 30 8D 03 42 EA EA
06B6E3,4,9B FA 60 B5 1D 09 20 95 1D A9 00 9D DF 1C A9 00
1FCB12,4,A5 08 30 16 0A 8D 02 42 AD F6 15 30 30 8D 03 42
1FCB1A,4,AD F6 15 30 30 8D 03 42 EA EA EA EA AD 17 42 4C
1FCB1D,4,30 30 8D 03 42 EA EA EA EA AD 17 42 4C 5D CB 49
06B6D9,4,99 16 00 E2 20 A9 06 99 18 00 9B FA 60 B5 1D 09
06B6DE,4,A9 06 99 18 00 9B FA 60 B5 1D 09 20 95 1D A9 00
1FCB1F,4,8D 03 42 EA EA EA EA AD 17 42 4C 5D CB 49 FF 1A
06B6DC,4,E2 20 A9 06 99 18 00 9B FA 60 B5 1D 09 20 95 1D
1FCB22,4,EA EA EA EA AD 17 42 4C 5D CB 49 FF 1A 0A 8D 02
06B6E5,4,60 B5 1D 09 20 95 1D A9 00 9D DF 1C A9 00 9D F4
1FCB0F,4,8D F5 15 A5 08 30 16 0A 8D 02 42 AD F6 15 30 30
1FCB05,4,AB BD E5 98 8D F6 15 BD A5 98 8D F5 15 A5 08 30
06AF60,4,6B C2 20 A9 4D B3 8D C7 14 E2 20 22 4B D5 1F B0
06B6EE,4,9D DF 1C A9 00 9D F4 1C B5 1E 09 01 95 1E A9 00
06B682,4,E2 20 10 04 5C B7 B6 06 C2 20 A9 91 B0 8D 42 15
06B6E6,4,B5 1D 09 20 95 1D A9 00 9D DF 1C A9 00 9D F4 1C
1FCB06,4,BD E5 98 8D F6 15 BD A5 98 8D F5 15 A5 08 30 16
06B6EA,4,95 1D A9 00 9D DF 1C A9 00 9D F4 1C B5 1E 09 01
1FCB09,4,8D F6 15 BD A5 98 8D F5 15 A5 08 30 16 0A 8D 02
06B6E8,4,09 20 95 1D A9 00 9D DF 1C A9 00 9D F4 1C B5 1E
1FCB0C,4,BD A5 98 8D F5 15 A5 08 30 16 0A 8D 02 42 AD F6
06B6BC,4,8D C7 14 E2 20 22 4B D5 1F B0 04 5C E3 B6 06 22
1FCB24,4,EA EA AD 17 42 4C 5D CB 49 FF 1A 0A 8D 02 42 AD
1FCB25,4,EA AD 17 42 4C 5D CB 49 FF 1A 0A 8D 02 42 AD F6
03B6CF,4,8D 4E 1F 4C 85 B7 A9 49 8D 4A 1F 8D 4B 1F 8D 4C
1FCB6B,4,30 30 8D 03 42 EA EA EA EA AD 17 42 4C AB CB 49
1FCB68,4,AD F5 15 30 30 8D 03 42 EA EA EA EA AD 17 42 4C
06B6C5,4,B0 04 5C E3 B6 06 22 D9 DA 1F A9 80 99 13 00 C2
03B6D2,4,4C 85 B7 A9 49 8D 4A 1F 8D 4B 1F 8D 4C 1F A9 4A
06B684,4,10 04 5C B7 B6 06 C2 20 A9 91 B0 8D 42 15 E2 20
1FCB6D,4,8D 03 42 EA EA EA EA AD 17 42 4C AB CB 49 FF 1A
06B6C1,4,22 4B D5 1F B0 04 5C E3 B6 06 22 D9 DA 1F A9 80
1FCB71,4,EA EA EA AD 17 42 4C AB CB 49 FF 1A 0A 8D 02 42
1FCB70,4,EA EA EA EA AD 17 42 4C AB CB 49 FF 1A 0A 8D 02
06B6D6,4,A9 E6 B6 99 16 00 E2 20 A9 06 99 18 00 9B FA 60
1FCB65,4,8D 02 42 AD F5 15 30 30 8D 03 42 EA EA EA EA AD
1FCB62,4,30 16 0A 8D 02 42 AD F5 15 30 30 8D 03 42 EA EA
049A93,4,BD F8 1C 22 28 FC 0A 9D F8 1C AD A9 F0 8D 59 17
06B6D1,4,99 13 00 C2 20 A9 E6 B6 99 16 00 E2 20 A9 06 99
1FCB29,4,4C 5D CB 49 FF 1A 0A 8D 02 42 AD F6 15 30 07 8D
06B6D4,4,C2 20 A9 E6 B6 99 16 00 E2 20 A9 06 99 18 00 9B
1FCB64,4,0A 8D 02 42 AD F5 15 30 30 8D 03 42 EA EA EA EA
1FCB5D,4,AA 86 0A A5 90 30 16 0A 8D 02 42 AD F5 15 30 30
1FCB5E,4,86 0A A5 90 30 16 0A 8D 02 42 AD F5 15 30 30 8D
06B6CF,4,A9 80 99 13 00 C2 20 A9 E6 B6 99 16 00 E2 20 A9
06B6CB,4,22 D9 DA 1F A9 80 99 13 00 C2 20 A9 E6 B6 99 16
1FCB60,4,A5 90 30 16 0A 8D 02 42 AD F5 15 30 30 8D 03 42
1FCA94,4,A5 90 30 16 0A 8D 02 42 AD F6 15 30 30 8D 03 42
1FCA99,4,8D 02 42 AD F6 15 30 30 8D 03 42 EA EA EA EA AD
1FCA90,4,1A 8D C4 15 A5 90 30 16 0A 8D 02 42 AD F6 15 30
1FC9DA,4,A9 00 38 ED 17 42 AA 86 04 A5 90 30 16 0A 8D 02
1FC9D9,4,EA A9 00 38 ED 17 42 AA 86 04 A5 90 30 16 0A 8D
03B6CA,4,8D 4D 1F A9 48 8D 4E 1F 4C 85 B7 A9 49 8D 4A 1F
1FC9D8,4,EA EA A9 00 38 ED 17 42 AA 86 04 A5 90 30 16 0A
06B551,4,60 A9 02 99 09 00 B9 2E 00 09 02 99 2E 00 22 01
06B5D4,4,0A 0A 85 04 A5 0A 0A 0A 85 0A AD C4 15 0A 0A 8D
03B7E2,4,4C A3 B7 08 48 E2 20 AD D1 1F D0 22 AD D3 14 29
06B5D5,4,0A 85 04 A5 0A 0A 0A 85 0A AD C4 15 0A 0A 8D C4
1FC9DC,4,38 ED 17 42 AA 86 04 A5 90 30 16 0A 8D 02 42 AD
06B623,4,95 12 22 84 D0 1F 49 FF 1A 18 6D 4D 15 95 13 DA
06B5C5,4,AD C4 15 85 90 B5 13 22 7B C9 1F C2 20 A5 04 0A
1FC9D2,4,49 FF 1A 8D 03 42 EA EA A9 00 38 ED 17 42 AA 86
03B6BE,4,A9 45 8D 4B 1F A9 46 8D 4C 1F A9 47 8D 4D 1F A9
06B5C8,4,85 90 B5 13 22 7B C9 1F C2 20 A5 04 0A 0A 85 04
1FC9D5,4,8D 03 42 EA EA A9 00 38 ED 17 42 AA 86 04 A5 90
1FC9D4,4,1A 8D 03 42 EA EA A9 00 38 ED 17 42 AA 86 04 A5
06B544,4,C9 00 D0 04 5C 51 B5 06 A9 3C 99 15 00 60 A9 02
06B541,4,AD FF 1F C9 00 D0 04 5C 51 B5 06 A9 3C 99 15 00
06B546,4,D0 04 5C 51 B5 06 A9 3C 99 15 00 60 A9 02 99 09
06B5FA,4,65 0A 99 0E 00 E2 20 DA AE 4F 15 F0 30 C2 20 B5
03B7DE,4,22 E5 B7 03 4C A3 B7 08 48 E2 20 AD D1 1F D0 22
06B554,4,99 09 00 B9 2E 00 09 02 99 2E 00 22 01 DB 1F A9
06B5C3,4,85 08 AD C4 15 85 90 B5 13 22 7B C9 1F C2 20 A5
06B5F1,4,6D C4 15 99 10 00 B5 0E 18 65 0A 99 0E 00 E2 20
06B5F4,4,99 10 00 B5 0E 18 65 0A 99 0E 00 E2 20 DA AE 4F
06B635,4,80 14 B9 12 00 18 6D 4E 15 99 12 00 B9 13 00 18
06B5F0,4,18 6D C4 15 99 10 00 B5 0E 18 65 0A 99 0E 00 E2
06B605,4,F0 30 C2 20 B5 0C 85 04 B5 0E 85 0A B5 10 8D C4
06B5EE,4,B5 10 18 6D C4 15 99 10 00 B5 0E 18 65 0A 99 0E
06B557,4,B9 2E 00 09 02 99 2E 00 22 01 DB 1F A9 00 99 14
1FC9DD,4,ED 17 42 AA 86 04 A5 90 30 16 0A 8D 02 42 AD F5
06B634,4,7A 80 14 B9 12 00 18 6D 4E 15 99 12 00 B9 13 00
1FCB23,4,EA EA EA AD 17 42 4C 5D CB 49 FF 1A 0A 8D 02 42
06B625,4,22 84 D0 1F 49 FF 1A 18 6D 4D 15 95 13 DA BB 7A
06B5D6,4,85 04 A5 0A 0A 0A 85 0A AD C4 15 0A 0A 8D C4 15
1FCA91,4,8D C4 15 A5 90 30 16 0A 8D 02 42 AD F6 15 30 30
1FC9E1,4,86 04 A5 90 30 16 0A 8D 02 42 AD F5 15 30 30 8D
06B5D2,4,A5 04 0A 0A 85 04 A5 0A 0A 0A 85 0A AD C4 15 0A
06B632,4,DA BB 7A 80 14 B9 12 00 18 6D 4E 15 99 12 00 B9
1FCB26,4,AD 17 42 4C 5D CB 49 FF 1A 0A 8D 02 42 AD F6 15
1FC9E0,4,AA 86 04 A5 90 30 16 0A 8D 02 42 AD F5 15 30 30
06B5BF,4,85 02 A5 0A 85 08 AD C4 15 85 90 B5 13 22 7B C9
06B5CA,4,B5 13 22 7B C9 1F C2 20 A5 04 0A 0A 85 04 A5 0A
06B5FC,4,99 0E 00 E2 20 DA AE 4F 15 F0 30 C2 20 B5 0C 85
1FC984,4,AA A9 00 48 AB BD E5 98 8D F6 15 BD A5 98 8D F5
1FC983,4,1A AA A9 00 48 AB BD E5 98 8D F6 15 BD A5 98 8D
1FC981,4,49 FF 1A AA A9 00 48 AB BD E5 98 8D F6 15 BD A5
1FC97F,4,E2 10 49 FF 1A AA A9 00 48 AB BD E5 98 8D F6 15
06B60D,4,B5 0E 85 0A B5 10 8D C4 15 E2 20 DA BB 7A 22 5C
1FC987,4,48 AB BD E5 98 8D F6 15 BD A5 98 8D F5 15 A5 02
1FC985,4,A9 00 48 AB BD E5 98 8D F6 15 BD A5 98 8D F5 15
7E4FB5,4,82 E5 02 B4 04 8C 05 1F A4 78 9C FB 1E 64 F7 C2
1FC988,4,AB BD E5 98 8D F6 15 BD A5 98 8D F5 15 A5 02 30
06B69A,4,F5 10 10 04 49 FF FF 1A C9 E8 03 E2 20 10 04 5C
1FC97D,4,08 8B E2 10 49 FF 1A AA A9 00 48 AB BD E5 98 8D
06B5D0,4,C2 20 A5 04 0A 0A 85 04 A5 0A 0A 0A 85 0A AD C4
06B602,4,AE 4F 15 F0 30 C2 20 B5 0C 85 04 B5 0E 85 0A B5
06B607,4,C2 20 B5 0C 85 04 B5 0E 85 0A B5 10 8D C4 15 E2
1FC97E,4,8B E2 10 49 FF 1A AA A9 00 48 AB BD E5 98 8D F6
1FC97B,4,5A DA 08 8B E2 10 49 FF 1A AA A9 00 48 AB BD E5
1FC97C,4,DA 08 8B E2 10 49 FF 1A AA A9 00 48 AB BD E5 98
06B601,4,DA AE 4F 15 F0 30 C2 20 B5 0C 85 04 B5 0E 85 0A
06B60B,4,85 04 B5 0E 85 0A B5 10 8D C4 15 E2 20 DA BB 7A
06B5CC,4,22 7B C9 1F C2 20 A5 04 0A 0A 85 04 A5 0A 0A 0A
1FC989,4,BD E5 98 8D F6 15 BD A5 98 8D F5 15 A5 02 30 16
1FC98F,4,BD A5 98 8D F5 15 A5 02 30 16 0A 8D 02 42 AD F6
1FC99A,4,8D 02 42 AD F6 15 30 30 8D 03 42 EA EA EA EA AD
06B61A,4,7A 22 5C D0 1F 18 6D 4E 15 95 12 22 84 D0 1F 49
04A08E,4,18 69 4A 1C 18 6D 59 17 A8 28 60 AD AD F0 0D AD
7E5770,4,09 80 99 1D 00 96 1B B5 35 0D FB 1E 95 35 FA 4C
06B65F,4,94 19 60 DA BB AC 3A 12 C2 20 A9 AD B0 8D 42 15
1FC99D,4,AD F6 15 30 30 8D 03 42 EA EA EA EA AD 17 42 4C
06B61B,4,22 5C D0 1F 18 6D 4E 15 95 12 22 84 D0 1F 49 FF
06B5A4,4,B5 14 22 78 CC 1F A5 04 85 02 A5 0A 85 08 AD C4
1FC98C,4,8D F6 15 BD A5 98 8D F5 15 A5 02 30 16 0A 8D 02
06B618,4,DA BB 7A 22 5C D0 1F 18 6D 4E 15 95 12 22 84 D0
1FC997,4,30 16 0A 8D 02 42 AD F6 15 30 30 8D 03 42 EA EA
06B60F,4,85 0A B5 10 8D C4 15 E2 20 DA BB 7A 22 5C D0 1F
1FC992,4,8D F5 15 A5 02 30 16 0A 8D 02 42 AD F6 15 30 30
06B616,4,E2 20 DA BB 7A 22 5C D0 1F 18 6D 4E 15 95 12 22
1FC995,4,A5 02 30 16 0A 8D 02 42 AD F6 15 30 30 8D 03 42
06B611,4,B5 10 8D C4 15 E2 20 DA BB 7A 22 5C D0 1F 18 6D
04A08F,4,69 4A 1C 18 6D 59 17 A8 28 60 AD AD F0 0D AD F0
06B613,4,8D C4 15 E2 20 DA BB 7A 22 5C D0 1F 18 6D 4E 15
068D16,4,6B B5 20 09 04 95 20 82 06 00 B5 20 29 FB 95 20
1FC9E3,4,A5 90 30 16 0A 8D 02 42 AD F5 15 30 30 8D 03 42
03B785,4,DA 5A 08 AC 3A 12 22 AB D0 1F C2 20 AD 52 12 C9
06B5B9,4,22 FB CA 1F A5 04 85 02 A5 0A 85 08 AD C4 15 85
06B55F,4,22 01 DB 1F A9 00 99 14 00 AD 47 15 85 02 85 04
1FCA31,4,65 04 85 04 89 80 F0 06 A9 FF 85 05 80 02 64 05
06B5E2,4,0A 8D C4 15 B5 0C 18 65 04 99 0C 00 B5 10 18 6D
1FCA33,4,85 04 89 80 F0 06 A9 FF 85 05 80 02 64 05 A5 02
06B5B5,4,85 90 B5 12 22 FB CA 1F A5 04 85 02 A5 0A 85 08
06B5B7,4,B5 12 22 FB CA 1F A5 04 85 02 A5 0A 85 08 AD C4
1FCA35,4,89 80 F0 06 A9 FF 85 05 80 02 64 05 A5 02 30 16
1FCC77,4,6B 5A DA 08 8B E2 10 AA A9 00 48 AB BD E5 98 8D
1FCA30,4,18 65 04 85 04 89 80 F0 06 A9 FF 85 05 80 02 64
06B5E3,4,8D C4 15 B5 0C 18 65 04 99 0C 00 B5 10 18 6D C4
1FCA58,4,4C 8C CA 49 FF 1A 0A 8D 02 42 AD F5 15 30 07 8D
03B788,4,AC 3A 12 22 AB D0 1F C2 20 AD 52 12 C9 D0 07 90
1FCA2F,4,8A 18 65 04 85 04 89 80 F0 06 A9 FF 85 05 80 02
03B787,4,08 AC 3A 12 22 AB D0 1F C2 20 AD 52 12 C9 D0 07
1FC9FA,4,4C 2E CA 49 FF 1A 0A 8D 02 42 AD F5 15 30 07 8D
03B786,4,5A 08 AC 3A 12 22 AB D0 1F C2 20 AD 52 12 C9 D0
1FCA2E,4,AA 8A 18 65 04 85 04 89 80 F0 06 A9 FF 85 05 80
1FCA55,4,AD 17 42 4C 8C CA 49 FF 1A 0A 8D 02 42 AD F5 15
1FCC76,4,FA 6B 5A DA 08 8B E2 10 AA A9 00 48 AB BD E5 98
1FCA37,4,F0 06 A9 FF 85 05 80 02 64 05 A5 02 30 16 0A 8D
1FCA52,4,EA EA EA AD 17 42 4C 8C CA 49 FF 1A 0A 8D 02 42
1FCA51,4,EA EA EA EA AD 17 42 4C 8C CA 49 FF 1A 0A 8D 02
1FCA4E,4,8D 03 42 EA EA EA EA AD 17 42 4C 8C CA 49 FF 1A
1FCA4C,4,30 30 8D 03 42 EA EA EA EA AD 17 42 4C 8C CA 49
1FCC75,4,7A FA 6B 5A DA 08 8B E2 10 AA A9 00 48 AB BD E5
06B64F,4,99 22 00 B9 13 00 99 23 00 B5 15 99 24 00 96 19
1FCA53,4,EA EA AD 17 42 4C 8C CA 49 FF 1A 0A 8D 02 42 AD
1FCA54,4,EA AD 17 42 4C 8C CA 49 FF 1A 0A 8D 02 42 AD F5
1FCC74,4,28 7A FA 6B 5A DA 08 8B E2 10 AA A9 00 48 AB BD
1FCA49,4,AD F5 15 30 30 8D 03 42 EA EA EA EA AD 17 42 4C
1FCA45,4,0A 8D 02 42 AD F5 15 30 30 8D 03 42 EA EA EA EA
06B5E1,4,0A 0A 8D C4 15 B5 0C 18 65 04 99 0C 00 B5 10 18
06B5B2,4,AD C4 15 85 90 B5 12 22 FB CA 1F A5 04 85 02 A5
1FCA46,4,8D 02 42 AD F5 15 30 30 8D 03 42 EA EA EA EA AD
06B5B0,4,85 08 AD C4 15 85 90 B5 12 22 FB CA 1F A5 04 85
1FCA41,4,A5 02 30 16 0A 8D 02 42 AD F5 15 30 30 8D 03 42
1FCA3F,4,64 05 A5 02 30 16 0A 8D 02 42 AD F5 15 30 30 8D
1FCA43,4,30 16 0A 8D 02 42 AD F5 15 30 30 8D 03 42 EA EA
03B78B,4,22 AB D0 1F C2 20 AD 52 12 C9 D0 07 90 0E C9 7E
1FC9F7,4,AD 17 42 4C 2E CA 49 FF 1A 0A 8D 02 42 AD F5 15
03B791,4,AD 52 12 C9 D0 07 90 0E C9 7E 04 90 33 C9 4E 0C
06B5D8,4,A5 0A 0A 0A 85 0A AD C4 15 0A 0A 8D C4 15 B5 0C
03B7AD,4,30 0D C9 AA 00 90 15 E2 20 AD 4A 1F 4C DE B7 C9
1FC9F0,4,8D 03 42 EA EA EA EA AD 17 42 4C 2E CA 49 FF 1A
1FCA8D,4,8A 49 FF 1A 8D C4 15 A5 90 30 16 0A 8D 02 42 AD
03B7AB,4,F5 0C 30 0D C9 AA 00 90 15 E2 20 AD 4A 1F 4C DE
1FC9F3,4,EA EA EA EA AD 17 42 4C 2E CA 49 FF 1A 0A 8D 02
03B7AA,4,38 F5 0C 30 0D C9 AA 00 90 15 E2 20 AD 4A 1F 4C
03B7A7,4,AD F8 14 38 F5 0C 30 0D C9 AA 00 90 15 E2 20 AD
03B7A6,4,6B AD F8 14 38 F5 0C 30 0D C9 AA 00 90 15 E2 20
1FCA8E,4,49 FF 1A 8D C4 15 A5 90 30 16 0A 8D 02 42 AD F6
1FC9EE,4,30 30 8D 03 42 EA EA EA EA AD 17 42 4C 2E CA 49
03B7BC,4,C9 56 FF B0 08 E2 20 AD 4C 1F 4C DE B7 E2 20 AD
03B7BF,4,B0 08 E2 20 AD 4C 1F 4C DE B7 E2 20 AD 4B 1F 4C
06B5BD,4,A5 04 85 02 A5 0A 85 08 AD C4 15 85 90 B5 13 22
06B652,4,B9 13 00 99 23 00 B5 15 99 24 00 96 19 94 19 60
1FC9E5,4,30 16 0A 8D 02 42 AD F5 15 30 30 8D 03 42 EA EA
1FC9E8,4,8D 02 42 AD F5 15 30 30 8D 03 42 EA EA EA EA AD
1FC9E7,4,0A 8D 02 42 AD F5 15 30 30 8D 03 42 EA EA EA EA
1FC9EB,4,AD F5 15 30 30 8D 03 42 EA EA EA EA AD 17 42 4C
03B78F,4,C2 20 AD 52 12 C9 D0 07 90 0E C9 7E 04 90 33 C9
06B5E9,4,65 04 99 0C 00 B5 10 18 6D C4 15 99 10 00 B5 0E
03B7A4,4,7A FA 6B AD F8 14 38 F5 0C 30 0D C9 AA 00 90 15
06B55A,4,09 02 99 2E 00 22 01 DB 1F A9 00 99 14 00 AD 47
03B7A5,4,FA 6B AD F8 14 38 F5 0C 30 0D C9 AA 00 90 15 E2
1FC9F6,4,EA AD 17 42 4C 2E CA 49 FF 1A 0A 8D 02 42 AD F5
03B797,4,90 0E C9 7E 04 90 33 C9 4E 0C 90 36 28 7A FA 6B
06B61F,4,18 6D 4E 15 95 12 22 84 D0 1F 49 FF 1A 18 6D 4D
06B67F,4,C9 F4 01 E2 20 10 04 5C B7 B6 06 C2 20 A9 91 B0
06B55C,4,99 2E 00 22 01 DB 1F A9 00 99 14 00 AD 47 15 85
03B794,4,C9 D0 07 90 0E C9 7E 04 90 33 C9 4E 0C 90 36 28
06B5DB,4,0A 85 0A AD C4 15 0A 0A 8D C4 15 B5 0C 18 65 04
068D12,4,22 01 D5 1F 6B B5 20 09 04 95 20 82 06 00 B5 20
03B7A3,4,28 7A FA 6B AD F8 14 38 F5 0C 30 0D C9 AA 00 90
06B5E8,4,18 65 04 99 0C 00 B5 10 18 6D C4 15 99 10 00 B5
1FCA8C,4,AA 8A 49 FF 1A 8D C4 15 A5 90 30 16 0A 8D 02 42
1FC9F4,4,EA EA EA AD 17 42 4C 2E CA 49 FF 1A 0A 8D 02 42
06B5EB,4,99 0C 00 B5 10 18 6D C4 15 99 10 00 B5 0E 18 65
1FC9F5,4,EA EA AD 17 42 4C 2E CA 49 FF 1A 0A 8D 02 42 AD
06B5DC,4,85 0A AD C4 15 0A 0A 8D C4 15 B5 0C 18 65 04 99
7E568B,3,A5 3A 38 E5 6C 10 04 49 FF FF 1A 38 ED 52 12 30
7E5696,3,38 ED 52 12 30 03 4C CA 56 BD 0C 00 18 6D 5C 12
03F60B,3,99 18 00 BF 40 A8 00 C2 20 29 FF 00 0A AA BF 4B
03F5F8,3,29 FF 00 0A 0A AA BF 3D A8 00 99 16 00 E2 20 BF
03B38F,3,C2 20 AD F8 14 38 F5 0C 30 0E C9 50 00 90 17 E2
03F5FE,3,BF 3D A8 00 99 16 00 E2 20 BF 3F A8 00 99 18 00
03F5FD,3,AA BF 3D A8 00 99 16 00 E2 20 BF 3F A8 00 99 18
7E5690,3,10 04 49 FF FF 1A 38 ED 52 12 30 03 4C CA 56 BD
7E568D,3,38 E5 6C 10 04 49 FF FF 1A 38 ED 52 12 30 03 4C
0685AE,3,6B B5 09 29 F7 95 09 5C B9 85 06 B5 2E 09 10 95
7E568E,3,E5 6C 10 04 49 FF FF 1A 38 ED 52 12 30 03 4C CA
03F602,3,99 16 00 E2 20 BF 3F A8 00 99 18 00 BF 40 A8 00
03F5F7,3,DA 29 FF 00 0A 0A AA BF 3D A8 00 99 16 00 E2 20
03F60E,3,BF 40 A8 00 C2 20 29 FF 00 0A AA BF 4B A6 00 99
03F68B,3,69 06 00 AA 60 BB BD 01 80 29 FF 00 0A 0A 8D FD
7E5685,3,6D 5A 12 8D 52 12 A5 3A 38 E5 6C 10 04 49 FF FF
03F261,3,E8 E8 4C 6F ED BB DA AE F9 16 D0 04 FA 4C 80 F2
7E5697,3,ED 52 12 30 03 4C CA 56 BD 0C 00 18 6D 5C 12 8D
03F263,3,4C 6F ED BB DA AE F9 16 D0 04 FA 4C 80 F2 FA BD
03F5C9,3,80 03 29 FF 00 0A 0A 99 0E 00 BD 04 80 29 FF 00
03F252,3,18 6D F9 16 A8 E2 20 BD 03 80 99 00 00 E8 E8 E8
03F257,3,E2 20 BD 03 80 99 00 00 E8 E8 E8 E8 4C 6F ED BB
03F24E,3,FA BD 01 80 18 6D F9 16 A8 E2 20 BD 03 80 99 00
069F8E,3,A9 02 80 06 C9 FE 30 02 A9 FE C9 80 6A 10 02 69
03F5C6,3,09 00 FF 80 03 29 FF 00 0A 0A 99 0E 00 BD 04 80
0BD3F9,3,09 20 95 1F 80 0F B5 1F 29 DF 95 1F 9C 97 15 9C
03F621,3,80 2C BD 05 80 DA 29 FF 00 0A AA BF 4B A6 00 99
03F65C,3,4C 6F ED 8E FF 16 60 C2 20 A2 00 00 8E F9 16 FA
0BD3FD,3,80 0F B5 1F 29 DF 95 1F 9C 97 15 9C 98 15 9C 99
0BD3F1,3,B5 1D 09 02 95 1D B5 1F 09 20 95 1F 80 0F B5 1F
0BD3F5,3,95 1D B5 1F 09 20 95 1F 80 0F B5 1F 29 DF 95 1F
0BD3F3,3,09 02 95 1D B5 1F 09 20 95 1F 80 0F B5 1F 29 DF
0BD3F7,3,B5 1F 09 20 95 1F 80 0F B5 1F 29 DF 95 1F 9C 97
7E5688,3,8D 52 12 A5 3A 38 E5 6C 10 04 49 FF FF 1A 38 ED
069F90,3,80 06 C9 FE 30 02 A9 FE C9 80 6A 10 02 69 00 18
03F244,3,DA AE F9 16 D0 04 FA 4C 5F F2 FA BD 01 80 18 6D
03F61D,3,99 04 00 FA 80 2C BD 05 80 DA 29 FF 00 0A AA BF
0BD3ED,3,5C 0E D4 0B B5 1D 09 02 95 1D B5 1F 09 20 95 1F
0499CF,3,1A E2 20 C2 20 8D A9 F0 BD F8 1C 22 CB FB 0A 9D
03F619,3,BF 4B A6 00 99 04 00 FA 80 2C BD 05 80 DA 29 FF
03F617,3,0A AA BF 4B A6 00 99 04 00 FA 80 2C BD 05 80 DA
7E5681,3,BD 0A 00 18 6D 5A 12 8D 52 12 A5 3A 38 E5 6C 10
7E5684,3,18 6D 5A 12 8D 52 12 A5 3A 38 E5 6C 10 04 49 FF
03F248,3,D0 04 FA 4C 5F F2 FA BD 01 80 18 6D F9 16 A8 E2
0BD3FB,3,95 1F 80 0F B5 1F 29 DF 95 1F 9C 97 15 9C 98 15
7E569A,3,30 03 4C CA 56 BD 0C 00 18 6D 5C 12 8D 52 12 A5
03F68A,3,18 69 06 00 AA 60 BB BD 01 80 29 FF 00 0A 0A 8D
03F5F4,3,BD 05 80 DA 29 FF 00 0A 0A AA BF 3D A8 00 99 16
0499CE,3,1A 1A E2 20 C2 20 8D A9 F0 BD F8 1C 22 CB FB 0A
03F68E,3,AA 60 BB BD 01 80 29 FF 00 0A 0A 8D FD 16 DA AE
0499CC,3,B5 28 1A 1A E2 20 C2 20 8D A9 F0 BD F8 1C 22 CB
0499CA,3,C2 20 B5 28 1A 1A E2 20 C2 20 8D A9 F0 BD F8 1C
7E53AB,3,AA E2 20 BD 02 00 F0 2E 3A 85 02 DA BB BF E7 1C
0483B1,3,18 69 04 00 95 28 E2 20 4C 5F 80 A9 00 95 24 E2
04A366,3,BB BF 01 A4 04 7A FA 60 DA 5A B4 28 BB BF 02 A4
7E56D3,3,E2 20 AD FA 1E F0 29 DA A6 76 B5 1D 09 80 95 1D
09F8D4,3,6B AC 3A 12 C2 20 B5 10 18 69 E8 03 95 10 E2 20
09F8D0,3,22 01 D5 1F 6B AC 3A 12 C2 20 B5 10 18 69 E8 03
7E53AA,3,68 AA E2 20 BD 02 00 F0 2E 3A 85 02 DA BB BF E7
0499FC,3,E2 20 4C D5 83 C2 20 B5 28 18 69 03 00 E2 20 C2
0499FE,3,4C D5 83 C2 20 B5 28 18 69 03 00 E2 20 C2 20 8D
03F689,3,8A 18 69 06 00 AA 60 BB BD 01 80 29 FF 00 0A 0A
0689D1,3,22 AB D0 1F C2 20 AD 52 12 C9 E8 03 90 1D C9 D0
0689D7,3,AD 52 12 C9 E8 03 90 1D C9 D0 07 90 0C E2 20 A9
04A36D,3,60 DA 5A B4 28 BB BF 02 A4 04 7A FA 60 DA 5A B4
0689D5,3,C2 20 AD 52 12 C9 E8 03 90 1D C9 D0 07 90 0C E2
0689DD,3,90 1D C9 D0 07 90 0C E2 20 A9 26 22 E5 B7 03 5C
0689DA,3,C9 E8 03 90 1D C9 D0 07 90 0C E2 20 A9 26 22 E5
03B391,3,AD F8 14 38 F5 0C 30 0E C9 50 00 90 17 E2 20 A9
03F243,3,BB DA AE F9 16 D0 04 FA 4C 5F F2 FA BD 01 80 18
0689CE,3,AC 3A 12 22 AB D0 1F C2 20 AD 52 12 C9 E8 03 90
0499F9,3,9D F8 1C E2 20 4C D5 83 C2 20 B5 28 18 69 03 00
0689BF,3,8D C7 14 22 3A D2 1F 7A B5 1D 09 02 95 1D 5A AC
0689FC,3,E2 20 A9 24 22 E5 B7 03 7A 5C 25 DC 1F B4 1B C2
03F605,3,E2 20 BF 3F A8 00 99 18 00 BF 40 A8 00 C2 20 29
03F620,3,FA 80 2C BD 05 80 DA 29 FF 00 0A AA BF 4B A6 00
0689BD,3,A9 0A 8D C7 14 22 3A D2 1F 7A B5 1D 09 02 95 1D
0689CD,3,5A AC 3A 12 22 AB D0 1F C2 20 AD 52 12 C9 E8 03
0689C2,3,22 3A D2 1F 7A B5 1D 09 02 95 1D 5A AC 3A 12 22
09F8F0,3,5C D0 F8 09 C2 20 B5 10 38 E9 E8 03 95 10 E2 20
0499F2,3,BD F8 1C 22 CB FB 0A 9D F8 1C E2 20 4C D5 83 C2
0689C6,3,7A B5 1D 09 02 95 1D 5A AC 3A 12 22 AB D0 1F C2
0689CB,3,95 1D 5A AC 3A 12 22 AB D0 1F C2 20 AD 52 12 C9
03F618,3,AA BF 4B A6 00 99 04 00 FA 80 2C BD 05 80 DA 29
0689C9,3,09 02 95 1D 5A AC 3A 12 22 AB D0 1F C2 20 AD 52
03F5FB,3,0A 0A AA BF 3D A8 00 99 16 00 E2 20 BF 3F A8 00
04A362,3,DA 5A B4 28 BB BF 01 A4 04 7A FA 60 DA 5A B4 28
04A364,3,B4 28 BB BF 01 A4 04 7A FA 60 DA 5A B4 28 BB BF
0685A3,3,A9 00 00 95 16 E2 20 A9 00 95 18 6B B5 09 29 F7
0685A6,3,95 16 E2 20 A9 00 95 18 6B B5 09 29 F7 95 09 5C
0685A1,3,C2 20 A9 00 00 95 16 E2 20 A9 00 95 18 6B B5 09
068A04,3,7A 5C 25 DC 1F B4 1B C2 20 B9 04 00 D5 04 E2 20
03B7CE,3,4C DE B7 E2 20 AD 4D 1F 4C DE B7 E2 20 AD 4E 1F
068A00,3,22 E5 B7 03 7A 5C 25 DC 1F B4 1B C2 20 B9 04 00
0685A8,3,E2 20 A9 00 95 18 6B B5 09 29 F7 95 09 5C B9 85
03F7FB,3,8E FF 16 60 C2 20 9C F9 16 68 18 69 0B 00 AA AD
03F245,3,AE F9 16 D0 04 FA 4C 5F F2 FA BD 01 80 18 6D F9
03F7FE,3,60 C2 20 9C F9 16 68 18 69 0B 00 AA AD FD 16 D0
7E56D5,3,AD FA 1E F0 29 DA A6 76 B5 1D 09 80 95 1D 94 1B
068A05,3,5C 25 DC 1F B4 1B C2 20 B9 04 00 D5 04 E2 20 D0
0685AA,3,A9 00 95 18 6B B5 09 29 F7 95 09 5C B9 85 06 B5
04A363,3,5A B4 28 BB BF 01 A4 04 7A FA 60 DA 5A B4 28 BB
04A36B,3,7A FA 60 DA 5A B4 28 BB BF 02 A4 04 7A FA 60 DA
06859D,3,A9 08 95 2B C2 20 A9 00 00 95 16 E2 20 A9 00 95
04A367,3,BF 01 A4 04 7A FA 60 DA 5A B4 28 BB BF 02 A4 04
03F607,3,BF 3F A8 00 99 18 00 BF 40 A8 00 C2 20 29 FF 00
03F253,3,6D F9 16 A8 E2 20 BD 03 80 99 00 00 E8 E8 E8 E8
03F614,3,29 FF 00 0A AA BF 4B A6 00 99 04 00 FA 80 2C BD
04A36C,3,FA 60 DA 5A B4 28 BB BF 02 A4 04 7A FA 60 DA 5A
06859F,3,95 2B C2 20 A9 00 00 95 16 E2 20 A9 00 95 18 6B
068599,3,A9 FF 95 2A A9 08 95 2B C2 20 A9 00 00 95 16 E2
7E56D8,3,F0 29 DA A6 76 B5 1D 09 80 95 1D 94 1B B9 1D 00
03F24F,3,BD 01 80 18 6D F9 16 A8 E2 20 BD 03 80 99 00 00
03B7C9,3,E2 20 AD 4B 1F 4C DE B7 E2 20 AD 4D 1F 4C DE B7
0689FE,3,A9 24 22 E5 B7 03 7A 5C 25 DC 1F B4 1B C2 20 B9
06859B,3,95 2A A9 08 95 2B C2 20 A9 00 00 95 16 E2 20 A9
03B7CB,3,AD 4B 1F 4C DE B7 E2 20 AD 4D 1F 4C DE B7 E2 20
0689BB,3,85 02 A9 0A 8D C7 14 22 3A D2 1F 7A B5 1D 09 02
0689C7,3,B5 1D 09 02 95 1D 5A AC 3A 12 22 AB D0 1F C2 20
0685AC,3,95 18 6B B5 09 29 F7 95 09 5C B9 85 06 B5 2E 09
0499DA,3,22 CB FB 0A 9D F8 1C E2 20 C2 20 20 4A A3 29 FF
1FD0EE,3,A5 02 18 6D 52 12 85 02 0A 0A 85 08 A5 02 C9 00
0689A7,3,95 1D B5 1F 29 20 F0 04 5C 05 8A 06 5A B4 1B F0
0689A5,3,29 7F 95 1D B5 1F 29 20 F0 04 5C 05 8A 06 5A B4
0499D4,3,8D A9 F0 BD F8 1C 22 CB FB 0A 9D F8 1C E2 20 C2
0499D7,3,BD F8 1C 22 CB FB 0A 9D F8 1C E2 20 C2 20 20 4A
0499D2,3,C2 20 8D A9 F0 BD F8 1C 22 CB FB 0A 9D F8 1C E2
0499DE,3,9D F8 1C E2 20 C2 20 20 4A A3 29 FF 00 E2 20 C2
0499E3,3,C2 20 20 4A A3 29 FF 00 E2 20 C2 20 8D A9 F0 BD
0499EF,3,8D A9 F0 BD F8 1C 22 CB FB 0A 9D F8 1C E2 20 4C
03B387,3,E2 20 B5 20 09 02 95 20 C2 20 AD F8 14 38 F5 0C
0689A9,3,B5 1F 29 20 F0 04 5C 05 8A 06 5A B4 1B F0 0E B9
0499ED,3,C2 20 8D A9 F0 BD F8 1C 22 CB FB 0A 9D F8 1C E2
7E5703,3,4C 82 57 BD CC 2E 18 6D 5E 12 8D 52 12 A5 3E 38
0499EB,3,E2 20 C2 20 8D A9 F0 BD F8 1C 22 CB FB 0A 9D F8
03F260,3,E8 E8 E8 4C 6F ED BB DA AE F9 16 D0 04 FA 4C 80
0499D0,3,E2 20 C2 20 8D A9 F0 BD F8 1C 22 CB FB 0A 9D F8
0483B7,3,E2 20 4C 5F 80 A9 00 95 24 E2 20 C2 20 B5 28 18
0499F5,3,22 CB FB 0A 9D F8 1C E2 20 4C D5 83 C2 20 B5 28
03F25C,3,99 00 00 E8 E8 E8 E8 4C 6F ED BB DA AE F9 16 D0
03F256,3,A8 E2 20 BD 03 80 99 00 00 E8 E8 E8 E8 4C 6F ED
0499E5,3,20 4A A3 29 FF 00 E2 20 C2 20 8D A9 F0 BD F8 1C
03F259,3,BD 03 80 99 00 00 E8 E8 E8 E8 4C 6F ED BB DA AE
0499E1,3,E2 20 C2 20 20 4A A3 29 FF 00 E2 20 C2 20 8D A9
0483B9,3,4C 5F 80 A9 00 95 24 E2 20 C2 20 B5 28 18 69 03
03F25F,3,E8 E8 E8 E8 4C 6F ED BB DA AE F9 16 D0 04 FA 4C
0483AB,3,E2 20 C2 20 B5 28 18 69 04 00 95 28 E2 20 4C 5F
0689A3,3,B5 1D 29 7F 95 1D B5 1F 29 20 F0 04 5C 05 8A 06
0483B5,3,95 28 E2 20 4C 5F 80 A9 00 95 24 E2 20 C2 20 B5
03F68F,3,60 BB BD 01 80 29 FF 00 0A 0A 8D FD 16 DA AE 1F
0483B2,3,69 04 00 95 28 E2 20 4C 5F 80 A9 00 95 24 E2 20
0483AD,3,C2 20 B5 28 18 69 04 00 95 28 E2 20 4C 5F 80 A9
0483AF,3,B5 28 18 69 04 00 95 28 E2 20 4C 5F 80 A9 00 95
03B389,3,B5 20 09 02 95 20 C2 20 AD F8 14 38 F5 0C 30 0E
0499E8,3,29 FF 00 E2 20 C2 20 8D A9 F0 BD F8 1C 22 CB FB
0689AB,3,29 20 F0 04 5C 05 8A 06 5A B4 1B F0 0E B9 2B 00
03F612,3,C2 20 29 FF 00 0A AA BF 4B A6 00 99 04 00 FA 80
0684FF,3,D0 06 22 EA FD 02 80 08 C9 02 D0 04 22 4A FE 02
03F262,3,E8 4C 6F ED BB DA AE F9 16 D0 04 FA 4C 80 F2 FA
02F94A,3,09 00 FF 80 03 29 FF 00 18 6D F8 14 18 6D E8 14
02F94D,3,80 03 29 FF 00 18 6D F8 14 18 6D E8 14 85 C1 AD
03B38B,3,09 02 95 20 C2 20 AD F8 14 38 F5 0C 30 0E C9 50
03F5FC,3,0A AA BF 3D A8 00 99 16 00 E2 20 BF 3F A8 00 99
068507,3,C9 02 D0 04 22 4A FE 02 CE 29 15 80 0E E2 20 AD
0689B4,3,B4 1B F0 0E B9 2B 00 85 02 A9 0A 8D C7 14 22 3A
068512,3,80 0E E2 20 AD C3 14 29 BF 8D C3 14 E2 20 C2 10
068509,3,D0 04 22 4A FE 02 CE 29 15 80 0E E2 20 AD C3 14
06850F,3,CE 29 15 80 0E E2 20 AD C3 14 29 BF 8D C3 14 E2
0689B6,3,F0 0E B9 2B 00 85 02 A9 0A 8D C7 14 22 3A D2 1F
0689B8,3,B9 2B 00 85 02 A9 0A 8D C7 14 22 3A D2 1F 7A B5
03B397,3,30 0E C9 50 00 90 17 E2 20 A9 6D 22 E5 B7 03 60
0684FA,3,AD 29 15 C9 04 D0 06 22 EA FD 02 80 08 C9 02 D0
0684FD,3,C9 04 D0 06 22 EA FD 02 80 08 C9 02 D0 04 22 4A
0689AD,3,F0 04 5C 05 8A 06 5A B4 1B F0 0E B9 2B 00 85 02
03B395,3,F5 0C 30 0E C9 50 00 90 17 E2 20 A9 6D 22 E5 B7
0684E6,3,5C FA 84 06 AD 29 15 C9 02 D0 04 22 1A FE 02 CE
0689B3,3,5A B4 1B F0 0E B9 2B 00 85 02 A9 0A 8D C7 14 22
03B38D,3,95 20 C2 20 AD F8 14 38 F5 0C 30 0E C9 50 00 90
03B394,3,38 F5 0C 30 0E C9 50 00 90 17 E2 20 A9 6D 22 E5
0BB3D4,2,10 04 5C E2 B3 0B A9 04 22 E5 B7 03 80 06 A9 08
08B323,2,5C 72 B3 08 B5 15 85 7E B5 13 8D A9 15 B5 12 8D
0BB4C5,2,8D 61 15 E2 20 C2 20 A9 AF B3 9F D3 1C 7E E2 20
06A08B,2,94 06 22 D9 DA 1F C2 20 A9 60 8D 99 16 00 E2 20
02FE39,2,A9 27 95 06 74 01 A9 07 95 02 95 03 74 00 FA 28
08B381,2,09 08 95 09 B5 13 85 3A A9 00 22 BD D8 1F 95 13
03F682,2,8A 18 69 07 00 AA 60 8A 18 69 06 00 AA 60 BB BD
0BB3AF,2,A9 02 8D 29 15 A9 01 8D 2A 15 B4 1B AD D9 14 29
02FE49,2,6B 08 E2 20 C2 10 DA E2 20 C2 10 AD C3 14 09 40
02FE33,2,74 04 A9 02 95 05 A9 27 95 06 74 01 A9 07 95 02
0BB3C6,2,C0 00 00 D0 04 5C E2 B3 0B B9 2B 00 C9 08 10 04
0BB4CA,2,C2 20 A9 AF B3 9F D3 1C 7E E2 20 A9 0B 9F D5 1C
1FC1E6,2,10 01 CA 86 03 A5 7E 30 15 0A 8D 02 42 A5 7B 30
1FC1E9,2,86 03 A5 7E 30 15 0A 8D 02 42 A5 7B 30 2F 8D 03
1FC196,2,A5 7E 30 15 0A 8D 02 42 A5 7A 30 2F 8D 03 42 EA
02FE29,2,8D C3 14 A2 B3 14 E2 20 C2 10 74 04 A9 02 95 05
08B393,2,5C A1 B3 08 B5 12 18 69 FF 95 12 82 86 FF C2 20
02FE1B,2,E2 20 C2 10 DA E2 20 C2 10 AD C3 14 09 40 8D C3
1FC8A0,2,85 3A 86 3C B4 00 BB D0 DA B4 00 8C CC 14 A4 3C
03F63C,2,0A AA BF 3D A8 00 99 16 00 E2 20 BF 3F A8 00 99
1FC1EB,2,A5 7E 30 15 0A 8D 02 42 A5 7B 30 2F 8D 03 42 EA
08B3A3,2,A9 AE B3 95 16 E2 20 A9 08 95 18 AC 3A 12 C2 20
02FE35,2,A9 02 95 05 A9 27 95 06 74 01 A9 07 95 02 95 03
02FE37,2,95 05 A9 27 95 06 74 01 A9 07 95 02 95 03 74 00
0BAD25,2,AE 69 15 94 1B AD D9 14 29 02 F0 04 5C 4F AD 0B
0BB402,2,AD 33 12 18 69 F8 8D 33 12 80 21 AD 33 12 18 69
02FE3F,2,A9 07 95 02 95 03 74 00 FA 28 6B 08 E2 20 C2 10
06A077,2,E2 20 22 4B D5 1F B0 04 5C A8 A0 06 B9 1F 00 29
02FE3D,2,74 01 A9 07 95 02 95 03 74 00 FA 28 6B 08 E2 20
1FC1EF,2,0A 8D 02 42 A5 7B 30 2F 8D 03 42 EA EA EA EA AD
1FC23B,2,10 01 CA 86 91 C2 10 A6 76 A4 78 AB 6B B5 15 85
06A074,2,8D C7 14 E2 20 22 4B D5 1F B0 04 5C A8 A0 06 B9
0BB47A,2,8D C7 14 E2 20 22 4B D5 1F B0 04 5C B1 B4 0B B9
03F63E,2,BF 3D A8 00 99 16 00 E2 20 BF 3F A8 00 99 18 00
06A079,2,22 4B D5 1F B0 04 5C A8 A0 06 B9 1F 00 29 F7 99
06A086,2,29 F7 99 1F 00 94 06 22 D9 DA 1F C2 20 A9 60 8D
0BB4B1,2,AD D8 14 89 10 F0 04 5C DF AC 0B 5C 18 AD 0B C2
03F63D,2,AA BF 3D A8 00 99 16 00 E2 20 BF 3F A8 00 99 18
02FE2C,2,A2 B3 14 E2 20 C2 10 74 04 A9 02 95 05 A9 27 95
03F637,2,DA 29 FF 00 0A 0A AA BF 3D A8 00 99 16 00 E2 20
06A07D,2,B0 04 5C A8 A0 06 B9 1F 00 29 F7 99 1F 00 94 06
06A091,2,C2 20 A9 60 8D 99 16 00 E2 20 A9 06 99 18 00 B9
1FC246,2,AB 6B B5 15 85 7E 64 03 64 09 64 91 86 76 84 78
06A06B,2,95 06 E2 20 C2 20 A9 A5 B2 8D C7 14 E2 20 22 4B
02FE41,2,95 02 95 03 74 00 FA 28 6B 08 E2 20 C2 10 DA E2
02FE48,2,28 6B 08 E2 20 C2 10 DA E2 20 C2 10 AD C3 14 09
02FE31,2,C2 10 74 04 A9 02 95 05 A9 27 95 06 74 01 A9 07
02FE43,2,95 03 74 00 FA 28 6B 08 E2 20 C2 10 DA E2 20 C2
08B372,2,C2 20 A9 85 B3 95 16 E2 20 A9 08 95 18 B5 09 09
02FE45,2,74 00 FA 28 6B 08 E2 20 C2 10 DA E2 20 C2 10 AD
02FE27,2,09 40 8D C3 14 A2 B3 14 E2 20 C2 10 74 04 A9 02
08B3AA,2,A9 08 95 18 AC 3A 12 C2 20 B9 10 00 38 F5 10 10
08B379,2,E2 20 A9 08 95 18 B5 09 09 08 95 09 B5 13 85 3A
03F638,2,29 FF 00 0A 0A AA BF 3D A8 00 99 16 00 E2 20 BF
02FE24,2,AD C3 14 09 40 8D C3 14 A2 B3 14 E2 20 C2 10 74
02FE2F,2,E2 20 C2 10 74 04 A9 02 95 05 A9 27 95 06 74 01
02FE22,2,C2 10 AD C3 14 09 40 8D C3 14 A2 B3 14 E2 20 C2
02FE20,2,E2 20 C2 10 AD C3 14 09 40 8D C3 14 A2 B3 14 E2
02FE1D,2,C2 10 DA E2 20 C2 10 AD C3 14 09 40 8D C3 14 A2
0BB3CF,2,B9 2B 00 C9 08 10 04 5C E2 B3 0B A9 04 22 E5 B7
06A09D,2,99 18 00 B9 1E 00 09 01 99 1E 00 C2 20 A9 B9 A0
06A0A5,2,99 1E 00 C2 20 A9 B9 A0 9F D0 1C 7E E2 20 A9 06
1FC179,2,84 78 64 08 64 09 49 FF 1A AA E2 10 8B A9 00 48
1FC177,2,86 76 84 78 64 08 64 09 49 FF 1A AA E2 10 8B A9
02FE3B,2,95 06 74 01 A9 07 95 02 95 03 74 00 FA 28 6B 08
1FC17B,2,64 08 64 09 49 FF 1A AA E2 10 8B A9 00 48 AB E8
1FC19E,2,A5 7A 30 2F 8D 03 42 EA EA EA EA AD 17 42 4C DF
1FC19A,2,0A 8D 02 42 A5 7A 30 2F 8D 03 42 EA EA EA EA AD
0BB451,2,E2 20 A9 0B 9F D8 1C 7E AD D8 14 09 04 8D D8 14
06A0B5,2,9F D2 1C 7E B5 20 29 04 D0 04 5C D2 A0 06 AD D2
0BB49C,2,49 FF 1A 18 69 80 18 6D 2D 15 99 13 00 AD C8 18
0BB45C,2,09 04 8D D8 14 C2 20 A9 00 00 95 26 E2 20 AD DC
0BB44D,2,9F D6 1C 7E E2 20 A9 0B 9F D8 1C 7E AD D8 14 09
0BB43B,2,9F D5 1C 7E C2 20 B5 1B 8D 61 15 E2 20 C2 20 A9
0BB466,2,95 26 E2 20 AD DC 14 29 04 F0 04 5C B1 B4 0B C2
0BB48E,2,99 09 00 B9 1E 00 09 01 99 1E 00 AD CA 18 49 FF
0BB468,2,E2 20 AD DC 14 29 04 F0 04 5C B1 B4 0B C2 20 A9
06A0A0,2,B9 1E 00 09 01 99 1E 00 C2 20 A9 B9 A0 9F D0 1C
1FC1ED,2,30 15 0A 8D 02 42 A5 7B 30 2F 8D 03 42 EA EA EA
1FC229,2,8D 03 42 EA EA A9 00 38 ED 17 42 AA A2 00 85 90
02FE1F,2,DA E2 20 C2 10 AD C3 14 09 40 8D C3 14 A2 B3 14
0BB459,2,AD D8 14 09 04 8D D8 14 C2 20 A9 00 00 95 26 E2
0BB4D5,2,A9 0B 9F D5 1C 7E AC 3A 12 AD D8 14 29 FB 8D D8
0BB3BB,2,AD D9 14 29 02 F0 04 5C E8 B3 0B C0 00 00 D0 04
06A0AA,2,A9 B9 A0 9F D0 1C 7E E2 20 A9 06 9F D2 1C 7E B5
06A0AD,2,9F D0 1C 7E E2 20 A9 06 9F D2 1C 7E B5 20 29 04
1FC1F3,2,A5 7B 30 2F 8D 03 42 EA EA EA EA AD 17 42 4C 34
0BB4D7,2,9F D5 1C 7E AC 3A 12 AD D8 14 29 FB 8D D8 14 B4
1FC23D,2,CA 86 91 C2 10 A6 76 A4 78 AB 6B B5 15 85 7E 64
1FC22D,2,EA A9 00 38 ED 17 42 AA A2 00 85 90 C9 00 10 01
1FC22C,2,EA EA A9 00 38 ED 17 42 AA A2 00 85 90 C9 00 10
1FC242,2,A6 76 A4 78 AB 6B B5 15 85 7E 64 03 64 09 64 91
02FE47,2,FA 28 6B 08 E2 20 C2 10 DA E2 20 C2 10 AD C3 14
1FC234,2,AA A2 00 85 90 C9 00 10 01 CA 86 91 C2 10 A6 76
0BB453,2,A9 0B 9F D8 1C 7E AD D8 14 09 04 8D D8 14 C2 20
03F63B,2,0A 0A AA BF 3D A8 00 99 16 00 E2 20 BF 3F A8 00
0BAD98,2,B5 18 48 C2 20 B5 16 3A 48 E2 20 6B FA 7A B4 26
06A068,2,A9 00 00 95 06 E2 20 C2 20 A9 A5 B2 8D C7 14 E2
0BAC75,2,E2 20 22 4B D5 1F B0 04 5C DE AC 0B C2 20 A9 1B
0BAC77,2,22 4B D5 1F B0 04 5C DE AC 0B C2 20 A9 1B AC 99
0BAC72,2,8D C7 14 E2 20 22 4B D5 1F B0 04 5C DE AC 0B C2
0BAC6F,2,A9 C1 B2 8D C7 14 E2 20 22 4B D5 1F B0 04 5C DE
0BAC6D,2,C2 20 A9 C1 B2 8D C7 14 E2 20 22 4B D5 1F B0 04
0BAC7B,2,B0 04 5C DE AC 0B C2 20 A9 1B AC 99 16 00 E2 20
0BAC83,2,A9 1B AC 99 16 00 E2 20 A9 0B 99 18 00 B9 1E 00
0BAC8B,2,A9 0B 99 18 00 B9 1E 00 09 01 99 1E 00 AD CA 18
0BAC81,2,C2 20 A9 1B AC 99 16 00 E2 20 A9 0B 99 18 00 B9
0BAC89,2,E2 20 A9 0B 99 18 00 B9 1E 00 09 01 99 1E 00 AD
0BAC86,2,99 16 00 E2 20 A9 0B 99 18 00 B9 1E 00 09 01 99
0BAC8D,2,99 18 00 B9 1E 00 09 01 99 1E 00 AD CA 18 49 FF
0BAC67,2,F0 04 5C DE AC 0B C2 20 A9 C1 B2 8D C7 14 E2 20
0BAC62,2,AD D9 14 29 04 F0 04 5C DE AC 0B C2 20 A9 C1 B2
0BAC24,2,A9 30 AC 95 16 E2 20 A9 0B 95 18 6B BD E6 1C 18
0BAC27,2,95 16 E2 20 A9 0B 95 18 6B BD E6 1C 18 69 02 30
0BAC22,2,C2 20 A9 30 AC 95 16 E2 20 A9 0B 95 18 6B BD E6
0BAC1F,2,9D E6 1C C2 20 A9 30 AC 95 16 E2 20 A9 0B 95 18
0BAC65,2,29 04 F0 04 5C DE AC 0B C2 20 A9 C1 B2 8D C7 14
0BAC29,2,E2 20 A9 0B 95 18 6B BD E6 1C 18 69 02 30 03 18
0BAC2D,2,95 18 6B BD E6 1C 18 69 02 30 03 18 69 10 29 7F
0BAC2B,2,A9 0B 95 18 6B BD E6 1C 18 69 02 30 03 18 69 10
0BAC59,2,22 01 D5 1F 6B 20 62 AC 6B AD D9 14 29 04 F0 04
0BAC2F,2,6B BD E6 1C 18 69 02 30 03 18 69 10 29 7F C9 10
0BAC1D,2,09 80 9D E6 1C C2 20 A9 30 AC 95 16 E2 20 A9 0B
0BAC90,2,B9 1E 00 09 01 99 1E 00 AD CA 18 49 FF 1A 18 69
0BAC95,2,99 1E 00 AD CA 18 49 FF 1A 18 69 80 18 6D 2D 15
0BACB9,2,9F 14 00 00 A9 05 95 0A A9 0F 95 15 B5 15 85 7E
0BACBD,2,A9 05 95 0A A9 0F 95 15 B5 15 85 7E B5 14 22 77
0BACB5,2,22 4A FC 02 9F 14 00 00 A9 05 95 0A A9 0F 95 15
0BACB4,2,7A 22 4A FC 02 9F 14 00 00 A9 05 95 0A A9 0F 95
0BACB3,2,BB 7A 22 4A FC 02 9F 14 00 00 A9 05 95 0A A9 0F
0BACBF,2,95 0A A9 0F 95 15 B5 15 85 7E B5 14 22 77 C1 1F
0BACC3,2,95 15 B5 15 85 7E B5 14 22 77 C1 1F C2 20 A5 02
0BACC9,2,B5 14 22 77 C1 1F C2 20 A5 02 95 2F A5 90 95 31
0BACC1,2,A9 0F 95 15 B5 15 85 7E B5 14 22 77 C1 1F C2 20
0BACC7,2,85 7E B5 14 22 77 C1 1F C2 20 A5 02 95 2F A5 90
0BACC5,2,B5 15 85 7E B5 14 22 77 C1 1F C2 20 A5 02 95 2F
0BAC93,2,09 01 99 1E 00 AD CA 18 49 FF 1A 18 69 80 18 6D
0BACB2,2,DA BB 7A 22 4A FC 02 9F 14 00 00 A9 05 95 0A A9
0BACAB,2,99 12 00 22 D9 DA 1F DA BB 7A 22 4A FC 02 9F 14
0BAC9D,2,1A 18 69 80 18 6D 2D 15 99 13 00 AD C8 18 99 12
0BAC9E,2,18 69 80 18 6D 2D 15 99 13 00 AD C8 18 99 12 00
0BAC9B,2,49 FF 1A 18 69 80 18 6D 2D 15 99 13 00 AD C8 18
0BAC98,2,AD CA 18 49 FF 1A 18 69 80 18 6D 2D 15 99 13 00
0BACAE,2,22 D9 DA 1F DA BB 7A 22 4A FC 02 9F 14 00 00 A9
0BAC9F,2,69 80 18 6D 2D 15 99 13 00 AD C8 18 99 12 00 22
0BACA2,2,6D 2D 15 99 13 00 AD C8 18 99 12 00 22 D9 DA 1F
0BACA1,2,18 6D 2D 15 99 13 00 AD C8 18 99 12 00 22 D9 DA
0BACA8,2,AD C8 18 99 12 00 22 D9 DA 1F DA BB 7A 22 4A FC
0BACA5,2,99 13 00 AD C8 18 99 12 00 22 D9 DA 1F DA BB 7A
0BACCB,2,22 77 C1 1F C2 20 A5 02 95 2F A5 90 95 31 E2 20
0BAC1B,2,A9 00 09 80 9D E6 1C C2 20 A9 30 AC 95 16 E2 20
03EA36,2,A9 64 22 E5 B7 03 AE 9D 18 C2 30 A9 53 00 8F 62
0BE73E,2,5C 55 E7 0B A9 14 22 E5 B7 03 B4 1B B9 2A 00 C9
0BE755,2,B5 1F 29 20 F0 04 5C 76 E8 0B AD 03 15 D0 04 5C
0BE73C,2,D0 04 5C 55 E7 0B A9 14 22 E5 B7 03 B4 1B B9 2A
0BE73A,2,29 02 D0 04 5C 55 E7 0B A9 14 22 E5 B7 03 B4 1B
0BE737,2,AD D9 14 29 02 D0 04 5C 55 E7 0B A9 14 22 E5 B7
0BE757,2,29 20 F0 04 5C 76 E8 0B AD 03 15 D0 04 5C 04 E8
0BE75F,2,AD 03 15 D0 04 5C 04 E8 0B B4 1B B9 2E 00 29 08
0BE804,2,B5 35 29 01 D0 04 5C 2A E8 0B AC 69 15 B9 1D 00
0BE759,2,F0 04 5C 76 E8 0B AD 03 15 D0 04 5C 04 E8 0B B4
0BE764,2,5C 04 E8 0B B4 1B B9 2E 00 29 08 D0 04 5C 04 E8
0BE762,2,D0 04 5C 04 E8 0B B4 1B B9 2E 00 29 08 D0 04 5C
0BE806,2,29 01 D0 04 5C 2A E8 0B AC 69 15 B9 1D 00 09 80
0BE734,2,EE F5 14 AD D9 14 29 02 D0 04 5C 55 E7 0B A9 14
0BE72C,2,29 08 F0 04 5C 76 E8 0B EE F5 14 AD D9 14 29 02
06A0F9,2,B4 06 C0 00 00 D0 04 5C 08 A1 06 22 40 D5 1F 22
06A0FB,2,C0 00 00 D0 04 5C 08 A1 06 22 40 D5 1F 22 01 D5
06A0DB,2,5C F9 A0 06 BD E7 1C 18 69 02 30 03 18 69 09 29
06A0B3,2,A9 06 9F D2 1C 7E B5 20 29 04 D0 04 5C D2 A0 06
0BE72E,2,F0 04 5C 76 E8 0B EE F5 14 AD D9 14 29 02 D0 04
06A0FE,2,D0 04 5C 08 A1 06 22 40 D5 1F 22 01 D5 1F 6B C2
06A108,2,22 01 D5 1F 6B C2 20 A9 78 A1 95 16 E2 20 A9 06
06A104,2,22 40 D5 1F 22 01 D5 1F 6B C2 20 A9 78 A1 95 16
0BE729,2,AD DA 14 29 08 F0 04 5C 76 E8 0B EE F5 14 AD D9
06A10C,2,6B C2 20 A9 78 A1 95 16 E2 20 A9 06 95 18 B5 22
03EA38,2,22 E5 B7 03 AE 9D 18 C2 30 A9 53 00 8F 62 00 70
0BE808,2,D0 04 5C 2A E8 0B AC 69 15 B9 1D 00 09 80 99 1D
0BE82A,2,B5 35 29 02 D0 04 5C 50 E8 0B AC 65 15 B9 1D 00
0BE871,2,99 1B 00 E2 20 A9 00 95 35 B5 1D 29 7F 95 1D 5C
0BE874,2,E2 20 A9 00 95 35 B5 1D 29 7F 95 1D 5C 25 DC 1F
0BE86F,2,B5 1B 99 1B 00 E2 20 A9 00 95 35 B5 1D 29 7F 95
0BE86D,2,C2 20 B5 1B 99 1B 00 E2 20 A9 00 95 35 B5 1D 29
0BE86A,2,99 1D 00 C2 20 B5 1B 99 1B 00 E2 20 A9 00 95 35
0BE876,2,A9 00 95 35 B5 1D 29 7F 95 1D 5C 25 DC 1F 20 3A
0BE87A,2,B5 1D 29 7F 95 1D 5C 25 DC 1F 20 3A D3 B5 15 85
0BE880,2,5C 25 DC 1F 20 3A D3 B5 15 85 7E B5 13 8D A9 15
0BE878,2,95 35 B5 1D 29 7F 95 1D 5C 25 DC 1F 20 3A D3 B5
0BE87E,2,95 1D 5C 25 DC 1F 20 3A D3 B5 15 85 7E B5 13 8D
0BE87C,2,29 7F 95 1D 5C 25 DC 1F 20 3A D3 B5 15 85 7E B5
0BE80A,2,5C 2A E8 0B AC 69 15 B9 1D 00 09 80 99 1D 00 B9
0BE868,2,09 02 99 1D 00 C2 20 B5 1B 99 1B 00 E2 20 A9 00
0BE862,2,99 1D 00 B9 1D 00 09 02 99 1D 00 C2 20 B5 1B 99
0BE830,2,5C 50 E8 0B AC 65 15 B9 1D 00 09 80 99 1D 00 B9
0BE850,2,B5 35 29 04 D0 04 5C 76 E8 0B AC 67 15 B9 1D 00
0BE82E,2,D0 04 5C 50 E8 0B AC 65 15 B9 1D 00 09 80 99 1D
0BE82C,2,29 02 D0 04 5C 50 E8 0B AC 65 15 B9 1D 00 09 80
0BE865,2,B9 1D 00 09 02 99 1D 00 C2 20 B5 1B 99 1B 00 E2
0BE852,2,29 04 D0 04 5C 76 E8 0B AC 67 15 B9 1D 00 09 80
0BE85A,2,AC 67 15 B9 1D 00 09 80 99 1D 00 B9 1D 00 09 02
0BE854,2,D0 04 5C 76 E8 0B AC 67 15 B9 1D 00 09 80 99 1D
0BE860,2,09 80 99 1D 00 B9 1D 00 09 02 99 1D 00 C2 20 B5
0BE85D,2,B9 1D 00 09 80 99 1D 00 B9 1D 00 09 02 99 1D 00
06A0B1,2,E2 20 A9 06 9F D2 1C 7E B5 20 29 04 D0 04 5C D2
0BACCF,2,C2 20 A5 02 95 2F A5 90 95 31 E2 20 DA BB 7A 60
0BACD3,2,95 2F A5 90 95 31 E2 20 DA BB 7A 60 AC 69 15 C2
03EE36,2,0A 8D FD 16 E8 E8 8E FF 16 60 BB E2 20 AD D9 14
03EE37,2,8D FD 16 E8 E8 8E FF 16 60 BB E2 20 AD D9 14 29
03EE35,2,0A 0A 8D FD 16 E8 E8 8E FF 16 60 BB E2 20 AD D9
03EE34,2,0A 0A 0A 8D FD 16 E8 E8 8E FF 16 60 BB E2 20 AD
03EE33,2,0A 0A 0A 0A 8D FD 16 E8 E8 8E FF 16 60 BB E2 20
03EE3A,2,E8 E8 8E FF 16 60 BB E2 20 AD D9 14 29 80 D0 09
03EE3C,2,8E FF 16 60 BB E2 20 AD D9 14 29 80 D0 09 BD 01
0490B2,2,AD AF F0 F0 0D 9C AF F0 28 30 04 5C 96 83 04 4C
03EE3B,2,E8 8E FF 16 60 BB E2 20 AD D9 14 29 80 D0 09 BD
0490C4,2,28 10 04 5C 96 83 04 4C 0D 84 C2 20 AD 73 15 38
03EE3F,2,60 BB E2 20 AD D9 14 29 80 D0 09 BD 01 80 8D 49
0490B1,2,08 AD AF F0 F0 0D 9C AF F0 28 30 04 5C 96 83 04
03EE30,2,29 FF 00 0A 0A 0A 0A 8D FD 16 E8 E8 8E FF 16 60
03EE2C,2,BB BD 01 80 29 FF 00 0A 0A 0A 0A 8D FD 16 E8 E8
0BADA5,2,7A B4 26 C0 00 00 D0 04 5C B8 AD 0B 22 D9 DA 1F
0BADA6,2,B4 26 C0 00 00 D0 04 5C B8 AD 0B 22 D9 DA 1F 20
0BADA4,2,FA 7A B4 26 C0 00 00 D0 04 5C B8 AD 0B 22 D9 DA
0BADA3,2,6B FA 7A B4 26 C0 00 00 D0 04 5C B8 AD 0B 22 D9
03EE2D,2,BD 01 80 29 FF 00 0A 0A 0A 0A 8D FD 16 E8 E8 8E
0BADA8,2,C0 00 00 D0 04 5C B8 AD 0B 22 D9 DA 1F 20 62 AC
0BADB1,2,22 D9 DA 1F 20 62 AC 6B B5 09 29 F7 95 09 C2 20
0BADAB,2,D0 04 5C B8 AD 0B 22 D9 DA 1F 20 62 AC 6B B5 09
0BADB8,2,6B B5 09 29 F7 95 09 C2 20 A9 00 AE 95 16 E2 20
0BADB5,2,20 62 AC 6B B5 09 29 F7 95 09 C2 20 A9 00 AE 95
0BADA1,2,E2 20 6B FA 7A B4 26 C0 00 00 D0 04 5C B8 AD 0B
0490AD,2,75 0E E2 20 08 AD AF F0 F0 0D 9C AF F0 28 30 04
0490A9,2,20 4A A3 18 75 0E E2 20 08 AD AF F0 F0 0D 9C AF
03F127,2,A9 80 99 20 00 EE 3E 17 E8 4C 6F ED BB E2 20 9C
03F129,2,99 20 00 EE 3E 17 E8 4C 6F ED BB E2 20 9C F3 16
03F125,2,E2 20 A9 80 99 20 00 EE 3E 17 E8 4C 6F ED BB E2
03F122,2,AC F9 16 E2 20 A9 80 99 20 00 EE 3E 17 E8 4C 6F
03F121,2,FA AC F9 16 E2 20 A9 80 99 20 00 EE 3E 17 E8 4C
03F12C,2,EE 3E 17 E8 4C 6F ED BB E2 20 9C F3 16 E8 4C 6F
03F130,2,4C 6F ED BB E2 20 9C F3 16 E8 4C 6F ED BB E2 20
08B383,2,95 09 B5 13 85 3A A9 00 22 BD D8 1F 95 13 90 04
03F12F,2,E8 4C 6F ED BB E2 20 9C F3 16 E8 4C 6F ED BB E2
03F623,2,BD 05 80 DA 29 FF 00 0A AA BF 4B A6 00 99 04 00
03F64E,2,FA C2 20 8C F9 16 20 77 F6 AD FD 16 D0 03 4C 6F
0490AC,2,18 75 0E E2 20 08 AD AF F0 F0 0D 9C AF F0 28 30
03F11B,2,D0 04 FA 4C 2F F1 FA AC F9 16 E2 20 A9 80 99 20
03F117,2,DA AE F9 16 D0 04 FA 4C 2F F1 FA AC F9 16 E2 20
1FD70D,2,30 03 A9 F0 FF C9 00 80 6A 10 03 69 00 00 C9 00
1FD70A,2,C9 F0 FF 30 03 A9 F0 FF C9 00 80 6A 10 03 69 00
1FD737,2,65 3A 85 3A 82 E7 02 C5 3A D0 04 5C 29 DA 1F 38
0490A7,2,C2 20 20 4A A3 18 75 0E E2 20 08 AD AF F0 F0 0D
03F118,2,AE F9 16 D0 04 FA 4C 2F F1 FA AC F9 16 E2 20 A9
1FD6FE,2,30 0A C9 10 00 10 0D A9 10 00 80 08 C9 F0 FF 30
1FD42C,2,9D D5 1C A9 06 9D D2 1C 6B C2 20 A9 A3 89 99 D3
1FD6FB,2,C9 00 00 30 0A C9 10 00 10 0D A9 10 00 80 08 C9
03F116,2,BB DA AE F9 16 D0 04 FA 4C 2F F1 FA AC F9 16 E2
0BD131,2,69 01 00 8D F6 14 E2 20 C2 20 AD FC 14 38 ED 13
0BACD1,2,A5 02 95 2F A5 90 95 31 E2 20 DA BB 7A 60 AC 69
03F630,2,99 04 00 FA BD 06 80 DA 29 FF 00 0A 0A AA BF 3D
0BAD9D,2,B5 16 3A 48 E2 20 6B FA 7A B4 26 C0 00 00 D0 04
0BAD2F,2,F0 04 5C 4F AD 0B 5A B4 1B F0 11 B9 2B 00 C9 80
0BAD35,2,5A B4 1B F0 11 B9 2B 00 C9 80 6A 85 02 A9 0A 8D
0BAD2D,2,29 02 F0 04 5C 4F AD 0B 5A B4 1B F0 11 B9 2B 00
0BAD2A,2,AD D9 14 29 02 F0 04 5C 4F AD 0B 5A B4 1B F0 11
0BAD28,2,94 1B AD D9 14 29 02 F0 04 5C 4F AD 0B 5A B4 1B
0BAD36,2,B4 1B F0 11 B9 2B 00 C9 80 6A 85 02 A9 0A 8D C7
0BAD3A,2,B9 2B 00 C9 80 6A 85 02 A9 0A 8D C7 14 22 3A D2
0BAD40,2,85 02 A9 0A 8D C7 14 22 3A D2 1F 7A 82 1A 00 5A
0BAD38,2,F0 11 B9 2B 00 C9 80 6A 85 02 A9 0A 8D C7 14 22
0BAD3F,2,6A 85 02 A9 0A 8D C7 14 22 3A D2 1F 7A 82 1A 00
0BAD3D,2,C9 80 6A 85 02 A9 0A 8D C7 14 22 3A D2 1F 7A 82
0BAD42,2,A9 0A 8D C7 14 22 3A D2 1F 7A 82 1A 00 5A B4 1B
0BAD24,2,DA AE 69 15 94 1B AD D9 14 29 02 F0 04 5C 4F AD
0BAD1C,2,F0 04 5C 6A AD 0B B4 1B DA AE 69 15 94 1B AD D9
0BACD9,2,E2 20 DA BB 7A 60 AC 69 15 C2 20 B5 1B 99 1B 00
0BACDB,2,DA BB 7A 60 AC 69 15 C2 20 B5 1B 99 1B 00 E2 20
0BACD7,2,95 31 E2 20 DA BB 7A 60 AC 69 15 C2 20 B5 1B 99
0BACD5,2,A5 90 95 31 E2 20 DA BB 7A 60 AC 69 15 C2 20 B5
0BAD22,2,B4 1B DA AE 69 15 94 1B AD D9 14 29 02 F0 04 5C
0BACDC,2,BB 7A 60 AC 69 15 C2 20 B5 1B 99 1B 00 E2 20 B9
0BACDE,2,60 AC 69 15 C2 20 B5 1B 99 1B 00 E2 20 B9 1D 00
0BACDD,2,7A 60 AC 69 15 C2 20 B5 1B 99 1B 00 E2 20 B9 1D
0BAD1A,2,C9 01 F0 04 5C 6A AD 0B B4 1B DA AE 69 15 94 1B
0BAD18,2,B5 2D C9 01 F0 04 5C 6A AD 0B B4 1B DA AE 69 15
0BAD9F,2,3A 48 E2 20 6B FA 7A B4 26 C0 00 00 D0 04 5C B8
0BAD44,2,8D C7 14 22 3A D2 1F 7A 82 1A 00 5A B4 1B F0 14
0BAD4B,2,7A 82 1A 00 5A B4 1B F0 14 B9 2B 00 C9 80 6A C9
0BAD90,2,C2 20 A9 A3 AD 48 E2 20 B5 18 48 C2 20 B5 16 3A
0BAD92,2,A9 A3 AD 48 E2 20 B5 18 48 C2 20 B5 16 3A 48 E2
0BAD8F,2,48 C2 20 A9 A3 AD 48 E2 20 B5 18 48 C2 20 B5 16
0BAD8D,2,A9 0B 48 C2 20 A9 A3 AD 48 E2 20 B5 18 48 C2 20
0BAD8C,2,DA A9 0B 48 C2 20 A9 A3 AD 48 E2 20 B5 18 48 C2
0BAD95,2,48 E2 20 B5 18 48 C2 20 B5 16 3A 48 E2 20 6B FA
06A071,2,A9 A5 B2 8D C7 14 E2 20 22 4B D5 1F B0 04 5C A8
0BAD96,2,E2 20 B5 18 48 C2 20 B5 16 3A 48 E2 20 6B FA 7A
0BAD9B,2,C2 20 B5 16 3A 48 E2 20 6B FA 7A B4 26 C0 00 00
0BAD9A,2,48 C2 20 B5 16 3A 48 E2 20 6B FA 7A B4 26 C0 00
0BAD47,2,22 3A D2 1F 7A 82 1A 00 5A B4 1B F0 14 B9 2B 00
0BAD8B,2,5A DA A9 0B 48 C2 20 A9 A3 AD 48 E2 20 B5 18 48
0BAD7E,2,22 3A D2 1F 82 06 00 A9 14 22 E5 B7 03 5A DA A9
0BAD6A,2,AD D9 14 29 02 F0 04 5C 85 AD 0B A9 01 85 02 A9
0BAD6D,2,29 02 F0 04 5C 85 AD 0B A9 01 85 02 A9 0A 8D C7
0BAD69,2,FA AD D9 14 29 02 F0 04 5C 85 AD 0B A9 01 85 02
0BAD4C,2,82 1A 00 5A B4 1B F0 14 B9 2B 00 C9 80 6A C9 80
0BAD82,2,82 06 00 A9 14 22 E5 B7 03 5A DA A9 0B 48 C2 20
0BAD6F,2,F0 04 5C 85 AD 0B A9 01 85 02 A9 0A 8D C7 14 22
0BAD77,2,85 02 A9 0A 8D C7 14 22 3A D2 1F 82 06 00 A9 14
0BAD75,2,A9 01 85 02 A9 0A 8D C7 14 22 3A D2 1F 82 06 00
0BAD7B,2,8D C7 14 22 3A D2 1F 82 06 00 A9 14 22 E5 B7 03
0BAD79,2,A9 0A 8D C7 14 22 3A D2 1F 82 06 00 A9 14 22 E5
08B377,2,95 16 E2 20 A9 08 95 18 B5 09 09 08 95 09 B5 13
06A0A8,2,C2 20 A9 B9 A0 9F D0 1C 7E E2 20 A9 06 9F D2 1C
06A09B,2,A9 06 99 18 00 B9 1E 00 09 01 99 1E 00 C2 20 A9
068D63,2,49 FF 1A 18 69 80 18 6D 2D 15 95 13 AD C8 18 95
068D65,2,1A 18 69 80 18 6D 2D 15 95 13 AD C8 18 95 12 B5
068D60,2,AD CA 18 49 FF 1A 18 69 80 18 6D 2D 15 95 13 AD
068D11,2,6B 22 01 D5 1F 6B B5 20 09 04 95 20 82 06 00 B5
068D0F,2,95 2A 6B 22 01 D5 1F 6B B5 20 09 04 95 20 82 06
068D66,2,18 69 80 18 6D 2D 15 95 13 AD C8 18 95 12 B5 1E
068D69,2,18 6D 2D 15 95 13 AD C8 18 95 12 B5 1E 09 01 95
068D6F,2,AD C8 18 95 12 B5 1E 09 01 95 1E C2 20 A9 00 00
068D67,2,69 80 18 6D 2D 15 95 13 AD C8 18 95 12 B5 1E 09
068D6D,2,95 13 AD C8 18 95 12 B5 1E 09 01 95 1E C2 20 A9
068D6A,2,6D 2D 15 95 13 AD C8 18 95 12 B5 1E 09 01 95 1E
068D72,2,95 12 B5 1E 09 01 95 1E C2 20 A9 00 00 95 16 E2
068D0D,2,A9 00 95 2A 6B 22 01 D5 1F 6B B5 20 09 04 95 20
068D09,2,09 01 95 1E A9 00 95 2A 6B 22 01 D5 1F 6B B5 20
1FC895,2,AD 52 12 C5 3A 10 08 C5 3E 30 04 85 3A 86 3C B4
1FC898,2,C5 3A 10 08 C5 3E 30 04 85 3A 86 3C B4 00 BB D0
1FC893,2,C2 20 AD 52 12 C5 3A 10 08 C5 3E 30 04 85 3A 86
1FC88F,2,22 AB D0 1F C2 20 AD 52 12 C5 3A 10 08 C5 3E 30
068D0B,2,95 1E A9 00 95 2A 6B 22 01 D5 1F 6B B5 20 09 04
1FC89A,2,10 08 C5 3E 30 04 85 3A 86 3C B4 00 BB D0 DA B4
1FC89E,2,30 04 85 3A 86 3C B4 00 BB D0 DA B4 00 8C CC 14
1FC89C,2,C5 3E 30 04 85 3A 86 3C B4 00 BB D0 DA B4 00 8C
068D07,2,B5 1E 09 01 95 1E A9 00 95 2A 6B 22 01 D5 1F 6B
1FC8A2,2,86 3C B4 00 BB D0 DA B4 00 8C CC 14 A4 3C A6 04
1FC88D,2,A4 04 22 AB D0 1F C2 20 AD 52 12 C5 3A 10 08 C5
068D74,2,B5 1E 09 01 95 1E C2 20 A9 00 00 95 16 E2 20 A9
068D78,2,95 1E C2 20 A9 00 00 95 16 E2 20 A9 00 95 18 22
1FD2ED,2,B5 1E 29 FD 95 1E BF D8 1C 7E 8D 46 12 C2 20 BF
1FD2EF,2,29 FD 95 1E BF D8 1C 7E 8D 46 12 C2 20 BF D6 1C
0BD130,2,18 69 01 00 8D F6 14 E2 20 C2 20 AD FC 14 38 ED
0BD12E,2,80 04 18 69 01 00 8D F6 14 E2 20 C2 20 AD FC 14
0BD12B,2,E9 01 00 80 04 18 69 01 00 8D F6 14 E2 20 C2 20
1FD2F1,2,95 1E BF D8 1C 7E 8D 46 12 C2 20 BF D6 1C 7E D0
1FD2F7,2,8D 46 12 C2 20 BF D6 1C 7E D0 0D E2 20 B5 18 8D
1FD300,2,D0 0D E2 20 B5 18 8D 46 12 C2 20 B5 16 F0 26 8D
1FD2F3,2,BF D8 1C 7E 8D 46 12 C2 20 BF D6 1C 7E D0 0D E2
1FD2FC,2,BF D6 1C 7E D0 0D E2 20 B5 18 8D 46 12 C2 20 B5
1FD2FA,2,C2 20 BF D6 1C 7E D0 0D E2 20 B5 18 8D 46 12 C2
068D76,2,09 01 95 1E C2 20 A9 00 00 95 16 E2 20 A9 00 95
0BD12A,2,38 E9 01 00 80 04 18 69 01 00 8D F6 14 E2 20 C2
0490B5,2,F0 0D 9C AF F0 28 30 04 5C 96 83 04 4C 0D 84 28
068D7F,2,95 16 E2 20 A9 00 95 18 22 50 D4 1F 6B A9 02 95
068D81,2,E2 20 A9 00 95 18 22 50 D4 1F 6B A9 02 95 22 C2
068D7C,2,A9 00 00 95 16 E2 20 A9 00 95 18 22 50 D4 1F 6B
068D7A,2,C2 20 A9 00 00 95 16 E2 20 A9 00 95 18 22 50 D4
0490C5,2,10 04 5C 96 83 04 4C 0D 84 C2 20 AD 73 15 38 ED
068D83,2,A9 00 95 18 22 50 D4 1F 6B A9 02 95 22 C2 20 A9
068D87,2,22 50 D4 1F 6B A9 02 95 22 C2 20 A9 C5 B1 95 04
068D85,2,95 18 22 50 D4 1F 6B A9 02 95 22 C2 20 A9 C5 B1
0490AF,2,E2 20 08 AD AF F0 F0 0D 9C AF F0 28 30 04 5C 96
068D8B,2,6B A9 02 95 22 C2 20 A9 C5 B1 95 04 E2 20 B5 1E
1FD41A,2,C2 20 A9 A3 89 9D D3 1C A9 5F F4 9D D0 1C E2 20
0687E9,2,5C 07 8D 06 5A B4 1B F0 0E B9 2B 00 85 02 A9 0A
0687E5,2,29 02 D0 04 5C 07 8D 06 5A B4 1B F0 0E B9 2B 00
1FC198,2,30 15 0A 8D 02 42 A5 7A 30 2F 8D 03 42 EA EA EA
1FC19B,2,8D 02 42 A5 7A 30 2F 8D 03 42 EA EA EA EA AD 17
1FC194,2,85 7B A5 7E 30 15 0A 8D 02 42 A5 7A 30 2F 8D 03
1FC191,2,BD E5 98 85 7B A5 7E 30 15 0A 8D 02 42 A5 7A 30
1FC18F,2,85 7A BD E5 98 85 7B A5 7E 30 15 0A 8D 02 42 A5
1FC1A0,2,30 2F 8D 03 42 EA EA EA EA AD 17 42 4C DF C1 49
1FC1E0,2,A2 00 85 02 C9 00 10 01 CA 86 03 A5 7E 30 15 0A
1FC1F0,2,8D 02 42 A5 7B 30 2F 8D 03 42 EA EA EA EA AD 17
1FC1DF,2,AA A2 00 85 02 C9 00 10 01 CA 86 03 A5 7E 30 15
1FC1E4,2,C9 00 10 01 CA 86 03 A5 7E 30 15 0A 8D 02 42 A5
1FC1E2,2,85 02 C9 00 10 01 CA 86 03 A5 7E 30 15 0A 8D 02
1FC1F5,2,30 2F 8D 03 42 EA EA EA EA AD 17 42 4C 34 C2 49
1FC18C,2,BD A5 98 85 7A BD E5 98 85 7B A5 7E 30 15 0A 8D
1FC18A,2,E8 C8 BD A5 98 85 7A BD E5 98 85 7B A5 7E 30 15
1FC181,2,1A AA E2 10 8B A9 00 48 AB E8 C8 BD A5 98 85 7A
1FC182,2,AA E2 10 8B A9 00 48 AB E8 C8 BD A5 98 85 7A BD
1FC17F,2,49 FF 1A AA E2 10 8B A9 00 48 AB E8 C8 BD A5 98
1FC17D,2,64 09 49 FF 1A AA E2 10 8B A9 00 48 AB E8 C8 BD
1FC18B,2,C8 BD A5 98 85 7A BD E5 98 85 7B A5 7E 30 15 0A
1FC183,2,E2 10 8B A9 00 48 AB E8 C8 BD A5 98 85 7A BD E5
1FC186,2,A9 00 48 AB E8 C8 BD A5 98 85 7A BD E5 98 85 7B
1FC185,2,8B A9 00 48 AB E8 C8 BD A5 98 85 7A BD E5 98 85
1FC189,2,AB E8 C8 BD A5 98 85 7A BD E5 98 85 7B A5 7E 30
1FC188,2,48 AB E8 C8 BD A5 98 85 7A BD E5 98 85 7B A5 7E
0687E7,2,D0 04 5C 07 8D 06 5A B4 1B F0 0E B9 2B 00 85 02
1FC226,2,49 FF 1A 8D 03 42 EA EA A9 00 38 ED 17 42 AA A2
1FC22E,2,A9 00 38 ED 17 42 AA A2 00 85 90 C9 00 10 01 CA
048508,2,74 23 4C AB 83 8E 59 17 20 4A A3 20 83 A0 20 56
04850A,2,4C AB 83 8E 59 17 20 4A A3 20 83 A0 20 56 A3 18
0684F1,2,22 1A FE 02 CE 29 15 80 28 AD 29 15 C9 04 D0 06
048416,2,4C 5F 80 C2 20 20 6E A3 95 28 E2 20 4C 5F 80 C2
048414,2,E2 20 4C 5F 80 C2 20 20 6E A3 95 28 E2 20 4C 5F
0687C7,2,B4 1B B9 2B 00 F0 04 5C E2 87 06 A9 01 85 02 A9
0687CC,2,F0 04 5C E2 87 06 A9 01 85 02 A9 0A 8D C7 14 22
0687C9,2,B9 2B 00 F0 04 5C E2 87 06 A9 01 85 02 A9 0A 8D
0687E2,2,B9 2E 00 29 02 D0 04 5C 07 8D 06 5A B4 1B F0 0E
0687CE,2,5C E2 87 06 A9 01 85 02 A9 0A 8D C7 14 22 3A D2
1FC228,2,1A 8D 03 42 EA EA A9 00 38 ED 17 42 AA A2 00 85
048412,2,95 28 E2 20 4C 5F 80 C2 20 20 6E A3 95 28 E2 20
04840D,2,C2 20 20 62 A3 95 28 E2 20 4C 5F 80 C2 20 20 6E
1FC235,2,A2 00 85 90 C9 00 10 01 CA 86 91 C2 10 A6 76 A4
1FC237,2,85 90 C9 00 10 01 CA 86 91 C2 10 A6 76 A4 78 AB
1FC231,2,ED 17 42 AA A2 00 85 90 C9 00 10 01 CA 86 91 C2
1FC230,2,38 ED 17 42 AA A2 00 85 90 C9 00 10 01 CA 86 91
04840F,2,20 62 A3 95 28 E2 20 4C 5F 80 C2 20 20 6E A3 95
1FC239,2,C9 00 10 01 CA 86 91 C2 10 A6 76 A4 78 AB 6B B5
1FC240,2,C2 10 A6 76 A4 78 AB 6B B5 15 85 7E 64 03 64 09
1FC23E,2,86 91 C2 10 A6 76 A4 78 AB 6B B5 15 85 7E 64 03
1FC247,2,6B B5 15 85 7E 64 03 64 09 64 91 86 76 84 78 B5
1FC244,2,A4 78 AB 6B B5 15 85 7E 64 03 64 09 64 91 86 76
06A0A3,2,09 01 99 1E 00 C2 20 A9 B9 A0 9F D0 1C 7E E2 20
1FD41C,2,A9 A3 89 9D D3 1C A9 5F F4 9D D0 1C E2 20 A9 06
1FD422,2,A9 5F F4 9D D0 1C E2 20 A9 06 9D D5 1C A9 06 9D
0BD7B3,2,CD 09 15 F0 21 38 ED 09 15 C9 00 30 08 C9 02 10
0BD7B6,2,F0 21 38 ED 09 15 C9 00 30 08 C9 02 10 0A A9 02
0BD7B1,2,A9 10 CD 09 15 F0 21 38 ED 09 15 C9 00 30 08 C9
0BD7AF,2,E2 20 A9 10 CD 09 15 F0 21 38 ED 09 15 C9 00 30
0BD7AC,2,8D 36 12 E2 20 A9 10 CD 09 15 F0 21 38 ED 09 15
0BD7B8,2,38 ED 09 15 C9 00 30 08 C9 02 10 0A A9 02 80 06
0BD7BC,2,C9 00 30 08 C9 02 10 0A A9 02 80 06 C9 FE 30 02
0BD7C2,2,10 0A A9 02 80 06 C9 FE 30 02 A9 FE C9 80 6A 10
0BD7B9,2,ED 09 15 C9 00 30 08 C9 02 10 0A A9 02 80 06 C9
0BD7C0,2,C9 02 10 0A A9 02 80 06 C9 FE 30 02 A9 FE C9 80
0BD7BE,2,30 08 C9 02 10 0A A9 02 80 06 C9 FE 30 02 A9 FE
0BD7CE,2,C9 80 6A 10 02 69 00 18 6D 09 15 8D 09 15 AD D8
0BD7A9,2,6D 36 12 8D 36 12 E2 20 A9 10 CD 09 15 F0 21 38
0BD7A3,2,10 03 69 00 00 18 6D 36 12 8D 36 12 E2 20 A9 10
0BD790,2,6A 10 03 69 00 00 C9 00 80 6A 10 03 69 00 00 C9
0BD791,2,10 03 69 00 00 C9 00 80 6A 10 03 69 00 00 C9 00
0BD78D,2,C9 00 80 6A 10 03 69 00 00 C9 00 80 6A 10 03 69
1FD73B,2,82 E7 02 C5 3A D0 04 5C 29 DA 1F 38 E5 3A C9 00
0BD7A8,2,18 6D 36 12 8D 36 12 E2 20 A9 10 CD 09 15 F0 21
0BD796,2,C9 00 80 6A 10 03 69 00 00 C9 00 80 6A 10 03 69
0BD79A,2,10 03 69 00 00 C9 00 80 6A 10 03 69 00 00 18 6D
0BD799,2,6A 10 03 69 00 00 C9 00 80 6A 10 03 69 00 00 18
0BD7A2,2,6A 10 03 69 00 00 18 6D 36 12 8D 36 12 E2 20 A9
0BD79F,2,C9 00 80 6A 10 03 69 00 00 18 6D 36 12 8D 36 12
1FD739,2,85 3A 82 E7 02 C5 3A D0 04 5C 29 DA 1F 38 E5 3A
0BD7D0,2,6A 10 02 69 00 18 6D 09 15 8D 09 15 AD D8 14 29
0BD7D5,2,18 6D 09 15 8D 09 15 AD D8 14 29 02 D0 03 82 87
06A06D,2,E2 20 C2 20 A9 A5 B2 8D C7 14 E2 20 22 4B D5 1F
06A06F,2,C2 20 A9 A5 B2 8D C7 14 E2 20 22 4B D5 1F B0 04
06A066,2,C2 20 A9 00 00 95 06 E2 20 C2 20 A9 A5 B2 8D C7
069F9D,2,69 00 18 75 12 95 12 22 21 D0 1F E2 20 EB 49 FF
069F96,2,A9 FE C9 80 6A 10 02 69 00 18 75 12 95 12 22 21
06A083,2,B9 1F 00 29 F7 99 1F 00 94 06 22 D9 DA 1F C2 20
06A08D,2,22 D9 DA 1F C2 20 A9 60 8D 99 16 00 E2 20 A9 06
06A099,2,E2 20 A9 06 99 18 00 B9 1E 00 09 01 99 1E 00 C2
06A088,2,99 1F 00 94 06 22 D9 DA 1F C2 20 A9 60 8D 99 16
06A096,2,99 16 00 E2 20 A9 06 99 18 00 B9 1E 00 09 01 99
06A093,2,A9 60 8D 99 16 00 E2 20 A9 06 99 18 00 B9 1E 00
0BD7D1,2,10 02 69 00 18 6D 09 15 8D 09 15 AD D8 14 29 02
069F94,2,30 02 A9 FE C9 80 6A 10 02 69 00 18 75 12 95 12
0BDEE8,2,5C 1B DF 0B C2 20 AD 05 15 49 FF FF 1A 18 6D 07
7E5692,2,49 FF FF 1A 38 ED 52 12 30 03 4C CA 56 BD 0C 00
7E5695,2,1A 38 ED 52 12 30 03 4C CA 56 BD 0C 00 18 6D 5C
0BD7D9,2,8D 09 15 AD D8 14 29 02 D0 03 82 87 00 C2 20 A9
0BD7D6,2,6D 09 15 8D 09 15 AD D8 14 29 02 D0 03 82 87 00
069F92,2,C9 FE 30 02 A9 FE C9 80 6A 10 02 69 00 18 75 12
7E569C,2,4C CA 56 BD 0C 00 18 6D 5C 12 8D 52 12 A5 3C 38
1FDA29,2,A5 3A 38 6B C2 20 A9 5F F4 9F D0 1C 7E E2 20 A9
1FD8C1,2,5C 29 DA 1F 38 E5 3A C9 00 30 08 C9 08 10 0A A9
1FDA2C,2,6B C2 20 A9 5F F4 9F D0 1C 7E E2 20 A9 06 9F D2
1FDA2B,2,38 6B C2 20 A9 5F F4 9F D0 1C 7E E2 20 A9 06 9F
1FD41F,2,9D D3 1C A9 5F F4 9D D0 1C E2 20 A9 06 9D D5 1C
0BD788,2,10 03 69 00 00 C9 00 80 6A 10 03 69 00 00 C9 00
1FD736,2,18 65 3A 85 3A 82 E7 02 C5 3A D0 04 5C 29 DA 1F
1FD6F2,2,D0 04 5C 29 DA 1F 38 E5 3A C9 00 00 30 0A C9 10
1FD6F8,2,38 E5 3A C9 00 00 30 0A C9 10 00 10 0D A9 10 00
1FD6F0,2,C5 3A D0 04 5C 29 DA 1F 38 E5 3A C9 00 00 30 0A
1FD463,2,6B C2 20 A9 00 00 99 D3 1C 99 D0 1C E2 20 99 D5
1FD460,2,9D D2 1C 6B C2 20 A9 00 00 99 D3 1C 99 D0 1C E2
1FD6F9,2,E5 3A C9 00 00 30 0A C9 10 00 10 0D A9 10 00 80
0BD757,2,A9 00 02 8D 05 15 E2 20 C2 20 A9 00 20 CD 36 12
0BD75F,2,C2 20 A9 00 20 CD 36 12 F0 43 38 ED 36 12 C9 00
0BD755,2,C2 20 A9 00 02 8D 05 15 E2 20 C2 20 A9 00 20 CD
0BD75D,2,E2 20 C2 20 A9 00 20 CD 36 12 F0 43 38 ED 36 12
0BD75A,2,8D 05 15 E2 20 C2 20 A9 00 20 CD 36 12 F0 43 38
0BD761,2,A9 00 20 CD 36 12 F0 43 38 ED 36 12 C9 00 00 30
1FD45D,2,9D D5 1C 9D D2 1C 6B C2 20 A9 00 00 99 D3 1C 99
1FD458,2,9D D0 1C E2 20 9D D5 1C 9D D2 1C 6B C2 20 A9 00
1FD42A,2,A9 06 9D D5 1C A9 06 9D D2 1C 6B C2 20 A9 A3 89
1FD42F,2,A9 06 9D D2 1C 6B C2 20 A9 A3 89 99 D3 1C A9 5F
1FD428,2,E2 20 A9 06 9D D5 1C A9 06 9D D2 1C 6B C2 20 A9
1FD425,2,9D D0 1C E2 20 A9 06 9D D5 1C A9 06 9D D2 1C 6B
1FD45B,2,E2 20 9D D5 1C 9D D2 1C 6B C2 20 A9 00 00 99 D3
1FD431,2,9D D2 1C 6B C2 20 A9 A3 89 99 D3 1C A9 5F F4 99
1FD450,2,C2 20 A9 00 00 9D D3 1C 9D D0 1C E2 20 9D D5 1C
1FD434,2,6B C2 20 A9 A3 89 99 D3 1C A9 5F F4 99 D0 1C E2
1FD455,2,9D D3 1C 9D D0 1C E2 20 9D D5 1C 9D D2 1C 6B C2
1FD452,2,A9 00 00 9D D3 1C 9D D0 1C E2 20 9D D5 1C 9D D2
0BD787,2,6A 10 03 69 00 00 C9 00 80 6A 10 03 69 00 00 C9
1FD712,2,C9 00 80 6A 10 03 69 00 00 C9 00 80 6A 10 03 69
1FD715,2,6A 10 03 69 00 00 C9 00 80 6A 10 03 69 00 00 C9
1FD728,2,10 03 69 00 00 C9 00 80 6A 10 03 69 00 00 18 65
1FD72A,2,69 00 00 C9 00 80 6A 10 03 69 00 00 18 65 3A 85
1FD727,2,6A 10 03 69 00 00 C9 00 80 6A 10 03 69 00 00 18
0BD775,2,10 0D A9 10 00 80 08 C9 F0 FF 30 03 A9 F0 FF C9
1FD724,2,C9 00 80 6A 10 03 69 00 00 C9 00 80 6A 10 03 69
1FD72D,2,C9 00 80 6A 10 03 69 00 00 18 65 3A 85 3A 82 E7
1FD731,2,10 03 69 00 00 18 65 3A 85 3A 82 E7 02 C5 3A D0
1FD730,2,6A 10 03 69 00 00 18 65 3A 85 3A 82 E7 02 C5 3A
0BD784,2,C9 00 80 6A 10 03 69 00 00 C9 00 80 6A 10 03 69
1FD733,2,69 00 00 18 65 3A 85 3A 82 E7 02 C5 3A D0 04 5C
0BD764,2,CD 36 12 F0 43 38 ED 36 12 C9 00 00 30 0A C9 10
0BD772,2,C9 10 00 10 0D A9 10 00 80 08 C9 F0 FF 30 03 A9
0BD770,2,30 0A C9 10 00 10 0D A9 10 00 80 08 C9 F0 FF 30
1FD718,2,69 00 00 C9 00 80 6A 10 03 69 00 00 C9 00 80 6A
0BD769,2,38 ED 36 12 C9 00 00 30 0A C9 10 00 10 0D A9 10
0BD767,2,F0 43 38 ED 36 12 C9 00 00 30 0A C9 10 00 10 0D
1FD716,2,10 03 69 00 00 C9 00 80 6A 10 03 69 00 00 C9 00
1FD721,2,69 00 00 C9 00 80 6A 10 03 69 00 00 C9 00 80 6A
0BD76A,2,ED 36 12 C9 00 00 30 0A C9 10 00 10 0D A9 10 00
0BD76D,2,C9 00 00 30 0A C9 10 00 10 0D A9 10 00 80 08 C9
1FD71B,2,C9 00 80 6A 10 03 69 00 00 C9 00 80 6A 10 03 69
1FD71F,2,10 03 69 00 00 C9 00 80 6A 10 03 69 00 00 C9 00
1FD71E,2,6A 10 03 69 00 00 C9 00 80 6A 10 03 69 00 00 C9
02FE1A,2,08 E2 20 C2 10 DA E2 20 C2 10 AD C3 14 09 40 8D
0BADA0,2,48 E2 20 6B FA 7A B4 26 C0 00 00 D0 04 5C B8 AD
0BB443,2,8D 61 15 E2 20 C2 20 A9 C0 B4 9F D6 1C 7E E2 20
0BB47D,2,E2 20 22 4B D5 1F B0 04 5C B1 B4 0B B9 09 00 29
03F64B,2,99 18 00 FA C2 20 8C F9 16 20 77 F6 AD FD 16 D0
0BB477,2,A9 89 B2 8D C7 14 E2 20 22 4B D5 1F B0 04 5C B1
0BB47F,2,22 4B D5 1F B0 04 5C B1 B4 0B B9 09 00 29 F7 99
0BB475,2,C2 20 A9 89 B2 8D C7 14 E2 20 22 4B D5 1F B0 04
08B3A1,2,C2 20 A9 AE B3 95 16 E2 20 A9 08 95 18 AC 3A 12
0BB483,2,B0 04 5C B1 B4 0B B9 09 00 29 F7 99 09 00 B9 1E
03F642,2,99 16 00 E2 20 BF 3F A8 00 99 18 00 FA C2 20 8C
0BB4F8,2,E2 20 22 40 D5 1F 5C DA B2 0B A9 06 22 E5 B7 03
03F662,2,60 C2 20 A2 00 00 8E F9 16 FA 20 77 F6 AD FD 16
03F647,2,BF 3F A8 00 99 18 00 FA C2 20 8C F9 16 20 77 F6
0BB491,2,B9 1E 00 09 01 99 1E 00 AD CA 18 49 FF 1A 18 69
0BB496,2,99 1E 00 AD CA 18 49 FF 1A 18 69 80 18 6D 2D 15
0BB4DE,2,AD D8 14 29 FB 8D D8 14 B4 26 C0 00 00 D0 04 5C
0BB4E8,2,C0 00 00 D0 04 5C FE B4 0B C2 20 A9 00 00 95 26
03F7F8,2,4C 6F ED 8E FF 16 60 C2 20 9C F9 16 68 18 69 0B
0BB4FE,2,5C DA B2 0B A9 06 22 E5 B7 03 A9 FF 95 2A A9 00
08B3A6,2,95 16 E2 20 A9 08 95 18 AC 3A 12 C2 20 B9 10 00
0BB46F,2,F0 04 5C B1 B4 0B C2 20 A9 89 B2 8D C7 14 E2 20
08B3A8,2,E2 20 A9 08 95 18 AC 3A 12 C2 20 B9 10 00 38 F5
0BB4E6,2,B4 26 C0 00 00 D0 04 5C FE B4 0B C2 20 A9 00 00
0BB4FA,2,22 40 D5 1F 5C DA B2 0B A9 06 22 E5 B7 03 A9 FF
0BB4A2,2,18 6D 2D 15 99 13 00 AD C8 18 99 12 00 94 26 AD
0BB4EB,2,D0 04 5C FE B4 0B C2 20 A9 00 00 95 26 E2 20 22
0BB4F6,2,95 26 E2 20 22 40 D5 1F 5C DA B2 0B A9 06 22 E5
0BB4F1,2,C2 20 A9 00 00 95 26 E2 20 22 40 D5 1F 5C DA B2
0BB4F3,2,A9 00 00 95 26 E2 20 22 40 D5 1F 5C DA B2 0B A9
0BB4C8,2,E2 20 C2 20 A9 AF B3 9F D3 1C 7E E2 20 A9 0B 9F
0BB499,2,AD CA 18 49 FF 1A 18 69 80 18 6D 2D 15 99 13 00
03B39C,2,90 17 E2 20 A9 6D 22 E5 B7 03 60 C9 B0 FF B0 09
0BB4B4,2,89 10 F0 04 5C DF AC 0B 5C 18 AD 0B C2 20 A9 00
08B374,2,A9 85 B3 95 16 E2 20 A9 08 95 18 B5 09 09 08 95
0BB4AF,2,94 26 AD D8 14 89 10 F0 04 5C DF AC 0B 5C 18 AD
0BB4A9,2,AD C8 18 99 12 00 94 26 AD D8 14 89 10 F0 04 5C
0BB4AC,2,99 12 00 94 26 AD D8 14 89 10 F0 04 5C DF AC 0B
03F626,2,DA 29 FF 00 0A AA BF 4B A6 00 99 04 00 FA BD 06
0BB4D3,2,E2 20 A9 0B 9F D5 1C 7E AC 3A 12 AD D8 14 29 FB
0BB4BC,2,5C 18 AD 0B C2 20 A9 00 00 8D 61 15 E2 20 C2 20
0BB4CC,2,A9 AF B3 9F D3 1C 7E E2 20 A9 0B 9F D5 1C 7E AC
0BB4B6,2,F0 04 5C DF AC 0B 5C 18 AD 0B C2 20 A9 00 00 8D
0BB4C2,2,A9 00 00 8D 61 15 E2 20 C2 20 A9 AF B3 9F D3 1C
0BB4C0,2,C2 20 A9 00 00 8D 61 15 E2 20 C2 20 A9 AF B3 9F
03F645,2,E2 20 BF 3F A8 00 99 18 00 FA C2 20 8C F9 16 20
0BB4A3,2,6D 2D 15 99 13 00 AD C8 18 99 12 00 94 26 AD D8
0BB49F,2,18 69 80 18 6D 2D 15 99 13 00 AD C8 18 99 12 00
08B37F,2,B5 09 09 08 95 09 B5 13 85 3A A9 00 22 BD D8 1F
08B37D,2,95 18 B5 09 09 08 95 09 B5 13 85 3A A9 00 22 BD
03F65F,2,8E FF 16 60 C2 20 A2 00 00 8E F9 16 FA 20 77 F6
03B399,2,C9 50 00 90 17 E2 20 A9 6D 22 E5 B7 03 60 C9 B0
0BB4A0,2,69 80 18 6D 2D 15 99 13 00 AD C8 18 99 12 00 94
08B37B,2,A9 08 95 18 B5 09 09 08 95 09 B5 13 85 3A A9 00
03F683,2,18 69 07 00 AA 60 8A 18 69 06 00 AA 60 BB BD 01
0BB48C,2,29 F7 99 09 00 B9 1E 00 09 01 99 1E 00 AD CA 18
0BB49E,2,1A 18 69 80 18 6D 2D 15 99 13 00 AD C8 18 99 12
03F688,2,60 8A 18 69 06 00 AA 60 BB BD 01 80 29 FF 00 0A
03F687,2,AA 60 8A 18 69 06 00 AA 60 BB BD 01 80 29 FF 00
08B3AC,2,95 18 AC 3A 12 C2 20 B9 10 00 38 F5 10 10 04 49
0BB4E1,2,29 FB 8D D8 14 B4 26 C0 00 00 D0 04 5C FE B4 0B
0BB46D,2,29 04 F0 04 5C B1 B4 0B C2 20 A9 89 B2 8D C7 14
0BB400,2,30 0B AD 33 12 18 69 F8 8D 33 12 80 21 AD 33 12
0BB3FD,2,B9 14 00 30 0B AD 33 12 18 69 F8 8D 33 12 80 21
02F967,2,80 03 29 FF 00 18 6D FA 14 18 6D EA 14 85 C3 AD
0BB4E3,2,8D D8 14 B4 26 C0 00 00 D0 04 5C FE B4 0B C2 20
03F5CB,2,29 FF 00 0A 0A 99 0E 00 BD 04 80 29 FF 00 0A 0A
0BB4CF,2,9F D3 1C 7E E2 20 A9 0B 9F D5 1C 7E AC 3A 12 AD
0BB405,2,18 69 F8 8D 33 12 80 21 AD 33 12 18 69 08 8D 33
02F964,2,09 00 FF 80 03 29 FF 00 18 6D FA 14 18 6D EA 14
0BB4DB,2,AC 3A 12 AD D8 14 29 FB 8D D8 14 B4 26 C0 00 00
03F62B,2,AA BF 4B A6 00 99 04 00 FA BD 06 80 DA 29 FF 00
0BB3B1,2,8D 29 15 A9 01 8D 2A 15 B4 1B AD D9 14 29 02 F0
0BB3FA,2,AC 3A 12 B9 14 00 30 0B AD 33 12 18 69 F8 8D 33
0BB489,2,B9 09 00 29 F7 99 09 00 B9 1E 00 09 01 99 1E 00
03F627,2,29 FF 00 0A AA BF 4B A6 00 99 04 00 FA BD 06 80
0BB4A6,2,99 13 00 AD C8 18 99 12 00 94 26 AD D8 14 89 10
0BB406,2,69 F8 8D 33 12 80 21 AD 33 12 18 69 08 8D 33 12
0BB42E,2,C2 20 A9 B1 B4 9F D3 1C 7E E2 20 A9 0B 9F D5 1C
0BB44A,2,A9 C0 B4 9F D6 1C 7E E2 20 A9 0B 9F D8 1C 7E AD
0BB448,2,C2 20 A9 C0 B4 9F D6 1C 7E E2 20 A9 0B 9F D8 1C
0BB461,2,C2 20 A9 00 00 95 26 E2 20 AD DC 14 29 04 F0 04
0BB455,2,9F D8 1C 7E AD D8 14 09 04 8D D8 14 C2 20 A9 00
0BB45E,2,8D D8 14 C2 20 A9 00 00 95 26 E2 20 AD DC 14 29
0BB463,2,A9 00 00 95 26 E2 20 AD DC 14 29 04 F0 04 5C B1
0BB446,2,E2 20 C2 20 A9 C0 B4 9F D6 1C 7E E2 20 A9 0B 9F
0BB43F,2,C2 20 B5 1B 8D 61 15 E2 20 C2 20 A9 C0 B4 9F D6
0BB430,2,A9 B1 B4 9F D3 1C 7E E2 20 A9 0B 9F D5 1C 7E C2
0BB441,2,B5 1B 8D 61 15 E2 20 C2 20 A9 C0 B4 9F D6 1C 7E
0BB433,2,9F D3 1C 7E E2 20 A9 0B 9F D5 1C 7E C2 20 B5 1B
0BB439,2,A9 0B 9F D5 1C 7E C2 20 B5 1B 8D 61 15 E2 20 C2
0BB437,2,E2 20 A9 0B 9F D5 1C 7E C2 20 B5 1B 8D 61 15 E2
0BB494,2,09 01 99 1E 00 AD CA 18 49 FF 1A 18 69 80 18 6D
03F62A,2,0A AA BF 4B A6 00 99 04 00 FA BD 06 80 DA 29 FF
03F62C,2,BF 4B A6 00 99 04 00 FA BD 06 80 DA 29 FF 00 0A
0BB3D2,2,C9 08 10 04 5C E2 B3 0B A9 04 22 E5 B7 03 80 06
0BB3C9,2,D0 04 5C E2 B3 0B B9 2B 00 C9 08 10 04 5C E2 B3
0BB3BE,2,29 02 F0 04 5C E8 B3 0B C0 00 00 D0 04 5C E2 B3
0BB3D6,2,5C E2 B3 0B A9 04 22 E5 B7 03 80 06 A9 08 22 E5
0BB408,2,8D 33 12 80 21 AD 33 12 18 69 08 8D 33 12 C2 20
0BB3F1,2,B9 2B 00 D0 04 5C FE B4 0B AC 3A 12 B9 14 00 30
0BB3E2,2,A9 08 22 E5 B7 03 C0 00 00 D0 04 5C 2E B4 0B B9
0BB3B9,2,B4 1B AD D9 14 29 02 F0 04 5C E8 B3 0B C0 00 00
03F684,2,69 07 00 AA 60 8A 18 69 06 00 AA 60 BB BD 01 80
03F634,2,BD 06 80 DA 29 FF 00 0A 0A AA BF 3D A8 00 99 16
0BB3B6,2,8D 2A 15 B4 1B AD D9 14 29 02 F0 04 5C E8 B3 0B
03F633,2,FA BD 06 80 DA 29 FF 00 0A 0A AA BF 3D A8 00 99
0BB46A,2,AD DC 14 29 04 F0 04 5C B1 B4 0B C2 20 A9 89 B2
0BB3B4,2,A9 01 8D 2A 15 B4 1B AD D9 14 29 02 F0 04 5C E8
0BB3E4,2,22 E5 B7 03 C0 00 00 D0 04 5C 2E B4 0B B9 2B 00
0BB3C0,2,F0 04 5C E8 B3 0B C0 00 00 D0 04 5C E2 B3 0B B9
0BB3E8,2,C0 00 00 D0 04 5C 2E B4 0B B9 2B 00 D0 04 5C FE
0BB3EB,2,D0 04 5C 2E B4 0B B9 2B 00 D0 04 5C FE B4 0B AC
0BB3F4,2,D0 04 5C FE B4 0B AC 3A 12 B9 14 00 30 0B AD 33
0BB40B,2,80 21 AD 33 12 18 69 08 8D 33 12 C2 20 B9 0C 00
1FD471,1,99 D5 1C 99 D2 1C 6B B5 0C 18 65 04 99 0C 00 B5
1FD46F,1,E2 20 99 D5 1C 99 D2 1C 6B B5 0C 18 65 04 99 0C
06F774,1,B5 1F 29 40 D0 04 5C 82 F7 06 22 01 D5 1F 6B AD
03F816,1,8D FD 16 DA AE 1F 12 9B AE 21 12 D0 04 BB 4C B3
1FD469,1,99 D3 1C 99 D0 1C E2 20 99 D5 1C 99 D2 1C 6B B5
1FD46C,1,99 D0 1C E2 20 99 D5 1C 99 D2 1C 6B B5 0C 18 65
1FD474,1,99 D2 1C 6B B5 0C 18 65 04 99 0C 00 B5 10 18 6D
06F73D,1,AC 3A 12 22 AB D0 1F C2 20 AD 52 12 C9 E8 03 90
06F773,1,7A B5 1F 29 40 D0 04 5C 82 F7 06 22 01 D5 1F 6B
06F736,1,F0 04 5C 74 F7 06 5A AC 3A 12 22 AB D0 1F C2 20
06F72D,1,99 33 00 E2 20 B5 1E 29 08 F0 04 5C 74 F7 06 5A
06F740,1,22 AB D0 1F C2 20 AD 52 12 C9 E8 03 90 1D C9 D0
1FC8B2,1,6B A0 00 00 A6 04 6B 64 3C E4 04 F0 1E B5 1F 29
1FC8A9,1,B4 00 8C CC 14 A4 3C A6 04 6B A0 00 00 A6 04 6B
06F73C,1,5A AC 3A 12 22 AB D0 1F C2 20 AD 52 12 C9 E8 03
1FD466,1,A9 00 00 99 D3 1C 99 D0 1C E2 20 99 D5 1C 99 D2
06F61A,1,BF 07 00 00 29 FF 00 F0 05 46 02 3A D0 FB A5 02
06F628,1,A5 02 FA 7A 4A 4A 4A 4A E2 20 99 F4 1C A9 06 99
03F813,1,BD 01 80 8D FD 16 DA AE 1F 12 9B AE 21 12 D0 04
06F74C,1,90 1D C9 D0 07 90 0C E2 20 A9 23 22 E5 B7 03 5C
03F812,1,BB BD 01 80 8D FD 16 DA AE 1F 12 9B AE 21 12 D0
06F726,1,B5 31 99 31 00 B5 33 99 33 00 E2 20 B5 1E 29 08
06F64F,1,A9 AD F7 9F D0 1C 7E E2 20 A9 06 9F D2 1C 7E 5C
03B7C3,1,AD 4C 1F 4C DE B7 E2 20 AD 4B 1F 4C DE B7 E2 20
03B7C6,1,4C DE B7 E2 20 AD 4B 1F 4C DE B7 E2 20 AD 4D 1F
7E522A,1,80 03 29 FF 00 85 02 A5 F6 29 0F 00 F0 0D 84 F8
06F776,1,29 40 D0 04 5C 82 F7 06 22 01 D5 1F 6B AD BD 15
06F76B,1,E2 20 A9 21 22 E5 B7 03 7A B5 1F 29 40 D0 04 5C
1FD464,1,C2 20 A9 00 00 99 D3 1C 99 D0 1C E2 20 99 D5 1C
06F76F,1,22 E5 B7 03 7A B5 1F 29 40 D0 04 5C 82 F7 06 22
06F749,1,C9 E8 03 90 1D C9 D0 07 90 0C E2 20 A9 23 22 E5
03B7C1,1,E2 20 AD 4C 1F 4C DE B7 E2 20 AD 4B 1F 4C DE B7
06F746,1,AD 52 12 C9 E8 03 90 1D C9 D0 07 90 0C E2 20 A9
06F744,1,C2 20 AD 52 12 C9 E8 03 90 1D C9 D0 07 90 0C E2
06F723,1,99 2F 00 B5 31 99 31 00 B5 33 99 33 00 E2 20 B5
06F6D9,1,49 FF 1A 18 69 80 18 6D 2D 15 99 13 00 AD C8 18
06F717,1,ED 1D 15 99 0E 00 E2 20 C2 20 B5 2F 99 2F 00 B5
049BA4,1,C2 20 98 9D FA 1C E2 20 5C AB 83 04 BC FA 1C B9
03EAFB,1,C2 20 29 FF 00 AA E2 20 BF 32 EB 03 22 E5 B7 03
049B9E,1,20 62 A3 99 A4 A0 C2 20 98 9D FA 1C E2 20 5C AB
049B85,1,A9 04 00 22 17 FB 0A A8 E2 20 A9 01 99 A1 A0 C2
049B8C,1,A8 E2 20 A9 01 99 A1 A0 C2 20 20 4A A3 99 A2 A0
02DAF1,1,EE BE 15 8B A9 7E 48 AB 22 D5 81 06 22 42 ED 03
049BAC,1,5C AB 83 04 BC FA 1C B9 A1 A0 1A 8D 5D 17 0A 18
049E17,1,B5 1D 29 F7 95 1D 4C EA 83 20 4A A3 22 E5 B7 03
049E1D,1,4C EA 83 20 4A A3 22 E5 B7 03 4C D5 83 20 4A A3
03EAF5,1,0A 0A 18 6D FC 1F C2 20 29 FF 00 AA E2 20 BF 32
049E1B,1,95 1D 4C EA 83 20 4A A3 22 E5 B7 03 4C D5 83 20
049E19,1,29 F7 95 1D 4C EA 83 20 4A A3 22 E5 B7 03 4C D5
7E5C60,1,A9 FF 85 0B 80 02 64 0B 28 FA 7A 60 00 03 06 09
06F62A,1,FA 7A 4A 4A 4A 4A E2 20 99 F4 1C A9 06 99 0B 00
7E56BA,1,4C CA 56 E2 20 BD 10 00 0D FA 1E 8D FA 1E C2 20
7E56AB,1,38 E5 74 10 04 49 FF FF 1A 38 ED 52 12 30 03 4C
7E56AC,1,E5 74 10 04 49 FF FF 1A 38 ED 52 12 30 03 4C CA
7E56A9,1,A5 3C 38 E5 74 10 04 49 FF FF 1A 38 ED 52 12 30
7E56A6,1,8D 52 12 A5 3C 38 E5 74 10 04 49 FF FF 1A 38 ED
06F62B,1,7A 4A 4A 4A 4A E2 20 99 F4 1C A9 06 99 0B 00 C2
7E56AE,1,10 04 49 FF FF 1A 38 ED 52 12 30 03 4C CA 56 E2
7E56B3,1,1A 38 ED 52 12 30 03 4C CA 56 E2 20 BD 10 00 0D
7E56B8,1,30 03 4C CA 56 E2 20 BD 10 00 0D FA 1E 8D FA 1E
7E56B0,1,49 FF FF 1A 38 ED 52 12 30 03 4C CA 56 E2 20 BD
7E56B5,1,ED 52 12 30 03 4C CA 56 E2 20 BD 10 00 0D FA 1E
7E56B4,1,38 ED 52 12 30 03 4C CA 56 E2 20 BD 10 00 0D FA
7E56A3,1,6D 5C 12 8D 52 12 A5 3C 38 E5 74 10 04 49 FF FF
7E5C62,1,85 0B 80 02 64 0B 28 FA 7A 60 00 03 06 09 0C 0F
06F626,1,D0 FB A5 02 FA 7A 4A 4A 4A 4A E2 20 99 F4 1C A9
02FE77,1,FA 28 6B 08 E2 20 C2 10 DA E2 20 C2 10 AD C3 14
06F574,1,BB 9C 1D 15 BF 10 00 00 C9 40 00 B0 03 82 DE 00
02FE78,1,28 6B 08 E2 20 C2 10 DA E2 20 C2 10 AD C3 14 09
02FE79,1,6B 08 E2 20 C2 10 DA E2 20 C2 10 AD C3 14 09 20
06F575,1,9C 1D 15 BF 10 00 00 C9 40 00 B0 03 82 DE 00 C9
02FE75,1,74 03 FA 28 6B 08 E2 20 C2 10 DA E2 20 C2 10 AD
02FE73,1,74 02 74 03 FA 28 6B 08 E2 20 C2 10 DA E2 20 C2
06F56E,1,C2 20 5A B4 04 DA BB 9C 1D 15 BF 10 00 00 C9 40
06F571,1,B4 04 DA BB 9C 1D 15 BF 10 00 00 C9 40 00 B0 03
02FE71,1,95 01 74 02 74 03 FA 28 6B 08 E2 20 C2 10 DA E2
06F570,1,5A B4 04 DA BB 9C 1D 15 BF 10 00 00 C9 40 00 B0
7E5C64,1,80 02 64 0B 28 FA 7A 60 00 03 06 09 0C 0F 12 15
06F578,1,BF 10 00 00 C9 40 00 B0 03 82 DE 00 C9 80 00 B0
06F57F,1,B0 03 82 DE 00 C9 80 00 B0 03 82 88 00 C9 00 01
06F621,1,F0 05 46 02 3A D0 FB A5 02 FA 7A 4A 4A 4A 4A E2
08B29D,1,C9 F8 30 02 A9 F8 C9 80 6A 10 02 69 00 C9 80 6A
06F623,1,46 02 3A D0 FB A5 02 FA 7A 4A 4A 4A 4A E2 20 99
06F625,1,3A D0 FB A5 02 FA 7A 4A 4A 4A 4A E2 20 99 F4 1C
06F57C,1,C9 40 00 B0 03 82 DE 00 C9 80 00 B0 03 82 88 00
06F61E,1,29 FF 00 F0 05 46 02 3A D0 FB A5 02 FA 7A 4A 4A
06F614,1,38 E9 80 00 85 02 BF 07 00 00 29 FF 00 F0 05 46
06F584,1,C9 80 00 B0 03 82 88 00 C9 00 01 B0 03 82 31 00
06F618,1,85 02 BF 07 00 00 29 FF 00 F0 05 46 02 3A D0 FB
06F587,1,B0 03 82 88 00 C9 00 01 B0 03 82 31 00 FA 7A E2
06F589,1,82 88 00 C9 00 01 B0 03 82 31 00 FA 7A E2 20 A9
06F71A,1,99 0E 00 E2 20 C2 20 B5 2F 99 2F 00 B5 31 99 31
7E56A2,1,18 6D 5C 12 8D 52 12 A5 3C 38 E5 74 10 04 49 FF
06F62C,1,4A 4A 4A 4A E2 20 99 F4 1C A9 06 99 0B 00 C2 20
06F6CF,1,99 E6 1C 22 D9 DA 1F AD CA 18 49 FF 1A 18 69 80
06F6CD,1,09 80 99 E6 1C 22 D9 DA 1F AD CA 18 49 FF 1A 18
06F6D2,1,22 D9 DA 1F AD CA 18 49 FF 1A 18 69 80 18 6D 2D
03F819,1,DA AE 1F 12 9B AE 21 12 D0 04 BB 4C B3 F8 B5 00
06F6D6,1,AD CA 18 49 FF 1A 18 69 80 18 6D 2D 15 99 13 00
06F6DC,1,18 69 80 18 6D 2D 15 99 13 00 AD C8 18 99 12 00
06F6CB,1,A9 00 09 80 99 E6 1C 22 D9 DA 1F AD CA 18 49 FF
06F6C6,1,09 80 9D E6 1C A9 00 09 80 99 E6 1C 22 D9 DA 1F
06F6BD,1,95 0A A9 00 99 0A 00 A9 00 09 80 9D E6 1C A9 00
06F6C8,1,9D E6 1C A9 00 09 80 99 E6 1C 22 D9 DA 1F AD CA
06F6BF,1,A9 00 99 0A 00 A9 00 09 80 9D E6 1C A9 00 09 80
06F6C1,1,99 0A 00 A9 00 09 80 9D E6 1C A9 00 09 80 99 E6
06F6B9,1,95 0B A9 00 95 0A A9 00 99 0A 00 A9 00 09 80 9D
06F6E6,1,AD C8 18 99 12 00 C2 20 A9 AD F7 99 16 00 E2 20
06F6EE,1,A9 AD F7 99 16 00 E2 20 A9 06 99 18 00 22 64 D4
06F70E,1,99 1E 00 C2 20 B9 0E 00 38 ED 1D 15 99 0E 00 E2
06F70C,1,09 01 99 1E 00 C2 20 B9 0E 00 38 ED 1D 15 99 0E
06F711,1,C2 20 B9 0E 00 38 ED 1D 15 99 0E 00 E2 20 C2 20
06F716,1,38 ED 1D 15 99 0E 00 E2 20 C2 20 B5 2F 99 2F 00
06F6EC,1,C2 20 A9 AD F7 99 16 00 E2 20 A9 06 99 18 00 22
06F706,1,99 2B 00 B9 1E 00 09 01 99 1E 00 C2 20 B9 0E 00
06F6F8,1,99 18 00 22 64 D4 1F A9 FF 99 2A 00 A9 08 99 2B
06F6F1,1,99 16 00 E2 20 A9 06 99 18 00 22 64 D4 1F A9 FF
06F701,1,99 2A 00 A9 08 99 2B 00 B9 1E 00 09 01 99 1E 00
06F6F4,1,E2 20 A9 06 99 18 00 22 64 D4 1F A9 FF 99 2A 00
06F6F6,1,A9 06 99 18 00 22 64 D4 1F A9 FF 99 2A 00 A9 08
7E569F,1,BD 0C 00 18 6D 5C 12 8D 52 12 A5 3C 38 E5 74 10
06F6B7,1,A9 0C 95 0B A9 00 95 0A A9 00 99 0A 00 A9 00 09
06F6B1,1,22 4A FC 02 95 13 A9 0C 95 0B A9 00 95 0A A9 00
06F63A,1,C2 20 A9 1D B1 99 04 00 E2 20 C2 20 A9 04 BE 95
06F637,1,99 0B 00 C2 20 A9 1D B1 99 04 00 E2 20 C2 20 A9
06F63C,1,A9 1D B1 99 04 00 E2 20 C2 20 A9 04 BE 95 04 E2
06F63F,1,99 04 00 E2 20 C2 20 A9 04 BE 95 04 E2 20 C2 20
06F642,1,E2 20 C2 20 A9 04 BE 95 04 E2 20 C2 20 A9 AD F7
06F635,1,A9 06 99 0B 00 C2 20 A9 1D B1 99 04 00 E2 20 C2
06F630,1,E2 20 99 F4 1C A9 06 99 0B 00 C2 20 A9 1D B1 99
06F62D,1,4A 4A 4A E2 20 99 F4 1C A9 06 99 0B 00 C2 20 A9
06F632,1,99 F4 1C A9 06 99 0B 00 C2 20 A9 1D B1 99 04 00
06F62E,1,4A 4A E2 20 99 F4 1C A9 06 99 0B 00 C2 20 A9 1D
06F62F,1,4A E2 20 99 F4 1C A9 06 99 0B 00 C2 20 A9 1D B1
06F6B5,1,95 13 A9 0C 95 0B A9 00 95 0A A9 00 99 0A 00 A9
06F644,1,C2 20 A9 04 BE 95 04 E2 20 C2 20 A9 AD F7 9F D0
06F649,1,95 04 E2 20 C2 20 A9 AD F7 9F D0 1C 7E E2 20 A9
06F554,1,B9 1D 00 29 F7 99 1D 00 B9 1D 00 09 20 99 1D 00
06F65E,1,5C AB F6 06 38 E9 40 00 85 02 BF 07 00 00 29 FF
06F6AB,1,22 4A FC 02 95 12 22 4A FC 02 95 13 A9 0C 95 0B
06F6AF,1,95 12 22 4A FC 02 95 13 A9 0C 95 0B A9 00 95 0A
06F646,1,A9 04 BE 95 04 E2 20 C2 20 A9 AD F7 9F D0 1C 7E
06F65A,1,9F D2 1C 7E 5C AB F6 06 38 E9 40 00 85 02 BF 07
06F656,1,E2 20 A9 06 9F D2 1C 7E 5C AB F6 06 38 E9 40 00
06F64B,1,E2 20 C2 20 A9 AD F7 9F D0 1C 7E E2 20 A9 06 9F
06F658,1,A9 06 9F D2 1C 7E 5C AB F6 06 38 E9 40 00 85 02
06F64D,1,C2 20 A9 AD F7 9F D0 1C 7E E2 20 A9 06 9F D2 1C
06F652,1,9F D0 1C 7E E2 20 A9 06 9F D2 1C 7E 5C AB F6 06
1FD2E5,1,80 1D B5 1E 29 02 F0 17 B5 1E 29 FD 95 1E BF D8
08B234,1,09 40 95 2E B5 2E 09 01 95 2E C2 20 B5 26 8D 1D
1FD2E1,1,29 7F 95 1D 80 1D B5 1E 29 02 F0 17 B5 1E 29 FD
09F878,1,E2 20 A9 09 95 18 EE B7 F0 C2 20 B5 26 C9 00 00
03F88F,1,29 FF 00 0A AA BF 4B A6 00 99 04 00 FA 8C F9 16
09F87A,1,A9 09 95 18 EE B7 F0 C2 20 B5 26 C9 00 00 E2 20
03F893,1,AA BF 4B A6 00 99 04 00 FA 8C F9 16 C2 20 8A 18
0483FE,1,4C 5F 80 C2 20 20 56 A3 95 28 E2 20 4C 5F 80 C2
09F876,1,95 16 E2 20 A9 09 95 18 EE B7 F0 C2 20 B5 26 C9
04846F,1,09 10 95 1E 4C EA 83 B5 1E 29 EF 95 1E 4C EA 83
048476,1,B5 1E 29 EF 95 1E 4C EA 83 20 4A A3 D5 24 D0 04
04846D,1,B5 1E 09 10 95 1E 4C EA 83 B5 1E 29 EF 95 1E 4C
048473,1,4C EA 83 B5 1E 29 EF 95 1E 4C EA 83 20 4A A3 D5
048471,1,95 1E 4C EA 83 B5 1E 29 EF 95 1E 4C EA 83 20 4A
048478,1,29 EF 95 1E 4C EA 83 20 4A A3 D5 24 D0 04 5C D1
0483FC,1,E2 20 4C 5F 80 C2 20 20 56 A3 95 28 E2 20 4C 5F
0483F7,1,20 4A A3 95 28 E2 20 4C 5F 80 C2 20 20 56 A3 95
09F881,1,C2 20 B5 26 C9 00 00 E2 20 F0 04 5C 99 F8 09 C2
03F898,1,99 04 00 FA 8C F9 16 C2 20 8A 18 69 0A 00 AA AD
03F89B,1,FA 8C F9 16 C2 20 8A 18 69 0A 00 AA AD FD 16 D0
03F89C,1,8C F9 16 C2 20 8A 18 69 0A 00 AA AD FD 16 D0 03
0483FA,1,95 28 E2 20 4C 5F 80 C2 20 20 56 A3 95 28 E2 20
09F87E,1,EE B7 F0 C2 20 B5 26 C9 00 00 E2 20 F0 04 5C 99
0483D1,1,A9 00 95 24 E2 20 C2 20 B5 28 18 69 02 00 95 28
09F87C,1,95 18 EE B7 F0 C2 20 B5 26 C9 00 00 E2 20 F0 04
0483F5,1,C2 20 20 4A A3 95 28 E2 20 4C 5F 80 C2 20 20 56
0483D3,1,95 24 E2 20 C2 20 B5 28 18 69 02 00 95 28 E2 20
09F885,1,C9 00 00 E2 20 F0 04 5C 99 F8 09 C2 20 A9 50 00
04847A,1,95 1E 4C EA 83 20 4A A3 D5 24 D0 04 5C D1 83 04
048486,1,5C D1 83 04 F6 24 4C 9A A1 C2 20 F6 28 E2 20 4C
03F87D,1,99 16 00 E2 20 BF 3F A8 00 99 18 00 BF 40 A8 00
1FC870,1,86 04 AE CC 14 D0 03 82 39 00 C9 00 00 F0 3A 85
03F880,1,E2 20 BF 3F A8 00 99 18 00 BF 40 A8 00 C2 20 29
03F882,1,BF 3F A8 00 99 18 00 BF 40 A8 00 C2 20 29 FF 00
09F86B,1,B5 20 09 08 95 20 C2 20 A9 99 F8 95 16 E2 20 A9
1FC872,1,AE CC 14 D0 03 82 39 00 C9 00 00 F0 3A 85 0A 64
1FC87A,1,C9 00 00 F0 3A 85 0A 64 3C E4 04 F0 1D B5 04 C5
1FC875,1,D0 03 82 39 00 C9 00 00 F0 3A 85 0A 64 3C E4 04
1FC87F,1,85 0A 64 3C E4 04 F0 1D B5 04 C5 0A D0 17 A4 04
1FC87D,1,F0 3A 85 0A 64 3C E4 04 F0 1D B5 04 C5 0A D0 17
04847C,1,4C EA 83 20 4A A3 D5 24 D0 04 5C D1 83 04 F6 24
09F86D,1,09 08 95 20 C2 20 A9 99 F8 95 16 E2 20 A9 09 95
09F86F,1,95 20 C2 20 A9 99 F8 95 16 E2 20 A9 09 95 18 EE
06F6C4,1,A9 00 09 80 9D E6 1C A9 00 09 80 99 E6 1C 22 D9
06850B,1,22 4A FE 02 CE 29 15 80 0E E2 20 AD C3 14 29 BF
09F873,1,A9 99 F8 95 16 E2 20 A9 09 95 18 EE B7 F0 C2 20
03F88D,1,C2 20 29 FF 00 0A AA BF 4B A6 00 99 04 00 FA 8C
03F886,1,99 18 00 BF 40 A8 00 C2 20 29 FF 00 0A AA BF 4B
04856D,1,29 FF 00 18 75 0E 95 0E 4C D5 83 20 4A A3 C2 20
0487B6,1,95 2C 4C D5 83 20 11 88 B9 2E 00 09 10 99 2E 00
0487B3,1,20 4A A3 95 2C 4C D5 83 20 11 88 B9 2E 00 09 10
09F871,1,C2 20 A9 99 F8 95 16 E2 20 A9 09 95 18 EE B7 F0
0487B8,1,4C D5 83 20 11 88 B9 2E 00 09 10 99 2E 00 4C EA
1FC881,1,64 3C E4 04 F0 1D B5 04 C5 0A D0 17 A4 04 22 AB
03F89F,1,C2 20 8A 18 69 0A 00 AA AD FD 16 D0 03 4C 6F ED
03F8A1,1,8A 18 69 0A 00 AA AD FD 16 D0 03 4C 6F ED 8E FF
03F892,1,0A AA BF 4B A6 00 99 04 00 FA 8C F9 16 C2 20 8A
09F883,1,B5 26 C9 00 00 E2 20 F0 04 5C 99 F8 09 C2 20 A9
09F860,1,C9 A1 AC E2 20 F0 04 5C 71 F8 09 B5 20 09 08 95
1FBFF2,1,74 19 D5 06 D0 02 74 06 DD DD 1C D0 03 9E DD 1C
04805C,1,9C AE F0 B4 28 DA BB BF FE A3 04 FA 9D DC 1C C2
09F88A,1,F0 04 5C 99 F8 09 C2 20 A9 50 00 95 26 E2 20 C2
09F85E,1,B5 04 C9 A1 AC E2 20 F0 04 5C 71 F8 09 B5 20 09
03F894,1,BF 4B A6 00 99 04 00 FA 8C F9 16 C2 20 8A 18 69
06F615,1,E9 80 00 85 02 BF 07 00 00 29 FF 00 F0 05 46 02
02F97E,1,09 00 FF 80 03 29 FF 00 18 6D FC 14 18 6D 00 15
02F981,1,80 03 29 FF 00 18 6D FC 14 18 6D 00 15 85 C5 AD
09F865,1,F0 04 5C 71 F8 09 B5 20 09 08 95 20 C2 20 A9 99
048059,1,9C AD F0 9C AE F0 B4 28 DA BB BF FE A3 04 FA 9D
048051,1,09 08 95 1D A9 00 95 25 9C AD F0 9C AE F0 B4 28
048034,1,A9 06 9D D2 1C C2 20 A9 C9 A2 9D D3 1C A9 5F F4
048036,1,9D D2 1C C2 20 A9 C9 A2 9D D3 1C A9 5F F4 9D D0
048031,1,9D D5 1C A9 06 9D D2 1C C2 20 A9 C9 A2 9D D3 1C
048022,1,C2 20 A9 5F 80 95 16 E2 20 A9 04 95 18 A9 04 9D
048053,1,95 1D A9 00 95 25 9C AD F0 9C AE F0 B4 28 DA BB
048039,1,C2 20 A9 C9 A2 9D D3 1C A9 5F F4 9D D0 1C E2 20
04803E,1,9D D3 1C A9 5F F4 9D D0 1C E2 20 B5 2E 09 10 95
04803B,1,A9 C9 A2 9D D3 1C A9 5F F4 9D D0 1C E2 20 B5 2E
04804B,1,09 10 95 2E B5 1D 09 08 95 1D A9 00 95 25 9C AD
048041,1,A9 5F F4 9D D0 1C E2 20 B5 2E 09 10 95 2E B5 1D
09F888,1,E2 20 F0 04 5C 99 F8 09 C2 20 A9 50 00 95 26 E2
03F889,1,BF 40 A8 00 C2 20 29 FF 00 0A AA BF 4B A6 00 99
1FC1A5,1,EA EA EA EA AD 17 42 4C DF C1 49 FF 1A 0A 8D 02
03F8AA,1,D0 03 4C 6F ED 8E FF 16 60 C2 20 9C F9 16 68 18
03F8A7,1,AD FD 16 D0 03 4C 6F ED 8E FF 16 60 C2 20 9C F9
03F8AC,1,4C 6F ED 8E FF 16 60 C2 20 9C F9 16 68 18 69 0A
7E5227,1,09 00 FF 80 03 29 FF 00 85 02 A5 F6 29 0F 00 F0
1FC1DC,1,ED 17 42 AA A2 00 85 02 C9 00 10 01 CA 86 03 A5
1FC1E8,1,CA 86 03 A5 7E 30 15 0A 8D 02 42 A5 7B 30 2F 8D
09F88C,1,5C 99 F8 09 C2 20 A9 50 00 95 26 E2 20 C2 20 A9
03F8A6,1,AA AD FD 16 D0 03 4C 6F ED 8E FF 16 60 C2 20 9C
03F8A2,1,18 69 0A 00 AA AD FD 16 D0 03 4C 6F ED 8E FF 16
03F8A3,1,69 0A 00 AA AD FD 16 D0 03 4C 6F ED 8E FF 16 60
1FC1A2,1,8D 03 42 EA EA EA EA AD 17 42 4C DF C1 49 FF 1A
1FC1DB,1,38 ED 17 42 AA A2 00 85 02 C9 00 10 01 CA 86 03
1FC1D8,1,EA A9 00 38 ED 17 42 AA A2 00 85 02 C9 00 10 01
1FC1A8,1,EA AD 17 42 4C DF C1 49 FF 1A 0A 8D 02 42 A5 7A
1FC1A9,1,AD 17 42 4C DF C1 49 FF 1A 0A 8D 02 42 A5 7A 30
1FC1A7,1,EA EA AD 17 42 4C DF C1 49 FF 1A 0A 8D 02 42 A5
1FC1A6,1,EA EA EA AD 17 42 4C DF C1 49 FF 1A 0A 8D 02 42
1FC1D9,1,A9 00 38 ED 17 42 AA A2 00 85 02 C9 00 10 01 CA
1FC1AC,1,4C DF C1 49 FF 1A 0A 8D 02 42 A5 7A 30 07 8D 03
1FC1D3,1,1A 8D 03 42 EA EA A9 00 38 ED 17 42 AA A2 00 85
1FC1D1,1,49 FF 1A 8D 03 42 EA EA A9 00 38 ED 17 42 AA A2
1FC1D7,1,EA EA A9 00 38 ED 17 42 AA A2 00 85 02 C9 00 10
1FC1D4,1,8D 03 42 EA EA A9 00 38 ED 17 42 AA A2 00 85 02
1FD2E3,1,95 1D 80 1D B5 1E 29 02 F0 17 B5 1E 29 FD 95 1E
09F863,1,E2 20 F0 04 5C 71 F8 09 B5 20 09 08 95 20 C2 20
03F878,1,AA BF 3D A8 00 99 16 00 E2 20 BF 3F A8 00 99 18
03F827,1,B5 00 8D 21 12 98 D0 0C AD 1F 12 95 00 74 02 8E
03F821,1,D0 04 BB 4C B3 F8 B5 00 8D 21 12 98 D0 0C AD 1F
03F829,1,8D 21 12 98 D0 0C AD 1F 12 95 00 74 02 8E 1F 12
03F82C,1,98 D0 0C AD 1F 12 95 00 74 02 8E 1F 12 80 09 B9
049073,1,5C 0D 84 04 4C 96 83 C2 20 20 4A A3 8D 59 17 E2
03F81E,1,AE 21 12 D0 04 BB 4C B3 F8 B5 00 8D 21 12 98 D0
03F81A,1,AE 1F 12 9B AE 21 12 D0 04 BB 4C B3 F8 B5 00 8D
0BD185,1,30 0A C9 08 00 10 0D A9 08 00 80 08 C9 F8 FF 30
03F81D,1,9B AE 21 12 D0 04 BB 4C B3 F8 B5 00 8D 21 12 98
0BD17F,1,ED FC 14 C9 00 00 30 0A C9 08 00 10 0D A9 08 00
0BD17E,1,38 ED FC 14 C9 00 00 30 0A C9 08 00 10 0D A9 08
0BD191,1,C9 F8 FF 30 03 A9 F8 FF C9 00 80 6A 10 03 69 00
1FCDE7,1,80 02 64 0B AB 28 FA 7A 6B 86 3A 84 3C 08 8B E2
1FCDE3,1,A9 FF 85 0B 80 02 64 0B AB 28 FA 7A 6B 86 3A 84
03F844,1,B4 00 F0 02 96 02 9B FA E2 20 22 6E D3 1F C2 20
03F842,1,94 02 B4 00 F0 02 96 02 9B FA E2 20 22 6E D3 1F
03F846,1,F0 02 96 02 9B FA E2 20 22 6E D3 1F C2 20 BD 03
03F848,1,96 02 9B FA E2 20 22 6E D3 1F C2 20 BD 03 80 99
1FCDE5,1,85 0B 80 02 64 0B AB 28 FA 7A 6B 86 3A 84 3C 08
03F840,1,96 00 94 02 B4 00 F0 02 96 02 9B FA E2 20 22 6E
03F83B,1,B9 00 00 95 00 96 00 94 02 B4 00 F0 02 96 02 9B
03F83E,1,95 00 96 00 94 02 B4 00 F0 02 96 02 9B FA E2 20
03F82D,1,D0 0C AD 1F 12 95 00 74 02 8E 1F 12 80 09 B9 00
06F6BB,1,A9 00 95 0A A9 00 99 0A 00 A9 00 09 80 9D E6 1C
03F84A,1,9B FA E2 20 22 6E D3 1F C2 20 BD 03 80 99 0C 00
0BD194,1,30 03 A9 F8 FF C9 00 80 6A 10 03 69 00 00 C9 00
0BD199,1,C9 00 80 6A 10 03 69 00 00 C9 00 80 6A 10 03 69
0492BC,1,22 93 E9 03 FA 4C D5 83 A9 FF 8D FD 1F 20 4A A3
0492C0,1,FA 4C D5 83 A9 FF 8D FD 1F 20 4A A3 DA 22 93 E9
0492BB,1,DA 22 93 E9 03 FA 4C D5 83 A9 FF 8D FD 1F 20 4A
0492B8,1,20 4A A3 DA 22 93 E9 03 FA 4C D5 83 A9 FF 8D FD
0BD1B5,1,6D FC 14 8D FC 14 E2 20 AD 0D 15 8D C7 14 A9 02
0492C1,1,4C D5 83 A9 FF 8D FD 1F 20 4A A3 DA 22 93 E9 03
1FD261,1,A9 00 95 2A AD C7 14 95 2D 6B 08 C2 30 EC 6D 15
02FE6F,1,A9 1F 95 01 74 02 74 03 FA 28 6B 08 E2 20 C2 10
1FD2DF,1,B5 1D 29 7F 95 1D 80 1D B5 1E 29 02 F0 17 B5 1E
1FD2DD,1,E2 20 B5 1D 29 7F 95 1D 80 1D B5 1E 29 02 F0 17
0BD196,1,A9 F8 FF C9 00 80 6A 10 03 69 00 00 C9 00 80 6A
0BD1B4,1,18 6D FC 14 8D FC 14 E2 20 AD 0D 15 8D C7 14 A9
0BD1AF,1,10 03 69 00 00 18 6D FC 14 8D FC 14 E2 20 AD 0D
0BD19F,1,69 00 00 C9 00 80 6A 10 03 69 00 00 C9 00 80 6A
0BD1A2,1,C9 00 80 6A 10 03 69 00 00 C9 00 80 6A 10 03 69
0BD19D,1,10 03 69 00 00 C9 00 80 6A 10 03 69 00 00 C9 00
0BD19C,1,6A 10 03 69 00 00 C9 00 80 6A 10 03 69 00 00 C9
0BD1B1,1,69 00 00 18 6D FC 14 8D FC 14 E2 20 AD 0D 15 8D
0BD1A5,1,6A 10 03 69 00 00 C9 00 80 6A 10 03 69 00 00 18
0BD1A8,1,69 00 00 C9 00 80 6A 10 03 69 00 00 18 6D FC 14
0BD1A6,1,10 03 69 00 00 C9 00 80 6A 10 03 69 00 00 18 6D
0BD1AE,1,6A 10 03 69 00 00 18 6D FC 14 8D FC 14 E2 20 AD
0BD1AB,1,C9 00 80 6A 10 03 69 00 00 18 6D FC 14 8D FC 14
03F879,1,BF 3D A8 00 99 16 00 E2 20 BF 3F A8 00 99 18 00
03F84B,1,FA E2 20 22 6E D3 1F C2 20 BD 03 80 99 0C 00 BD
03F84E,1,22 6E D3 1F C2 20 BD 03 80 99 0C 00 BD 05 80 99
0D8A3A,1,F0 04 A2 4A 0A 6B A2 44 0A 6B 76 00 00 F3 9C B0
048B7E,1,C2 20 20 4A A3 8D 59 17 E2 20 AC 1F 12 8C CC 14
0D8A36,1,AF B7 F0 7E F0 04 A2 4A 0A 6B A2 44 0A 6B 76 00
048975,1,4C C0 83 C2 20 20 4A A3 8D 5B 17 E2 20 8E 59 17
048972,1,99 00 00 4C C0 83 C2 20 20 4A A3 8D 5B 17 E2 20
048B80,1,20 4A A3 8D 59 17 E2 20 AC 1F 12 8C CC 14 C2 20
048B86,1,E2 20 AC 1F 12 8C CC 14 C2 20 A9 00 00 85 3E A9
048B83,1,8D 59 17 E2 20 AC 1F 12 8C CC 14 C2 20 A9 00 00
048B8B,1,8C CC 14 C2 20 A9 00 00 85 3E A9 58 1B 85 3A AD
048B88,1,AC 1F 12 8C CC 14 C2 20 A9 00 00 85 3E A9 58 1B
048B8E,1,C2 20 A9 00 00 85 3E A9 58 1B 85 3A AD 59 17 22
04896F,1,AD 59 17 99 00 00 4C C0 83 C2 20 20 4A A3 8D 5B
04892A,1,5C 62 89 04 38 ED 59 17 C9 00 30 08 C9 08 10 0A
09F85C,1,C2 20 B5 04 C9 A1 AC E2 20 F0 04 5C 71 F8 09 B5
03F873,1,29 FF 00 0A 0A AA BF 3D A8 00 99 16 00 E2 20 BF
03F876,1,0A 0A AA BF 3D A8 00 99 16 00 E2 20 BF 3F A8 00
03F877,1,0A AA BF 3D A8 00 99 16 00 E2 20 BF 3F A8 00 99
048962,1,5C 6F 89 04 AD 59 17 99 00 00 4C 9A A1 AD 59 17
03F872,1,DA 29 FF 00 0A 0A AA BF 3D A8 00 99 16 00 E2 20
1FC8AB,1,8C CC 14 A4 3C A6 04 6B A0 00 00 A6 04 6B 64 3C
09F858,1,09 01 95 1E C2 20 B5 04 C9 A1 AC E2 20 F0 04 5C
1FC8B0,1,A6 04 6B A0 00 00 A6 04 6B 64 3C E4 04 F0 1E B5
1FC8AE,1,A4 3C A6 04 6B A0 00 00 A6 04 6B 64 3C E4 04 F0
03F84C,1,E2 20 22 6E D3 1F C2 20 BD 03 80 99 0C 00 BD 05
048B90,1,A9 00 00 85 3E A9 58 1B 85 3A AD 59 17 22 70 C8
048B95,1,A9 58 1B 85 3A AD 59 17 22 70 C8 1F C0 00 00 E2
03F861,1,AC 3A 12 B9 10 00 7A 18 7D 07 80 99 10 00 BD 09
03F860,1,5A AC 3A 12 B9 10 00 7A 18 7D 07 80 99 10 00 BD
03F864,1,B9 10 00 7A 18 7D 07 80 99 10 00 BD 09 80 DA 29
03F867,1,7A 18 7D 07 80 99 10 00 BD 09 80 DA 29 FF 00 0A
03F868,1,18 7D 07 80 99 10 00 BD 09 80 DA 29 FF 00 0A 0A
03F85D,1,99 0E 00 5A AC 3A 12 B9 10 00 7A 18 7D 07 80 99
03F857,1,99 0C 00 BD 05 80 99 0E 00 5A AC 3A 12 B9 10 00
03F85A,1,BD 05 80 99 0E 00 5A AC 3A 12 B9 10 00 7A 18 7D
03F852,1,C2 20 BD 03 80 99 0C 00 BD 05 80 99 0E 00 5A AC
03F854,1,BD 03 80 99 0C 00 BD 05 80 99 0E 00 5A AC 3A 12
048B93,1,85 3E A9 58 1B 85 3A AD 59 17 22 70 C8 1F C0 00
03F869,1,7D 07 80 99 10 00 BD 09 80 DA 29 FF 00 0A 0A AA
09F856,1,B5 1E 09 01 95 1E C2 20 B5 04 C9 A1 AC E2 20 F0
048B9D,1,22 70 C8 1F C0 00 00 E2 20 D0 04 5C B1 8B 04 94
048BA1,1,C0 00 00 E2 20 D0 04 5C B1 8B 04 94 06 4C C0 83
048B9A,1,AD 59 17 22 70 C8 1F C0 00 00 E2 20 D0 04 5C B1
048B98,1,85 3A AD 59 17 22 70 C8 1F C0 00 00 E2 20 D0 04
03F86C,1,99 10 00 BD 09 80 DA 29 FF 00 0A 0A AA BF 3D A8
048BA4,1,E2 20 D0 04 5C B1 8B 04 94 06 4C C0 83 74 06 74
048BAC,1,94 06 4C C0 83 74 06 74 07 4C C0 83 C2 20 20 4A
048BA6,1,D0 04 5C B1 8B 04 94 06 4C C0 83 74 06 74 07 4C
03F86F,1,BD 09 80 DA 29 FF 00 0A 0A AA BF 3D A8 00 99 16
048BAE,1,4C C0 83 74 06 74 07 4C C0 83 C2 20 20 4A A3 8D
06F56B,1,99 F4 1C C2 20 5A B4 04 DA BB 9C 1D 15 BF 10 00
06F541,1,99 1D 00 B9 1D 00 29 FD 99 1D 00 B9 1F 00 29 F7
06F569,1,A9 00 99 F4 1C C2 20 5A B4 04 DA BB 9C 1D 15 BF
0D8A3C,1,A2 4A 0A 6B A2 44 0A 6B 76 00 00 F3 9C B0 36 22
03EE7F,1,DA AE F9 16 6B BB DA E2 20 A9 03 48 A0 9E EE 5A
0D8A3F,1,6B A2 44 0A 6B 76 00 00 F3 9C B0 36 22 00 01 70
03EE26,1,E8 E8 E8 4C 6F ED BB BD 01 80 29 FF 00 0A 0A 0A
048024,1,A9 5F 80 95 16 E2 20 A9 04 95 18 A9 04 9D D5 1C
03EE7B,1,AD F6 1F 48 DA AE F9 16 6B BB DA E2 20 A9 03 48
03EE76,1,48 A0 6E ED 5A AD F6 1F 48 DA AE F9 16 6B BB DA
03EE7A,1,5A AD F6 1F 48 DA AE F9 16 6B BB DA E2 20 A9 03
03EE6D,1,AA E2 20 A9 00 48 AB A9 03 48 A0 6E ED 5A AD F6
03EE74,1,A9 03 48 A0 6E ED 5A AD F6 1F 48 DA AE F9 16 6B
03EE69,1,18 69 00 80 AA E2 20 A9 00 48 AB A9 03 48 A0 6E
048027,1,95 16 E2 20 A9 04 95 18 A9 04 9D D5 1C A9 06 9D
04802B,1,A9 04 95 18 A9 04 9D D5 1C A9 06 9D D2 1C C2 20
04804D,1,95 2E B5 1D 09 08 95 1D A9 00 95 25 9C AD F0 9C
04804F,1,B5 1D 09 08 95 1D A9 00 95 25 9C AD F0 9C AE F0
048055,1,A9 00 95 25 9C AD F0 9C AE F0 B4 28 DA BB BF FE
048029,1,E2 20 A9 04 95 18 A9 04 9D D5 1C A9 06 9D D2 1C
048049,1,B5 2E 09 10 95 2E B5 1D 09 08 95 1D A9 00 95 25
048044,1,9D D0 1C E2 20 B5 2E 09 10 95 2E B5 1D 09 08 95
048047,1,E2 20 B5 2E 09 10 95 2E B5 1D 09 08 95 1D A9 00
04802D,1,95 18 A9 04 9D D5 1C A9 06 9D D2 1C C2 20 A9 C9
04802F,1,A9 04 9D D5 1C A9 06 9D D2 1C C2 20 A9 C9 A2 9D
048057,1,95 25 9C AD F0 9C AE F0 B4 28 DA BB BF FE A3 04
0AE9A2,1,5C D0 E9 0A AC 69 15 B9 2A 00 F0 22 18 69 05 C9
0AE996,1,C2 20 AD 91 15 C9 3C 00 E2 20 30 04 5C D0 E9 0A
06F732,1,B5 1E 29 08 F0 04 5C 74 F7 06 5A AC 3A 12 22 AB
06F734,1,29 08 F0 04 5C 74 F7 06 5A AC 3A 12 22 AB D0 1F
06F76D,1,A9 21 22 E5 B7 03 7A B5 1F 29 40 D0 04 5C 82 F7
06F778,1,D0 04 5C 82 F7 06 22 01 D5 1F 6B AD BD 15 29 01
06F730,1,E2 20 B5 1E 29 08 F0 04 5C 74 F7 06 5A AC 3A 12
06F728,1,99 31 00 B5 33 99 33 00 E2 20 B5 1E 29 08 F0 04
06F72B,1,B5 33 99 33 00 E2 20 B5 1E 29 08 F0 04 5C 74 F7
06F71F,1,C2 20 B5 2F 99 2F 00 B5 31 99 31 00 B5 33 99 33
06F721,1,B5 2F 99 2F 00 B5 31 99 31 00 B5 33 99 33 00 E2
0AE99E,1,E2 20 30 04 5C D0 E9 0A AC 69 15 B9 2A 00 F0 22
06F77A,1,5C 82 F7 06 22 01 D5 1F 6B AD BD 15 29 01 F0 04
0AE8B7,1,C2 20 A9 D0 E8 95 16 E2 20 A9 0A 95 18 B5 1E 09
03F283,1,E8 E8 4C 6F ED BB DA AE F9 16 D0 04 FA 4C AA F2
03F284,1,E8 4C 6F ED BB DA AE F9 16 D0 04 FA 4C AA F2 FA
03F285,1,4C 6F ED BB DA AE F9 16 D0 04 FA 4C AA F2 FA BD
06F782,1,6B AD BD 15 29 01 F0 04 5C C8 F7 06 BD E6 1C 18
03F282,1,E8 E8 E8 4C 6F ED BB DA AE F9 16 D0 04 FA 4C AA
0AE8CE,1,95 1D C2 20 B5 0C CD 73 15 E2 20 F0 06 30 04 5C
03F280,1,E8 E8 E8 E8 E8 4C 6F ED BB DA AE F9 16 D0 04 FA
0AE8BC,1,95 16 E2 20 A9 0A 95 18 B5 1E 09 01 95 1E B5 1D
0AE8CA,1,B5 1D 09 08 95 1D C2 20 B5 0C CD 73 15 E2 20 F0
06F71D,1,E2 20 C2 20 B5 2F 99 2F 00 B5 31 99 31 00 B5 33
049B76,1,C2 20 BD FA 1C E2 20 F0 04 5C B0 9B 04 C2 20 A9
049B7B,1,E2 20 F0 04 5C B0 9B 04 C2 20 A9 04 00 22 17 FB
03EE68,1,8A 18 69 00 80 AA E2 20 A9 00 48 AB A9 03 48 A0
03EE6A,1,69 00 80 AA E2 20 A9 00 48 AB A9 03 48 A0 6E ED
0BD182,1,C9 00 00 30 0A C9 08 00 10 0D A9 08 00 80 08 C9
03EE67,1,BB 8A 18 69 00 80 AA E2 20 A9 00 48 AB A9 03 48
03B39E,1,E2 20 A9 6D 22 E5 B7 03 60 C9 B0 FF B0 09 E2 20
03EE6E,1,E2 20 A9 00 48 AB A9 03 48 A0 6E ED 5A AD F6 1F
03EE72,1,48 AB A9 03 48 A0 6E ED 5A AD F6 1F 48 DA AE F9
03EE70,1,A9 00 48 AB A9 03 48 A0 6E ED 5A AD F6 1F 48 DA
03EE77,1,A0 6E ED 5A AD F6 1F 48 DA AE F9 16 6B BB DA E2
03EE73,1,AB A9 03 48 A0 6E ED 5A AD F6 1F 48 DA AE F9 16
03EE7E,1,48 DA AE F9 16 6B BB DA E2 20 A9 03 48 A0 9E EE
03B3A0,1,A9 6D 22 E5 B7 03 60 C9 B0 FF B0 09 E2 20 A9 6F
03B3A2,1,22 E5 B7 03 60 C9 B0 FF B0 09 E2 20 A9 6F 22 E5
03EE27,1,E8 E8 4C 6F ED BB BD 01 80 29 FF 00 0A 0A 0A 0A
03EE23,1,99 28 00 E8 E8 E8 4C 6F ED BB BD 01 80 29 FF 00
03EE20,1,BD 01 80 99 28 00 E8 E8 E8 4C 6F ED BB BD 01 80
03B3B5,1,E2 20 A9 6E 22 E5 B7 03 60 C2 30 AE 1F 12 A9 FF
03EE28,1,E8 4C 6F ED BB BD 01 80 29 FF 00 0A 0A 0A 0A 8D
03B3AA,1,B0 09 E2 20 A9 6F 22 E5 B7 03 60 E2 20 A9 6E 22
03EE29,1,4C 6F ED BB BD 01 80 29 FF 00 0A 0A 0A 0A 8D FD
03B3A6,1,60 C9 B0 FF B0 09 E2 20 A9 6F 22 E5 B7 03 60 E2
03B3A7,1,C9 B0 FF B0 09 E2 20 A9 6F 22 E5 B7 03 60 E2 20
049B78,1,BD FA 1C E2 20 F0 04 5C B0 9B 04 C2 20 A9 04 00
03EE80,1,AE F9 16 6B BB DA E2 20 A9 03 48 A0 9E EE 5A BD
0490CB,1,4C 0D 84 C2 20 AD 73 15 38 ED 71 15 85 02 B5 0C
049B91,1,99 A1 A0 C2 20 20 4A A3 99 A2 A0 E2 20 20 62 A3
049B94,1,C2 20 20 4A A3 99 A2 A0 E2 20 20 62 A3 99 A4 A0
049B96,1,20 4A A3 99 A2 A0 E2 20 20 62 A3 99 A4 A0 C2 20
049B99,1,99 A2 A0 E2 20 20 62 A3 99 A4 A0 C2 20 98 9D FA
049B8F,1,A9 01 99 A1 A0 C2 20 20 4A A3 99 A2 A0 E2 20 20
049B88,1,22 17 FB 0A A8 E2 20 A9 01 99 A1 A0 C2 20 20 4A
049B8D,1,E2 20 A9 01 99 A1 A0 C2 20 20 4A A3 99 A2 A0 E2
049B7D,1,F0 04 5C B0 9B 04 C2 20 A9 04 00 22 17 FB 0A A8
049B83,1,C2 20 A9 04 00 22 17 FB 0A A8 E2 20 A9 01 99 A1
03EE83,1,6B BB DA E2 20 A9 03 48 A0 9E EE 5A BD 03 80 48
049B9C,1,E2 20 20 62 A3 99 A4 A0 C2 20 98 9D FA 1C E2 20
049BA6,1,98 9D FA 1C E2 20 5C AB 83 04 BC FA 1C B9 A1 A0
08B2AF,1,69 00 C9 80 6A 10 02 69 00 18 75 13 95 13 C2 20
03F271,1,FA BD 01 80 18 6D F9 16 A8 BD 03 80 99 00 00 E8
0490C7,1,5C 96 83 04 4C 0D 84 C2 20 AD 73 15 38 ED 71 15
049BA1,1,99 A4 A0 C2 20 98 9D FA 1C E2 20 5C AB 83 04 BC
08B2A8,1,69 00 C9 80 6A 10 02 69 00 C9 80 6A 10 02 69 00
08B29F,1,30 02 A9 F8 C9 80 6A 10 02 69 00 C9 80 6A 10 02
08B2A1,1,A9 F8 C9 80 6A 10 02 69 00 C9 80 6A 10 02 69 00
049BA7,1,9D FA 1C E2 20 5C AB 83 04 BC FA 1C B9 A1 A0 1A
049BAA,1,E2 20 5C AB 83 04 BC FA 1C B9 A1 A0 1A 8D 5D 17
03EE1D,1,AC F9 16 BD 01 80 99 28 00 E8 E8 E8 4C 6F ED BB
06F713,1,B9 0E 00 38 ED 1D 15 99 0E 00 E2 20 C2 20 B5 2F
06F704,1,A9 08 99 2B 00 B9 1E 00 09 01 99 1E 00 C2 20 B9
08B1F2,1,18 6D 0F 15 95 0C E2 20 C2 20 B5 26 18 6D 0F 15
08B1F3,1,6D 0F 15 95 0C E2 20 C2 20 B5 26 18 6D 0F 15 95
08B1F0,1,B5 0C 18 6D 0F 15 95 0C E2 20 C2 20 B5 26 18 6D
08B1EE,1,C2 20 B5 0C 18 6D 0F 15 95 0C E2 20 C2 20 B5 26
08B1EC,1,95 1D C2 20 B5 0C 18 6D 0F 15 95 0C E2 20 C2 20
08B1F6,1,95 0C E2 20 C2 20 B5 26 18 6D 0F 15 95 26 E2 20
08B1FA,1,C2 20 B5 26 18 6D 0F 15 95 26 E2 20 C2 20 A9 57
08B1F8,1,E2 20 C2 20 B5 26 18 6D 0F 15 95 26 E2 20 C2 20
08B1FE,1,18 6D 0F 15 95 26 E2 20 C2 20 A9 57 B2 95 16 E2
08B1FC,1,B5 26 18 6D 0F 15 95 26 E2 20 C2 20 A9 57 B2 95
08B1FF,1,6D 0F 15 95 26 E2 20 C2 20 A9 57 B2 95 16 E2 20
08B238,1,B5 2E 09 01 95 2E C2 20 B5 26 8D 1D 15 E2 20 C2
08B1E8,1,B5 1D 09 08 95 1D C2 20 B5 0C 18 6D 0F 15 95 0C
08B1DB,1,C2 20 A9 18 FC 95 26 E2 20 A9 FA 95 23 B5 1D 09
08B1C1,1,95 2E B5 13 18 69 08 95 13 6B C2 20 A9 E8 03 95
08B1BF,1,09 01 95 2E B5 13 18 69 08 95 13 6B C2 20 A9 E8
08B1EA,1,09 08 95 1D C2 20 B5 0C 18 6D 0F 15 95 0C E2 20
08B1DD,1,A9 18 FC 95 26 E2 20 A9 FA 95 23 B5 1D 09 08 95
08B1E2,1,E2 20 A9 FA 95 23 B5 1D 09 08 95 1D C2 20 B5 0C
08B1E0,1,95 26 E2 20 A9 FA 95 23 B5 1D 09 08 95 1D C2 20
08B1E6,1,95 23 B5 1D 09 08 95 1D C2 20 B5 0C 18 6D 0F 15
08B1E4,1,A9 FA 95 23 B5 1D 09 08 95 1D C2 20 B5 0C 18 6D
08B1BD,1,B5 2E 09 01 95 2E B5 13 18 69 08 95 13 6B C2 20
08B202,1,95 26 E2 20 C2 20 A9 57 B2 95 16 E2 20 A9 08 95
08B206,1,C2 20 A9 57 B2 95 16 E2 20 A9 08 95 18 22 1A D4
08B227,1,95 09 AC 3A 12 B5 2E 09 20 95 2E B5 2E 09 40 95
08B225,1,29 F7 95 09 AC 3A 12 B5 2E 09 20 95 2E B5 2E 09
08B223,1,B5 09 29 F7 95 09 AC 3A 12 B5 2E 09 20 95 2E B5
08B221,1,95 15 B5 09 29 F7 95 09 AC 3A 12 B5 2E 09 20 95
08B229,1,AC 3A 12 B5 2E 09 20 95 2E B5 2E 09 40 95 2E B5
08B22E,1,09 20 95 2E B5 2E 09 40 95 2E B5 2E 09 01 95 2E
08B22C,1,B5 2E 09 20 95 2E B5 2E 09 40 95 2E B5 2E 09 01
08B232,1,B5 2E 09 40 95 2E B5 2E 09 01 95 2E C2 20 B5 26
08B230,1,95 2E B5 2E 09 40 95 2E B5 2E 09 01 95 2E C2 20
08B204,1,E2 20 C2 20 A9 57 B2 95 16 E2 20 A9 08 95 18 22
08B21F,1,A9 3C 95 15 B5 09 29 F7 95 09 AC 3A 12 B5 2E 09
08B21B,1,A9 04 95 2B A9 3C 95 15 B5 09 29 F7 95 09 AC 3A
08B20D,1,E2 20 A9 08 95 18 22 1A D4 1F A9 02 95 2A A9 04
08B20B,1,95 16 E2 20 A9 08 95 18 22 1A D4 1F A9 02 95 2A
08B208,1,A9 57 B2 95 16 E2 20 A9 08 95 18 22 1A D4 1F A9
08B21D,1,95 2B A9 3C 95 15 B5 09 29 F7 95 09 AC 3A 12 B5
08B20F,1,A9 08 95 18 22 1A D4 1F A9 02 95 2A A9 04 95 2B
08B213,1,22 1A D4 1F A9 02 95 2A A9 04 95 2B A9 3C 95 15
08B211,1,95 18 22 1A D4 1F A9 02 95 2A A9 04 95 2B A9 3C
08B219,1,95 2A A9 04 95 2B A9 3C 95 15 B5 09 29 F7 95 09
08B217,1,A9 02 95 2A A9 04 95 2B A9 3C 95 15 B5 09 29 F7
06F709,1,B9 1E 00 09 01 99 1E 00 C2 20 B9 0E 00 38 ED 1D
08B1BB,1,95 2E B5 2E 09 01 95 2E B5 13 18 69 08 95 13 6B
08B1B7,1,B5 2E 09 10 95 2E B5 2E 09 01 95 2E B5 13 18 69
03F276,1,6D F9 16 A8 BD 03 80 99 00 00 E8 E8 E8 E8 E8 4C
03F275,1,18 6D F9 16 A8 BD 03 80 99 00 00 E8 E8 E8 E8 E8
03F279,1,A8 BD 03 80 99 00 00 E8 E8 E8 E8 E8 4C 6F ED BB
08B2B6,1,69 00 18 75 13 95 13 C2 20 BF CA 1C 7E 85 04 BF
03F27A,1,BD 03 80 99 00 00 E8 E8 E8 E8 E8 4C 6F ED BB DA
03F272,1,BD 01 80 18 6D F9 16 A8 BD 03 80 99 00 00 E8 E8
03F268,1,AE F9 16 D0 04 FA 4C 80 F2 FA BD 01 80 18 6D F9
03F26B,1,D0 04 FA 4C 80 F2 FA BD 01 80 18 6D F9 16 A8 BD
08B24C,1,9D CA 1C E2 20 A9 03 9F E9 1C 7E C2 20 A9 DC 05
03F266,1,BB DA AE F9 16 D0 04 FA 4C 80 F2 FA BD 01 80 18
08B249,1,AD 1D 15 9D CA 1C E2 20 A9 03 9F E9 1C 7E C2 20
03F27D,1,99 00 00 E8 E8 E8 E8 E8 4C 6F ED BB DA AE F9 16
06F6DB,1,1A 18 69 80 18 6D 2D 15 99 13 00 AD C8 18 99 12
06F6FB,1,22 64 D4 1F A9 FF 99 2A 00 A9 08 99 2B 00 B9 1E
1FD477,1,6B B5 0C 18 65 04 99 0C 00 B5 10 18 6D C4 15 99
06F6FF,1,A9 FF 99 2A 00 A9 08 99 2B 00 B9 1E 00 09 01 99
06F573,1,DA BB 9C 1D 15 BF 10 00 00 C9 40 00 B0 03 82 DE
06F6E9,1,99 12 00 C2 20 A9 AD F7 99 16 00 E2 20 A9 06 99
06F6E0,1,6D 2D 15 99 13 00 AD C8 18 99 12 00 C2 20 A9 AD
06F6E3,1,99 13 00 AD C8 18 99 12 00 C2 20 A9 AD F7 99 16
06F6DD,1,69 80 18 6D 2D 15 99 13 00 AD C8 18 99 12 00 C2
06F6DF,1,18 6D 2D 15 99 13 00 AD C8 18 99 12 00 C2 20 A9
08B1B9,1,09 10 95 2E B5 2E 09 01 95 2E B5 13 18 69 08 95
08B247,1,C2 20 AD 1D 15 9D CA 1C E2 20 A9 03 9F E9 1C 7E
08B242,1,8D 1D 15 E2 20 C2 20 AD 1D 15 9D CA 1C E2 20 A9
08B1A9,1,95 18 22 1A D4 1F A9 08 95 2A A9 04 95 2B B5 2E
08B1A7,1,A9 08 95 18 22 1A D4 1F A9 08 95 2A A9 04 95 2B
08B1A5,1,E2 20 A9 08 95 18 22 1A D4 1F A9 08 95 2A A9 04
08B1A3,1,95 16 E2 20 A9 08 95 18 22 1A D4 1F A9 08 95 2A
08B1AB,1,22 1A D4 1F A9 08 95 2A A9 04 95 2B B5 2E 09 10
08B1B1,1,95 2A A9 04 95 2B B5 2E 09 10 95 2E B5 2E 09 01
08B1AF,1,A9 08 95 2A A9 04 95 2B B5 2E 09 10 95 2E B5 2E
08B1B5,1,95 2B B5 2E 09 10 95 2E B5 2E 09 01 95 2E B5 13
08B1B3,1,A9 04 95 2B B5 2E 09 10 95 2E B5 2E 09 01 95 2E
08B245,1,E2 20 C2 20 AD 1D 15 9D CA 1C E2 20 A9 03 9F E9
08B1A0,1,A9 C3 B1 95 16 E2 20 A9 08 95 18 22 1A D4 1F A9
08B19A,1,5C 99 85 06 C2 20 A9 C3 B1 95 16 E2 20 A9 08 95
08B23C,1,95 2E C2 20 B5 26 8D 1D 15 E2 20 C2 20 AD 1D 15
08B23E,1,C2 20 B5 26 8D 1D 15 E2 20 C2 20 AD 1D 15 9D CA
08B240,1,B5 26 8D 1D 15 E2 20 C2 20 AD 1D 15 9D CA 1C E2
08B19E,1,C2 20 A9 C3 B1 95 16 E2 20 A9 08 95 18 22 1A D4
08B23A,1,09 01 95 2E C2 20 B5 26 8D 1D 15 E2 20 C2 20 AD
08B194,1,B5 2E 09 10 95 2E 5C 99 85 06 C2 20 A9 C3 B1 95
02FE61,1,C2 10 74 04 A9 02 95 05 A9 27 95 06 74 00 A9 1F
08B198,1,95 2E 5C 99 85 06 C2 20 A9 C3 B1 95 16 E2 20 A9
08B196,1,09 10 95 2E 5C 99 85 06 C2 20 A9 C3 B1 95 16 E2
02FE6D,1,74 00 A9 1F 95 01 74 02 74 03 FA 28 6B 08 E2 20
03EE1C,1,FA AC F9 16 BD 01 80 99 28 00 E8 E8 E8 4C 6F ED
03EE13,1,AE F9 16 D0 04 FA 4C 26 EE FA AC F9 16 BD 01 80
0AE8C8,1,95 1E B5 1D 09 08 95 1D C2 20 B5 0C CD 73 15 E2
0AE8CC,1,09 08 95 1D C2 20 B5 0C CD 73 15 E2 20 F0 06 30
0AE8C6,1,09 01 95 1E B5 1D 09 08 95 1D C2 20 B5 0C CD 73
0AE8C4,1,B5 1E 09 01 95 1E B5 1D 09 08 95 1D C2 20 B5 0C
0AE8C2,1,95 18 B5 1E 09 01 95 1E B5 1D 09 08 95 1D C2 20
0AE8FD,1,5C 12 E9 0A C2 20 B5 0E CD 79 15 E2 20 F0 06 30
0AE914,1,B5 0C 85 3A A9 00 00 22 F0 D6 1F 95 0C E2 20 C2
0AE912,1,C2 20 B5 0C 85 3A A9 00 00 22 F0 D6 1F 95 0C E2
0AE918,1,A9 00 00 22 F0 D6 1F 95 0C E2 20 C2 20 B5 0E 85
0AE916,1,85 3A A9 00 00 22 F0 D6 1F 95 0C E2 20 C2 20 B5
0AE91B,1,22 F0 D6 1F 95 0C E2 20 C2 20 B5 0E 85 3A AD 8B
0AE8C0,1,A9 0A 95 18 B5 1E 09 01 95 1E B5 1D 09 08 95 1D
0AE8B9,1,A9 D0 E8 95 16 E2 20 A9 0A 95 18 B5 1E 09 01 95
06F51E,1,22 4B D5 1F B0 04 5C 12 8D 06 B5 1D 99 1D 00 B5
06F522,1,B0 04 5C 12 8D 06 B5 1D 99 1D 00 B5 1E 99 1E 00
06F528,1,B5 1D 99 1D 00 B5 1E 99 1E 00 B5 1F 99 1F 00 B5
0AE8BE,1,E2 20 A9 0A 95 18 B5 1E 09 01 95 1E B5 1D 09 08
06F51C,1,E2 20 22 4B D5 1F B0 04 5C 12 8D 06 B5 1D 99 1D
06F516,1,A9 A1 AC 8D C7 14 E2 20 22 4B D5 1F B0 04 5C 12
06F519,1,8D C7 14 E2 20 22 4B D5 1F B0 04 5C 12 8D 06 B5
06F4EA,1,5C 14 F5 06 5A C2 20 BF DD 1C 7E F0 1A A8 A9 00
06F514,1,C2 20 A9 A1 AC 8D C7 14 E2 20 22 4B D5 1F B0 04
06F52A,1,99 1D 00 B5 1E 99 1E 00 B5 1F 99 1F 00 B5 20 99
0AE91F,1,95 0C E2 20 C2 20 B5 0E 85 3A AD 8B 15 22 F0 D6
0AE923,1,C2 20 B5 0E 85 3A AD 8B 15 22 F0 D6 1F 95 0E E2
03E9A1,1,BF B8 FB 01 AA E2 20 BF 00 00 01 48 C2 20 29 7F
03E9A0,1,AA BF B8 FB 01 AA E2 20 BF 00 00 01 48 C2 20 29
03E99F,1,0A AA BF B8 FB 01 AA E2 20 BF 00 00 01 48 C2 20
03E99D,1,F0 46 0A AA BF B8 FB 01 AA E2 20 BF 00 00 01 48
03E9A5,1,AA E2 20 BF 00 00 01 48 C2 20 29 7F 00 A8 E2 20
03E9A8,1,BF 00 00 01 48 C2 20 29 7F 00 A8 E2 20 B9 A1 18
03E9A6,1,E2 20 BF 00 00 01 48 C2 20 29 7F 00 A8 E2 20 B9
03E9AD,1,C2 20 29 7F 00 A8 E2 20 B9 A1 18 F0 2D AD FD 1F
03E9AC,1,48 C2 20 29 7F 00 A8 E2 20 B9 A1 18 F0 2D AD FD
0AE921,1,E2 20 C2 20 B5 0E 85 3A AD 8B 15 22 F0 D6 1F 95
03E99A,1,C9 FF FF F0 46 0A AA BF B8 FB 01 AA E2 20 BF 00
03E996,1,29 FF 00 3A C9 FF FF F0 46 0A AA BF B8 FB 01 AA
0AE929,1,AD 8B 15 22 F0 D6 1F 95 0E E2 20 AD DC 14 29 08
0AE927,1,85 3A AD 8B 15 22 F0 D6 1F 95 0E E2 20 AD DC 14
0AE925,1,B5 0E 85 3A AD 8B 15 22 F0 D6 1F 95 0E E2 20 AD
03E999,1,3A C9 FF FF F0 46 0A AA BF B8 FB 01 AA E2 20 BF
0AE92C,1,22 F0 D6 1F 95 0E E2 20 AD DC 14 29 08 D0 04 5C
0AE932,1,E2 20 AD DC 14 29 08 D0 04 5C 57 E9 0A C2 20 B5
0AE930,1,95 0E E2 20 AD DC 14 29 08 D0 04 5C 57 E9 0A C2
03E994,1,C2 30 29 FF 00 3A C9 FF FF F0 46 0A AA BF B8 FB
03E993,1,08 C2 30 29 FF 00 3A C9 FF FF F0 46 0A AA BF B8
0AE992,1,22 15 D1 1F C2 20 AD 91 15 C9 3C 00 E2 20 30 04
06F52D,1,B5 1E 99 1E 00 B5 1F 99 1F 00 B5 20 99 20 00 B9
06F532,1,B5 1F 99 1F 00 B5 20 99 20 00 B9 1D 00 29 FE 99
04A2D8,1,5C ED A2 04 B9 2E 00 29 08 D0 04 5C ED A2 04 B5
02FE5C,1,A2 B3 14 E2 20 C2 10 74 04 A9 02 95 05 A9 27 95
04A2D6,1,D0 04 5C ED A2 04 B9 2E 00 29 08 D0 04 5C ED A2
02FE5F,1,E2 20 C2 10 74 04 A9 02 95 05 A9 27 95 06 74 00
04A2D4,1,29 80 D0 04 5C ED A2 04 B9 2E 00 29 08 D0 04 5C
04A2ED,1,5C A3 89 06 A9 0A 95 2A A9 08 95 2B C2 20 A9 0A
02FE59,1,8D C3 14 A2 B3 14 E2 20 C2 10 74 04 A9 02 95 05
06F566,1,99 DF 1C A9 00 99 F4 1C C2 20 5A B4 04 DA BB 9C
02FE57,1,09 40 8D C3 14 A2 B3 14 E2 20 C2 10 74 04 A9 02
06F564,1,A9 00 99 DF 1C A9 00 99 F4 1C C2 20 5A B4 04 DA
06F561,1,99 1D 00 A9 00 99 DF 1C A9 00 99 F4 1C C2 20 5A
04A2D1,1,B9 2E 00 29 80 D0 04 5C ED A2 04 B9 2E 00 29 08
02FE63,1,74 04 A9 02 95 05 A9 27 95 06 74 00 A9 1F 95 01
02FE69,1,A9 27 95 06 74 00 A9 1F 95 01 74 02 74 03 FA 28
04A136,1,80 23 A9 01 80 18 A9 03 80 14 A9 07 80 10 A9 0F
02FE6B,1,95 06 74 00 A9 1F 95 01 74 02 74 03 FA 28 6B 08
04A2CF,1,B4 1B B9 2E 00 29 80 D0 04 5C ED A2 04 B9 2E 00
04A2C9,1,B5 1F 09 04 95 1F B4 1B B9 2E 00 29 80 D0 04 5C
04A2CB,1,09 04 95 1F B4 1B B9 2E 00 29 80 D0 04 5C ED A2
02FE67,1,95 05 A9 27 95 06 74 00 A9 1F 95 01 74 02 74 03
04A2CD,1,95 1F B4 1B B9 2E 00 29 80 D0 04 5C ED A2 04 B9
02FE65,1,A9 02 95 05 A9 27 95 06 74 00 A9 1F 95 01 74 02
06F52F,1,99 1E 00 B5 1F 99 1F 00 B5 20 99 20 00 B9 1D 00
06F55F,1,09 20 99 1D 00 A9 00 99 DF 1C A9 00 99 F4 1C C2
06F55C,1,B9 1D 00 09 20 99 1D 00 A9 00 99 DF 1C A9 00 99
08B236,1,95 2E B5 2E 09 01 95 2E C2 20 B5 26 8D 1D 15 E2
06F544,1,B9 1D 00 29 FD 99 1D 00 B9 1F 00 29 F7 99 1F 00
06F547,1,29 FD 99 1D 00 B9 1F 00 29 F7 99 1F 00 B9 1D 00
06F549,1,99 1D 00 B9 1F 00 29 F7 99 1F 00 B9 1D 00 29 F7
06F53F,1,29 FE 99 1D 00 B9 1D 00 29 FD 99 1D 00 B9 1F 00
06F539,1,99 20 00 B9 1D 00 29 FE 99 1D 00 B9 1D 00 29 FD
06F53C,1,B9 1D 00 29 FE 99 1D 00 B9 1D 00 29 FD 99 1D 00
06F534,1,99 1F 00 B5 20 99 20 00 B9 1D 00 29 FE 99 1D 00
06F537,1,B5 20 99 20 00 B9 1D 00 29 FE 99 1D 00 B9 1D 00
02FE54,1,AD C3 14 09 40 8D C3 14 A2 B3 14 E2 20 C2 10 74
06F54C,1,B9 1F 00 29 F7 99 1F 00 B9 1D 00 29 F7 99 1D 00
02FE4A,1,08 E2 20 C2 10 DA E2 20 C2 10 AD C3 14 09 40 8D
02FE50,1,E2 20 C2 10 AD C3 14 09 40 8D C3 14 A2 B3 14 E2
06F557,1,29 F7 99 1D 00 B9 1D 00 09 20 99 1D 00 A9 00 99
02FE52,1,C2 10 AD C3 14 09 40 8D C3 14 A2 B3 14 E2 20 C2
06F54F,1,29 F7 99 1F 00 B9 1D 00 29 F7 99 1D 00 B9 1D 00
02FE4F,1,DA E2 20 C2 10 AD C3 14 09 40 8D C3 14 A2 B3 14
02FE4D,1,C2 10 DA E2 20 C2 10 AD C3 14 09 40 8D C3 14 A2
06F4D4,1,A9 00 95 2A B5 1D 29 DF 95 1D B5 1E 09 01 95 1E
02FE4B,1,E2 20 C2 10 DA E2 20 C2 10 AD C3 14 09 40 8D C3
06F551,1,99 1F 00 B9 1D 00 29 F7 99 1D 00 B9 1D 00 09 20
03EE16,1,D0 04 FA 4C 26 EE FA AC F9 16 BD 01 80 99 28 00
03E9AF,1,29 7F 00 A8 E2 20 B9 A1 18 F0 2D AD FD 1F 1A D0
03E9B3,1,E2 20 B9 A1 18 F0 2D AD FD 1F 1A D0 0A B9 A1 18
06F48F,1,B0 04 5C A8 F4 06 22 D9 DA 1F C2 20 A9 B7 E8 99
06F48B,1,22 4B D5 1F B0 04 5C A8 F4 06 22 D9 DA 1F C2 20
06F495,1,22 D9 DA 1F C2 20 A9 B7 E8 99 16 00 E2 20 A9 0A
06F499,1,C2 20 A9 B7 E8 99 16 00 E2 20 A9 0A 99 18 00 C2
06F49B,1,A9 B7 E8 99 16 00 E2 20 A9 0A 99 18 00 C2 20 BD
06F489,1,E2 20 22 4B D5 1F B0 04 5C A8 F4 06 22 D9 DA 1F
06F483,1,A9 D8 E4 8D C7 14 E2 20 22 4B D5 1F B0 04 5C A8
06F486,1,8D C7 14 E2 20 22 4B D5 1F B0 04 5C A8 F4 06 22
06F47B,1,D0 04 5C A8 F4 06 C2 20 A9 D8 E4 8D C7 14 E2 20
06F481,1,C2 20 A9 D8 E4 8D C7 14 E2 20 22 4B D5 1F B0 04
06F479,1,29 01 D0 04 5C A8 F4 06 C2 20 A9 D8 E4 8D C7 14
06F49E,1,99 16 00 E2 20 A9 0A 99 18 00 C2 20 BD E4 1C E2
06F4A3,1,A9 0A 99 18 00 C2 20 BD E4 1C E2 20 F0 04 5C DA
06F4B7,1,89 01 D0 06 B5 20 89 80 F0 03 EE DB 14 B5 08 29
06F4B9,1,D0 06 B5 20 89 80 F0 03 EE DB 14 B5 08 29 10 D0
06F4C1,1,EE DB 14 B5 08 29 10 D0 04 5C 12 8D 06 B5 08 09
06F4A1,1,E2 20 A9 0A 99 18 00 C2 20 BD E4 1C E2 20 F0 04
06F4AF,1,F0 04 5C DA F1 06 B5 1D 89 01 D0 06 B5 20 89 80
06F4AA,1,BD E4 1C E2 20 F0 04 5C DA F1 06 B5 1D 89 01 D0
06F4AD,1,E2 20 F0 04 5C DA F1 06 B5 1D 89 01 D0 06 B5 20
06F4A5,1,99 18 00 C2 20 BD E4 1C E2 20 F0 04 5C DA F1 06
06F4A8,1,C2 20 BD E4 1C E2 20 F0 04 5C DA F1 06 B5 1D 89
06F4C4,1,B5 08 29 10 D0 04 5C 12 8D 06 B5 08 09 01 95 08
06F477,1,B5 1D 29 01 D0 04 5C A8 F4 06 C2 20 A9 D8 E4 8D
06F46D,1,D0 04 5C 77 F4 06 22 A4 DB 1F B5 1D 29 01 D0 04
03B3B4,1,60 E2 20 A9 6E 22 E5 B7 03 60 C2 30 AE 1F 12 A9
03B3B7,1,A9 6E 22 E5 B7 03 60 C2 30 AE 1F 12 A9 FF 7F 9C
03B3B9,1,22 E5 B7 03 60 C2 30 AE 1F 12 A9 FF 7F 9C 3F 1F
03B3BD,1,60 C2 30 AE 1F 12 A9 FF 7F 9C 3F 1F B4 04 C0 C0
03B3B0,1,22 E5 B7 03 60 E2 20 A9 6E 22 E5 B7 03 60 C2 30
03B3AC,1,E2 20 A9 6F 22 E5 B7 03 60 E2 20 A9 6E 22 E5 B7
03B3AE,1,A9 6F 22 E5 B7 03 60 E2 20 A9 6E 22 E5 B7 03 60
03EE12,1,DA AE F9 16 D0 04 FA 4C 26 EE FA AC F9 16 BD 01
03EE11,1,BB DA AE F9 16 D0 04 FA 4C 26 EE FA AC F9 16 BD
06F46F,1,5C 77 F4 06 22 A4 DB 1F B5 1D 29 01 D0 04 5C A8
03F281,1,E8 E8 E8 E8 4C 6F ED BB DA AE F9 16 D0 04 FA 4C
08B251,1,A9 03 9F E9 1C 7E C2 20 A9 DC 05 9D CE 1C E2 20
06F463,1,F0 04 5C 73 F4 06 B5 20 29 40 D0 04 5C 77 F4 06
06F469,1,B5 20 29 40 D0 04 5C 77 F4 06 22 A4 DB 1F B5 1D
06F46B,1,29 40 D0 04 5C 77 F4 06 22 A4 DB 1F B5 1D 29 01
08B253,1,9F E9 1C 7E C2 20 A9 DC 05 9D CE 1C E2 20 C2 20
06F461,1,29 10 F0 04 5C 73 F4 06 B5 20 29 40 D0 04 5C 77
06F4B5,1,B5 1D 89 01 D0 06 B5 20 89 80 F0 03 EE DB 14 B5
06F45F,1,B5 20 29 10 F0 04 5C 73 F4 06 B5 20 29 40 D0 04
08B24F,1,E2 20 A9 03 9F E9 1C 7E C2 20 A9 DC 05 9D CE 1C
03F267,1,DA AE F9 16 D0 04 FA 4C 80 F2 FA BD 01 80 18 6D
03E9B2,1,A8 E2 20 B9 A1 18 F0 2D AD FD 1F 1A D0 0A B9 A1
06F4C6,1,29 10 D0 04 5C 12 8D 06 B5 08 09 01 95 08 A9 00
06F4CE,1,B5 08 09 01 95 08 A9 00 95 2A B5 1D 29 DF 95 1D
03E9D9,1,E8 8E 9D 18 A9 32 8D 9F 18 9C A0 18 28 6B 68 28
03E9D6,1,8D FC 1F E8 8E 9D 18 A9 32 8D 9F 18 9C A0 18 28
03E9D2,1,BF 00 00 01 8D FC 1F E8 8E 9D 18 A9 32 8D 9F 18
03E9D1,1,E8 BF 00 00 01 8D FC 1F E8 8E 9D 18 A9 32 8D 9F
03E9DA,1,8E 9D 18 A9 32 8D 9F 18 9C A0 18 28 6B 68 28 6B
03E9DF,1,8D 9F 18 9C A0 18 28 6B 68 28 6B 08 E2 20 AD D2
03E9DD,1,A9 32 8D 9F 18 9C A0 18 28 6B 68 28 6B 08 E2 20
03E9E5,1,28 6B 68 28 6B 08 E2 20 AD D2 14 29 42 F0 04 5C
03E9E2,1,9C A0 18 28 6B 68 28 6B 08 E2 20 AD D2 14 29 42
03E9E6,1,6B 68 28 6B 08 E2 20 AD D2 14 29 42 F0 04 5C 0B
03E9CE,1,8D 9C 18 E8 BF 00 00 01 8D FC 1F E8 8E 9D 18 A9
03E9CA,1,9C FD 1F 68 8D 9C 18 E8 BF 00 00 01 8D FC 1F E8
0AE99B,1,C9 3C 00 E2 20 30 04 5C D0 E9 0A AC 69 15 B9 2A
03E9B5,1,B9 A1 18 F0 2D AD FD 1F 1A D0 0A B9 A1 18 09 80
0AE998,1,AD 91 15 C9 3C 00 E2 20 30 04 5C D0 E9 0A AC 69
03E9CD,1,68 8D 9C 18 E8 BF 00 00 01 8D FC 1F E8 8E 9D 18
03E9B8,1,F0 2D AD FD 1F 1A D0 0A B9 A1 18 09 80 8D FD 1F
0AE9A0,1,30 04 5C D0 E9 0A AC 69 15 B9 2A 00 F0 22 18 69
03E9BA,1,AD FD 1F 1A D0 0A B9 A1 18 09 80 8D FD 1F 80 03
03E9BE,1,D0 0A B9 A1 18 09 80 8D FD 1F 80 03 9C FD 1F 68
03E9BD,1,1A D0 0A B9 A1 18 09 80 8D FD 1F 80 03 9C FD 1F
06F4C8,1,D0 04 5C 12 8D 06 B5 08 09 01 95 08 A9 00 95 2A
06F4E8,1,D0 04 5C 14 F5 06 5A C2 20 BF DD 1C 7E F0 1A A8
03EAF0,1,AD 9C 18 29 7F 0A 0A 18 6D FC 1F C2 20 29 FF 00
06F4DC,1,95 1D B5 1E 09 01 95 1E B5 08 29 40 D0 04 5C 14
06F4DE,1,B5 1E 09 01 95 1E B5 08 29 40 D0 04 5C 14 F5 06
06F559,1,99 1D 00 B9 1D 00 09 20 99 1D 00 A9 00 99 DF 1C
06F4E0,1,09 01 95 1E B5 08 29 40 D0 04 5C 14 F5 06 5A C2
06F4DA,1,29 DF 95 1D B5 1E 09 01 95 1E B5 08 29 40 D0 04
06F4D6,1,95 2A B5 1D 29 DF 95 1D B5 1E 09 01 95 1E B5 08
06F4D8,1,B5 1D 29 DF 95 1D B5 1E 09 01 95 1E B5 08 29 40
06F4D0,1,09 01 95 08 A9 00 95 2A B5 1D 29 DF 95 1D B5 1E
06F4D2,1,95 08 A9 00 95 2A B5 1D 29 DF 95 1D B5 1E 09 01
06F4E6,1,29 40 D0 04 5C 14 F5 06 5A C2 20 BF DD 1C 7E F0
06F4E2,1,95 1E B5 08 29 40 D0 04 5C 14 F5 06 5A C2 20 BF
03EB07,1,22 E5 B7 03 28 6B 08 E2 20 AD 9C 18 89 80 D0 0B
03EAF7,1,18 6D FC 1F C2 20 29 FF 00 AA E2 20 BF 32 EB 03
03EAF6,1,0A 18 6D FC 1F C2 20 29 FF 00 AA E2 20 BF 32 EB
03EAF3,1,29 7F 0A 0A 18 6D FC 1F C2 20 29 FF 00 AA E2 20
06F4E4,1,B5 08 29 40 D0 04 5C 14 F5 06 5A C2 20 BF DD 1C
03EAF8,1,6D FC 1F C2 20 29 FF 00 AA E2 20 BF 32 EB 03 22
03EB00,1,AA E2 20 BF 32 EB 03 22 E5 B7 03 28 6B 08 E2 20
03EAFD,1,29 FF 00 AA E2 20 BF 32 EB 03 22 E5 B7 03 28 6B
03EB03,1,BF 32 EB 03 22 E5 B7 03 28 6B 08 E2 20 AD 9C 18
03EB01,1,E2 20 BF 32 EB 03 22 E5 B7 03 28 6B 08 E2 20 AD
09F85A,1,95 1E C2 20 B5 04 C9 A1 AC E2 20 F0 04 5C 71 F8