masterClock,pc,gsuRunning,cpuCycles
2358590548,1FC055,false,266652356
2358615470,7E4EFA,true,266655555
2358640478,7E4EFC,true,266658617
2358665722,7E4EF7,true,266661680
2358694356,7E534C,true,266665124
2358726100,7E533F,true,266668899
2358757920,7E5308,true,266672696
2358790628,7E570A,true,266676592
2358823108,7E4FCF,true,266680462
2358854476,7E581A,true,266684211
2358886646,7E52D1,true,266688055
2358917160,7E52C1,true,266691751
2358944056,7E4F34,true,266695162
2358967886,7E4F37,true,266698226
2358992658,7E4F39,true,266701288
2359017910,7E4F34,true,266704351
2359043168,7E4F37,true,266707415
2359068444,7E4F39,true,266710477
2359093680,7E4F34,true,266713540
2359118956,7E4F37,true,266716604
2359144202,7E4F39,true,266719666
2359169478,7E4F34,true,266722729
2359194744,7E4F37,true,266725793
2359220020,7E4F39,true,266728855
2359245262,7E4F34,true,266731918
2359270620,7E4F34,true,266735027
2359294840,7E4F37,true,266738091
2359318696,7E4F39,true,266741153
2359343108,7E4F34,true,266744216
2359368270,7E4F37,true,266747280
2359393532,7E4F39,true,266750342
2359418854,7E4F34,true,266753405
2359444058,7E4F37,true,266756469
2359469368,7E4F39,true,266759531
2359494632,7E4F34,true,266762594
2359519916,7E4F37,true,266765658
2359545168,7E4F39,true,266768720
2359570450,7E4F34,true,266771783
2359595700,7E4F37,true,266774847
2359621182,7E4F37,true,266777956
2359645648,7E4F39,true,266781018
2359672158,02F578,false,266784403
2359697568,7E4EF7,true,266787603
2359723116,7E4EFA,true,266790712
2359749568,02DBD3,false,266793926
2359784580,0BD752,false,266797411
2359813810,08B2A6,false,266800897
2359845368,1FD325,false,266804695
2359876990,0BB2DA,false,266808526
2359907304,7E4EFC,true,266812151
2359938588,02FC7A,false,266815871
2359967218,03B353,false,266819312
2360090332,02F5A6,false,266823262
2360120910,7E4EFC,true,266826919
2360146668,03DBBB,false,266830095
2360175708,7E4EF7,true,266833617
2360201006,7E4EFA,true,266836681
2360226316,7E4EFC,true,266839743
2360251948,02DA4B,false,266842832
2360277928,02DA46,false,266845895
2360303900,02DA49,false,266848959
2360420304,03BAE8,false,266852082
2360450286,7E52CE,true,266855672
2360482324,7E5787,true,266859491
2360514568,7E5784,true,266863339
2360547268,7E534F,true,266867238
2360578766,7E52D1,true,266870993
2360610604,7E5286,true,266874799
2360641738,7E58C4,true,266878519
2360671722,7E4F37,true,266882125
2360703704,7E4F34,true,266885350
2360727780,7E4F37,true,266888414
2360751596,7E4F39,true,266891476
2360776218,7E4F34,true,266894539
2360801408,7E4F37,true,266897603
2360826684,7E4F39,true,266900665
2360851934,7E4F34,true,266903728
2360877216,7E4F37,true,266906792
2360902454,7E4F39,true,266909854
2360927750,7E4F34,true,266912917
2360952996,7E4F37,true,266915981
2360978280,7E4F39,true,266919043
2361003522,7E4F34,true,266922106
2361028812,7E4F37,true,266925170
2361054270,7E4F37,true,266928279
2361078580,7E4F39,true,266931341
2361102402,7E4F34,true,266934404
2361126742,7E4F37,true,266937468
2361151856,7E4F39,true,266940530
2361177130,7E4F34,true,266943593
2361202382,7E4F37,true,266946657
2361227652,7E4F39,true,266949719
2361252902,7E4F34,true,266952782
2361278186,7E4F37,true,266955846
2361303424,7E4F39,true,266958908
2361331916,03E9F8,false,266962344
2361357926,7E4EF7,true,266965493
2361383564,7E4EFA,true,266968602
2361500574,02D9DF,false,266971884
2361533470,06856C,false,266975139
2361559012,1FD388,false,266978277
2361588160,0BDFF4,false,266981750
2361618762,1FD26B,false,266985424
2361651728,0AF9AE,false,266989389
2361681730,1FD278,false,266993016
2361712490,7E4EFE,false,266996697
2361742392,03B3FC,false,267000262
2361861764,02F611,false,267003793
2361896602,02F5EE,false,267007919
2361924742,7E4EFA,true,267011303
2361950178,03DBBA,false,267014455
2361980256,7E4EFC,true,267018082
2362005554,7E4EF7,true,267021145
2362030884,7E4EFA,true,267024209
2362057596,7E4F80,true,267027433
2362088804,7E52EB,true,267031173
2362122466,7E3C13,true,267034878
2362155796,7E5353,true,267038678
2362186692,7E52D9,true,267042578
2362219156,7E52E9,true,267046486
2362251532,7E530C,true,267050357
2362282488,7E52FB,true,267054059
2362313972,7E51D0,true,267057821
2362345466,7E4F39,true,267061596
2362370748,7E4F34,true,267064659
2362396000,7E4F37,true,267067723
2362421278,7E4F39,true,267070785
2362446514,7E4F34,true,267073848
2362471868,000118,true,267076920
2362496964,7E4F37,true,267080021
2362520780,7E4F39,true,267083083
2362544642,7E4F34,true,267086146
2362569514,7E4F37,true,267089210
2362594792,7E4F39,true,267092272
2362620114,7E4F34,true,267095335
2362645332,7E4F37,true,267098399
2362670640,7E4F39,true,267101461
2362695838,7E4F34,true,267104524
2362721162,7E4F37,true,267107588
2362746400,7E4F39,true,267110650
2362771696,7E4F34,true,267113713
2362796948,7E4F37,true,267116777
2362822224,7E4F39,true,267119839
2362847492,7E4F39,true,267122948
2362871570,7E4F34,true,267126011
2362895440,7E4F37,true,267129075
2362919986,7E4F39,true,267132137
2362945190,7E4F34,true,267135200
2362970448,7E4F37,true,267138264
2363001832,1FC00A,false,267142068
2363029426,7E4EFA,true,267145399
2363055020,7E4EFC,true,267148506
2363081388,02DBD0,false,267151695
2363116082,0BEB78,false,267155163
2363145330,02DB0B,false,267158632
2363176354,1FD30B,false,267162374
2363298050,04A0BE,false,267166216
2363328324,7E4EF7,true,267169849
2363359682,02FC7F,false,267173585
2363387868,1FD02D,false,267176972
2363420022,02F6B7,false,267180809
2363452066,7E4EF7,true,267184628
2363478204,03DBBC,false,267187830
2363507464,7E4EFC,true,267191392
2363532746,7E4EF7,true,267194455
2363648332,7E4EF7,true,267197570
2363673622,7E4EFA,true,267200634
2363698860,7E4EFC,true,267203696
2363724142,7E4EF7,true,267206759
2363749392,7E4EFA,true,267209823
2363774668,7E4EFC,true,267212885
2363799990,7E4EF7,true,267215948
2363825200,7E4EFA,true,267219012
2363850512,7E4EFC,true,267222074
2363875762,7E4EF7,true,267225137
2363901060,7E4EFA,true,267228201
2363935150,7E5312,true,267231743
2363965248,7E571B,true,267235547
2363996386,7E578B,true,267239362
2364029300,7E5350,true,267243281
2364062100,7E52E1,true,267247191
2364094646,7E578F,true,267251069
2364125358,7E5358,true,267254745
2364157986,7E52D7,true,267258644
2364189114,7E52C9,true,267262369
2364215484,7E4F39,true,267265561
2364240766,7E4F34,true,267268624
2364266224,7E4F34,true,267271733
2364290748,7E4F37,true,267274797
2364314564,7E4F39,true,267277859
2364338730,7E4F34,true,267280922
2364363766,7E4F37,true,267283986
2364389004,7E4F39,true,267287048
2364414278,7E4F34,true,267290111
2364439516,7E4F37,true,267293175
2364464792,7E4F39,true,267296237
2364490050,7E4F34,true,267299300
2364515340,7E4F37,true,267302364
2364540656,7E4F39,true,267305426
2364565858,7E4F34,true,267308489
2364591182,7E4F37,true,267311553
2364616620,7E4021,true,267314640
2364641532,7E4F39,true,267317724
2364665354,7E4F34,true,267320787
2364689224,7E4F37,true,267323851
2364714168,7E4F39,true,267326913
2364740152,02F576,false,267330059
2364768710,7E4EFC,true,267333500
2364794366,7E4EF7,true,267336608
2364820430,02DBC0,false,267339761
2364853814,068568,false,267343088
2364883192,0BBBF6,false,267346566
2364914502,02DB12,false,267350329
2364946482,1FC59C,false,267354197
2365066548,7E4EFC,true,267357820
2365098176,02FCDB,false,267361596
2365126642,03B3E6,false,267364998
2365158000,02F6B4,false,267368746
2365191650,7E4EFA,true,267372740
2365218134,03DBBD,false,267375971
2365246388,1FC061,false,267379424
2365272340,7E4EFA,true,267382569
2365297650,7E4EFC,true,267385631
2365322854,7E4EF7,true,267388694
2365440662,7E4FAC,true,267392042
2365473264,7E5721,true,267395928
2365505920,7E5305,true,267399813
2365538722,7E530E,true,267403725
2365571572,7E52CC,true,267407638
2365604142,7E53A6,true,267411519
2365634922,7E5344,true,267415196
2365667496,7E5161,true,267419085
2365702646,7E3E34,true,267422663
2365730058,7E4F39,true,267426114
2365753880,7E4F34,true,267429177
2365778450,7E4F37,true,267432241
2365803688,7E4F39,true,267435303
2365828898,7E4F34,true,267438366
2365854220,7E4F37,true,267441430
2365879458,7E4F39,true,267444492
2365904734,7E4F34,true,267447555
2365929986,7E4F37,true,267450619
2365955256,7E4F39,true,267453681
2365980514,7E4F34,true,267456744
2366005804,7E4F37,true,267459808
2366031048,7E4F39,true,267462870
2366056472,7E4F39,true,267465979
2366080834,7E4F34,true,267469042
2366104704,7E4F37,true,267472106
2366128936,7E4F39,true,267475168
2366154036,7E4F34,true,267478231
2366179312,7E4F37,true,267481295
2366205496,02F57B,false,267484463
2366235302,7E4EFA,true,267488071
2366260998,7E4EFC,true,267491185
2366286678,7E4EF7,true,267494293
2366313816,02DCC8,false,267497578
2366348776,0BE8B8,false,267501035
2366379042,1FC43F,false,267504669
2366501118,0AFC42,false,267508543
2366531242,1FCC8F,false,267512175
2366562524,7E4EF7,true,267515907
2366591564,03B3D3,false,267519373
2366621836,02F6BA,false,267523007
2366656300,7E4EFC,true,267527088
2366682864,03DBBB,false,267530327
2366710622,1FC04E,false,267533730
2366736562,7E4EFC,true,267536875
2366852144,00012C,true,267539975
2366877502,7E4EF7,true,267543053
2366902760,7E4EFA,true,267546117
2366928028,7E4EFC,true,267549179
2366953258,7E4EF7,true,267552242
2366978548,7E4EFA,true,267555306
2367003812,7E4EFC,true,267558368
2367029094,7E4EF7,true,267561431
2367054340,7E4EFA,true,267564495
2367079608,7E4EFC,true,267567557
2367104924,7E4EF7,true,267570620
2367137572,03BC28,false,267573927
2367167368,7E52E1,true,267577675
2367198322,7E571B,true,267581549
2367231028,7E5347,true,267585468
2367263912,7E5344,true,267589383
2367296442,7E571F,true,267593261
2367327474,7E570D,true,267596964
2367358322,7E5782,true,267600658
2367384442,7E4F37,true,267603826
2367409726,7E4F39,true,267606888
2367435048,7E4F34,true,267609951
2367460260,7E4F37,true,267613015
2367485730,7E4F37,true,267616124
2367510096,7E4F39,true,267619186
2367533918,7E4F34,true,267622249
2367558194,7E4F37,true,267625313
2367583284,7E4F39,true,267628375
2367608558,7E4F34,true,267631438
2367633810,7E4F37,true,267634502
2367659080,7E4F39,true,267637564
2367684330,7E4F34,true,267640627
2367709614,7E4F37,true,267643691
2367734852,7E4F39,true,267646753
2367760126,7E4F34,true,267649816
2367785400,7E4F37,true,267652880
2367810668,7E4F39,true,267655942
2367836254,7E4F39,true,267659051
2367860870,7E4F34,true,267662114
2367884740,7E4F37,true,267665178
2367908680,7E4F39,true,267668240
2367933700,7E4F34,true,267671303
2367960760,02F50F,false,267674578
2367988038,7E4EFA,true,267677872
2368013712,7E4EFC,true,267680979
2368040090,02DBC5,false,267684176
2368074142,02FC5B,false,267687567
2368103436,1FD27F,false,267691039
2368134628,02DB07,false,267694799
2368166924,1FC4EC,false,267698706
2368286316,02F98B,false,267702261
2368318310,02FBAE,false,267706072
2368346602,03B3F4,false,267709459
2368377822,02F671,false,267713193
2368410944,7E4EFA,true,267717134
2368437300,03DBBA,false,267720355
2368466028,7E4EF7,true,267723860
2368491326,7E4EFA,true,267726924
2368516564,7E4EFC,true,267729986
2368542088,02DA4B,false,267733075
2368660668,7E52DB,true,267736505
2368692396,7E5308,true,267740300
2368724492,7E5326,true,267744123
2368757554,7E5361,true,267748060
2368790200,7E52D9,true,267751953
2368821764,7E5310,true,267755723
2368853680,7E5006,true,267759532
2368883334,7E4F39,true,267763097
2368914958,7E401C,true,267766258
2368939812,7E4F39,true,267769384
2368963674,7E4F34,true,267772447
2368987926,7E4F37,true,267775511
2369013010,7E4F39,true,267778573
2369038278,7E4F34,true,267781636
2369063528,7E4F37,true,267784700
2369088798,7E4F39,true,267787762
2369114114,7E4F34,true,267790825
2369139386,7E4F37,true,267793889
2369164656,7E4F39,true,267796951
2369189906,7E4F34,true,267800014
2369215196,7E4F37,true,267803078
2369240418,7E4F39,true,267806140
2369265972,7E4F39,true,267809249
2369290590,7E4F34,true,267812312
2369314460,7E4F37,true,267815376
2369338404,7E4F39,true,267818438
2369363430,7E4F34,true,267821501
2369388720,7E4F37,true,267824565
2369413944,7E4F39,true,267827627
2369439226,7E4F34,true,267830690
2369464484,7E4F37,true,267833754
2369491200,02F503,false,267836985
2369518854,7E4EFC,true,267840321
2369544524,7E4EF7,true,267843429
2369570816,02DBC5,false,267846616
2369604768,0BD427,false,267849998
2369723918,1FD26B,false,267853462
2369755034,09F900,false,267857218
2369786806,04A2BE,false,267861062
2369816968,7E4EFC,true,267864680
2369848542,02FC6C,false,267868439
2369876864,7E4EF7,true,267871830
2369909498,02F5A1,false,267875717
2369940086,7E4EFA,true,267879374
2369965728,03DBBA,false,267882544
2370085486,7E4EFC,true,267886149
2370110730,7E4EF7,true,267889212
2370136006,7E4EFA,true,267892276
2370162032,03BBE8,false,267895426
2370193158,7E534C,true,267899146
2370224226,7E51F9,true,267902866
2370257006,7E52D9,true,267906772
2370290022,7E5284,true,267910697
2370322642,7E53A7,true,267914587
2370358308,7E5918,true,267918245
2370389098,7E5292,true,267922134
2370415762,7E4F34,true,267925495
2370440852,7E4F37,true,267928559
2370466128,7E4F39,true,267931621
2370491366,7E4F34,true,267934684
2370516656,7E4F37,true,267937748
2370541892,7E4F39,true,267940810
2370567176,7E4F34,true,267943873
2370592428,7E4F37,true,267946937
2370617696,7E4F39,true,267949999
2370642962,7E4F34,true,267953062
2370668238,7E4F37,true,267956126
2370693848,7E4F37,true,267959235
2370718512,7E4F39,true,267962297
2370742374,7E4F34,true,267965360
2370766244,7E4F37,true,267968424
2370791270,7E4F39,true,267971486
2370816540,7E4F34,true,267974549
2370841784,7E4F37,true,267977613
2370867060,7E4F39,true,267980675
2370892310,7E4F34,true,267983738
2370917592,7E4F37,true,267986802
2370942852,7E4F39,true,267989864
2370968988,02F50C,false,267993032
2370997210,7E4EF7,true,267996432
2371022836,7E4EFA,true,267999541
2371049134,7E3AFF,false,268002722
2371172134,06835D,false,268006019
2371201478,0BBC03,false,268009497
2371232850,1FD289,false,268013270
2371264784,04A0BC,false,268017133
2371294558,03B9DB,false,268020714
2371326172,02FCD6,false,268024479
2371354518,03B3F8,false,268027873
2371386824,02F6BA,false,268031730
2371508558,7E4EF7,true,268035528
2371534668,03DBBC,false,268038730
2371563612,7E4EFC,true,268042254
2371588894,7E4EF7,true,268045317
2371614152,7E4EFA,true,268048381
2371640020,7E4F04,false,268051515
2371670586,7E52FB,true,268055168
2371702452,7E51EB,true,268058967
2371734616,7E52CC,true,268062798
2371766844,7E3BAE,true,268066657
2371803464,7E5347,true,268070505
2371833204,7E578B,true,268074270
2371864758,7E5788,true,268078095
2371894090,7E4F37,true,268081616
2371919320,7E4F39,true,268084678
2371944602,7E4F34,true,268087741
2371969846,7E4F37,true,268090805
2371995120,7E4F39,true,268093867
2372020362,7E4F34,true,268096930
2372045646,7E4F37,true,268099994
2372070904,7E4F39,true,268103056
2372096180,7E4F34,true,268106119
2372121726,00012C,true,268109214
2372146544,7E4F37,true,268112292
2372170400,7E4F39,true,268115354
2372194222,7E4F34,true,268118417
2372219186,7E4F37,true,268121481
2372244502,7E4F39,true,268124543
2372269746,7E4F34,true,268127606
2372295036,7E4F37,true,268130670
2372320280,7E4F39,true,268133732
2372345554,7E4F34,true,268136795
2372370828,7E4F37,true,268139859
2372396090,7E4F39,true,268142921
2372421354,7E4F34,true,268145984
2372446630,7E4F37,true,268149048
2372471868,7E4F39,true,268152110
2372497162,7E4F39,true,268155219
2372524430,7E4EFC,true,268158672
2372548686,7E4EF7,true,268161787
2372573834,7E4EFA,true,268164896
2372600782,7E4EFA,true,268168156
2372634840,0BD9FD,false,268171520
2372664620,000136,false,268175071
2372696144,048063,false,268178873
2372727120,1FD2E7,false,268182628
2372757772,7E4EFA,true,268186295
2372788406,03BABD,false,268189945
2372816494,03B384,false,268193325
2372940682,02F666,false,268197388
2372969866,03E084,false,268200890
2372994640,02DD06,false,268203966
2373024326,7E4EFC,true,268207547
2373049602,7E4EF7,true,268210610
2373074856,7E4EFA,true,268213674
2373100682,02DA49,false,268216763
2373126646,02DA4B,false,268219825
2373152636,02DA46,false,268222888
2373178616,02DA49,false,268225952
2373295912,7E4F79,true,268229203
2373327006,7E5BC6,true,268232922
2373358644,7E5721,true,268236702
2373391618,7E571A,true,268240622
2373424436,7E530E,true,268244526
2373457076,7E53A7,true,268248411
2373488006,7E5359,true,268252115
2373518914,7E5191,true,268255816
2373545388,7E4F37,true,268259019
2373577230,7E4F39,true,268262261
2373601092,7E4F34,true,268265324
2373624922,7E4F37,true,268268388
2373649942,7E4F39,true,268271450
2373675184,7E4F34,true,268274513
2373700468,7E4F37,true,268277577
2373725784,7E4F39,true,268280639
2373751034,7E4F34,true,268283702
2373776316,7E4F37,true,268286766
2373801576,7E4F39,true,268289828
2373826850,7E4F34,true,268292891
2373852124,7E4F37,true,268295955
2373877386,7E4F39,true,268299017
2373902622,7E4F34,true,268302080
2373927898,7E4F34,true,268305189
2373951920,7E4F37,true,268308253
2373975736,7E4F39,true,268311315
2374000406,7E4F34,true,268314378
2374025616,7E4F37,true,268317442
2374050892,7E4F39,true,268320504
2374076142,7E4F34,true,268323567
2374101424,7E4F37,true,268326631
2374126656,7E4F39,true,268329693
2374151958,7E4F34,true,268332756
2374180422,03EA2A,false,268336184
2374206340,7E4EFA,true,268339325
2374232006,7E4EFC,true,268342432
2374258890,7E4EFC,true,268345692
2374383632,0BDCF6,false,268349141
2374413798,7E4EEB,false,268352755
2374445450,0AFA45,false,268356566
2374476168,1FCD1D,false,268360282
2374507038,7E4EF4,false,268363976
2374536826,03BA9B,false,268367528
2374565556,02F5B3,false,268370984
2374600500,02F6B8,false,268375121
2374719076,03E1C5,false,268378573
2374743896,1FC097,false,268381660
2374772828,7E4EFA,true,268385146
2374798104,7E4EFC,true,268388208
2374823346,7E4EF7,true,268391271
2374850552,7E4F5C,true,268394552
2374882420,7E578C,true,268398350
2374914400,7E52F3,true,268402171
2374947304,7E578F,true,268406085
2374980104,7E3BA4,true,268409996
2375016166,7E532C,true,268413777
2375045282,7E5283,true,268417468
2375076356,7E4FAC,true,268421270
2375102994,7E4F34,true,268424492
2375128276,7E4F37,true,268427556
2375153514,7E4F39,true,268430618
2375178790,7E4F34,true,268433681
2375204048,7E4F37,true,268436745
2375229324,7E4F39,true,268439807
2375254552,7E4F34,true,268442870
2375279864,7E4F37,true,268445934
2375305094,7E4F39,true,268448996
2375330370,7E4F34,true,268452059
2375355704,7E4F34,true,268455168
2375379780,7E4F37,true,268458232
2375403596,7E4F39,true,268461294
2375428206,7E4F34,true,268464357
2375453404,7E4F37,true,268467421
2375478680,7E4F39,true,268470483
2375503930,7E4F34,true,268473546
2375529212,7E4F37,true,268476610
2375554436,7E4F39,true,268479672
2375579740,7E4F34,true,268482735
2375604984,7E4F37,true,268485799
2375630274,7E4F39,true,268488861
2375655518,7E4F34,true,268491924
2375680808,7E4F37,true,268494988
2375706256,7E4F37,true,268498097
2375733806,7E4EF7,true,268501551
2375758070,7E4EFA,true,268504667
2375782914,7E4EFC,true,268507774
2375809706,7E4EFC,true,268511034
2375844194,0BDDB4,false,268514435
2375874336,7E4EFA,true,268518045
2375906282,049A46,false,268521901
2375936452,1FCD95,false,268525549
2375967554,7E4EFC,true,268529263
2375997282,03BAC1,false,268532814
2376026498,02F65D,false,268536317
2376151116,02F64C,false,268540427
2376180116,03DBB1,false,268543922
2376204908,1FC072,false,268546999
2376233314,7E4EF7,true,268550430
2376258560,7E4EFA,true,268553494
2376283844,7E4EFC,true,268556556
2376309770,02DA4B,false,268559645
2376335760,02DA46,false,268562708
2376361792,02DA49,false,268565772
2376387766,02DA4B,false,268568834
2376504268,7E4EFA,true,268571978
2376534760,7E5784,true,268575628
2376566636,7E5292,true,268579436
2376598676,7E5791,true,268583259
2376631596,7E578F,true,268587181
2376664300,7E52E1,true,268591076
2376694950,7E5331,true,268594743
2376727194,7E590C,true,268598589
2376754824,7E4F37,true,268601918
2376786884,7E4F39,true,268605160
2376810902,7E4F34,true,268608223
2376834732,7E4F37,true,268611287
2376859406,7E4F39,true,268614349
2376884618,7E4F34,true,268617412
2376909908,7E4F37,true,268620476
2376935224,7E4F39,true,268623538
2376960420,7E4F34,true,268626601
2376985744,7E4F37,true,268629665
2377010990,7E4F39,true,268632727
2377036258,7E4F34,true,268635790
2377061524,7E4F37,true,268638854
2377086800,7E4F39,true,268641916
2377112050,7E4F34,true,268644979
2377137430,7E4F34,true,268648088
2377161700,7E4F37,true,268651152
2377185516,7E4F39,true,268654214
2377209896,7E4F34,true,268657277
2377235032,7E4F37,true,268660341
2377260308,7E4F39,true,268663403
2377285536,7E4F34,true,268666466
2377310820,7E4F37,true,268669530
2377336064,7E4F39,true,268672592
2377361348,7E4F34,true,268675655
2377389240,02F560,false,268679023
2377415748,7E4EFA,true,268682224
2377441412,7E4EFC,true,268685331
2377468080,02DC42,false,268688567
2377592494,0BD5F5,false,268692007
2377622074,1FCF45,false,268695515
2377653296,1FD31C,false,268699278
2377684610,1FCD39,false,268703070
2377714520,7E4EFC,true,268706656
2377746128,7E4EFA,true,268710419
2377774268,03B347,false,268713798
2377807770,02F5B0,false,268717781
2377837220,03DB61,false,268721315
2377952780,03DBBD,false,268724480
2377982286,7E4EF7,true,268728047
2378007576,7E4EFA,true,268731111
2378032806,7E4EFC,true,268734173
2378059554,7E4F6E,true,268737398
2378090686,7E5BA2,true,268741120
2378122284,7E5713,true,268744897
2378155196,7E5710,true,268748818
2378187910,7E578C,true,268752712
2378225082,7E532C,true,268756566
2378254072,7E5782,true,268760237
2378284976,7E5185,true,268764065
2378312426,7E4F34,true,268767389
2378337716,7E4F37,true,268770453
2378362952,7E4F39,true,268773515
2378388220,7E4F34,true,268776578
2378413472,7E4F37,true,268779642
2378438760,7E4F39,true,268782704
2378464010,7E4F34,true,268785767
2378489302,7E4F37,true,268788831
2378514540,7E4F39,true,268791893
2378539808,7E4F34,true,268794956
2378565270,7E4F34,true,268798065
2378589588,7E4F37,true,268801129
2378613404,7E4F39,true,268804191
2378637746,7E4F34,true,268807254
2378662870,7E4F37,true,268810318
2378688140,7E4F39,true,268813380
2378713382,7E4F34,true,268816443
2378738658,7E4F37,true,268819507
2378763896,7E4F39,true,268822569
2378789192,7E4F34,true,268825632
2378814444,7E4F37,true,268828696
2378839720,7E4F39,true,268831758
2378864970,7E4F34,true,268834821
2378890246,7E4F37,true,268837885
2378915816,7E4F37,true,268840994
2378940372,7E4F39,true,268844056
2378964234,7E4F34,true,268847119
2378988256,7E4F37,true,268850183
2379015554,02F565,false,268853508
2379042318,7E4EFC,true,268856750
2379067976,7E4EF7,true,268859858
2379094472,02DBD0,false,268863067
2379128960,0BDA0D,false,268866497
2379158812,7E4F05,false,268870055
2379190356,048074,false,268873857
2379221374,1FD30D,false,268877609
2379252024,00010C,false,268881279
2379373088,03B9EC,false,268884990
2379400900,03B35D,false,268888338
2379434960,02F686,false,268892378
2379464092,03E07F,false,268895872
2379488822,02DD44,false,268898951
2379518460,7E4EF7,true,268902524
2379543744,7E4EFA,true,268905588
2379569002,7E4EFC,true,268908650
2379594864,02DA4B,false,268911739
2379620916,02DA46,false,268914802
2379739460,7E5306,true,268918239
2379771384,7E533D,true,268922045
2379803444,7E5350,true,268925870
2379836464,7E52D1,true,268929795
2379869048,7E533D,true,268933688
2379900704,7E5782,true,268937458
2379932700,7E52C9,true,268941283
2379962020,7E4F34,true,268944804
2379993562,7E4059,true,268947964
2380018410,7E4F34,true,268951091
2380042280,7E4F37,true,268954155
2380066540,7E4F39,true,268957217
2380091662,7E4F34,true,268960280
2380116912,7E4F37,true,268963344
2380142182,7E4F39,true,268966406
2380167426,7E4F34,true,268969469
2380192716,7E4F37,true,268972533
2380217954,7E4F39,true,268975595
2380243230,7E4F34,true,268978658
2380268480,7E4F37,true,268981722
2380293772,7E4F39,true,268984784
2380319014,7E4F34,true,268987847
2380344600,7E4F34,true,268990956
2380369224,7E4F37,true,268994020
2380393040,7E4F39,true,268997082
2380417026,7E4F34,true,269000145
2380442090,7E4F37,true,269003209
2380467280,7E4F39,true,269006271
2380492588,7E4F34,true,269009334
2380517840,7E4F37,true,269012398
2380543116,7E4F39,true,269015460
2380568374,7E4F34,true,269018523
2380593664,7E4F37,true,269021587
2380618908,7E4F39,true,269024649
2380644176,7E4F34,true,269027712
2380673222,7E4EF7,true,269031217
2380699174,7E4EE3,false,269034366
2380724032,000110,false,269037443
2380749596,02DCD0,false,269040727
2380783356,0BEB27,false,269044199
2380814170,1FD32D,false,269047918
2380847142,1FC430,false,269051889
2380876390,03B97F,false,269055415
2380908172,02FC68,false,269059208
2380936500,03B3D6,false,269062600
2380967932,02F5B0,false,269066354
2381000768,7E4EFA,true,269070260
2381026976,03DBBD,false,269073472
2381146168,7E4021,false,269077021
2381171642,7E4EFC,true,269080121
2381196910,7E4EF7,true,269083184
2381222240,7E4EFA,true,269086248
2381248356,02DA49,false,269089337
2381274312,02DA4B,false,269092399
2381300300,02DA46,false,269095462
2381326290,02DA49,false,269098526
2381352264,02DA4B,false,269101588
2381378246,02DA46,false,269104651
2381404218,02DA49,false,269107715
2381521886,7E4FBA,true,269111034
2381553850,7E52D7,true,269114843
2381585718,7E578B,true,269118650
2381618636,7E5353,true,269122569
2381651368,7E52FB,true,269126465
2381683534,7E5860,true,269130302
2381714988,7E5337,true,269134061
2381745882,7E4F37,true,269137759
2381771404,7E3BD5,true,269140853
2381802512,7E4F37,true,269144046
2381826368,7E4F39,true,269147108
2381850534,7E4F34,true,269150171
2381875630,7E4F37,true,269153235
2381900828,7E4F39,true,269156297
2381926142,7E4F34,true,269159360
2381951388,7E4F37,true,269162424
2381976664,7E4F39,true,269165486
2382001914,7E4F34,true,269168549
2382027204,7E4F37,true,269171613
2382052448,7E4F39,true,269174675
2382077722,7E4F34,true,269177738
2382102974,7E4F37,true,269180802
2382128576,7E4F37,true,269183911
2382153324,7E4F39,true,269186973
2382177146,7E4F34,true,269190036
2382201016,7E4F37,true,269193100
2382225966,7E4F39,true,269196162
2382251248,7E4F34,true,269199225
2382276500,7E4F37,true,269202289
2382301776,7E4F39,true,269205351
2382327098,7E4F34,true,269208414
2382352308,7E4F37,true,269211478
2382377640,7E4F39,true,269214540
2382402876,7E4F34,true,269217603
2382431830,03EA57,false,269221098
2382457492,03EB0E,false,269224205
2382482970,7E4EFE,false,269227294
2382515568,02DB31,false,269230635
2382543486,0BE007,false,269234139
2382573270,02DB10,false,269237851
2382605706,1FC885,false,269241760
2382635698,1FDB20,false,269245369
2382666862,03B978,false,269249088
2382695804,03B430,false,269252551
2382725960,02F601,false,269256168
2382760858,7E4EFA,true,269260292
2382787438,03DBBD,false,269263536
2382814778,1FC091,false,269266890
2382935126,7E4EFA,true,269270519
2382960364,7E4EFC,true,269273581
2382985602,7E4EF7,true,269276644
2383011078,02DA46,false,269279733
2383037050,02DA49,false,269282797
2383063046,02DA4B,false,269285859
2383089034,02DA46,false,269288922
2383115012,02DA49,false,269291986
2383140986,02DA4B,false,269295048
2383166968,02DA46,false,269298111
2383192940,02DA49,false,269301175
2383311268,7E52FF,true,269304569
2383342974,7E5304,true,269308357
2383375008,7E52D7,true,269312175
2383407846,7E52E9,true,269316087
2383440526,7E5270,true,269319980
2383472244,7E51AD,true,269323764
2383504250,7E5347,true,269327582
2383534606,7E4F37,true,269331219
2383566066,7E3D35,true,269334364
2383591124,7E4F37,true,269337506
2383614940,7E4F39,true,269340568
2383639216,7E4F34,true,269343631
2383664286,7E4F37,true,269346695
2383689524,7E4F39,true,269349757
2383714792,7E4F34,true,269352820
2383740036,7E4F37,true,269355884
2383765312,7E4F39,true,269358946
2383790642,7E4F34,true,269362009
2383815860,7E4F37,true,269365073
2383841176,7E4F39,true,269368135
2383866434,7E4F34,true,269371198
2383891724,7E4F37,true,269374262
2383917262,7E4F37,true,269377371
2383941928,7E4F39,true,269380433
2383965750,7E4F34,true,269383496
2383989660,7E4F37,true,269386560
2384014696,7E4F39,true,269389622
2384039940,7E4F34,true,269392685
2384065216,7E4F37,true,269395749
2384090460,7E4F39,true,269398811
2384115742,7E4F34,true,269401874
2384140992,7E4F37,true,269404938
2384166284,7E4F39,true,269408000
2384191526,7E4F34,true,269411063
2384220646,7E4EF4,false,269414565
2384246260,03EA7F,false,269417666
2384271840,7E3195,false,269420772
2384298548,02DCCC,false,269424080
2384331990,1FC7D4,false,269427582
2384361674,1FD322,false,269431262
2384392460,0BB32C,false,269434980
2384423218,02FA5D,false,269438668
2384454366,03B9E0,false,269442375
2384482224,03B349,false,269445723
2384516130,02F671,false,269449751
2384545360,03E07F,false,269453257
2384570076,02DD11,false,269456333
2384602292,02DA38,false,269460169
2384722262,7E4EF7,true,269463743
2384747472,7E4EFA,true,269466807
2384772774,7E4EFC,true,269469869
2384798238,02DA4B,false,269472958
2384824208,02DA46,false,269476021
2384850180,02DA49,false,269479085
2384876158,02DA4B,false,269482147
2384902120,02DA46,false,269485210
2384928118,02DA49,false,269488274
2384954146,02DA4B,false,269491336
2384980114,02DA46,false,269494399
2385098380,7E5310,true,269497800
2385130106,7E530A,true,269501579
2385162048,7E52D7,true,269505392
2385194812,7E52DB,true,269509294
2385227472,7E5268,true,269513188
2385259210,7E51A3,true,269516975
2385291184,7E533D,true,269520789
2385321510,7E4F34,true,269524431
2385352970,7E3DA4,true,269527577
2385378014,7E4F34,true,269530718
2385401844,7E4F37,true,269533782
2385426114,7E4F39,true,269536844
2385451162,7E4F34,true,269539907
2385476420,7E4F37,true,269542971
2385501688,7E4F39,true,269546033
2385527004,7E4F34,true,269549096
2385552216,7E4F37,true,269552160
2385577540,7E4F39,true,269555222
2385602782,7E4F34,true,269558285
2385628072,7E4F37,true,269561349
2385653324,7E4F39,true,269564411
2385678606,7E4F34,true,269567474
2385704152,7E4F34,true,269570583
2385728828,7E4F37,true,269573647
2385752644,7E4F39,true,269576709
2385776628,7E4F34,true,269579772
2385801602,7E4F37,true,269582836
2385826840,7E4F39,true,269585898
2385852122,7E4F34,true,269588961
2385877372,7E4F37,true,269592025
2385902634,7E4F39,true,269595087
2385927878,7E4F34,true,269598150
2385953164,7E4F37,true,269601214
2385978400,7E4F39,true,269604276
2386003684,7E4F34,true,269607339
2386032332,7E4EFC,true,269610791
2386058134,00011F,true,269613916
2386083566,7E4EF7,true,269617060
2386108998,7E4EFA,true,269620322
2386142540,0BE8C3,false,269623784
2386172724,1FC7BD,false,269627424
2386204402,09C027,false,269631242
2386234944,03B98D,false,269634916
2386266654,02FC6A,false,269638699
2386295040,03B3DB,false,269642091
2386326438,02F5B3,false,269645847
2386359260,7E4EFC,true,269649750
2386385420,03DBBB,false,269652959
2386414634,02DA35,false,269656510
2386530490,7E4EF7,true,269659651
2386555766,7E4EFA,true,269662715
2386581004,7E4EFC,true,269665777
2386607086,02DA4B,false,269668866
2386633066,02DA46,false,269671929
2386659134,02DA49,false,269674993
2386685118,02DA4B,false,269678055
2386711098,02DA46,false,269681118
2386737098,02DA49,false,269684182
2386763054,02DA4B,false,269687244
2386880576,7E4F58,true,269690543
2386912222,7E52FD,true,269694319
2386944036,7E533C,true,269698124
2386976978,7E5347,true,269702038
2387009738,7E52EB,true,269705940
2387041874,7E5859,true,269709781
2387073252,7E5328,true,269713531
2387104170,7E4F39,true,269717234
2387129414,7E4F34,true,269720297
2387160896,7E4F39,true,269723521
2387184718,7E4F34,true,269726584
2387208826,7E4F37,true,269729648
2387233820,7E4F39,true,269732710
2387259048,7E4F34,true,269735773
2387284332,7E4F37,true,269738837
2387309576,7E4F39,true,269741899
2387334858,7E4F34,true,269744962
2387360118,7E4F37,true,269748026
2387385380,7E4F39,true,269751088
2387410688,7E4F34,true,269754151
2387435920,7E4F37,true,269757215
2387461230,7E4F39,true,269760277
2387486474,7E4F34,true,269763340
2387511662,7E4F34,true,269766449
2387535492,7E4F37,true,269769513
2387559348,7E4F39,true,269772575
2387584216,7E4F34,true,269775638
2387609470,7E4F37,true,269778702
2387634732,7E4F39,true,269781764
2387659982,7E4F34,true,269784827
2387685272,7E4F37,true,269787891
2387710508,7E4F39,true,269790953
2387735806,7E4F34,true,269794016
2387761056,7E4F37,true,269797080
2387786326,7E4F39,true,269800142
2387814976,7E4EFA,true,269803595
2387840804,7E4EFC,true,269806722
2387866440,7E4EFA,true,269809879
2387891962,7E4EFC,true,269813139
2387923812,1FD2CA,false,269816493
2387952962,1FD30D,false,269819971
2387983596,02FCE9,false,269823660
2388014772,1FC4E8,false,269827421
2388044328,7E4EF7,true,269830976
2388076160,02FC6E,false,269834770
2388104500,03B3F8,false,269838159
2388136540,02F5B0,false,269841971
2388168626,7E4EF7,true,269845794
2388194740,03DBB9,false,269849001
2388314434,7E4EFC,true,269852615
2388339710,7E4EF7,true,269855678
2388364960,7E4EFA,true,269858742
2388390366,7E4EFA,false,269861822
2388416382,02DA4B,false,269864893
2388442370,02DA46,false,269867956
2388468342,02DA49,false,269871020
2388494314,02DA4B,false,269874082
2388520304,02DA46,false,269877145
2388546316,02DA49,false,269880209
2388663656,7E4F80,true,269883471
2388695086,7E5AE5,true,269887230
2388726250,7E5791,true,269890955
2388758928,7E5358,true,269894849
2388791732,7E5344,true,269898752
2388824556,7E52E9,true,269902654
2388856776,7E581F,true,269906497
2388888122,7E5326,true,269910245
2388918664,7E3BCF,true,269913909
2388950366,7E4F34,true,269917174
2388974196,7E4F37,true,269920238
2388998418,7E4F39,true,269923300
2389023456,7E4F34,true,269926363
2389048706,7E4F37,true,269929427
2389073976,7E4F39,true,269932489
2389099298,7E4F34,true,269935552
2389124516,7E4F37,true,269938616
2389149834,7E4F39,true,269941678
2389175070,7E4F34,true,269944741
2389200346,7E4F37,true,269947805
2389225604,7E4F39,true,269950867
2389250880,7E4F34,true,269953930
2389276450,7E4F34,true,269957039
2389301172,7E4F37,true,269960103
2389324988,7E4F39,true,269963165
2389348850,7E4F34,true,269966228
2389373894,7E4F37,true,269969292
2389399130,7E4F39,true,269972354
2389424406,7E4F34,true,269975417
2389449664,7E4F37,true,269978481
2389474940,7E4F39,true,269981543
2389500182,7E4F34,true,269984606
2389525488,7E4F37,true,269987670
2389550796,7E4F39,true,269990732
2389576022,7E4F34,true,269993795
2389602800,02F513,false,269997028
2389631146,02DB96,false,270000457
2389755140,1FD316,false,270003856
2389784552,08B26A,false,270007340
2389814974,7E4F05,false,270011003
2389846234,04A0B3,false,270014766
2389875966,03B9D4,false,270018344
2389907654,02FCD8,false,270022115
2389935888,03B3C9,false,270025502
2389967910,02F5F7,false,270029324
2390090840,7E4EF7,true,270033252
2390117288,03DBBC,false,270036477
2390145964,1FC04C,false,270039978
2390171570,7E4EF7,true,270043079
2390196808,7E4EFA,true,270046143
2390222106,7E4EFC,true,270049205
2390251634,7E530A,true,270052753
2390283538,7E5310,true,270056550
2390315428,7E5337,true,270060357
2390347906,7E3BB8,true,270064242
2390384342,7E533F,true,270068065
2390415218,7E52E9,true,270071960
2390446160,7E5328,true,270075728
2390478024,7E5787,true,270079529
2390507980,7E4F34,true,270083127
2390533256,7E4F37,true,270086191
2390558486,7E4F39,true,270089253
2390583782,7E4F34,true,270092316
2390609034,7E4F37,true,270095380
2390634304,7E4F39,true,270098442
2390659542,7E4F34,true,270101505
2390684832,7E4F37,true,270104569
2390710382,7E4F37,true,270107678
2390734892,7E4F39,true,270110740
2390758754,7E4F34,true,270113803
2390782822,7E4F37,true,270116867
2390807864,7E4F39,true,270119929
2390833146,7E4F34,true,270122992
2390858382,7E4F37,true,270126056
2390883652,7E4F39,true,270129118
2390908902,7E4F34,true,270132181
2390934200,7E4F37,true,270135245
2390959444,7E4F39,true,270138307
2390984726,7E4F34,true,270141370
2391009992,7E4F37,true,270144434
2391035268,7E4F39,true,270147496
2391060496,7E4F34,true,270150559
2391085698,7E4F34,true,270153668
2391109568,7E4F37,true,270156732
2391133384,7E4F39,true,270159794
2391161820,7E4EF7,true,270163259
2391188722,7E4EF7,true,270166523
2391223702,1FC45A,false,270169990
2391253174,1FC7BB,false,270173523
2391284564,09F89B,false,270177300
2391317388,0AFA98,false,270181274
2391346572,1FCDEC,false,270184794
2391378042,7E4EFC,true,270188551
2391407276,03B3FA,false,270192039
2391527600,02F66B,false,270195690
2391562520,02F650,false,270199827
2391589836,03DBBB,false,270203141
2391616002,1FC072,false,270206362
2391643636,7E4EFC,true,270209706
2391668882,7E4EF7,true,270212769
2391694172,7E4EFA,true,270215833
2391720156,02DA49,false,270218922
2391746112,02DA4B,false,270221984
2391772120,02DA46,false,270225047
2391890878,7E5337,true,270228505
2391923232,7E5310,true,270232363
2391955786,7E5782,true,270236241
2391988520,7E5784,true,270240145
2392021436,7E532C,true,270244061
2392054098,7E5349,true,270247960
2392084742,7E52D1,true,270251624
2392117004,7E58C8,true,270255475
2392151326,7E4F39,true,270258965
2392175402,7E4F34,true,270262028
2392199272,7E4F37,true,270265092
2392223834,7E4F39,true,270268154
2392249058,7E4F34,true,270271217
2392274316,7E4F37,true,270274281
2392299592,7E4F39,true,270277343
2392324828,7E4F34,true,270280406
2392350104,7E4F37,true,270283470
2392375362,7E4F39,true,270286532
2392400638,7E4F34,true,270289595
2392425910,7E4F37,true,270292659
2392451180,7E4F39,true,270295721
2392476430,7E4F34,true,270298784
2392501902,7E4F34,true,270301893
2392526240,7E4F37,true,270304957
2392550096,7E4F39,true,270308019
2392574364,7E4F34,true,270311082
2392599496,7E4F37,true,270314146
2392624740,7E4F39,true,270317208
2392650014,7E4F34,true,270320271
2392675252,7E4F37,true,270323335
2392700528,7E4F39,true,270326397
2392725786,7E4F34,true,270329460
2392751076,7E4F37,true,270332524
2392776320,7E4F39,true,270335586
2392801610,7E4F34,true,270338649
2392827292,02F56E,false,270341758
2392859252,02DA88,false,270345658
2392885474,7E4EFA,true,270348957
2392917902,0BDB8A,false,270352350
2392947164,7E4F05,false,270355909
2392976872,1FD304,false,270359499
2393009612,1FDC71,false,270363450
2393038960,02F9A0,false,270366980
2393070884,1FCE86,false,270370785
2393099312,03B42F,false,270374182
2393130996,02F666,false,270377974
2393162726,7E4EFA,true,270381752
2393188600,03DBBA,false,270384937
2393307738,7E4EFA,true,270388490
2393332982,7E4EFC,true,270391552
2393358258,7E4EF7,true,270394615
2393383884,02DA46,false,270397704
2393409856,02DA49,false,270400768
2393435820,02DA4B,false,270403830
2393461800,02DA46,false,270406893
2393487772,02DA49,false,270409957
2393513754,02DA4B,false,270413019
2393539734,02DA46,false,270416082
2393656100,03BB27,false,270419204
2393686304,7E52E6,true,270422824
2393718732,7E5306,true,270426684
2393751426,7E4FA7,true,270430586
2393784370,7E5312,true,270434505
2393816798,7E57B3,true,270438379
2393847946,7E4F99,true,270442113
2393873804,7E4F37,true,270445244
2393899048,7E4F39,true,270448306
2393924642,7E3BDD,true,270451421
2393955652,7E4F37,true,270454613
2393979508,7E4F39,true,270457675
2394003784,7E4F34,true,270460738
2394028928,7E4F37,true,270463802
2394054164,7E4F39,true,270466864
2394079440,7E4F34,true,270469927
2394104692,7E4F37,true,270472991
2394129968,7E4F39,true,270476053
2394155212,7E4F34,true,270479116
2394180496,7E4F37,true,270482180
2394205732,7E4F39,true,270485242
2394231030,7E4F34,true,270488305
2394256274,7E4F37,true,270491369
2394281868,7E4F37,true,270494478
2394306476,7E4F39,true,270497540
2394330298,7E4F34,true,270500603
2394354286,7E4F37,true,270503667
2394379320,7E4F39,true,270506729
2394404516,7E4F34,true,270509792
2394429840,7E4F37,true,270512856
2394455084,7E4F39,true,270515918
2394480366,7E4F34,true,270518981
2394505618,7E4F37,true,270522045
2394530880,7E4F39,true,270525107
2394556124,7E4F34,true,270528170
2394581428,7E4F37,true,270531234
2394606660,7E4F39,true,270534296
2394635250,7E3AF3,true,270537743
2394661756,7E4EF7,true,270541032
2394695152,02FC74,false,270544528
2394724654,1FD30B,false,270548196
2394756262,0AF990,false,270552017
2394786284,02DB0B,false,270555644
2394817034,7E4EFC,true,270559323
2394847024,03B3FC,false,270562892
2394877488,02F608,false,270566535
2394911522,7E4EFC,true,270570572
2394937976,03DBB6,false,270573803
2394966184,02DA38,false,270577252
2395086126,7E4EF7,true,270580823
2395111366,7E4EFA,true,270583887
2395136636,7E4EFC,true,270586949
2395162092,02DA4B,false,270590038
2395188054,02DA46,false,270593101
2395214098,02DA49,false,270596165
2395240080,02DA4B,false,270599227
2395266048,02DA46,false,270602290
2395292038,02DA49,false,270605354
2395318014,02DA4B,false,270608416
2395343976,02DA46,false,270611479
2395462526,7E572E,true,270614902
2395494876,7E5334,true,270618764
2395527530,7E52DE,true,270622659
2395560256,7E4FB8,true,270626557
2395592912,7E4FD4,true,270630451
2395623900,7E52C4,true,270634157
2395652192,7E4F37,true,270637567
2395677436,7E4F39,true,270640629
2395702710,7E4F34,true,270643692
2395734376,7E4F39,true,270646916
2395758238,7E4F34,true,270649979
2395782108,7E4F37,true,270653043
2395807134,7E4F39,true,270656105
2395832410,7E4F34,true,270659168
2395857648,7E4F37,true,270662232
2395882924,7E4F39,true,270665294
2395908174,7E4F34,true,270668357
2395933456,7E4F37,true,270671421
2395958716,7E4F39,true,270674483
2395983990,7E4F34,true,270677546
2396009328,7E4F37,true,270680610
2396034532,7E4F39,true,270683672
2396059842,7E4F34,true,270686735
2396085072,7E4F34,true,270689844
2396109052,7E4F37,true,270692908
2396132908,7E4F39,true,270695970
2396157596,7E4F34,true,270699033
2396182852,7E4F37,true,270702097
2396208096,7E4F39,true,270705159
2396233370,7E4F34,true,270708222
2396258622,7E4F37,true,270711286
2396283892,7E4F39,true,270714348
2396309136,7E4F34,true,270717411
2396334420,7E4F37,true,270720475
2396362846,7E4EEC,false,270723899
2396389842,7E4EFC,true,270727166
2396513820,0BD57F,false,270730553
2396543122,7E4EFA,true,270734039
2396573724,02DB07,false,270737725
2396605558,04A0C5,false,270741571
2396635830,7E4EE3,false,270745205
2396667164,1FCE0F,false,270748940
2396695710,7E4EFA,true,270752357
2396728400,02F5E7,false,270756252
2396757978,7E4EF7,true,270759802
2396873918,03DBBB,false,270763016
2396903068,7E4EFA,true,270766539
2396928312,7E4EFC,true,270769601
2396953586,7E4EF7,true,270772664
2396980334,7E4F62,true,270775893
2397011314,7E5782,true,270779594
2397043060,7E5326,true,270783387
2397075816,7E530C,true,270787294
2397108774,7E53A7,true,270791211
2397140166,7E3BAE,true,270794987
2397175616,7E571F,true,270798703
2397201016,7E4F39,true,270801957
2397225528,7E4F34,true,270805020
2397250738,7E4F37,true,270808084
2397275968,7E4F39,true,270811146
2397301250,7E4F34,true,270814209
2397326500,7E4F37,true,270817273
2397351770,7E4F39,true,270820335
2397377034,7E4F34,true,270823398
2397402312,7E4F37,true,270826462
2397427562,7E4F39,true,270829524
2397452830,7E4F34,true,270832587
2397478080,7E4F37,true,270835651
2397503532,7E4F37,true,270838760
2397527944,7E4F39,true,270841822
2397551806,7E4F34,true,270844885
2397576042,7E4F37,true,270847949
2397601152,7E4F39,true,270851011
2397626396,7E4F34,true,270854074
2397651672,7E4F37,true,270857138
2397676916,7E4F39,true,270860200
2397702198,7E4F34,true,270863263
2397727458,7E4F37,true,270866327
2397752728,7E4F39,true,270869389
2397777956,7E4F34,true,270872452
2397803268,7E4F37,true,270875516
2397828498,7E4F39,true,270878578
2397854076,7E4F39,true,270881687
2397878782,7E4F34,true,270884750
2397902612,7E4F37,true,270887814
2397926508,7E4F39,true,270890876
2397955214,02DB9B,false,270894362
2397989126,0BD413,false,270897749
2398018682,1FCFBF,false,270901248
2398048850,1FD26B,false,270904889
2398080766,1FC5E3,false,270908743
2398110424,7E4EFC,true,270912313
2398142584,1FCEEE,false,270916137
2398170880,03B3D6,false,270919533
2398203534,02F60C,false,270923423
2398324174,7E4EFC,true,270927095
2398349954,03DBBB,false,270930271
2398378914,7E4EFA,true,270933782
2398404152,7E4EFC,true,270936844
2398429426,7E4EF7,true,270939907
2398455150,02DA46,false,270942996
2398481122,02DA49,false,270946060
2398507094,02DA4B,false,270949122
2398533084,02DA46,false,270952185
2398559056,02DA49,false,270955249
2398677340,7E52EB,true,270958638
2398709014,7E5347,true,270962422
2398740892,7E5331,true,270966226
2398773718,7E52CE,true,270970136
2398806510,7E5361,true,270974050
2398837068,7E51C9,true,270977709
2398866998,7E4F37,true,270981311
2398892228,7E4F39,true,270984373
2398917502,7E4F34,true,270987436
2398949232,7E4F39,true,270990660
2398973094,7E4F34,true,270993723
2398996924,7E4F37,true,270996787
2399021910,7E4F39,true,270999849
2399047178,7E4F34,true,271002912
2399072424,7E4F37,true,271005976
2399097700,7E4F39,true,271009038
2399122942,7E4F34,true,271012101
2399148232,7E4F37,true,271015165
2399173484,7E4F39,true,271018227
2399198758,7E4F34,true,271021290
2399224010,7E4F37,true,271024354
2399249280,7E4F39,true,271027416
2399274530,7E4F34,true,271030479
2399299806,7E4F34,true,271033588
2399323880,7E4F37,true,271036652
2399347736,7E4F39,true,271039714
2399372364,7E4F34,true,271042777
2399397608,7E4F37,true,271045841
2399422852,7E4F39,true,271048903
2399448134,7E4F34,true,271051966
2399473384,7E4F37,true,271055030
2399498648,7E4F39,true,271058092
2399523912,7E4F34,true,271061155
2399552006,02DA82,false,271064543
2399585538,06829B,false,271067896
2399614922,1FD4CE,false,271071376
2399735304,1FC4BE,false,271075041
2399767762,0AFADA,false,271078956
2399797686,1FCCA0,false,271082566
2399828994,7E4EF7,true,271086300
2399858060,03B3FC,false,271089768
2399888962,02F5A1,false,271093466
2399921878,7E4EFA,true,271097383
2399948036,03DBBA,false,271100590
2399976564,7E4EF7,true,271104066
2400092154,7E4EF7,true,271107181
2400117414,7E4EFA,true,271110245
2400142676,7E4EFC,true,271113307
2400167926,7E4EF7,true,271116370
2400193216,7E4EFA,true,271119434
2400218452,7E4EFC,true,271122496
2400243750,7E4EF7,true,271125559
2400269072,7E4EFA,true,271128623
2400294270,7E4EFC,true,271131685
2400319586,7E4EF7,true,271134748
2400344836,7E4EFA,true,271137812
2400378230,7E4F79,true,271141214
2400407658,7E578F,true,271144941
2400438226,7E533C,true,271148739
2400470784,7E52DB,true,271152644
2400503672,7E52FB,true,271156555
2400535264,7E5784,true,271160337
2400565564,7E4F39,true,271163984
2400590802,7E4F34,true,271167047
2400616092,7E4F37,true,271170111
2400641322,7E4F39,true,271173173
2400666606,7E4F34,true,271176236
2400691924,7E4F37,true,271179300
2400717400,7E4F37,true,271182409
2400741916,7E4F39,true,271185471
2400765738,7E4F34,true,271188534
2400789858,7E4F37,true,271191598
2400814932,7E4F39,true,271194660
2400840182,7E4F34,true,271197723
2400865458,7E4F37,true,271200787
2400890688,7E4F39,true,271203849
2400915970,7E4F34,true,271206912
2400941236,7E4F37,true,271209976
2400966512,7E4F39,true,271213038
2400991762,7E4F34,true,271216101
2401017060,7E4F37,true,271219165
2401042304,7E4F39,true,271222227
2401067748,7E3195,true,271225307
2401092734,7E4F34,true,271228399
2401116564,7E4F37,true,271231463
2401140420,7E4F39,true,271234525
2401166088,02F50C,false,271237673
2401195004,7E4EFA,true,271241164
2401228154,0BBBE3,false,271244436
2401257646,1FCF96,false,271247939
2401287768,09F8F6,false,271251569
2401319906,1FC592,false,271255445
2401349572,7E4EF7,true,271259013
2401381608,02FC6E,false,271262828
2401410002,03B3CE,false,271266230
2401532612,02F5AD,false,271270121
2401562532,7E4EFC,true,271273700
2401588066,03DBBB,false,271276856
2401617232,7E4EFA,true,271280387
2401642476,7E4EFC,true,271283449
2401667754,7E4EF7,true,271286512
2401693550,02DA46,false,271289601
2401719530,02DA49,false,271292665
2401745504,02DA4B,false,271295727
2401771466,02DA46,false,271298790
2401889004,7E4F7D,true,271302080
2401920506,7E5305,true,271305843
2401952470,7E5361,true,271309656
2401985140,7E5788,true,271313549
2402017938,7E570A,true,271317456
2402049532,7E579E,true,271321234
2402079520,7E4F39,true,271324834
2402104770,7E4F34,true,271327897
2402130048,7E4F37,true,271330961
2402161958,7E4F34,true,271334184
2402185890,7E4F37,true,271337248
2402209746,7E4F39,true,271340310
2402234540,7E4F34,true,271343373
2402259760,7E4F37,true,271346437
2402285076,7E4F39,true,271349499
2402310318,7E4F34,true,271352562
2402335608,7E4F37,true,271355626
2402360838,7E4F39,true,271358688
2402386134,7E4F34,true,271361751
2402411386,7E4F37,true,271364815
2402436676,7E4F39,true,271367877
2402461914,7E4F34,true,271370940
2402487204,7E4F37,true,271374004
2402512532,7E4F37,true,271377113
2402536744,7E4F39,true,271380175
2402560566,7E4F34,true,271383238
2402585072,7E4F37,true,271386302
2402610184,7E4F39,true,271389364
2402635426,7E4F34,true,271392427
2402660716,7E4F37,true,271395491
2402685946,7E4F39,true,271398553
2402711222,7E4F34,true,271401616
2402736566,7E4F37,true,271404680
2402764120,02F56E,false,271408011
2402791672,02DCCE,false,271411345
2402826802,02FCDE,false,271414814
2402947472,02DB0E,false,271418512
2402979198,0AF991,false,271422336
2403009330,02DB0E,false,271425966
2403040102,000110,false,271429651
2403069950,03B402,false,271433211
2403100306,02F64C,false,271436844
2403134310,7E4EFA,true,271440876
2403160760,03DBBD,false,271444100
2403189016,7E4EF7,true,271447559
2403304680,7E4EF7,true,271450674
2403329932,7E4EFA,true,271453738
2403355176,7E4EFC,true,271456800
2403380458,7E4EF7,true,271459863
2403405708,7E4EFA,true,271462927
2403430972,7E4EFC,true,271465989
2403456236,7E4EF7,true,271469052
2403481512,7E4EFA,true,271472116
2403506776,7E4EFC,true,271475178
2403532058,7E4EF7,true,271478241
2403557308,7E4EFA,true,271481305
2403590148,03BBA1,false,271484641
2403619334,7E532C,true,271488322
2403649062,7E5308,true,271492046
2403681448,7E5787,true,271495934
2403714258,7E5312,true,271499845
2403746670,7E57B3,true,271503719
2403778070,7E5796,true,271507480
2403803442,7E4F37,true,271510556
2403828680,7E4F39,true,271513618
2403853962,7E4F34,true,271516681
2403879208,7E4F37,true,271519745
2403904484,7E4F39,true,271522807
2403930084,7E4F39,true,271525916
2403954708,7E4F34,true,271528979
2403978578,7E4F37,true,271532043
2404002516,7E4F39,true,271535105
2404027492,7E4F34,true,271538168
2404052816,7E4F37,true,271541232
2404078000,7E4F39,true,271544294
2404103322,7E4F34,true,271547357
2404128580,7E4F37,true,271550421
2404153856,7E4F39,true,271553483
2404179114,7E4F34,true,271556546
2404204396,7E4F37,true,271559610
2404229656,7E4F39,true,271562672
2404254930,7E4F34,true,271565735
2404280168,7E4F37,true,271568799
2404305420,7E4F37,true,271571908
2404329380,7E4F39,true,271574970
2404353202,7E4F34,true,271578033
2404379194,02F57C,false,271581242
2404407628,7E4EFC,true,271584671
2404442158,0BDE7F,false,271588091
2404471894,1FC4F1,false,271591650
2404503266,0483E1,false,271595425
2404534360,1FD2C8,false,271599182
2404564994,7E4EFA,true,271602850
2404595678,03BABB,false,271606502
2404623882,02F6D1,false,271609900
2404748542,02F666,false,271614013
2404777478,03DBBC,false,271617498
2404802632,1FC072,false,271620619
2404830420,7E4EF7,true,271623970
2404855664,7E4EFA,true,271627034
2404880954,7E4EFC,true,271630096
2404906948,02DA4B,false,271633185
2404932930,02DA46,false,271636248
2404958930,02DA49,false,271639312
2404984894,02DA4B,false,271642374
2405102252,7E4F70,true,271645634
2405133266,7E5305,true,271649339
2405165058,7E52D1,true,271653136
2405197804,7E52EE,true,271657040
2405230682,7E534C,true,271660952
2405262302,7E5349,true,271664733
2405292950,7E4F37,true,271668409
2405318188,7E4F39,true,271671471
2405343462,7E4F34,true,271674534
2405375386,7E4F39,true,271677758
2405399406,7E4F34,true,271680821
2405423276,7E4F37,true,271683885
2405447906,7E4F39,true,271686947
2405473142,7E4F34,true,271690010
2405498400,7E4F37,true,271693074
2405523676,7E4F39,true,271696136
2405548918,7E4F34,true,271699199
2405574196,7E4F37,true,271702263
2405599532,7E4F39,true,271705325
2405624722,7E4F34,true,271708388
2405650074,7E4F37,true,271711452
2405675304,7E4F39,true,271714514
2405700586,7E4F34,true,271717577
2405725962,7E4F34,true,271720686
2405750252,7E4F37,true,271723750
2405774108,7E4F39,true,271726812
2405798432,7E4F34,true,271729875
2405823592,7E4F37,true,271732939
2405848828,7E4F39,true,271736001
2405874096,7E4F34,true,271739064
2405899348,7E4F37,true,271742128
2405924624,7E4F39,true,271745190
2405949876,7E4F34,true,271748253
2405975152,7E4F37,true,271751317
2406002054,02F578,false,271754565
2406031804,7E4EF7,true,271758174
2406066078,0BDAEB,false,271761562
2406185928,02FCF5,false,271765147
2406216510,02DB12,false,271768829
2406248106,1FCC81,false,271772657
2406278018,7E4EFA,true,271776240
2406309566,02FBEC,false,271779989
2406337770,03B374,false,271783381
2406371904,02F5C0,false,271787428
2406400368,03DBBC,false,271790867
2406426412,1FC069,false,271794083
2406543442,7E4EFC,true,271797364
2406568646,7E4EF7,true,271800427
2406593976,7E4EFA,true,271803491
2406622414,7E5715,true,271806919
2406654250,7E52FB,true,271810716
2406686264,7E5347,true,271814539
2406719040,7E4FCF,true,271818441
2406750980,7E5782,true,271822250
2406777820,7E4F37,true,271825501
2406809692,7E4F34,true,271828724
2406833562,7E4F37,true,271831788
2406857378,7E4F39,true,271834850
2406882226,7E4F34,true,271837913
2406907484,7E4F37,true,271840977
2406932748,7E4F39,true,271844039
2406958070,7E4F34,true,271847102
2406983280,7E4F37,true,271850166
2407008596,7E4F39,true,271853228
2407033854,7E4F34,true,271856291
2407059136,7E4F37,true,271859355
2407084372,7E4F39,true,271862417
2407109654,7E4F34,true,271865480
2407134904,7E4F37,true,271868544
2407160218,7E4F37,true,271871653
2407184328,7E4F39,true,271874715
2407208150,7E4F34,true,271877778
2407232716,7E4F37,true,271880842
2407257892,7E4F39,true,271883904
2407283166,7E4F34,true,271886967
2407308412,7E4F37,true,271890031
2407333688,7E4F39,true,271893093
2407358930,7E4F34,true,271896156
2407384216,7E4F37,true,271899220
2407409532,7E4F39,true,271902282
2407434744,7E4F34,true,271905345
2407463562,02DB8B,false,271908817
2407497822,0BD4E1,false,271912237
2407617212,08B283,false,271915731
2407647410,09F8E0,false,271919368
2407679398,04A0C0,false,271923238
2407709386,02F9EE,false,271926840
2407740876,1FCF18,false,271930596
2407769638,7E4EFA,true,271934030
2407802434,02F5FE,false,271937938
2407832024,03DC0C,false,271941491
2407856826,1FC07C,false,271944578
2407975940,7E4EFC,true,271948092
2408001182,7E4EF7,true,271951155
2408026466,7E4EFA,true,271954219
2408053574,7E4F76,true,271957484
2408085134,7E52CE,true,271961260
2408117218,7E532C,true,271965092
2408150208,7E52EB,true,271969012
2408182726,7E5161,true,271972895
2408210434,7E4F37,true,271976229
2408242210,7E4F39,true,271979471
2408266072,7E4F34,true,271982534
2408289942,7E4F37,true,271985598
2408314962,7E4F39,true,271988660
2408340244,7E4F34,true,271991723
2408365488,7E4F37,true,271994787
2408390764,7E4F39,true,271997849
2408416014,7E4F34,true,272000912
2408441296,7E4F37,true,272003976
2408466628,7E4F39,true,272007038
2408491830,7E4F34,true,272010101
2408517176,7E4F37,true,272013165
2408542406,7E4F39,true,272016227
2408567674,7E4F34,true,272019290
2408592918,7E4F34,true,272022399
2408616900,7E4F37,true,272025463
2408640756,7E4F39,true,272028525
2408665436,7E4F34,true,272031588
2408690680,7E4F37,true,272034652
2408715924,7E4F39,true,272037714
2408741206,7E4F34,true,272040777
2408766442,7E4F37,true,272043841
2408791712,7E4F39,true,272046903
2408816964,7E4F34,true,272049966
2408843468,02F560,false,272053170
2408871758,7E4EFC,true,272056584
2408906778,0BEAB1,false,272060056
2409027234,1FD2E9,false,272063720
2409058928,0AFC45,false,272067542
2409088930,0BB097,false,272071167
2409119876,7E4EF7,true,272074875
2409149816,03B25A,false,272078445
2409180126,02F64C,false,272082068
2409213324,7E4EF7,true,272086017
2409239498,03DBBC,false,272089224
2409267698,7E4EFC,true,272092661
2409383342,7E4EFC,true,272095776
2409408580,7E4EF7,true,272098839
2409433864,7E4EFA,true,272101903
2409459108,7E4EFC,true,272104965
2409484390,7E4EF7,true,272108028
2409509640,7E4EFA,true,272111092
2409534932,7E4EFC,true,272114154
2409560168,7E4EF7,true,272117217
2409585466,7E4EFA,true,272120281
2409610702,7E4EFC,true,272123343
2409635978,7E4EF7,true,272126406
2409669396,7E4F7E,true,272129806
2409698806,7E52EB,true,272133536
2409729402,7E5713,true,272137340
2409762120,7E4F94,true,272141252
2409795006,7E534F,true,272145174
2409823404,7E4F37,true,272148592
2409848680,7E4F39,true,272151654
2409873926,7E4F34,true,272154717
2409899202,7E4F37,true,272157781
2409924440,7E4F39,true,272160843
2409949724,7E4F34,true,272163906
2409974968,7E4F37,true,272166970
2410000244,7E4F39,true,272170032
2410025436,7E4F39,true,272173141
2410049306,7E4F34,true,272176204
2410073176,7E4F37,true,272179268
2410098046,7E4F39,true,272182330
2410123292,7E4F34,true,272185393
2410148568,7E4F37,true,272188457
2410173812,7E4F39,true,272191519
2410199094,7E4F34,true,272194582
2410224344,7E4F37,true,272197646
2410249636,7E4F39,true,272200708
2410274878,7E4F34,true,272203771
2410300162,7E4F37,true,272206835
2410325392,7E4F39,true,272209897
2410350674,7E4F34,true,272212960
2410375974,7E4F34,true,272216069
2410400104,7E4F37,true,272219133
2410423960,7E4F39,true,272222195
2410448528,7E4F34,true,272225258
2410475088,02F56B,false,272228485
2410503204,7E4EFA,true,272231876
2410537978,1FC59C,false,272235317
2410568204,1FD335,false,272238946
2410599986,0AFB38,false,272242771
2410629968,0BB0A4,false,272246398
2410660896,7E4EFA,true,272250099
2410690788,03B263,false,272253666
2410810720,02F65F,false,272257267
2410844624,7E4EFC,true,272261294
2410870976,03DBBB,false,272264517
2410899002,7E4EFA,true,272267941
2410924240,7E4EFC,true,272271003
2410949530,7E4EF7,true,272274066
2410975100,02DA46,false,272277155
2411001100,02DA49,false,272280219
2411027064,02DA4B,false,272283281
2411053026,02DA46,false,272286344
2411169754,03B974,false,272289524
2411200306,7E4FCF,true,272293176
2411231530,7E52DE,true,272296902
2411264186,7E5782,true,272300794
2411297084,7E5791,true,272304714
2411327754,7E4F39,true,272308390
2411353022,7E4F34,true,272311453
2411378296,7E4F37,true,272314517
2411403564,7E4F39,true,272317579
2411428802,7E4F34,true,272320642
2411460512,7E4F37,true,272323886
2411484328,7E4F39,true,272326948
2411508368,7E4F34,true,272330011
2411533358,7E4F37,true,272333075
2411558596,7E4F39,true,272336137
2411583878,7E4F34,true,272339200
2411609136,7E4F37,true,272342264
2411634398,7E4F39,true,272345326
2411659642,7E4F34,true,272348389
2411684926,7E4F37,true,272351453
2411710236,7E4F39,true,272354515
2411735440,7E4F34,true,272357578
2411760764,7E4F37,true,272360642
2411786008,7E4F39,true,272363704
2411811220,7E4F39,true,272366813
2411835138,7E4F34,true,272369876
2411858968,7E4F37,true,272372940
2411883758,7E4F39,true,272376002
2411909014,7E4F34,true,272379065
2411934304,7E4F37,true,272382129
2411959548,7E4F39,true,272385191
2411984822,7E4F34,true,272388254
2412010074,7E4F37,true,272391318
2412035364,7E4F39,true,272394380
2412061330,02F56B,false,272397526
2412090058,7E4EF7,true,272400997
2412125054,1FC432,false,272404459
2412244714,1FC4F1,false,272408034
2412276056,0AFC2B,false,272411804
2412306418,0BB0A1,false,272415464
2412337334,7E4EFC,true,272419165
2412367286,03B25E,false,272422733
2412397540,02F652,false,272426359
2412430792,7E4EFC,true,272430307
2412456938,03DBBB,false,272433515
2412485172,7E4EFA,true,272436952
2412600748,7E4EFA,true,272440067
2412626022,7E4EFC,true,272443129
2412651258,7E4EF7,true,272446192
2412676548,7E4EFA,true,272449256
2412701864,7E4EFC,true,272452318
2412727066,7E4EF7,true,272455381
2412752412,7E4EFA,true,272458445
2412777648,7E4EFC,true,272461507
2412802938,7E4EF7,true,272464570
2412828190,7E4EFA,true,272467634
2412853452,7E4EFC,true,272470696
2412886894,7E4F7D,true,272474109
2412916444,7E5791,true,272477855
2412947130,7E4FC9,true,272481668
2412979988,7E52F6,true,272485594
2413012718,7E5712,true,272489494
2413040682,7E4F39,true,272492863
2413065926,7E4F34,true,272495926
2413091222,7E4F37,true,272498990
2413116532,7E4F39,true,272502052
2413141720,7E4F34,true,272505115
2413167072,7E4F37,true,272508179
2413192302,7E4F39,true,272511241
2413217586,7E4F34,true,272514304
2413242734,7E4F34,true,272517413
2413266564,7E4F37,true,272520477
2413290380,7E4F39,true,272523539
2413315288,7E4F34,true,272526602
2413340580,7E4F37,true,272529666
2413365804,7E4F39,true,272532728
2413391086,7E4F34,true,272535791
2413416344,7E4F37,true,272538855
2413441612,7E4F39,true,272541917
2413466878,7E4F34,true,272544980
2413492160,7E4F37,true,272548044
2413517398,7E4F39,true,272551106
2413542674,7E4F34,true,272554169
2413568004,7E4F37,true,272557233
2413593272,7E4F37,true,272560342
2413617340,7E4F39,true,272563404
2413641202,7E4F34,true,272566467
2413665778,7E4F37,true,272569531
2413690996,7E4F39,true,272572593
2413716246,7E4F34,true,272575656
2413741536,7E4F37,true,272578720
2413766766,7E4F39,true,272581782
2413795200,06BB65,false,272585207
2413828638,06857E,false,272588538
2413858144,0BD1F8,false,272592038
2413888612,1FD27F,false,272595702
2413921064,0AFB24,false,272599632
2414040892,0BAE00,false,272603239
2414072242,02FB49,false,272606980
2414101506,03B3EE,false,272610471
2414132256,02F671,false,272614158
2414164708,7E4EF7,true,272618016
2414190762,03DBBC,false,272621211
2414219096,7E4EFC,true,272624662
2414244334,7E4EF7,true,272627725
2414269624,7E4EFA,true,272630789
2414385940,03B966,false,272633983
2414416554,7E5292,true,272637642
2414448970,7E53A6,true,272641506
2414481702,7E52E1,true,272645408
2414514608,7E52BE,true,272649324
2414543992,7E4F39,true,272652852
2414569274,7E4F34,true,272655915
2414594538,7E4F37,true,272658979
2414619808,7E4F39,true,272662041
2414645058,7E4F34,true,272665104
2414676762,7E4F37,true,272668348
2414700578,7E4F39,true,272671410
2414724616,7E4F34,true,272674473
2414749618,7E4F37,true,272677537
2414774856,7E4F39,true,272680599
2414800138,7E4F34,true,272683662
2414825388,7E4F37,true,272686726
2414850664,7E4F39,true,272689788
2414875908,7E4F34,true,272692851
2414901192,7E4F37,true,272695915
2414926416,7E4F39,true,272698977
2414951720,7E4F34,true,272702040
2414977036,7E4F37,true,272705104
2415002280,7E4F39,true,272708166
2415027496,7E4F39,true,272711275
2415051406,7E4F34,true,272714338
2415075236,7E4F37,true,272717402
2415100034,7E4F39,true,272720464
2415125286,7E4F34,true,272723527
2415150576,7E4F37,true,272726591
2415175812,7E4F39,true,272729653
2415201094,7E4F34,true,272732716
2415226338,7E4F37,true,272735780
2415252184,02F57B,false,272738908
2415281050,7E4EFC,true,272742396
2415315286,0BDAEB,false,272745776
2415344906,7E4EFC,true,272749319
2415465724,02DB12,false,272753043
2415497314,1FCC81,false,272756871
2415527200,7E4EFA,true,272760454
2415558802,02FBF5,false,272764207
2415586980,03B384,false,272767596
2415621114,02F5CC,false,272771642
2415649564,03DBBC,false,272775081
2415675598,1FC069,false,272778297
2415702236,7E4EF7,true,272781526
2415817842,7E4EF7,true,272784641
2415843166,7E4EFA,true,272787705
2415868404,7E4EFC,true,272790767
2415893686,7E4EF7,true,272793830
2415918944,7E4EFA,true,272796894
2415944206,7E4EFC,true,272799956
2415969470,7E4EF7,true,272803019
2415994746,7E4EFA,true,272806083
2416019996,7E4EFC,true,272809145
2416045278,7E4EF7,true,272812208
2416070536,7E4EFA,true,272815272
2416103894,7E4F62,true,272818684
2416133712,7E52FD,true,272822461
2416165152,7E5306,true,272826349
2416197868,7E5312,true,272830255
2416230372,7E57A4,true,272834139
2416257996,7E4F34,true,272837463
2416283248,7E4F37,true,272840527
2416308530,7E4F39,true,272843589
2416333774,7E4F34,true,272846652
2416359050,7E4F37,true,272849716
2416384308,7E4F39,true,272852778
2416409576,7E4F34,true,272855841
2416435122,00012C,true,272858936
2416459944,7E4F37,true,272862014
2416483800,7E4F39,true,272865076
2416507622,7E4F34,true,272868139
2416532590,7E4F37,true,272871203
2416557886,7E4F39,true,272874265
2416583130,7E4F34,true,272877328
2416608420,7E4F37,true,272880392
2416633664,7E4F39,true,272883454
2416658938,7E4F34,true,272886517
2416684212,7E4F37,true,272889581
2416709474,7E4F39,true,272892643
2416734738,7E4F34,true,272895706
2416760014,7E4F37,true,272898770
2416785252,7E4F39,true,272901832
2416810546,7E4F39,true,272904941
2416834614,7E4F34,true,272908004
2416858444,7E4F37,true,272911068
2416883048,7E4F39,true,272914130
2416908238,7E4F34,true,272917193
2416933528,7E4F37,true,272920257
2416960698,02F554,false,272923537
2416988526,02DCC5,false,272926902
2417023166,1FC538,false,272930318
2417053356,1FD2C8,false,272933945
2417084974,0AFC38,false,272937754
2417115082,0BB08E,false,272941389
2417146138,7E4EFA,true,272945100
2417266272,03BA9B,false,272948705
2417295968,02F611,false,272952262
2417329994,7E4EFC,true,272956295
2417356302,03DBB6,false,272959517
2417384308,7E4EFA,true,272962942
2417409572,7E4EFC,true,272966004
2417434894,7E4EF7,true,272969067
2417460368,02DA46,false,272972156
2417486346,02DA49,false,272975220
2417603150,03BB6F,false,272978409
2417633684,7E520A,true,272982061
2417666176,7E530A,true,272985934
2417698904,7E5306,true,272989835
2417731804,7E52CE,true,272993758
2417761120,7E4F37,true,272997276
2417786356,7E4F39,true,273000338
2417811646,7E4F34,true,273003401
2417836896,7E4F37,true,273006465
2417862166,7E4F39,true,273009527
2417893700,7E4F37,true,273012752
2417917556,7E4F39,true,273015814
2417941560,7E4F34,true,273018877
2417966592,7E4F37,true,273021941
2417991868,7E4F39,true,273025003
2418017104,7E4F34,true,273028066
2418042388,7E4F37,true,273031130
2418067632,7E4F39,true,273034192
2418092922,7E4F34,true,273037255
2418118252,7E4F37,true,273040319
2418143456,7E4F39,true,273043381
2418168786,7E4F34,true,273046444
2418194036,7E4F37,true,273049508
2418219298,7E4F39,true,273052570
2418244486,7E4F39,true,273055679
2418268362,7E4F34,true,273058742
2418292232,7E4F37,true,273061806
2418317018,7E4F39,true,273064868
2418342302,7E4F34,true,273067931
2418367560,7E4F37,true,273070995
2418392836,7E4F39,true,273074057
2418418072,7E4F34,true,273077120
2418444274,02F57C,false,273080287
2418472888,7E4EFC,true,273083738
2418507832,1FC464,false,273087200
2418537546,1FDC73,false,273090771
2418569174,0AFA27,false,273094576
2418690032,0BB068,false,273098317
2418720626,02FABB,false,273101982
2418750864,03BA3E,false,273105587
2418780022,02F6BA,false,273109081
2418814432,7E4EFC,true,273113162
2418840830,03DBB6,false,273116388
2418868792,7E4EFA,true,273119807
2418894036,7E4EFC,true,273122869
2418919318,7E4EF7,true,273125932
2419034948,7E4EF7,true,273129047
2419060200,7E4EFA,true,273132111
2419085476,7E4EFC,true,273135173
2419110726,7E4EF7,true,273138236
2419136002,7E4EFA,true,273141300
2419161232,7E4EFC,true,273144362
2419186516,7E4EF7,true,273147425
2419211768,7E4EFA,true,273150489
2419237056,7E4EFC,true,273153551
2419262306,7E4EF7,true,273156614
2419287588,7E4EFA,true,273159678
2419321044,7E4F79,true,273163104
2419350868,7E578F,true,273166878
2419381758,7E5314,true,273170704
2419414556,7E52D7,true,273174616
2419447186,7E5008,true,273178511
2419474794,7E4F34,true,273181841
2419500084,7E4F37,true,273184905
2419525336,7E4F39,true,273187967
2419550618,7E4F34,true,273191030
2419575876,7E4F37,true,273194094
2419601160,7E4F39,true,273197156
2419626402,7E4F34,true,273200219
2419651996,7E4F34,true,273203328
2419676772,7E4F37,true,273206392
2419700588,7E4F39,true,273209454
2419724450,7E4F34,true,273212517
2419749390,7E4F37,true,273215581
2419774658,7E4F39,true,273218643
2419799902,7E4F34,true,273221706
2419825192,7E4F37,true,273224770
2419850508,7E4F39,true,273227832
2419875710,7E4F34,true,273230895
2419901056,7E4F37,true,273233959
2419926286,7E4F39,true,273237021
2419951590,7E4F34,true,273240084
2419976826,7E4F37,true,273243148
2420002096,7E4F39,true,273246210
2420027358,7E4F39,true,273249319
2420051386,7E4F34,true,273252382
2420075256,7E4F37,true,273255446
2420099866,7E4F39,true,273258508
2420125094,7E4F34,true,273261571
2420150344,7E4F37,true,273264635
2420175620,7E4F39,true,273267697
2420204008,06BB99,false,273271116
2420237056,0682E5,false,273274407
2420266530,1FD4C5,false,273277892
2420296598,1FC7BD,false,273281509
2420329454,0484D7,false,273285477
2420358670,02F9B9,false,273288999
2420479908,000110,false,273292743
2420509158,03B400,false,273296236
2420540926,02F652,false,273300028
2420571886,7E4EFC,true,273303730
2420597612,03DBBB,false,273306903
2420626280,7E4EFA,true,273310378
2420651556,7E4EFC,true,273313440
2420676814,7E4EF7,true,273316503
2420702572,02DA46,false,273319592
2420819374,03BB6C,false,273322780
2420849978,7E4FD7,true,273326441
2420881014,7E5706,true,273330152
2420913656,7E5362,true,273334043
2420946656,7E5347,true,273337973
2420977496,7E4F37,true,273341664
2421002740,7E4F39,true,273344726
2421028010,7E4F34,true,273347789
2421053268,7E4F37,true,273350853
2421078536,7E4F39,true,273353915
2421110034,7E4F37,true,273357140
2421133890,7E4F39,true,273360202
2421157894,7E4F34,true,273363265
2421182936,7E4F37,true,273366329
2421208212,7E4F39,true,273369391
2421233450,7E4F34,true,273372454
2421258740,7E4F37,true,273375518
2421283976,7E4F39,true,273378580
2421309266,7E4F34,true,273381643
2421334596,7E4F37,true,273384707
2421359832,7E4F39,true,273387769
2421385130,7E4F34,true,273390832
2421410380,7E4F37,true,273393896
2421435650,7E4F39,true,273396958
2421460840,7E4F39,true,273400067
2421484710,7E4F34,true,273403130
2421508580,7E4F37,true,273406194
2421533364,7E4F39,true,273409256
2421558634,7E4F34,true,273412319
2421583892,7E4F37,true,273415383
2421609168,7E4F39,true,273418445
2421634410,7E4F34,true,273421508
2421659688,7E4F37,true,273424572
2421684926,7E4F39,true,273427634
2421710752,02F50A,false,273430761
2421739736,7E4EFC,true,273434250
2421774654,1FC49E,false,273437712
2421894330,1FC58E,false,273441279
2421926008,0AFB5C,false,273445087
2421956958,0BB07A,false,273448830
2421987586,02FAB9,false,273452496
2422017812,03BA3D,false,273456102
2422046934,02F6B2,false,273459594
2422081424,7E4EFA,true,273463677
2422107804,03DBBA,false,273466905
2422135750,7E4EF7,true,273470320
2422251404,7E4EF7,true,273473435
2422276656,7E4EFA,true,273476499
2422301932,7E4EFC,true,273479561
2422327174,7E4EF7,true,273482624
2422352450,7E4EFA,true,273485688
2422377688,7E4EFC,true,273488750
2422402966,7E4EF7,true,273491813
2422428216,7E4EFA,true,273494877
2422453494,7E4EFC,true,273497939
2422478738,7E4EF7,true,273501002
2422504028,7E4EFA,true,273504066
2422537518,7E4F5A,true,273507496
2422567332,7E5706,true,273511268
2422598004,7E4FAF,true,273515065
2422630930,7E52DE,true,273518996
2422663610,7E5334,true,273522892
2422691616,7E4F34,true,273526271
2422716900,7E4F37,true,273529335
2422742236,7E4F39,true,273532397
2422767478,7E4F34,true,273535460
2422792768,7E4F37,true,273538524
2422817998,7E4F39,true,273541586
2422843274,7E4F34,true,273544649
2422868858,7E4F34,true,273547758
2422893580,7E4F37,true,273550822
2422917396,7E4F39,true,273553884
2422941258,7E4F34,true,273556947
2422966302,7E4F37,true,273560011
2422991532,7E4F39,true,273563073
2423016808,7E4F34,true,273566136
2423042060,7E4F37,true,273569200
2423067336,7E4F39,true,273572262
2423092578,7E4F34,true,273575325
2423117876,7E4F37,true,273578389
2423143192,7E4F39,true,273581451
2423168388,7E4F34,true,273584514
2423193712,7E4F37,true,273587578
2423218956,7E4F39,true,273590640
2423244214,7E4F39,true,273593749
2423268226,7E4F34,true,273596812
2423292056,7E4F37,true,273599876
2423316738,7E4F39,true,273602938
2423341954,7E4F34,true,273606001
2423367244,7E4F37,true,273609065
2423392480,7E4F39,true,273612127
2423417756,7E4F34,true,273615190
2423447192,7E4EFC,true,273618743
2423481162,0BD72E,false,273622110
2423510526,08B2D4,false,273625606
2423541190,0980AB,false,273629297
2423573240,1FC5A0,false,273633185
2423693238,7E4EF1,false,273636806
2423724884,02FCD8,false,273640583
2423753436,03B3F6,false,273644001
2423785954,02F5DA,false,273647875
2423816158,03E05D,false,273651492
2423841000,03DBBD,false,273654576
2423869958,7E4EFC,true,273658073
2423895246,7E4EF7,true,273661136
2423920504,7E4EFA,true,273664200
2424037094,03BBEC,false,273667401
2424067744,7E5BCB,true,273671071
2424099158,7E571C,true,273674823
2424131806,7E52DE,true,273678715
2424164686,7E533C,true,273682637
2424195098,7E4F39,true,273686280
2424220340,7E4F34,true,273689343
2424245644,7E4F37,true,273692407
2424270882,7E4F39,true,273695469
2424296246,00011A,true,273698543
2424327700,7E4F37,true,273701776
2424351556,7E4F39,true,273704838
2424375652,7E4F34,true,273707901
2424400658,7E4F37,true,273710965
2424425928,7E4F39,true,273714027
2424451250,7E4F34,true,273717090
2424476468,7E4F37,true,273720154
2424501776,7E4F39,true,273723216
2424527022,7E4F34,true,273726279
2424552298,7E4F37,true,273729343
2424577536,7E4F39,true,273732405
2424602820,7E4F34,true,273735468
2424628064,7E4F37,true,273738532
2424653412,00010D,true,273741602
2424678504,7E4F39,true,273744703
2424702326,7E4F34,true,273747766
2424726196,7E4F37,true,273750830
2424751066,7E4F39,true,273753892
2424776360,7E4F34,true,273756955
2424801612,7E4F37,true,273760019
2424826888,7E4F39,true,273763081
2424852130,7E4F34,true,273766144
2424877406,7E4F37,true,273769208
2424902744,7E4F39,true,273772270
2424927940,7E4F34,true,273775333
2424954300,02F570,false,273778520
2424982708,7E4EFC,true,273781946
2425107924,0BE8BB,false,273785452
2425137394,1FD5BB,false,273788983
2425169298,0AF987,false,273792836
2425199192,0BB0DD,false,273796450
2425230096,7E4EF7,true,273800142
2425259922,03B3C0,false,273803703
2425290520,02F5C9,false,273807365
2425323328,7E4EFC,true,273811268
2425349330,03DBB6,false,273814462
2425467956,7E4EFC,true,273817957
2425493206,7E4EF7,true,273821020
2425518496,7E4EFA,true,273824084
2425544640,03BB5C,false,273827247
2425575102,7E5B05,true,273830898
2425606196,7E5312,true,273834611
2425638956,7E52EB,true,273838510
2425671872,7E5344,true,273842432
2425702296,7E4F34,true,273846070
2425730586,7E3BFA,true,273849169
2425758886,7E4F34,true,273852357
2425782716,7E4F37,true,273855421
2425806878,7E4F39,true,273858483
2425831986,7E4F34,true,273861546
2425857236,7E4F37,true,273864610
2425882506,7E4F39,true,273867672
2425907750,7E4F34,true,273870735
2425933040,7E4F37,true,273873799
2425958292,7E4F39,true,273876861
2425983574,7E4F34,true,273879924
2426008824,7E4F37,true,273882988
2426034112,7E4F39,true,273886050
2426059422,7E4F34,true,273889113
2426084996,7E4F34,true,273892222
2426109720,7E4F37,true,273895286
2426133536,7E4F39,true,273898348
2426157398,7E4F34,true,273901411
2426182422,7E4F37,true,273904475
2426207652,7E4F39,true,273907537
2426232934,7E4F34,true,273910600
2426258184,7E4F37,true,273913664
2426283454,7E4F39,true,273916726
2426308698,7E4F34,true,273919789
2426333976,7E4F37,true,273922853
2426359220,7E4F39,true,273925915
2426384504,7E4F34,true,273928978
2426409756,7E4F37,true,273932042
2426435032,7E4F39,true,273935104
2426460276,7E4F39,true,273938213
2426485648,02F572,false,273941440
2426512132,7E4EFA,true,273944827
2426544612,03F677,false,273948110
2426572092,0BDDD4,false,273951427
2426602058,08B2BB,false,273955018
2426632636,1FD322,false,273958693
2426663946,1FCD3D,false,273962482
2426693896,00010F,false,273966075
2426725458,7E4EF7,true,273969830
2426753688,03B379,false,273973219
2426787632,02F6A2,false,273977257
2426905730,7E4EFA,true,273980650
2426931040,7E4EFC,true,273983712
2426956290,7E4EF7,true,273986775
2426981580,7E4EFA,true,273989839
2427006816,7E4EFC,true,273992901
2427032106,7E4EF7,true,273995964
2427057358,7E4EFA,true,273999028
2427082620,7E4EFC,true,274002090
2427107872,7E4EF7,true,274005153
2427133156,7E4EFA,true,274008217
2427248804,7E4EFA,true,274011332
2427274000,7E4EFC,true,274014394
2427299322,7E4EF7,true,274017457
2427324580,7E4EFA,true,274020521
2427349842,7E4EFC,true,274023583
2427375078,7E4EF7,true,274026646
2427400370,7E4EFA,true,274029710
2427425608,7E4EFC,true,274032772
2427450898,7E4EF7,true,274035835
2427476148,7E4EFA,true,274038899
2427501424,7E4EFC,true,274041961
2427534938,03DBB9,false,274045389
2427559586,1FC063,false,274048602
2427585108,7E4EF7,true,274051871
2427609998,7E4EFA,true,274054935
2427635276,7E4EFC,true,274057997
2427663686,7E52E1,true,274061412
2427695330,7E534C,true,274065191
2427727140,7E527C,true,274068991
2427759314,7E5317,true,274072824
2427791742,7E5709,true,274076690
2427824686,7E52FD,true,274080609
2427855900,7E58D1,true,274084339
2427882532,7E4F34,true,274087593
2427906820,7E4F37,true,274090657
2427930676,7E4F39,true,274093719
2427955008,7E4F34,true,274096782
2427980168,7E4F37,true,274099846
2428005404,7E4F39,true,274102908
2428030680,7E4F34,true,274105971
2428055932,7E4F37,true,274109035
2428081208,7E4F39,true,274112097
2428106452,7E4F34,true,274115160
2428131736,7E4F37,true,274118224
2428156972,7E4F39,true,274121286
2428182270,7E4F34,true,274124349
2428207520,7E4F37,true,274127413
2428233084,7E4F37,true,274130522
2428257644,7E4F39,true,274133584
2428281466,7E4F34,true,274136647
2428305518,7E4F37,true,274139711
2428330576,7E4F39,true,274142773
2428355818,7E4F34,true,274145836
2428381094,7E4F37,true,274148900
2428406332,7E4F39,true,274151962
2428431614,7E4F34,true,274155025
2428456880,7E4F37,true,274158089
2428482156,7E4F39,true,274161151
2428507406,7E4F34,true,274164214
2428532704,7E4F37,true,274167278
2428557940,7E4F39,true,274170340
2428583208,7E4F34,true,274173403
2428608396,7E4F34,true,274176512
2428632280,7E4F37,true,274179576
2428659960,02DB91,false,274183105
2428691588,02D9F8,false,274186242
2428721090,0BE1E4,false,274189736
2428752160,1FD28C,false,274193468
2428783894,0AFBD5,false,274197306
2428813200,1FCD8D,false,274200842
2428844726,7E4EFA,true,274204594
2428873896,03B3FA,false,274208078
2428904994,02F5E4,false,274211798
2428937682,7E4EF7,true,274215686
2429053272,7E4EFC,true,274218803
2429078540,7E4EF7,true,274221866
2429103864,7E4EFA,true,274224930
2429129068,7E4EFC,true,274227992
2429154390,7E4EF7,true,274231055
2429179636,7E4EFA,true,274234119
2429204912,7E4EFC,true,274237181
2429230148,7E4EF7,true,274240244
2429255440,7E4EFA,true,274243308
2429280664,7E4EFC,true,274246370
2429396280,7E4EFC,true,274249485
2429421538,7E4EF7,true,274252548
2429446828,7E4EFA,true,274255612
2429472136,7E4EFC,true,274258674
2429497340,7E4EF7,true,274261737
2429522664,7E4EFA,true,274264801
2429547896,7E4EFC,true,274267863
2429573178,7E4EF7,true,274270926
2429598438,7E4EFA,true,274273990
2429623708,7E4EFC,true,274277052
2429648950,7E4EF7,true,274280115
2429682056,03DBBD,false,274283514
2429708248,1FC09A,false,274286916
2429732496,7E4EFA,true,274290024
2429757550,7E4EFC,true,274293086
2429782788,7E4EF7,true,274296149
2429812130,7E5331,true,274299670
2429843882,7E5360,true,274303459
2429875598,7E52CE,true,274307251
2429907850,7E578C,true,274311094
2429940352,7E571F,true,274314966
2429973130,7E5260,true,274318870
2430004082,7E578F,true,274322567
2430030232,7E4F34,true,274325775
2430054404,7E4F37,true,274328839
2430078220,7E4F39,true,274331901
2430102722,7E4F34,true,274334964
2430127896,7E4F37,true,274338028
2430153164,7E4F39,true,274341090
2430178394,7E4F34,true,274344153
2430203684,7E4F37,true,274347217
2430228928,7E4F39,true,274350279
2430254206,7E4F34,true,274353342
2430279464,7E4F37,true,274356406
2430304734,7E4F39,true,274359468
2430329970,7E4F34,true,274362531
2430355254,7E4F37,true,274365595
2430380754,7E4F37,true,274368704
2430405168,7E4F39,true,274371766
2430429030,7E4F34,true,274374829
2430453230,7E4F37,true,274377893
2430478308,7E4F39,true,274380955
2430503590,7E4F34,true,274384018
2430528834,7E4F37,true,274387082
2430554104,7E4F39,true,274390144
2430579354,7E4F34,true,274393207
2430604652,7E4F37,true,274396271
2430629896,7E4F39,true,274399333
2430655178,7E4F34,true,274402396
2430680440,7E4F37,true,274405460
2430705704,7E4F39,true,274408522
2430731326,7E4F39,true,274411631
2430755994,7E4F34,true,274414694
2430779864,7E4F37,true,274417758
2430805974,02F578,false,274421083
2430833370,02DCC8,false,274424417
2430867802,0BDEF6,false,274427814
2430897976,7E4EF7,true,274431431
2430927958,1FD276,false,274435050
2430959780,04A0C3,false,274438899
2430989876,03B93E,false,274442516
2431021294,1FCDF2,false,274446263
2431049850,7E4EEA,false,274449684
2431082398,02F6B2,false,274453564
2431202636,7E4EFC,true,274457194
2431228242,03DBB6,false,274460359
2431257344,7E4EFA,true,274463881
2431282620,7E4EFC,true,274466943
2431307870,7E4EF7,true,274470006
2431333616,02DA46,false,274473095
2431359588,02DA49,false,274476159
2431385570,02DA4B,false,274479221
2431411544,02DA46,false,274482284
2431437522,02DA49,false,274485348
2431555938,7E533C,true,274488755
2431587670,7E52E1,true,274492534
2431619420,7E4FB1,true,274496331
2431651582,7E5784,true,274500171
2431684004,7E52D4,true,274504035
2431716966,7E5358,true,274507967
2431748678,7E5166,true,274511749
2431775168,7E4F39,true,274514959
2431800488,7E4F34,true,274518022
2431832040,7E4F37,true,274521266
2431855896,7E4F39,true,274524328
2431879956,7E4F34,true,274527391
2431905004,7E4F37,true,274530455
2431930266,7E4F39,true,274533517
2431955502,7E4F34,true,274536580
2431980792,7E4F37,true,274539644
2432006036,7E4F39,true,274542706
2432031320,7E4F34,true,274545769
2432056564,7E4F37,true,274548833
2432081826,7E4F39,true,274551895
2432107090,7E4F34,true,274554958
2432132374,7E4F37,true,274558022
2432157612,7E4F39,true,274561084
2432182800,7E4F39,true,274564193
2432206662,7E4F34,true,274567256
2432230492,7E4F37,true,274570320
2432255406,7E4F39,true,274573382
2432280676,7E4F34,true,274576445
2432305928,7E4F37,true,274579509
2432331204,7E4F39,true,274582571
2432356454,7E4F34,true,274585634
2432381730,7E4F37,true,274588698
2432406988,7E4F39,true,274591760
2432432256,7E4F34,true,274594823
2432457528,7E4F37,true,274597887
2432482798,7E4F39,true,274600949
2432508042,7E4F34,true,274604012
2432537784,1FBFF4,false,274607664
2432564828,7E4EF7,true,274611122
2432597988,0BDE5D,false,274614549
2432628184,7E4EFC,true,274618183
2432658056,1FD276,false,274621792
2432689574,04A196,false,274625608
2432719830,7E4EFA,true,274629232
2432751310,1FCE2C,false,274632981
2432779822,03B465,false,274636407
2432813278,02F67B,false,274640381
2432841926,03DBBA,false,274643844
2432868132,1FC083,false,274647080
2432984862,7E4EF7,true,274650325
2433010120,7E4EFA,true,274653389
2433035388,7E4EFC,true,274656451
2433061396,02DA4B,false,274659540
2433087358,02DA46,false,274662603
2433113396,02DA49,false,274665667
2433139364,02DA4B,false,274668729
2433165346,02DA46,false,274671792
2433191346,02DA49,false,274674856
2433217314,02DA4B,false,274677918
2433334698,7E4F80,true,274681185
2433365814,7E530A,true,274684908
2433397556,7E5784,true,274688710
2433429568,7E5339,true,274692535
2433462484,7E5283,true,274696459
2433491124,7E4F37,true,274699910
2433516432,7E4F39,true,274702972
2433541698,7E4F34,true,274706035
2433566974,7E4F37,true,274709099
2433598540,7E4071,true,274712261
2433623374,7E4F37,true,274715386
2433647230,7E4F39,true,274718448
2433671496,7E4F34,true,274721511
2433696652,7E4F37,true,274724575
2433721896,7E4F39,true,274727637
2433747170,7E4F34,true,274730700
2433772408,7E4F37,true,274733764
2433797684,7E4F39,true,274736826
2433822942,7E4F34,true,274739889
2433848232,7E4F37,true,274742953
2433873476,7E4F39,true,274746015
2433898766,7E4F34,true,274749078
2433924024,7E4F37,true,274752142
2433949610,7E4F37,true,274755251
2433974228,7E4F39,true,274758313
2433998050,7E4F34,true,274761376
2434022040,7E4F37,true,274764440
2434047068,7E4F39,true,274767502
2434072318,7E4F34,true,274770565
2434097596,7E4F37,true,274773629
2434122832,7E4F39,true,274776691
2434148114,7E4F34,true,274779754
2434174280,02F57C,false,274782923
2434202704,7E4EF7,true,274786350
2434237330,0BDE80,false,274789773
2434267590,7E4EF7,true,274793394
2434297346,1FD30D,false,274796989
2434419070,04A09C,false,274800837
2434448760,03B9BF,false,274804408
2434480522,02FC7D,false,274808193
2434509216,7E4EFC,true,274811632
2434542394,02F674,false,274815572
2434572102,03DBB9,false,274819140
2434597202,1FC055,false,274822258
2434624270,7E4EF7,true,274825529
2434649520,7E4EFA,true,274828593
2434765170,7E4EF7,true,274831709
2434790452,7E4EFA,true,274834773
2434815676,7E4EFC,true,274837835
2434840958,7E4EF7,true,274840898
2434866216,7E4EFA,true,274843962
2434891494,7E4EFC,true,274847024
2434916738,7E4EF7,true,274850087
2434942014,7E4EFA,true,274853151
2434967272,7E4EFC,true,274856213
2434992540,7E4EF7,true,274859276
2435017978,7E3BB1,false,274862364
2435052522,7E5306,true,274865956
2435081794,7E521E,true,274869661
2435113346,7E5791,true,274873534
2435145540,7E5334,true,274877377
2435178628,7E4FA9,true,274881329
2435204414,7E4F34,true,274884452
2435229696,7E4F37,true,274887516
2435254934,7E4F39,true,274890578
2435280210,7E4F34,true,274893641
2435305460,7E4F37,true,274896705
2435330744,7E4F39,true,274899767
2435355994,7E4F34,true,274902830
2435381500,7E4F34,true,274905939
2435406028,7E4F37,true,274909003
2435429884,7E4F39,true,274912065
2435453980,7E4F34,true,274915128
2435478980,7E4F37,true,274918192
2435504256,7E4F39,true,274921254
2435529500,7E4F34,true,274924317
2435554784,7E4F37,true,274927381
2435580100,7E4F39,true,274930443
2435605318,7E4F34,true,274933506
2435630648,7E4F37,true,274936570
2435655884,7E4F39,true,274939632
2435681174,7E4F34,true,274942695
2435706424,7E4F37,true,274945759
2435731762,00010D,true,274948829
2435756860,7E4F39,true,274951930
2435780682,7E4F34,true,274954993
2435804552,7E4F37,true,274958057
2435829408,7E4F39,true,274961119
2435855392,02F503,false,274964268
2435883940,7E4EFC,true,274967715
2435918664,0BDEF5,false,274971144
2435948824,7E4EF7,true,274974755
2435978182,02DB07,false,274978304
2436009880,04A2B0,false,274982127
2436040076,7E4EFA,true,274985746
2436071608,02FC62,false,274989501
2436190166,7E4EFA,true,274992931
2436223306,02F6AD,false,274996875
2436252676,03DBBC,false,275000412
2436278076,1FC08A,false,275003564
2436304874,7E4EF7,true,275006807
2436330140,7E4EFA,true,275009871
2436355416,7E4EFC,true,275012933
2436381510,02DA4B,false,275016022
2436407478,02DA46,false,275019085
2436433450,02DA49,false,275022149
2436550776,7E4F72,true,275025411
2436581866,7E52D7,true,275029133
2436613634,7E52E1,true,275032930
2436645616,7E5782,true,275036747
2436678410,7E5715,true,275040660
2436707268,7E4F39,true,275044139
2436732510,7E4F34,true,275047202
2436757816,7E4F37,true,275050266
2436783124,7E4F39,true,275053328
2436808654,7E3BE8,true,275056444
2436839640,7E4F37,true,275059635
2436863496,7E4F39,true,275062697
2436887772,7E4F34,true,275065760
2436912916,7E4F37,true,275068824
2436938152,7E4F39,true,275071886
2436963428,7E4F34,true,275074949
2436988680,7E4F37,true,275078013
2437013956,7E4F39,true,275081075
2437039200,7E4F34,true,275084138
2437064484,7E4F37,true,275087202
2437089720,7E4F39,true,275090264
2437115018,7E4F34,true,275093327
2437140262,7E4F37,true,275096391
2437165856,7E4F37,true,275099500
2437190464,7E4F39,true,275102562
2437214286,7E4F34,true,275105625
2437238274,7E4F37,true,275108689
2437263308,7E4F39,true,275111751
2437288544,7E4F34,true,275114814
2437314550,02F506,false,275117965
2437342928,02DB8B,false,275121394
2437377302,0BD5A3,false,275124820
2437406894,1FD30D,false,275128336
2437436596,1FD29F,false,275131919
2437466586,1FD30D,false,275135527
2437497572,03B9DB,false,275139238
2437617132,02FC32,false,275142779
2437647614,02F6A5,false,275146432
2437679844,7E4EFA,true,275150267
2437705750,03DBBA,false,275153452
2437733934,7E4EF7,true,275156872
2437759180,7E4EFA,true,275159936
2437784456,7E4EFC,true,275162998
2437810118,02DA4B,false,275166087
2437836152,02DA46,false,275169150
2437862130,02DA49,false,275172214
2437979450,7E4F64,true,275175467
2438010994,7E52D7,true,275179241
2438043178,7E5328,true,275183089
2438075340,7E52FC,true,275186934
2438108120,7E5258,true,275190837
2438135820,7E4F39,true,275194181
2438161102,7E4F34,true,275197244
2438186368,7E4F37,true,275200308
2438211644,7E4F39,true,275203370
2438237198,7E3BC6,true,275206479
2438268288,7E4F37,true,275209677
2438292104,7E4F39,true,275212739
2438316380,7E4F34,true,275215802
2438341452,7E4F37,true,275218866
2438366760,7E4F39,true,275221928
2438391958,7E4F34,true,275224991
2438417288,7E4F37,true,275228055
2438442524,7E4F39,true,275231117
2438467808,7E4F34,true,275234180
2438493060,7E4F37,true,275237244
2438518328,7E4F39,true,275240306
2438543594,7E4F34,true,275243369
2438568870,7E4F37,true,275246433
2438594408,7E4F37,true,275249542
2438619072,7E4F39,true,275252604
2438642894,7E4F34,true,275255667
2438666882,7E4F37,true,275258731
2438694668,7E4EFA,true,275262117
2438721660,7E4EFA,true,275265384
2438756802,02FC6E,false,275268864
2438787400,7E4EF7,true,275272537
2438817160,0AFAD0,false,275276132
2438847674,02F945,false,275279811
2438879386,02FB6E,false,275283597
2438908210,03B3C9,false,275287032
2438940436,02F613,false,275290880
2439060382,00010D,false,275294476
2439085694,03DBBD,false,275297615
2439114330,7E4EF7,true,275301073
2439139580,7E4EFA,true,275304137
2439164844,7E4EFC,true,275307199
2439190722,02DA4B,false,275310288
2439216690,02DA46,false,275313351
2439242684,02DA49,false,275316415
2439268660,02DA4B,false,275319477
2439294640,02DA46,false,275322540
2439412118,7E4F5A,true,275325828
2439444340,7E52F4,true,275329668
2439476546,7E5270,true,275333516
2439508786,7E5337,true,275337364
2439541924,7E52EB,true,275341317
2439568120,7E4F37,true,275344491
2439593396,7E4F39,true,275347553
2439618646,7E4F34,true,275350616
2439643936,7E4F37,true,275353680
2439675450,7E3CEC,true,275356843
2439700412,7E4F34,true,275359985
2439724242,7E4F37,true,275363049
2439748610,7E4F39,true,275366111
2439773730,7E4F34,true,275369174
2439799020,7E4F37,true,275372238
2439824264,7E4F39,true,275375300
2439849538,7E4F34,true,275378363
2439874776,7E4F37,true,275381427
2439900074,7E4F39,true,275384489
2439925310,7E4F34,true,275387552
2439950600,7E4F37,true,275390616
2439975834,7E4F39,true,275393678
2440001110,7E4F34,true,275396741
2440026668,7E4F34,true,275399850
2440051192,7E4F37,true,275402914
2440075008,7E4F39,true,275405976
2440099104,7E4F34,true,275409039
2440124110,7E4F37,true,275412103
2440152488,02FDE7,false,275415524
2440185918,068321,false,275418861
2440211810,1FD387,false,275422042
2440241072,1FD4C3,false,275425520
2440271768,7E4EFC,true,275429205
2440301908,1FD32C,false,275432844
2440332236,7E4EF7,true,275436474
2440363448,02FC70,false,275440195
2440481738,7E4EFC,true,275443599
2440514860,02F5AD,false,275447548
2440544522,03E055,false,275451100
2440569362,03DBBA,false,275454190
2440598738,7E4EF7,true,275457731
2440623992,7E4EFA,true,275460795
2440649268,7E4EFC,true,275463857
2440675106,02DA4B,false,275466946
2440701080,02DA46,false,275470009
2440727052,02DA49,false,275473073
2440844764,7E500C,true,275476397
2440877448,7E52F3,true,275480291
2440909070,7E591F,true,275484070
2440940246,7E4FA7,true,275487794
2440972420,7E530C,true,275491635
2441005158,7E52D7,true,275495537
2441034880,7E4F39,true,275499104
2441060130,7E4F34,true,275502167
2441085412,7E4F37,true,275505231
2441117214,7E4F34,true,275508454
2441141084,7E4F37,true,275511518
2441164900,7E4F39,true,275514580
2441189810,7E4F34,true,275517643
2441215100,7E4F37,true,275520707
2441240332,7E4F39,true,275523769
2441265614,7E4F34,true,275526832
2441290864,7E4F37,true,275529896
2441316140,7E4F39,true,275532958
2441341398,7E4F34,true,275536021
2441366680,7E4F37,true,275539085
2441391916,7E4F39,true,275542147
2441417198,7E4F34,true,275545210
2441442520,7E4F37,true,275548274
2441467802,7E4F37,true,275551383
2441491872,7E4F39,true,275554445
2441515734,7E4F34,true,275557508
2441540300,7E4F37,true,275560572
2441565508,7E4F39,true,275563634
2441590750,7E4F34,true,275566697
2441616034,7E4F37,true,275569761
2441641272,7E4F39,true,275572823
2441666554,7E4F34,true,275575886
2441691800,7E4F37,true,275578950
2441717076,7E4F39,true,275582012
2441742328,7E4F34,true,275585075
2441769166,02F572,false,275588321
2441797232,02DB8D,false,275591710
2441921808,0BD589,false,275595171
2441951506,1FD31F,false,275598698
2441980940,1FC7C0,false,275602251
2442011076,0BB0AC,false,275605882
2442042066,7E4EFC,true,275609579
2442071914,03B255,false,275613146
2442101844,02F5A6,false,275616731
2442136284,7E4EFC,true,275620809
2442162790,03DBB6,false,275624041
2442280538,1FC098,false,275627452
2442306592,7E4EFA,true,275630609
2442331908,7E4EFC,true,275633671
2442357150,7E4EF7,true,275636734
2442386692,7E5326,true,275640276
2442418382,7E52D9,true,275644062
2442449324,7E578B,true,275647754
2442480888,7E530E,true,275651521
2442512850,7E5784,true,275655338
2442550164,7E571F,true,275659200
2442579314,7E4F34,true,275662907
2442603542,7E4F37,true,275665971
2442628608,7E4F39,true,275669033
2442653890,7E4F34,true,275672096
2442679140,7E4F37,true,275675160
2442704404,7E4F39,true,275678222
2442729646,7E4F34,true,275681285
2442754944,7E4F37,true,275684349
2442780188,7E4F39,true,275687411
2442805470,7E4F34,true,275690474
2442830736,7E4F37,true,275693538
2442856012,7E4F39,true,275696600
2442881630,7E4F39,true,275699709
2442906298,7E4F34,true,275702772
2442930168,7E4F37,true,275705836
2442953984,7E4F39,true,275708898
2442979000,7E4F34,true,275711961
2443004324,7E4F37,true,275715025
2443029520,7E4F39,true,275718087
2443054842,7E4F34,true,275721150
2443080086,7E4F37,true,275724214
2443105356,7E4F39,true,275727276
2443130594,7E4F34,true,275730339
2443155884,7E4F37,true,275733403
2443181130,7E4F39,true,275736465
2443207672,02F501,false,275739673
2443235992,02DB8D,false,275743097
2443358984,0682B3,false,275746379
2443388320,1FD4D9,false,275749856
2443419320,7E4EE8,false,275753582
2443448842,1FCD95,false,275757152
2443479276,03B9C3,false,275760798
2443510572,000114,false,275764521
2443538646,03B349,false,275767900
2443572874,02F5EA,false,275771961
2443692132,03E1F1,false,275775487
2443716892,1FC05F,false,275778567
2443745396,7E4EFC,true,275782004
2443770638,7E4EF7,true,275785067
2443795928,7E4EFA,true,275788131
2443823568,7E5283,true,275791461
2443855506,7E52CC,true,275795266
2443887268,7E5339,true,275799062
2443917774,7E52E9,true,275802710
2443949948,7E528E,true,275806556
2443986522,7E52CE,true,275810380
2444017518,7E4F37,true,275814304
2444042074,7E4F39,true,275817366
2444067292,7E4F34,true,275820429
2444092536,7E4F37,true,275823493
2444117812,7E4F39,true,275826555
2444143054,7E4F34,true,275829618
2444168338,7E4F37,true,275832682
2444193596,7E4F39,true,275835744
2444218866,7E4F34,true,275838807
2444244204,7E4F37,true,275841871
2444269400,7E4F39,true,275844933
2444294722,7E4F34,true,275847996
2444320132,7E4F34,true,275851105
2444344504,7E4F37,true,275854169
2444368320,7E4F39,true,275857231
2444392592,7E4F34,true,275860294
2444417724,7E4F37,true,275863358
2444442962,7E4F39,true,275866420
2444468238,7E4F34,true,275869483
2444493496,7E4F37,true,275872547
2444518772,7E4F39,true,275875609
2444544010,7E4F34,true,275878672
2444569292,7E4F37,true,275881736
2444594524,7E4F39,true,275884798
2444619800,7E4F34,true,275887861
2444645052,7E4F37,true,275890925
2444670656,7E4F37,true,275894034
2444695268,7E4F39,true,275897096
2444722758,02F572,false,275900623
2444748424,7E4EF7,true,275903862
2444773896,7E4EFA,true,275906971
2444799132,7E4EFC,true,275910033
2444826074,7E4EF7,true,275913294
2444860944,1FC53D,false,275916741
2444891612,1FD278,false,275920417
2444921308,04A122,false,275924000
2444951462,02FA0D,false,275927616
2444982836,02FBB8,false,275931358
2445011402,7E4EFC,true,275934783
2445133912,02F652,false,275938670
2445163820,03E053,false,275942255
2445188660,03DBB9,false,275945344
2445217680,7E4EFC,true,275948845
2445242962,7E4EF7,true,275951908
2445268228,7E4EFA,true,275954972
2445294104,02DA49,false,275958061
2445320080,02DA4B,false,275961123
2445346062,02DA46,false,275964186
2445372044,02DA49,false,275967250
2445489748,7E4FC6,true,275970565
2445521766,7E5337,true,275974386
2445552782,7E517E,true,275978096
2445584038,7E5310,true,275981832
2445616142,7E5306,true,275985669
2445646454,7E4F34,true,275989295
2445671720,7E4F37,true,275992359
2445696996,7E4F39,true,275995421
2445722238,7E4F34,true,275998484
2445754360,7E4F37,true,276001728
2445778524,7E4F39,true,276004790
2445802346,7E4F34,true,276007853
2445826856,7E4F37,true,276010917
2445852016,7E4F39,true,276013979
2445877290,7E4F34,true,276017042
2445902528,7E4F37,true,276020106
2445927804,7E4F39,true,276023168
2445953054,7E4F34,true,276026231
2445978340,7E4F37,true,276029295
2446003584,7E4F39,true,276032357
2446028860,7E4F34,true,276035420
2446054176,7E4F37,true,276038484
2446079374,7E4F39,true,276041546
2446104874,7E4F39,true,276044655
2446129294,7E4F34,true,276047718
2446153164,7E4F37,true,276050782
2446177350,7E4F39,true,276053844
2446202434,7E4F34,true,276056907
2446227724,7E4F37,true,276059971
2446252954,7E4F39,true,276063033
2446278230,7E4F34,true,276066096
2446303488,7E4F37,true,276069160
2446331802,7E4EF7,true,276072571
2446357466,7E4EFA,true,276075687
2446383130,7E4EFC,true,276078794
2446409104,02DB56,false,276081937
2446441728,0681E9,false,276085183
2446561158,1FC7C7,false,276088687
2446592120,7E4EF7,true,276092395
2446622032,0BB31B,false,276096007
2446651974,7E4EF7,true,276099596
2446683418,02FBD9,false,276103339
2446711676,03B343,false,276106732
2446745616,02F6A2,false,276110767
2446774374,03DBBD,false,276114230
2446799974,1FC06B,false,276117403
2446917350,7E4EF7,true,276120722
2446942640,7E4EFA,true,276123786
2446967862,7E4EFC,true,276126848
2446993138,7E4EF7,true,276129911
2447018396,7E4EFA,true,276132975
2447043680,7E4EFC,true,276136037
2447069002,7E4EF7,true,276139100
2447094220,7E4EFA,true,276142164
2447119544,7E4EFC,true,276145226
2447144794,7E4EF7,true,276148289
2447170282,7E3BB5,false,276151391
2447204532,7E5331,true,276154961
2447234562,7E52F3,true,276158757
2447264842,7E5359,true,276162457
2447296052,7E578C,true,276166189
2447328334,7E5326,true,276170040
2447357534,7E4F34,true,276173552
2447382824,7E4F37,true,276176616
2447408064,7E4F39,true,276179678
2447433346,7E4F34,true,276182741
2447458598,7E4F37,true,276185805
2447483860,7E4F39,true,276188867
2447509104,7E4F34,true,276191930
2447534564,7E4F34,true,276195039
2447558992,7E4F37,true,276198103
2447582848,7E4F39,true,276201165
2447607040,7E4F34,true,276204228
2447632132,7E4F37,true,276207292
2447657408,7E4F39,true,276210354
2447682644,7E4F34,true,276213417
2447707928,7E4F37,true,276216481
2447733244,7E4F39,true,276219543
2447758462,7E4F34,true,276222606
2447783792,7E4F37,true,276225670
2447809036,7E4F39,true,276228732
2447834322,7E4F34,true,276231795
2447859568,7E4F37,true,276234859
2447885150,7E4F37,true,276237968
2447909812,7E4F39,true,276241030
2447933674,7E4F34,true,276244093
2447957546,7E4F37,true,276247157
2447982556,7E4F39,true,276250219
2448007838,7E4F34,true,276253282
2448033082,7E4F37,true,276256346
2448058814,02F51A,false,276259462
2448087060,7E4EFA,true,276262873
2448112306,7E4EFC,true,276265935
2448137972,7E4EF7,true,276269043
2448164898,7E4EFA,true,276272305
2448198382,0BD44E,false,276275616
2448227918,1FD309,false,276279124
2448348042,1FC429,false,276282767
2448378002,1FCCB3,false,276286376
2448408856,7E4EE3,false,276290065
2448438672,03BA91,false,276293619
2448468208,02F5FE,false,276297167
2448502324,7E4EFC,true,276301210
2448528728,03DBBB,false,276304433
2448556682,7E4EFA,true,276307855
2448581944,7E4EFC,true,276310917
2448697602,7E4EFC,true,276314032
2448722812,7E4EF7,true,276317095
2448748136,7E4EFA,true,276320159
2448773380,7E4EFC,true,276323221
2448798662,7E4EF7,true,276326284
2448823898,7E4EFA,true,276329348
2448849176,7E4EFC,true,276332410
2448874414,7E4EF7,true,276335473
2448899724,7E4EFA,true,276338537
2448924948,7E4EFC,true,276341599
2448950230,7E4EF7,true,276344662
2448983784,7E4FAF,true,276348107
2449013976,7E5312,true,276351924
2449043920,7E592B,true,276355634
2449075138,7E52FD,true,276359372
2449107334,7E52F3,true,276363218
2449137588,7E4F34,true,276366843
2449162872,7E4F37,true,276369907
2449188122,7E4F39,true,276372969
2449213398,7E4F34,true,276376032
2449238648,7E4F37,true,276379096
2449263940,7E4F39,true,276382158
2449289176,7E4F34,true,276385221
2449314746,7E4F34,true,276388330
2449339464,7E4F37,true,276391394
2449363280,7E4F39,true,276394456
2449387182,7E4F34,true,276397519
2449412182,7E4F37,true,276400583
2449437446,7E4F39,true,276403645
2449462682,7E4F34,true,276406708
2449487972,7E4F37,true,276409772
2449513288,7E4F39,true,276412834
2449538490,7E4F34,true,276415897
2449563836,7E4F37,true,276418961
2449589072,7E4F39,true,276422023
2449614370,7E4F34,true,276425086
2449639614,7E4F37,true,276428150
2449664876,7E4F39,true,276431212
2449690120,7E4F39,true,276434321
2449714094,7E4F34,true,276437384
2449737964,7E4F37,true,276440448
2449762628,7E4F39,true,276443510
2449787862,7E4F34,true,276446573
2449813120,7E4F37,true,276449637
2449839352,02F506,false,276452804
2449867128,7E4EFA,true,276456164
2449892444,7E4EFC,true,276459226
2449918044,7E4EF7,true,276462334
2449945022,7E4EFA,true,276465596
2449979764,0BDEB2,false,276469032
2450009666,02DB0B,false,276472622
2450130112,1FDC6E,false,276476296
2450159428,02F99D,false,276479826
2450191392,1FCE89,false,276483634
2450219858,03B3D3,false,276487037
2450251740,02F5CC,false,276490852
2450282330,7E4EF7,true,276494509
2450307936,03DBB9,false,276497673
2450336696,7E4EFC,true,276501155
2450361978,7E4EF7,true,276504218
2450477630,7E4EF7,true,276507333
2450502826,7E4EFA,true,276510397
2450528136,7E4EFC,true,276513459
2450553386,7E4EF7,true,276516522
2450578676,7E4EFA,true,276519586
2450603906,7E4EFC,true,276522648
2450629210,7E4EF7,true,276525711
2450654446,7E4EFA,true,276528775
2450679722,7E4EFC,true,276531837
2450704966,7E4EF7,true,276534900
2450730256,7E4EFA,true,276537964
2450763266,03BCD0,false,276541310
2450792504,7E52F3,true,276545005
2450822944,7E571B,true,276548810
2450853170,7E5782,true,276552448
2450885482,7E570D,true,276556305
2450917558,7E4F37,true,276560145
2450942828,7E4F39,true,276563207
2450968078,7E4F34,true,276566270
2450993368,7E4F37,true,276569334
2451018604,7E4F39,true,276572396
2451043902,7E4F34,true,276575459
2451069146,7E4F37,true,276578523
2451094408,7E4F39,true,276581585
2451119652,7E4F39,true,276584694
2451143626,7E4F34,true,276587757
2451167496,7E4F37,true,276590821
2451192160,7E4F39,true,276593883
2451217394,7E4F34,true,276596946
2451242652,7E4F37,true,276600010
2451267928,7E4F39,true,276603072
2451293170,7E4F34,true,276606135
2451318454,7E4F37,true,276609199
2451343784,7E4F39,true,276612261
2451368982,7E4F34,true,276615324
2451394332,7E4F37,true,276618388
2451419556,7E4F39,true,276621450
2451444838,7E4F34,true,276624513
2451470198,7E4F34,true,276627622
2451494432,7E4F37,true,276630686
2451518288,7E4F39,true,276633748
2451542676,7E4F34,true,276636811
2451567844,7E4F37,true,276639875
2451593088,7E4F39,true,276642937
2451618356,7E4F34,true,276646000
2451643600,7E4F37,true,276649064
2451671970,7E4EF7,true,276652475
2451697656,7E4EFA,true,276655591
2451723300,7E4EFC,true,276658698
2451749222,06BBD1,false,276661832
2451782266,0682F8,false,276665126
2451811772,0BD085,false,276668618
2451932660,08B4C2,false,276672347
2451962190,1FCD52,false,276675914
2451992490,03B9B5,false,276679545
2452023862,00010C,false,276683275
2452051972,03B381,false,276686653
2452086566,02F682,false,276690754
2452114392,03DBB6,false,276694122
2452141186,1FC091,false,276697421
2452167216,7E4EFC,true,276700576
2452282840,7E4EFC,true,276703691
2452308148,7E4EF7,true,276706754
2452333400,7E4EFA,true,276709818
2452358676,7E4EFC,true,276712880
2452383926,7E4EF7,true,276715943
2452409204,7E4EFA,true,276719007
2452434440,7E4EFC,true,276722069
2452459724,7E4EF7,true,276725132
2452484970,7E4EFA,true,276728196
2452510232,7E4EFC,true,276731258
2452542506,03BB2A,false,276734512
2452571610,7E5329,true,276738153
2452601090,7E530A,true,276741882
2452631786,7E5862,true,276745594
2452663486,7E52DB,true,276749381
2452696026,7E52EB,true,276753264
2452722870,7E4F34,true,276756502
2452748106,7E4F37,true,276759566
2452773404,7E4F39,true,276762628
2452798640,7E4F34,true,276765691
2452823938,7E4F37,true,276768755
2452849182,7E4F39,true,276771817
2452874458,7E4F34,true,276774880
2452899812,7E4F34,true,276777989
2452924088,7E4F37,true,276781053
2452947904,7E4F39,true,276784115
2452972350,7E4F34,true,276787178
2452997468,7E4F37,true,276790242
2453022690,7E4F39,true,276793304
2453047966,7E4F34,true,276796367
2453073296,7E4F37,true,276799431
2453098500,7E4F39,true,276802493
2453123818,7E4F34,true,276805556
2453149068,7E4F37,true,276808620
2453174338,7E4F39,true,276811682
2453199582,7E4F34,true,276814745
2453224860,7E4F37,true,276817809
2453250336,7E4F37,true,276820918
2453274852,7E4F39,true,276823980
2453298674,7E4F34,true,276827043
2453322794,7E4F37,true,276830107
2453347872,7E4F39,true,276833169
2453373122,7E4F34,true,276836232
2453398406,7E4F37,true,276839296
2453424392,02F50F,false,276842445
2453452374,7E4EFA,true,276845823
2453477644,7E4EFC,true,276848885
2453503308,7E4EF7,true,276851993
2453530296,7E4EFA,true,276855255
2453563976,0BD5B0,false,276858596
2453593726,0980B6,false,276862130
2453713136,1FC57E,false,276865688
2453743118,0BB087,false,276869298
2453774116,7E4EFA,true,276873010
2453803964,02FC44,false,276876570
2453834226,02F643,false,276880201
2453867546,7E4EF7,true,276884153
2453893786,03DBBC,false,276887364
2453921944,7E4EFC,true,276890799
2453947186,7E4EF7,true,276893862
2454062814,7E4EF7,true,276896977
2454088132,7E4EFA,true,276900041
2454113328,7E4EFC,true,276903103
2454138650,7E4EF7,true,276906166
2454163900,7E4EFA,true,276909230
2454189180,7E4EFC,true,276912292
2454214416,7E4EF7,true,276915355
2454239692,7E4EFA,true,276918419
2454264938,7E4EFC,true,276921481
2454290214,7E4EF7,true,276924544
2454315644,7E3BC3,false,276927630
2454350192,7E5791,true,276931225
2454380184,7E5712,true,276935018
2454410316,7E52F3,true,276938713
2454441600,7E5312,true,276942452
2454473750,7E4F94,true,276946297
2454502842,7E4F37,true,276949789
2454528080,7E4F39,true,276952851
2454553376,7E4F34,true,276955914
2454578628,7E4F37,true,276958978
2454603912,7E4F39,true,276962040
2454629162,7E4F34,true,276965103
2454654452,7E4F37,true,276968167
2454679916,7E4F37,true,276971276
2454704424,7E4F39,true,276974338
2454728246,7E4F34,true,276977401
2454752426,7E4F37,true,276980465
2454777434,7E4F39,true,276983527
2454802684,7E4F34,true,276986590
2454827968,7E4F37,true,276989654
2454853284,7E4F39,true,276992716
2454878494,7E4F34,true,276995779
2454903826,7E4F37,true,276998843
2454929048,7E4F39,true,277001905
2454954324,7E4F34,true,277004968
2454979596,7E4F37,true,277008032
2455004866,7E4F39,true,277011094
2455030288,7E4041,true,277014179
2455055222,7E4F34,true,277017266
2455079092,7E4F37,true,277020330
2455102908,7E4F39,true,277023392
2455127864,7E4F34,true,277026455
2455153122,7E4F37,true,277029519
2455178392,7E4F39,true,277032581
2455205646,02F572,false,277035870
2455232382,7E4EF7,true,277039109
2455258060,7E4EFA,true,277042218
2455283336,7E4EFC,true,277045280
2455310278,7E4EF7,true,277048541
2455345256,1FC49F,false,277052005
2455375578,1FD317,false,277055642
2455495366,1FC592,false,277059244
2455525054,7E4EF7,true,277062812
2455557142,02FC74,false,277066626
2455585530,03B3E6,false,277070029
2455618290,02F66B,false,277073931
2455648206,03E070,false,277077515
2455673034,03DBBC,false,277080594
2455702082,7E4EFC,true,277084099
2455727326,7E4EF7,true,277087162
2455842986,7E4EF7,true,277090277
2455868276,7E4EFA,true,277093341
2455893512,7E4EFC,true,277096403
2455918794,7E4EF7,true,277099466
2455944044,7E4EFA,true,277102530
2455969314,7E4EFC,true,277105592
2455994560,7E4EF7,true,277108655
2456019836,7E4EFA,true,277111719
2456045094,7E4EFC,true,277114781
2456070370,7E4EF7,true,277117844
2456095628,7E4EFA,true,277120908
2456129102,7E4F58,true,277124329
2456159036,7E52E9,true,277128115
2456189498,7E57AE,true,277131893
2456220122,7E52D1,true,277135563
2456252004,7E578B,true,277139377
2456283018,7E4F37,true,277143089
2456308256,7E4F39,true,277146151
2456333544,7E4F34,true,277149214
2456358796,7E4F37,true,277152278
2456384058,7E4F39,true,277155340
2456409322,7E4F34,true,277158403
2456434598,7E4F37,true,277161467
2456460136,00012E,true,277164561
2456484952,7E4F39,true,277167638
2456508814,7E4F34,true,277170701
2456532644,7E4F37,true,277173765
2456557598,7E4F39,true,277176827
2456582900,7E4F34,true,277179890
2456608152,7E4F37,true,277182954
2456633428,7E4F39,true,277186016
2456658678,7E4F34,true,277189079
2456683960,7E4F37,true,277192143
2456709220,7E4F39,true,277195205
2456734488,7E4F34,true,277198268
2456759760,7E4F37,true,277201332
2456785022,7E4F39,true,277204394
2456810266,7E4F34,true,277207457
2456835560,7E4F34,true,277210566
2456859636,7E4F37,true,277213630
2456883452,7E4F39,true,277216692
2456908062,7E4F34,true,277219755
2456933260,7E4F37,true,277222819
2456961598,7E4EFA,true,277226232
2456987260,7E4EFC,true,277229346
2457012938,7E4EF7,true,277232454
2457039168,02DB8B,false,277235632
2457072104,068557,false,277238903
2457101600,0BD1C5,false,277242400
2457132194,00010D,false,277246081
2457161980,1FD325,false,277249674
2457282836,03B94D,false,277253376
2457313666,03BA41,false,277257053
2457341558,03B32C,false,277260410
2457376534,02F5FE,false,277264555
2457403826,03DBB6,false,277267867
2457430992,1FC080,false,277271203
2457456786,7E4EFC,true,277274328
2457482082,7E4EF7,true,277277391
2457507334,7E4EFA,true,277280455
2457623882,03BAEC,false,277283605
2457654020,7E52D4,true,277287219
2457685266,7E5787,true,277290950
2457716510,7E57BA,true,277294688
2457747994,7E5337,true,277298452
2457780524,7E5709,true,277302328
2457807482,7E4F34,true,277305589
2457832786,7E4F37,true,277308653
2457858024,7E4F39,true,277311715
2457883306,7E4F34,true,277314778
2457915062,7E4F39,true,277318002
2457938884,7E4F34,true,277321065
2457962754,7E4F37,true,277324129
2457987774,7E4F39,true,277327191
2458012976,7E4F34,true,277330254
2458038300,7E4F37,true,277333318
2458063544,7E4F39,true,277336380
2458088826,7E4F34,true,277339443
2458114076,7E4F37,true,277342507
2458139368,7E4F39,true,277345569
2458164604,7E4F34,true,277348632
2458189916,7E4F37,true,277351696
2458215138,7E4F39,true,277354758
2458240414,7E4F34,true,277357821
2458265676,7E4F34,true,277360930
2458289712,7E4F37,true,277363994
2458313568,7E4F39,true,277367056
2458338178,7E4F34,true,277370119
2458363408,7E4F37,true,277373183
2458388652,7E4F39,true,277376245
2458417444,7E4EF4,false,277379708
2458442694,7E4EF7,true,277382773
2458468328,7E4EFA,true,277385882
2458494754,02DB8B,false,277389079
2458528852,0BD4E3,false,277392474
2458558500,1FD29F,false,277395997
2458587758,1FC5DC,false,277399523
2458708248,1FCD31,false,277403200
2458739200,7E4EFA,true,277406905
2458769000,03BABC,false,277410461
2458798736,02F674,false,277414028
2458832596,7E4EF7,true,277418048
2458858918,03DBB9,false,277421268
2458886940,7E4EFC,true,277424692
2458912178,7E4EF7,true,277427755
2458937468,7E4EFA,true,277430819
2459053346,02DA55,false,277433961
2459083500,7E5787,true,277437576
2459114778,7E535B,true,277441310
2459146000,7E57A0,true,277445045
2459177450,7E5312,true,277448806
2459209944,7E5326,true,277452681
2459236982,7E4F34,true,277455953
2459262274,7E4F37,true,277459017
2459287512,7E4F39,true,277462079
2459312794,7E4F34,true,277465142
2459344688,7E4F37,true,277468386
2459368504,7E4F39,true,277471448
2459392366,7E4F34,true,277474511
2459417396,7E4F37,true,277477575
2459442632,7E4F39,true,277480637
2459467908,7E4F34,true,277483700
2459493160,7E4F37,true,277486764
2459518436,7E4F39,true,277489826
2459543686,7E4F34,true,277492889
2459568984,7E4F37,true,277495953
2459594220,7E4F39,true,277499015
2459619494,7E4F34,true,277502078
2459644744,7E4F37,true,277505142
2459670020,7E4F39,true,277508204
2459695270,7E4F39,true,277511313
2459719298,7E4F34,true,277514376
2459743168,7E4F37,true,277517440
2459767842,7E4F39,true,277520502
2459794180,02F517,false,277523697
2459821788,7E4EF7,true,277527030
2459847072,7E4EFA,true,277530094
2459872664,7E4EFC,true,277533201
2459899598,7E4EF7,true,277536462
2459933670,0BD967,false,277539831
2459963708,08B387,false,277543413
2459993252,0980B5,false,277546973
2460023172,1FCCA1,false,277550576
2460144102,02FB11,false,277554288
2460173608,03B433,false,277557801
2460204396,02F60C,false,277561491
2460236846,7E4EFA,true,277565363
2460262988,03DBBD,false,277568561
2460291266,7E4EF7,true,277572009
2460316556,7E4EFA,true,277575073
2460341816,7E4EFC,true,277578135
2460367450,02DA4B,false,277581224
2460483742,03B93C,false,277584344
2460514328,7E5712,true,277587998
2460546758,7E530A,true,277591863
2460577184,7E5784,true,277595507
2460609492,7E5305,true,277599361
2460642162,7E4F34,true,277603264
2460667406,7E4F37,true,277606328
2460692696,7E4F39,true,277609390
2460717940,7E4F34,true,277612453
2460743224,7E4F37,true,277615517
2460774980,7E4F39,true,277618759
2460798842,7E4F34,true,277621822
2460822712,7E4F37,true,277624886
2460847736,7E4F39,true,277627948
2460873006,7E4F34,true,277631011
2460898256,7E4F37,true,277634075
2460923532,7E4F39,true,277637137
2460948774,7E4F34,true,277640200
2460974058,7E4F37,true,277643264
2460999298,7E4F39,true,277646326
2461024566,7E4F34,true,277649389
2461049918,7E4F37,true,277652453
2461075108,7E4F39,true,277655515
2461100430,7E4F34,true,277658578
2461125658,7E4F34,true,277661687
2461149640,7E4F37,true,277664751
2461173496,7E4F39,true,277667813
2461198174,7E4F34,true,277670876
2461226908,7E4EFC,true,277674343
2461252190,7E4EF7,true,277677406
2461277848,7E4EFA,true,277680515
2461304234,02DB97,false,277683719
2461338836,0BD9CF,false,277687159
2461368846,1FD8D8,false,277690739
2461398484,09F8E2,false,277694308
2461428268,1FCCF1,false,277697896
2461459614,7E4EF7,true,277701637
2461578774,03B3F8,false,277705129
2461609686,02F658,false,277708829
2461642182,7E4EF7,true,277712691
2461668184,03DBBC,false,277715885
2461696592,7E4EFC,true,277719335
2461721836,7E4EF7,true,277722398
2461747120,7E4EFA,true,277725462
2461772710,02DA49,false,277728551
2461798750,02DA4B,false,277731613
2461915312,7E4F05,false,277734775
2461945908,7E5331,true,277738435
2461978420,7E5784,true,277742307
2462008844,7E5305,true,277745947
2462041110,7E571B,true,277749805
2462073580,7E4F37,true,277753686
2462098904,7E4F39,true,277756748
2462124140,7E4F34,true,277759811
2462149416,7E4F37,true,277762875
2462174660,7E4F39,true,277765937
2462206238,7E4F37,true,277769162
2462230054,7E4F39,true,277772224
2462254034,7E4F34,true,277775287
2462279100,7E4F37,true,277778351
2462304344,7E4F39,true,277781413
2462329614,7E4F34,true,277784476
2462354864,7E4F37,true,277787540
2462380140,7E4F39,true,277790602
2462405390,7E4F34,true,277793665
2462430688,7E4F37,true,277796729
2462455924,7E4F39,true,277799791
2462481222,7E4F34,true,277802854
2462506472,7E4F37,true,277805918
2462531736,7E4F39,true,277808980
2462556948,7E4F39,true,277812089
2462580874,7E4F34,true,277815152
2462604744,7E4F37,true,277818216
2462629518,7E4F39,true,277821278
2462655662,02F50A,false,277824447
2462683464,7E4EF7,true,277827806
2462708748,7E4EFA,true,277830870
2462734328,7E4EFC,true,277833977
2462761282,7E4EF7,true,277837238
2462795438,0BDA47,false,277840621
2462825474,1FC430,false,277844199
2462855368,1FBFEE,false,277847809
2462885458,1FCDEC,false,277851448
2463006864,03B98F,false,277855212
2463036720,03BA8A,false,277858774
2463066430,02F674,false,277862339
2463100274,7E4EF7,true,277866352
2463126562,03DBB9,false,277869573
2463154644,7E4EFA,true,277872992
2463179876,7E4EFC,true,277876054
2463205170,7E4EF7,true,277879117
2463230674,02DA46,false,277882206
2463347378,03BBEC,false,277885382
2463378598,7E52D9,true,277889114
2463411054,7E530C,true,277892979
2463441500,7E52DE,true,277896627
2463473620,7E52FD,true,277900470
2463505592,7E4F39,true,277904290
2463530842,7E4F34,true,277907353
2463556140,7E4F37,true,277910417
2463581376,7E4F39,true,277913479
2463606844,7E3BA4,true,277916562
2463638140,7E4F39,true,277919766
2463661962,7E4F34,true,277922829
2463686070,7E4F37,true,277925893
2463711144,7E4F39,true,277928955
2463736394,7E4F34,true,277932018
2463761670,7E4F37,true,277935082
2463786900,7E4F39,true,277938144
2463812182,7E4F34,true,277941207
2463837448,7E4F37,true,277944271
2463862724,7E4F39,true,277947333
2463887974,7E4F34,true,277950396
2463913272,7E4F37,true,277953460
2463938516,7E4F39,true,277956522
2463963872,00011A,true,277959596
2463988946,7E4F34,true,277962694
2464012776,7E4F37,true,277965758
2464036632,7E4F39,true,277968820
2464061496,7E4F34,true,277971883
2464089814,7E4EFC,true,277975293
2464115530,7E4EF7,true,277978408
2464141156,7E4EFA,true,277981517
2464167226,02DB9B,false,277984674
2464200042,0682F8,false,277987938
2464229546,0BBC0C,false,277991425
2464259154,1FD37A,false,277995004
2464287148,1FD0CB,false,277998394
2464314308,02DB10,false,278001697
2464434030,0BB097,false,278005286
2464465028,7E4EFA,true,278008995
2464494958,03B255,false,278012563
2464524906,02F5AD,false,278016154
2464559948,7E4EE8,false,278020304
2464586618,03DBB6,false,278023555
2464613730,1FC07C,false,278026879
2464639982,7E4EFC,true,278030054
2464665226,7E4EF7,true,278033117
2464780854,7E4EFC,true,278036233
2464806090,7E4EF7,true,278039296
2464831372,7E4EFA,true,278042360
2464856610,7E4EFC,true,278045422
2464881886,7E4EF7,true,278048485
2464907152,7E4EFA,true,278051549
2464932428,7E4EFC,true,278054611
2464957750,7E4EF7,true,278057674
2464982956,7E4EFA,true,278060738
2465008272,7E4EFC,true,278063800
2465033514,7E4EF7,true,278066863
2465067466,7E5791,true,278070373
2465097422,7E578F,true,278074160
2465128030,7E52D1,true,278077927
2465158466,7E52D7,true,278081567
2465190500,7E571B,true,278085394
2465222998,7E5328,true,278089277
2465251536,7E4F37,true,278092711
2465276782,7E4F39,true,278095773
2465302058,7E4F34,true,278098836
2465327396,7E4F37,true,278101900
2465352600,7E4F39,true,278104962
2465377922,7E4F34,true,278108025
2465403334,7E4F34,true,278111134
2465427756,7E4F37,true,278114198
2465451572,7E4F39,true,278117260
2465475792,7E4F34,true,278120323
2465500904,7E4F37,true,278123387
2465526148,7E4F39,true,278126449
2465551422,7E4F34,true,278129512
2465576668,7E4F37,true,278132576
2465601944,7E4F39,true,278135638
2465627194,7E4F34,true,278138701
2465652484,7E4F37,true,278141765
2465677728,7E4F39,true,278144827
2465703018,7E4F34,true,278147890
2465728276,7E4F37,true,278150954
2465753894,7E4F37,true,278154063
2465778556,7E4F39,true,278157125
2465802378,7E4F34,true,278160188
2465829654,7E4EFC,true,278163638
2465855096,7E4EF7,true,278166753
2465880768,7E4EFA,true,278169862
2465906834,02DB87,false,278173016
2465940072,02FC4A,false,278176323
2465969522,1FD330,false,278179822
2466000300,08B507,false,278183528
2466029848,04A1F0,false,278187085
2466059004,02F96C,false,278190605
2466090756,02FB77,false,278194392
2466209558,03B3FC,false,278197846
2466240872,02F60E,false,278201591
2466274060,7E4EFC,true,278205530
2466300312,03DBBB,false,278208748
2466328780,7E4EFA,true,278212217
2466354020,7E4EFC,true,278215279
2466379302,7E4EF7,true,278218342
2466404790,02DA46,false,278221431
2466430762,02DA49,false,278224495
2466456790,02DA4B,false,278227557
2466574330,7E4F90,true,278230863
2466606256,7E5782,true,278234670
2466637792,7E52FD,true,278238438
2466668272,7E5712,true,278242083
2466700298,7E52DB,true,278245906
2466732748,7E52C4,true,278249786
2466761574,7E4F34,true,278253253
2466786904,7E4F37,true,278256317
2466812148,7E4F39,true,278259379
2466844164,7E4F34,true,278262622
2466868130,7E4F37,true,278265686
2466891946,7E4F39,true,278268748
2466916684,7E4F34,true,278271811
2466941922,7E4F37,true,278274875
2466967184,7E4F39,true,278277937
2466992434,7E4F34,true,278281000
2467017716,7E4F37,true,278284064
2467042954,7E4F39,true,278287126
2467068250,7E4F34,true,278290189
2467093496,7E4F37,true,278293253
2467118792,7E4F39,true,278296315
2467144022,7E4F34,true,278299378
2467169312,7E4F37,true,278302442
2467194720,7E4F37,true,278305551
2467218932,7E4F39,true,278308613
2467242754,7E4F34,true,278311676
2467267206,7E4F37,true,278314740
2467292344,7E4F39,true,278317802
2467317686,000110,false,278320873
2467346642,7E4EFC,true,278324367
2467371886,7E4EF7,true,278327430
2467397544,7E4EFA,true,278330539
2467424090,02DB98,false,278333752
2467458692,0BDA31,false,278337186
2467488728,1FC420,false,278340767
2467518376,1FD114,false,278344345
2467638014,04A2C6,false,278347931
2467668220,000110,false,278351557
2467699724,02FC74,false,278355307
2467728068,7E4EF7,true,278358703
2467761238,02F5C0,false,278362657
2467791086,7E4EF7,true,278366225
2467816512,03DBBC,false,278369379
2467845762,7E4EFC,true,278372909
2467871006,7E4EF7,true,278375972
2467986494,7E4056,true,278379064
2468011960,7E4EFA,true,278382151
2468037196,7E4EFC,true,278385213
2468062464,7E4EF7,true,278388276
2468087716,7E4EFA,true,278391340
2468112992,7E4EFC,true,278394402
2468138230,7E4EF7,true,278397465
2468163520,7E4EFA,true,278400529
2468188766,7E4EFC,true,278403591
2468214042,7E4EF7,true,278406654
2468239286,7E4EFA,true,278409718
2468271994,03BC16,false,278413025
2468301514,7E5AE5,true,278416744
2468331216,7E52E6,true,278420469
2468362262,7E4FC4,true,278424203
2468393626,7E5788,true,278427949
2468425592,7E52D1,true,278431774
2468456844,7E4F39,true,278435516
2468482094,7E4F34,true,278438579
2468507384,7E4F37,true,278441643
2468532620,7E4F39,true,278444705
2468557918,7E4F34,true,278447768
2468583240,7E4F37,true,278450832
2468608438,7E4F39,true,278453894
2468633676,7E4F39,true,278457003
2468657498,7E4F34,true,278460066
2468681368,7E4F37,true,278463130
2468706224,7E4F39,true,278466192
2468731462,7E4F34,true,278469255
2468756752,7E4F37,true,278472319
2468781996,7E4F39,true,278475381
2468807270,7E4F34,true,278478444
2468832516,7E4F37,true,278481508
2468857786,7E4F39,true,278484570
2468883030,7E4F34,true,278487633
2468908334,7E4F37,true,278490697
2468933572,7E4F39,true,278493759
2468958854,7E4F34,true,278496822
2468984154,7E4F34,true,278499931
2469008320,7E4F37,true,278502995
2469032136,7E4F39,true,278506057
2469060026,7E4EFA,true,278509508
2469085656,7E4EFC,true,278512622
2469111326,7E4EF7,true,278515730
2469136584,7E4EFA,true,278518794
2469163762,02DCC5,false,278522084
2469198882,0BEAE1,false,278525554
2469229874,02FCF3,false,278529263
2469259176,06909D,false,278532806
2469290112,1FD31D,false,278536545
2469320790,000137,false,278540220
2469437162,7E4EF7,true,278543409
2469462398,7E4EFA,true,278546473
2469487668,7E4EFC,true,278549535
2469512918,7E4EF7,true,278552598
2469538208,7E4EFA,true,278555662
2469563440,7E4EFC,true,278558724
2469588722,7E4EF7,true,278561787
2469613974,7E4EFA,true,278564851
2469639244,7E4EFC,true,278567913
2469664474,7E4EF7,true,278570976
2469780082,7E4EF7,true,278574091
2469805412,7E4EFA,true,278577155
2469830608,7E4EFC,true,278580217
2469855930,7E4EF7,true,278583280
2469881174,7E4EFA,true,278586344
2469906444,7E4EFC,true,278589406
2469931682,7E4EF7,true,278592469
2469956972,7E4EFA,true,278595533
2469982218,7E4EFC,true,278598595
2470007494,7E4EF7,true,278601658
2470032752,7E4EFA,true,278604722
2470067902,02FC81,false,278608338
2470094736,7E4F01,false,278611745
2470126950,02F650,false,278615726
2470156218,03DB81,false,278619247
2470181046,1FC05A,false,278622334
2470210196,7E4EFC,true,278625846
2470235478,7E4EF7,true,278628909
2470260730,7E4EFA,true,278631973
2470287912,7E4F90,true,278635248
2470319834,7E52F4,true,278639057
2470351378,7E52D4,true,278642826
2470381822,7E52D9,true,278646463
2470413574,7E52CE,true,278650298
2470444580,7E52B8,true,278654177
2470471902,7E4F37,true,278657653
2470496954,7E4F39,true,278660715
2470522158,7E4F34,true,278663778
2470547488,7E4F37,true,278666842
2470572724,7E4F39,true,278669904
2470597992,7E4F34,true,278672967
2470623244,7E4F37,true,278676031
2470648516,7E4F39,true,278679093
2470673758,7E4F34,true,278682156
2470699050,7E4F37,true,278685220
2470724288,7E4F39,true,278688282
2470749570,7E4F34,true,278691345
2470774798,7E4F34,true,278694454
2470798780,7E4F37,true,278697518
2470822636,7E4F39,true,278700580
2470847326,7E4F34,true,278703643
2470872578,7E4F37,true,278706707
2470897816,7E4F39,true,278709769
2470923098,7E4F34,true,278712832
2470948428,7E4F37,true,278715896
2470973610,7E4F39,true,278718958
2470998954,7E4F34,true,278722021
2471024198,7E4F37,true,278725085
2471049482,7E4F39,true,278728147
2471077972,7E4EFA,true,278731578
2471103596,7E4EFC,true,278734692
2471129290,7E4EFC,true,278737846
2471153456,000136,false,278740921
2471185182,06829B,false,278744271
2471214240,1FD4CB,false,278747748
2471244088,1FD37B,false,278751348
2471271876,03B6CD,false,278754717
2471298996,1FC5E2,false,278758012
2471328988,04A17F,false,278761628
2471359026,02F9FD,false,278765233
2471390512,02FBB2,false,278768983
2471418796,03B42D,false,278772374
2471451528,02F666,false,278776275
2471573508,7E4EFA,true,278780095
2471599628,03DBBA,false,278783302
2471628540,7E4EF7,true,278786818
2471653824,7E4EFA,true,278789882
2471679060,7E4EFC,true,278792944
2471704600,02DA4B,false,278796033
2471730590,02DA46,false,278799096
2471756574,02DA49,false,278802160
2471782598,02DA4B,false,278805222
2471808570,02DA46,false,278808285
2471925200,03BC35,false,278811454
2471956380,7E5331,true,278815184
2471987318,7E530A,true,278818890
2472018690,7E578C,true,278822636
2472049980,7E578C,true,278826373
2472082022,7E5788,true,278830197
2472114442,7E52FD,true,278834070
2472143920,7E4F39,true,278837610
2472169242,7E4F34,true,278840673
2472201142,7E4F39,true,278843897
2472225260,7E4F34,true,278846960
2472249130,7E4F37,true,278850024
2472273682,7E4F39,true,278853086
2472298906,7E4F34,true,278856149
2472324164,7E4F37,true,278859213
2472349440,7E4F39,true,278862275
2472374676,7E4F34,true,278865338
2472399952,7E4F37,true,278868402
2472425210,7E4F39,true,278871464
2472450486,7E4F34,true,278874527
2472475758,7E4F37,true,278877591
2472501028,7E4F39,true,278880653
2472526278,7E4F34,true,278883716
2472551710,7E4F34,true,278886825
2472576088,7E4F37,true,278889889
2472599944,7E4F39,true,278892951
2472624212,7E4F34,true,278896014
2472649344,7E4F37,true,278899078
2472674588,7E4F39,true,278902140
2472699862,7E4F34,true,278905203
2472725100,7E4F37,true,278908267
2472756550,02F50A,false,278912081
2472783166,7E4EFA,true,278915300
2472808758,7E4EFC,true,278918407
2472834050,7E4EF7,true,278921470
2472860976,7E4EFA,true,278924732
2472896232,02FC81,false,278928220
2473017012,08B522,false,278931931
2473046204,7E4EFC,true,278935446
2473075398,1FC5D4,false,278938982
2473105386,1FDAFC,false,278942596
2473136650,02FB5A,false,278946327
2473165736,03B3C9,false,278949800
2473196822,02F6B8,false,278953520
2473229662,7E4EFC,true,278957429
2473256110,7E3B69,false,278960668
2473374408,7E4EF7,true,278964128
2473399684,7E4EFA,true,278967192
2473424920,7E4EFC,true,278970254
2473450544,03B957,false,278973361
2473480984,7E578C,true,278977002
2473512194,7E5342,true,278980732
2473543384,7E500A,true,278984465
2473574712,7E5784,true,278988212
2473607276,7E52F0,true,278992099
2473640968,7E4F37,true,278995561
2473664784,7E4F39,true,278998623
2473688774,7E4F34,true,279001686
2473713754,7E4F37,true,279004750
2473738986,7E4F39,true,279007812
2473764254,7E4F34,true,279010875
2473789584,7E4F37,true,279013939
2473814788,7E4F39,true,279017001
2473840110,7E4F34,true,279020064
2473865376,7E4F37,true,279023128
2473890644,7E4F39,true,279026190
2473915910,7E4F34,true,279029253
2473941192,7E4F37,true,279032317
2473966416,7E4F39,true,279035379
2473991668,7E4F39,true,279038488
2474015634,7E4F34,true,279041551
2474039464,7E4F37,true,279044615
2474064182,7E4F39,true,279047677
2474089402,7E4F34,true,279050740
2474114692,7E4F37,true,279053804
2474139936,7E4F39,true,279056866
2474165210,7E4F34,true,279059929
2474190462,7E4F37,true,279062993
2474215752,7E4F39,true,279066055
2474241068,7E4F34,true,279069118
2474266300,7E4F37,true,279072182
2474295062,03EA50,false,279075647
2474320464,7E4EFA,true,279078727
2474346148,7E4EFA,true,279081881
2474371164,02DB8B,false,279085066
2474403890,0BD5FD,false,279088506
2474433256,0980CB,false,279092031
2474462886,7E4EFC,true,279095607
2474492566,1FD0B0,false,279099188
2474522378,1FCC91,false,279102786
2474552180,7E4EF7,true,279106360
2474583702,02FBEA,false,279110109
2474611918,03B384,false,279113505
2474646292,02F5FE,false,279117574
2474675370,03DBBD,false,279121080
2474790034,1FC093,false,279124159
2474818272,7E4EFC,true,279127563
2474843522,7E4EF7,true,279130626
2474868798,7E4EFA,true,279133690
2474894752,02DA49,false,279136779
2474920728,02DA4B,false,279139841
2474946718,02DA46,false,279142904
2474972698,02DA49,false,279145968
2474998674,02DA4B,false,279149030
2475024654,02DA46,false,279152093
2475141350,03BC38,false,279155263
2475171962,7E5205,true,279158933
2475203952,7E570A,true,279162751
2475234278,7E52CE,true,279166373
2475266418,7E52D4,true,279170212
2475299162,7E4FA2,true,279174117
2475324990,7E4F39,true,279177245
2475350294,7E4F34,true,279180308
2475375538,7E4F37,true,279183372
2475401014,7E3BB9,true,279186465
2475432270,7E4F34,true,279189677
2475456140,7E4F37,true,279192741
2475480250,7E4F39,true,279195803
2475505330,7E4F34,true,279198866
2475530606,7E4F37,true,279201930
2475555836,7E4F39,true,279204992
2475581118,7E4F34,true,279208055
2475606448,7E4F37,true,279211119
2475631654,7E4F39,true,279214181
2475656970,7E4F34,true,279217244
2475682206,7E4F37,true,279220308
2475707504,7E4F39,true,279223370
2475732740,7E4F34,true,279226433
2475758342,7E4F34,true,279229542
2475783068,7E4F37,true,279232606
2475806924,7E4F39,true,279235668
2475830746,7E4F34,true,279238731
2475855728,7E4F37,true,279241795
2475880992,7E4F39,true,279244857
2475906234,7E4F34,true,279247920
2475931524,7E4F37,true,279250984
2475956760,7E4F39,true,279254046
2475985708,7E4EFA,true,279257529
2476010952,7E4EFC,true,279260591
2476036582,7E4EF7,true,279263699
2476063076,02DB91,false,279266910
2476097322,0BD5F5,false,279270319
2476217004,1FD26C,false,279273850
2476246544,7E4EF7,true,279277409
2476276274,1FD323,false,279280994
2476307278,09C040,false,279284752
2476336408,1FCDDA,false,279288262
2476367892,7E4EFA,true,279292019
2476397154,03B41D,false,279295512
2476429032,02F65F,false,279299313
2476459874,7E4EF7,true,279302998
2476576040,03DBBB,false,279306231
2476604556,7E4EF7,true,279309689
2476629846,7E4EFA,true,279312753
2476655076,7E4EFC,true,279315815
2476681778,7E4F55,true,279319030
2476712650,7E534F,true,279322720
2476744390,7E52FF,true,279326512
2476774782,7E5312,true,279330142
2476806938,7E5284,true,279333987
2476843766,7E3E2E,true,279337753
2476870478,7E4F39,true,279341117
2476894300,7E4F34,true,279344180
2476918874,7E4F37,true,279347244
2476944046,7E4F39,true,279350306
2476969322,7E4F34,true,279353369
2476994580,7E4F37,true,279356433
2477019848,7E4F39,true,279359495
2477045086,7E4F34,true,279362558
2477070396,7E4F37,true,279365622
2477095620,7E4F39,true,279368684
2477120910,7E4F34,true,279371747
2477146168,7E4F37,true,279374811
2477171444,7E4F39,true,279377873
2477196926,7E4F39,true,279380982
2477221290,7E4F34,true,279384045
2477245120,7E4F37,true,279387109
2477269386,7E4F39,true,279390171
2477294478,7E4F34,true,279393234
2477319762,7E4F37,true,279396298
2477345000,7E4F39,true,279399360
2477370282,7E4F34,true,279402423
2477395532,7E4F37,true,279405487
2477420804,7E4F39,true,279408549
2477446046,7E4F34,true,279411612
2477471324,7E4F37,true,279414676
2477496730,02F4FB,false,279417761
2477525266,7E4EFA,true,279421201
2477550756,7E4EFA,true,279424310
2477575654,7E4EFC,true,279427417
2477600694,02DB97,false,279430636
2477633606,0BD589,false,279434025
2477663170,1FD31D,false,279437550
2477692630,08B4E5,false,279441105
2477722148,1FD0B8,false,279444665
2477751860,1FDB11,false,279448258
2477781826,7E4EFA,true,279451854
2477813086,02FC7E,false,279455573
2477841540,03B381,false,279458987
2477875676,02F5E0,false,279463039
2477994562,03DBB9,false,279466534
2478019748,1FC06D,false,279469656
2478047058,7E4EFC,true,279472958
2478072302,7E4EF7,true,279476021
2478097592,7E4EFA,true,279479085
2478123600,02DA49,false,279482174
2478149564,02DA4B,false,279485236
2478175572,02DA46,false,279488299
2478201570,02DA49,false,279491363
2478227526,02DA4B,false,279494425
2478253488,02DA46,false,279497488
2478372378,7E5350,true,279500956
2478404066,7E5305,true,279504732
2478434964,7E5365,true,279508430
2478466158,7E5328,true,279512161
2478498434,7E52E6,true,279516012
2478528134,7E4F39,true,279519573
2478553342,7E4F34,true,279522636
2478578672,7E4F37,true,279525700
2478603894,7E4F39,true,279528762
2478635836,7E4F37,true,279531987
2478659844,7E4F39,true,279535049
2478683666,7E4F34,true,279538112
2478708346,7E4F37,true,279541176
2478733544,7E4F39,true,279544238
2478758826,7E4F34,true,279547301
2478784076,7E4F37,true,279550365
2478809338,7E4F39,true,279553427
2478834582,7E4F34,true,279556490
2478859874,7E4F37,true,279559554
2478885104,7E4F39,true,279562616
2478910394,7E4F34,true,279565679
2478935652,7E4F37,true,279568743
2478960928,7E4F39,true,279571805
2478986296,7E4F39,true,279574914
2479010610,7E4F34,true,279577977
2479034440,7E4F37,true,279581041
2479058828,7E4F39,true,279584103
2479083916,7E4F34,true,279587166
2479109240,7E4F37,true,279590230
2479134484,7E4F39,true,279593292
2479159752,7E4F34,true,279596355
2479185056,000110,false,279599427
2479213710,7E4EFC,true,279602879
2479238978,7E4EF7,true,279605942
2479264658,7E4EFA,true,279609051
2479291522,7E4EF4,false,279612309
2479323946,1FD383,false,279615537
2479442486,02FC78,false,279618955
2479473366,000136,false,279622658
2479502602,1FD106,false,279626192
2479531868,1FC7C0,false,279629732
2479561544,1FD322,false,279633302
2479592806,02FB34,false,279637036
2479622086,03B3F4,false,279640528
2479652898,02F613,false,279644222
2479686150,7E4EFA,true,279648168
2479801744,7E4EFA,true,279651283
2479827012,7E4EFC,true,279654345
2479852250,7E4EF7,true,279657408
2479877540,7E4EFA,true,279660472
2479902776,7E4EFC,true,279663534
2479928054,7E4EF7,true,279666597
2479953312,7E4EFA,true,279669661
2479978590,7E4EFC,true,279672723
2480003818,7E4EF7,true,279675786
2480029102,7E4EFA,true,279678850
2480062024,03DC1F,false,279682178
2480085822,1FC098,false,279685276
2480113050,7E4EFA,true,279688753
2480137716,7E4EFC,true,279691815
2480162930,7E4EF7,true,279694878
2480189996,7E4F5C,true,279698147
2480221802,7E533F,true,279701944
2480253724,7E52F3,true,279705746
2480286002,7E578C,true,279709602
2480317086,7E51D8,true,279713316
2480348482,7E5289,true,279717064
2480380606,7E5713,true,279720901
2480411320,7E4F39,true,279724608
2480435782,7E4F34,true,279727671
2480459612,7E4F37,true,279730735
2480483776,7E4F39,true,279733797
2480508876,7E4F34,true,279736860
2480534128,7E4F37,true,279739924
2480559390,7E4F39,true,279742986
2480584626,7E4F34,true,279746049
2480609916,7E4F37,true,279749113
2480635168,7E4F39,true,279752175
2480660450,7E4F34,true,279755238
2480685708,7E4F37,true,279758302
2480710992,7E4F39,true,279761364
2480736242,7E4F34,true,279764427
2480761868,7E4F34,true,279767536
2480786596,7E4F37,true,279770600
2480810412,7E4F39,true,279773662
2480834274,7E4F34,true,279776725
2480859318,7E4F37,true,279779789
2480884554,7E4F39,true,279782851
2480909830,7E4F34,true,279785914
2480935088,7E4F37,true,279788978
2480960364,7E4F39,true,279792040
2480985606,7E4F34,true,279795103
2481010912,7E4F37,true,279798167
2481036142,7E4F39,true,279801229
2481061446,7E4F34,true,279804292
2481086682,7E4F37,true,279807356
2481113026,02F575,false,279810539
2481140746,7E4EFA,true,279813945
2481164650,7E4EFC,true,279817007
2481188860,7E4EF7,true,279820115
2481214934,02DB94,false,279823333
2481249428,0BD9EF,false,279826752
2481279680,1FD316,false,279830363
2481308832,7E4EF7,true,279833883
2481338354,7E4EF7,true,279837439
2481367768,1FCD7A,false,279840994
2481397810,7E4EFE,false,279844597
2481429410,7E4EF7,true,279848343
2481457554,03B381,false,279851734
2481581730,02F67F,false,279855801
2481610996,03E198,false,279859317
2481635732,1FC06C,false,279862394
2481664164,7E4EFC,true,279865822
2481689414,7E4EF7,true,279868885
2481714706,7E4EFA,true,279871949
2481740632,02DA49,false,279875038
2481766596,02DA4B,false,279878100
2481792586,02DA46,false,279881163
2481818566,02DA49,false,279884227
2481935912,7E4F74,true,279887486
2481966972,7E5337,true,279891204
2481998898,7E5787,true,279895015
2482031326,7E53A6,true,279898878
2482063286,7E57B0,true,279902693
2482093664,7E52F3,true,279906322
2482125890,7E5317,true,279910177
2482157266,7E4F37,true,279913937
2482182542,7E4F39,true,279916999
2482214388,7E4F37,true,279920224
2482238204,7E4F39,true,279923286
2482262026,7E4F34,true,279926349
2482286950,7E4F37,true,279929413
2482312234,7E4F39,true,279932475
2482337478,7E4F34,true,279935538
2482362768,7E4F37,true,279938602
2482388012,7E4F39,true,279941664
2482413280,7E4F34,true,279944727
2482438552,7E4F37,true,279947791
2482463814,7E4F39,true,279950853
2482489158,7E4F34,true,279953916
2482514362,7E4F37,true,279956980
2482539672,7E4F39,true,279960042
2482564958,7E4F39,true,279963151
2482589034,7E4F34,true,279966214
2482612904,7E4F37,true,279969278
2482637452,7E4F39,true,279972340
2482662658,7E4F34,true,279975403
2482687916,7E4F37,true,279978467
2482713192,7E4F39,true,279981529
2482738428,7E4F34,true,279984592
2482763704,7E4F37,true,279987656
2482788962,7E4F39,true,279990718
2482814238,7E4F34,true,279993781
2482839510,7E4F37,true,279996845
2482865466,02F578,false,279999989
2482893722,7E4EFA,true,280003390
2482919076,7E4EFA,true,280006499
2482943624,7E4EFC,true,280009606
2482968978,02DC9D,false,280012858
2483002278,0BD8D0,false,280016240
2483032320,02DB0E,false,280019819
2483061826,7E4EF7,true,280023384
2483091308,02FCFB,false,280026941
2483120896,1FCCED,false,280030512
2483150786,7E4EFC,true,280034093
2483182418,7E4EFA,true,280037856
2483210556,03B343,false,280041244
2483245000,02F643,false,280045321
2483362558,7E4EFC,true,280048657
2483387802,7E4EF7,true,280051720
2483413080,7E4EFA,true,280054784
2483438316,7E4EFC,true,280057846
2483463598,7E4EF7,true,280060909
2483488848,7E4EFA,true,280063973
2483514140,7E4EFC,true,280067035
2483539454,7E4EF7,true,280070098
2483564720,7E4EFA,true,280073162
2483589996,7E4EFC,true,280076224
2483615234,7E4EF7,true,280079287
2483730838,7E4EF7,true,280082402
2483756096,7E4EFA,true,280085466
2483781372,7E4EFC,true,280088528
2483806614,7E4EF7,true,280091591
2483831892,7E4EFA,true,280094655
2483857228,7E4EFC,true,280097717
2483882418,7E4EF7,true,280100780
2483907760,7E4EFA,true,280103844
2483932990,7E4EFC,true,280106906
2483958258,7E4EF7,true,280109969
2483990856,03E07C,false,280113259
2484014548,03DBBB,false,280116335
2484042280,7E4EF7,true,280119872
2484066850,7E4EFA,true,280122936
2484092068,7E4EFC,true,280125998
2484118974,7E4F74,true,280129248
2484151116,7E578C,true,280133082
2484183598,7E4F97,true,280136954
2484215852,7E571F,true,280140806
2484247080,7E578B,true,280144540
2484278350,7E5709,true,280148278
2484310584,7E5788,true,280152126
2484340434,7E4F34,true,280155727
2484364968,7E4F37,true,280158791
2484388824,7E4F39,true,280161853
2484412880,7E4F34,true,280164916
2484437940,7E4F37,true,280167980
2484463202,7E4F39,true,280171042
2484488438,7E4F34,true,280174105
2484513728,7E4F37,true,280177169
2484538972,7E4F39,true,280180231
2484564256,7E4F34,true,280183294
2484589500,7E4F37,true,280186358
2484614762,7E4F39,true,280189420
2484640026,7E4F34,true,280192483
2484665310,7E4F37,true,280195547
2484690628,7E4F39,true,280198609
2484715736,7E4F39,true,280201718
2484739598,7E4F34,true,280204781
2484763428,7E4F37,true,280207845
2484788330,7E4F39,true,280210907
2484813614,7E4F34,true,280213970
2484838852,7E4F37,true,280217034
2484864128,7E4F39,true,280220096
2484889378,7E4F34,true,280223159
2484914660,7E4F37,true,280226223
2484939920,7E4F39,true,280229285
2484965194,7E4F34,true,280232348
2484990446,7E4F37,true,280235412
2485015716,7E4F39,true,280238474
2485042336,02F558,false,280241696
2485069838,7E4EFC,true,280245063
2485093796,7E4EF7,true,280248126
2485117974,7E4EFA,true,280251235
2485144278,02DCA2,false,280254485
2485178348,0BD6E9,false,280257863
2485208170,0980B0,false,280261416
2485237588,1FD025,false,280264962
2485267052,069FED,false,280268524
2485296834,1FDB00,false,280272107
2485328218,03B982,false,280275850
2485357216,03B3D6,false,280279311
2485388144,02F67B,false,280283016
2485511530,7E4EFA,true,280286998
2485537952,03DBBA,false,280290220
2485566170,7E4EFC,true,280293674
2485591452,7E4EF7,true,280296737
2485616768,7E4EFA,true,280299801
2485642250,02DA49,false,280302890
2485668216,02DA4B,false,280305952
2485694184,02DA46,false,280309015
2485720176,02DA49,false,280312079
2485746150,02DA4B,false,280315141
2485862778,03BC64,false,280318309
2485894336,7E52CC,true,280322087
2485926922,7E571C,true,280325970
2485959378,7E5349,true,280329839
2485990840,7E58C8,true,280333598
2486021546,7E52DB,true,280337270
2486053800,7E5308,true,280341124
2486084914,7E4F37,true,280344851
2486110152,7E4F39,true,280347913
2486142100,7E4F37,true,280351138
2486166060,7E4F39,true,280354200
2486189882,7E4F34,true,280357263
2486214626,7E4F37,true,280360327
2486239840,7E4F39,true,280363389
2486265122,7E4F34,true,280366452
2486290380,7E4F37,true,280369516
2486315642,7E4F39,true,280372578
2486340878,7E4F34,true,280375641
2486366170,7E4F37,true,280378705
2486391408,7E4F39,true,280381767
2486416698,7E4F34,true,280384830
2486442028,7E4F37,true,280387894
2486467224,7E4F39,true,280390956
2486492622,7E4F39,true,280394065
2486516834,7E4F34,true,280397128
2486540664,7E4F37,true,280400192
2486565110,7E4F39,true,280403254
2486590264,7E4F34,true,280406317
2486615540,7E4F37,true,280409381
2486640776,7E4F39,true,280412443
2486666052,7E4F34,true,280415506
2486691304,7E4F37,true,280418570
2486716594,7E4F39,true,280421632
2486741838,7E4F34,true,280424695
2486767136,7E4F37,true,280427759
2486796040,7E4EFA,true,280431239
2486821304,7E4EFC,true,280434301
2486847116,7E4EFC,true,280437455
2486872608,02DB95,false,280440668
2486905040,0BD682,false,280444086
2486934428,1FD314,false,280447632
2486963928,08B4F6,false,280451197
2486993588,069FFA,false,280454777
2487023430,1FDB14,false,280458367
2487054666,03B978,false,280462093
2487083724,03B3D3,false,280465563
2487114642,02F66D,false,280469260
2487147740,7E4EFC,true,280473195
2487173992,03DBB6,false,280476409
2487292758,7E4EFA,true,280479930
2487318020,7E4EFC,true,280482992
2487343270,7E4EF7,true,280486055
2487368766,02DA46,false,280489144
2487394738,02DA49,false,280492208
2487420742,02DA4B,false,280495270
2487446732,02DA46,false,280498333
2487472712,02DA49,false,280501397
2487498692,02DA4B,false,280504459
2487524682,02DA46,false,280507522
2487550806,7E3B71,false,280510607
2487671010,7E5787,true,280514222
2487703394,7E5356,true,280518093
2487735712,7E532C,true,280521952
2487768078,7E570A,true,280525808
2487798244,7E5784,true,280529418
2487830330,7E5788,true,280533253
2487863076,7E4F94,true,280537164
2487888906,7E4F34,true,280540294
2487920996,7E4F39,true,280543518
2487945262,7E4F34,true,280546581
2487969132,7E4F37,true,280549645
2487993478,7E4F39,true,280552707
2488018602,7E4F34,true,280555770
2488043892,7E4F37,true,280558834
2488069128,7E4F39,true,280561896
2488094396,7E4F34,true,280564959
2488119720,7E4F37,true,280568023
2488144938,7E4F39,true,280571085
2488170254,7E4F34,true,280574148
2488195512,7E4F37,true,280577212
2488220796,7E4F39,true,280580274
2488246046,7E4F34,true,280583337
2488271552,7E4F34,true,280586446
2488296076,7E4F37,true,280589510
2488319932,7E4F39,true,280592572
2488343994,7E4F34,true,280595635
2488369056,7E4F37,true,280598699
2488394318,7E4F39,true,280601761
2488419562,7E4F34,true,280604824
2488444852,7E4F37,true,280607888
2488470096,7E4F39,true,280610950
2488495380,7E4F34,true,280614013
2488520616,7E4F37,true,280617077
2488545886,7E4F39,true,280620139
2488574762,7E4EFC,true,280623619
2488600030,7E4EF7,true,280626682
2488625986,7E4EF7,true,280629836
2488651794,02DB9B,false,280633052
2488684310,0BD707,false,280636470
2488713290,0980BE,false,280640025
2488742668,1FD033,false,280643578
2488772488,1FD273,false,280647169
2488802856,02FA2B,false,280650814
2488834148,1FCE48,false,280654540
2488862686,03B4A9,false,280657967
2488896212,02F6AC,false,280661948
2488925320,03DBEB,false,280665445
2488950116,1FC072,false,280668530
2489072114,7E4EF7,true,280672352
2489097348,7E4EFA,true,280675416
2489122624,7E4EFC,true,280678478
2489148000,7E4F04,false,280681559
2489174122,02DA46,false,280684630
2489200106,02DA49,false,280687694
2489226088,02DA4B,false,280690756
2489252062,02DA46,false,280693819
2489278050,02DA49,false,280696883
2489304034,02DA4B,false,280699945
2489329996,02DA46,false,280703008
2489448326,7E530E,true,280706399
2489480244,7E5706,true,280710213
2489512012,7E4FC2,true,280714010
2489544384,7E52E9,true,280717864
2489575660,7E52FB,true,280721601
2489606814,7E5791,true,280725326
2489639172,7E5784,true,280729186
2489668564,7E4F34,true,280732723
2489693856,7E4F37,true,280735787
2489725250,7E4F34,true,280739010
2489749120,7E4F37,true,280742074
2489773182,7E4F39,true,280745136
2489798242,7E4F34,true,280748199
2489823532,7E4F37,true,280751263
2489848770,7E4F39,true,280754325
2489874046,7E4F34,true,280757388
2489899304,7E4F37,true,280760452
2489924588,7E4F39,true,280763514
2489949830,7E4F34,true,280766577
2489975120,7E4F37,true,280769641
2490000372,7E4F39,true,280772703
2490025646,7E4F34,true,280775766
2490050898,7E4F37,true,280778830
2490076096,7E4F37,true,280781939
2490099952,7E4F39,true,280785001
2490123774,7E4F34,true,280788064
2490148644,7E4F37,true,280791128
2490173948,7E4F39,true,280794190
2490199198,7E4F34,true,280797253
2490224488,7E4F37,true,280800317
2490249724,7E4F39,true,280803379
2490275000,7E4F34,true,280806442
2490300246,7E4F37,true,280809506
2490325516,7E4F39,true,280812568
2490350780,7E4F34,true,280815631
2490379260,7E4EF7,true,280819059
2490404944,7E4EFA,true,280822175
2490430580,7E4EFA,true,280825329
2490455416,02DB97,false,280828503
2490487816,0BD418,false,280831897
2490517148,1FD284,false,280835407
2490547106,02FCEF,false,280839013
2490576940,04A247,false,280842615
2490606726,03B9C6,false,280846196
2490638472,02FC7F,false,280849974
2490667086,1FD031,false,280853399
2490699830,02F5BE,false,280857301
2490729588,7E4EFC,true,280860868
2490755090,03DBBB,false,280864023
2490874622,7E4EFA,true,280867602
2490899892,7E4EFC,true,280870664
2490925142,7E4EF7,true,280873727
2490950910,02DA46,false,280876816
2490976894,02DA49,false,280879880
2491002880,02DA4B,false,280882942
2491028854,02DA46,false,280886005
2491054844,02DA49,false,280889069
2491080820,02DA4B,false,280892131
2491106872,02DA46,false,280895194
2491223380,03BC71,false,280898358
2491254590,7E5BFB,true,280902091
2491286388,7E5791,true,280905890
2491318774,7E52DE,true,280909759
2491350830,7E52E6,true,280913587
2491381148,7E52F4,true,280917210
2491413372,7E5314,true,280921064
2491445592,7E4F39,true,280924915
2491470842,7E4F34,true,280927978
2491502748,7E4F39,true,280931202
2491526714,7E4F34,true,280934265
2491550544,7E4F37,true,280937329
2491575266,7E4F39,true,280940391
2491600486,7E4F34,true,280943454
2491625776,7E4F37,true,280946518
2491651092,7E4F39,true,280949580
2491676288,7E4F34,true,280952643
2491701604,7E4F37,true,280955707
2491726850,7E4F39,true,280958769
2491752126,7E4F34,true,280961832
2491777392,7E4F37,true,280964896
2491802668,7E4F39,true,280967958
2491827910,7E4F34,true,280971021
2491853268,7E4F34,true,280974130
2491877488,7E4F37,true,280977194
2491901304,7E4F39,true,280980256
2491925752,7E4F34,true,280983319
2491950906,7E4F37,true,280986383
2491976176,7E4F39,true,280989445
2492001426,7E4F34,true,280992508
2492026708,7E4F37,true,280995572
2492051932,7E4F39,true,280998634
2492077236,7E4F34,true,281001697
2492102552,7E4F37,true,281004761
2492127762,7E4F39,true,281007823
2492153078,7E4F34,true,281010886
2492181326,03EB5B,false,281014296
2492207326,7E4EF7,true,281017475
2492232040,7E4EFA,true,281020584
2492255856,7E4EFC,true,281023646
2492281808,7E4EF7,true,281026907
2492316582,1FD5B7,false,281030359
2492347376,7E4EF7,true,281034052
2492376752,0690E0,false,281037592
2492407914,1FCC7A,false,281041356
2492437776,7E4EFC,true,281044936
2492469274,02FBE9,false,281048686
2492497640,03B36D,false,281052084
2492531712,02F5D0,false,281056129
2492651184,03E19E,false,281059683
2492675936,1FC07C,false,281062764
2492704250,7E4EFC,true,281066179
2492729494,7E4EF7,true,281069242
2492754784,7E4EFA,true,281072306
2492780724,02DA49,false,281075395
2492806708,02DA4B,false,281078457
2492832682,02DA46,false,281081520
2492858680,02DA49,false,281084584
2492884654,02DA4B,false,281087646
2492910788,7E3193,false,281090727
2493030716,7E5326,true,281094329
2493062446,7E5011,true,281098114
2493094532,7E52F3,true,281101943
2493126694,7E5334,true,281105783
2493157798,7E4FAF,true,281109497
2493189110,7E5329,true,281113242
2493221656,7E5787,true,281117127
2493249064,7E4F39,true,281120430
2493281166,7E4F37,true,281123655
2493305426,7E4F39,true,281126717
2493329248,7E4F34,true,281129780
2493353642,7E4F37,true,281132844
2493378768,7E4F39,true,281135906
2493404050,7E4F34,true,281138969
2493429302,7E4F37,true,281142033
2493454572,7E4F39,true,281145095
2493479822,7E4F34,true,281148158
2493505106,7E4F37,true,281151222
2493530344,7E4F39,true,281154284
2493555618,7E4F34,true,281157347
2493580892,7E4F37,true,281160411
2493606160,7E4F39,true,281163473
2493631700,7E4F39,true,281166582
2493656214,7E4F34,true,281169645
2493680084,7E4F37,true,281172709
2493704148,7E4F39,true,281175771
2493729198,7E4F34,true,281178834
2493754488,7E4F37,true,281181898
2493779726,7E4F39,true,281184960
2493805002,7E4F34,true,281188023
2493830260,7E4F37,true,281191087
2493855544,7E4F39,true,281194149
2493880786,7E4F34,true,281197212
2493906076,7E4F37,true,281200276
2493931328,7E4F39,true,281203338
2493957740,02F50F,false,281206529
2493985812,7E4EFC,true,281209927
2494010482,7E4EF7,true,281212990
2494034660,7E4EFA,true,281216099
2494060262,7E4EFC,true,281219359
2494094076,0BD888,false,281222730
2494124022,09F8EE,false,281226298
2494153612,7E4EFC,true,281229873
2494183752,0BB2DD,false,281233507
2494214040,7E4EFA,true,281237132
2494245254,02FC7E,false,281240851
2494273742,03B371,false,281244271
2494307594,02F65D,false,281248287
2494336890,03E1DA,false,281251806
2494451362,1FC04B,false,281254861
2494480516,7E4EFA,true,281258377
2494505760,7E4EFC,true,281261439
2494531034,7E4EF7,true,281264502
2494556910,02DA46,false,281267591
2494582908,02DA49,false,281270655
2494608864,02DA4B,false,281273717
2494634890,02DA46,false,281276780
2494660882,02DA49,false,281279844
2494686838,02DA4B,false,281282906
2494804336,7E4F80,true,281286197
2494836108,7E530C,true,281289985
2494867976,7E52CC,true,281293790
2494900446,7E5713,true,281297662
2494931556,7E51C4,true,281301372
2494962700,7E526B,true,281305102
2494994956,7E5328,true,281308948
2495025724,7E4F39,true,281312635
2495050974,7E4F34,true,281315698
2495082756,7E4F37,true,281318942
2495106572,7E4F39,true,281322004
2495130476,7E4F34,true,281325067
2495155544,7E4F37,true,281328131
2495180780,7E4F39,true,281331193
2495206048,7E4F34,true,281334256
2495231300,7E4F37,true,281337320
2495256576,7E4F39,true,281340382
2495281826,7E4F34,true,281343445
2495307124,7E4F37,true,281346509
2495332368,7E4F39,true,281349571
2495357634,7E4F34,true,281352634
2495382964,7E4F37,true,281355698
2495408168,7E4F39,true,281358760
2495433442,7E4F39,true,281361869
2495457406,7E4F34,true,281364932
2495481236,7E4F37,true,281367996
2495505966,7E4F39,true,281371058
2495531202,7E4F34,true,281374121
2495556492,7E4F37,true,281377185
2495581728,7E4F39,true,281380247
2495606996,7E4F34,true,281383310
2495632248,7E4F37,true,281386374
2495657526,7E4F39,true,281389436
2495682762,7E4F34,true,281392499
2495708060,7E4F37,true,281395563
2495733304,7E4F39,true,281398625
2495761686,03EB74,false,281402043
2495787532,7E4EFC,true,281405214
2495811994,7E4EF7,true,281408322
2495835824,7E4EFA,true,281411386
2495862066,7E4EFC,true,281414646
2495896804,1FC5E0,false,281418082
2495927670,7E4EFA,true,281421786
2495957206,069048,false,281425346
2495986878,0BB08E,false,281428923
2496017946,7E4EFA,true,281432634
2496047706,02FC32,false,281436187
2496077878,02F5DE,false,281439798
2496112128,7E4EFC,true,281443854
2496229124,03DBBC,false,281447149
2496256798,1FC097,false,281450537
2496282448,7E4EFC,true,281453648
2496307758,7E4EF7,true,281456711
2496332968,7E4EFA,true,281459775
2496359166,02DA49,false,281462864
2496385122,02DA4B,false,281465926
2496411084,02DA46,false,281468989
2496437082,02DA49,false,281472053
2496463038,02DA4B,false,281475115
2496579572,00010F,false,281478265
2496610270,7E5337,true,281481938
2496641504,7E52DB,true,281485666
2496673952,7E52FD,true,281489534
2496706304,7E530C,true,281493388
2496736402,7E5279,true,281496992
2496768636,7E5709,true,281500846
2496801238,7E4FA6,true,281504740
2496826568,7E4F37,true,281507810
2496858636,7E4F39,true,281511052
2496882806,7E4F34,true,281514115
2496906636,7E4F37,true,281517179
2496931186,7E4F39,true,281520241
2496956378,7E4F34,true,281523304
2496981668,7E4F37,true,281526368
2497006904,7E4F39,true,281529430
2497032174,7E4F34,true,281532493
2497057424,7E4F37,true,281535557
2497082702,7E4F39,true,281538619
2497107946,7E4F34,true,281541682
2497133244,7E4F37,true,281544746
2497158488,7E4F39,true,281547808
2497183770,7E4F34,true,281550871
2497209182,7E4F34,true,281553980
2497233604,7E4F37,true,281557044
2497257420,7E4F39,true,281560106
2497281686,7E4F34,true,281563169
2497306744,7E4F37,true,281566233
2497331980,7E4F39,true,281569295
2497357256,7E4F34,true,281572358
2497382580,7E4F37,true,281575422
2497407784,7E4F39,true,281578484
2497433100,7E4F34,true,281581547
2497458352,7E4F37,true,281584611
2497483620,7E4F39,true,281587673
2497508886,7E4F34,true,281590736
2497534168,7E4F37,true,281593800
2497562870,7E4EF7,true,281597273
2497587784,7E4EFA,true,281600389
2497611988,7E4EFC,true,281603496
2497636088,7E4EF7,true,281606559
2497662982,7E4EFE,false,281609836
2497698308,0BEAC3,false,281613339
2497729212,1FC429,false,281617040
2497758828,068D0B,false,281620618
2497786588,1FD389,false,281623988
2497814146,0BAC22,false,281627348
2497844822,03B9D4,false,281631026
2497876050,7E4EFC,false,281634743
2497904232,03B384,false,281638127
2498027918,02F5B0,false,281642140
2498057768,7E4EFA,true,281645711
2498083342,03DBBD,false,281648876
2498112156,7E4EFC,true,281652370
2498137432,7E4EF7,true,281655433
2498162768,7E4EFA,true,281658497
2498188466,02DA49,false,281661586
2498214448,02DA4B,false,281664648
2498240410,02DA46,false,281667711
2498266460,02DA49,false,281670775
2498385186,7E52E6,true,281674222
2498417040,7E5317,true,281678026
2498449024,7E5334,true,281681848
2498481408,7E5347,true,281685707
2498511552,7E52BE,true,281689317
2498543882,7E578B,true,281693182
2498574216,7E4F37,true,281696821
2498599492,7E4F39,true,281699883
2498624742,7E4F34,true,281702946
2498656376,7E4F39,true,281706170
2498680198,7E4F34,true,281709233
2498704108,7E4F37,true,281712297
2498729164,7E4F39,true,281715359
2498754406,7E4F34,true,281718422
2498779696,7E4F37,true,281721486
2498804940,7E4F39,true,281724548
2498830214,7E4F34,true,281727611
2498855466,7E4F37,true,281730675
2498880738,7E4F39,true,281733737
2498905974,7E4F34,true,281736800
2498931278,7E4F37,true,281739864
2498956516,7E4F39,true,281742926
2498981798,7E4F34,true,281745989
2499007072,7E4F34,true,281749098
2499031044,7E4F37,true,281752162
2499054860,7E4F39,true,281755224
2499079604,7E4F34,true,281758287
2499104844,7E4F37,true,281761351
2499130120,7E4F39,true,281764413
2499155362,7E4F34,true,281767476
2499180646,7E4F37,true,281770540
2499205884,7E4F39,true,281773602
2499231168,7E4F34,true,281776665
2499256412,7E4F37,true,281779729
2499281696,7E4F39,true,281782791
2499306946,7E4F34,true,281785854
2499332236,7E4F37,true,281788918
2499357624,7E4F37,true,281792027
2499381836,7E4F39,true,281795089
2499405658,7E4F34,true,281798152
2499430122,7E4F37,true,281801216
2499455268,7E4F39,true,281804278
2499484076,7E4EFA,true,281807746
2499509780,7E4EFC,true,281810860
2499535416,7E4EF7,true,281813968
2499561298,06BBC0,false,281817101
2499587802,02DCF0,false,281820313
2499622592,02FCD6,false,281823742
2499653284,08B529,false,281827430
2499682782,1FD29F,false,281830988
2499800656,1FC58E,false,281834387
2499831678,0BB0A3,false,281838137
2499862602,7E4EF7,true,281841836
2499892614,03B3CB,false,281845408
2499922606,02F6B1,false,281849008
2499957552,02F5A6,false,281853147
2499985424,03DBB6,false,281856516
2500011000,1FC09A,false,281859679
2500038118,7E4EFA,true,281862968
2500153762,7E4EFA,true,281866083
2500179032,7E4EFC,true,281869145
2500204282,7E4EF7,true,281872208
2500229564,7E4EFA,true,281875272
2500254802,7E4EFC,true,281878334
2500280078,7E4EF7,true,281881397
2500305324,7E4EFA,true,281884461
2500330600,7E4EFC,true,281887523
2500355862,7E4EF7,true,281890586
2500381152,7E4EFA,true,281893650
2500406382,7E4EFC,true,281896712
2500439792,7E4F72,true,281900106
2500469082,7E5367,true,281903817
2500499734,7E52D7,true,281907629
2500532034,7E52FC,true,281911496
2500563214,7E5308,true,281915231
2500594660,7E52EB,true,281918992
2500626440,7E4F34,true,281922794
2500651694,7E4F37,true,281925858
2500676956,7E4F39,true,281928920
2500702198,7E4F34,true,281931983
2500727504,7E4F37,true,281935047
2500752740,7E4F39,true,281938109
2500778302,7E4F39,true,281941218
2500802870,7E4F34,true,281944281
2500826700,7E4F37,true,281947345
2500850736,7E4F39,true,281950407
2500875812,7E4F34,true,281953470
2500901056,7E4F37,true,281956534
2500926326,7E4F39,true,281959596
2500951570,7E4F34,true,281962659
2500976860,7E4F37,true,281965723
2501002104,7E4F39,true,281968785
2501027386,7E4F34,true,281971848
2501052636,7E4F37,true,281974912
2501077928,7E4F39,true,281977974
2501103170,7E4F34,true,281981037
2501128454,7E4F37,true,281984101
2501153644,7E4F37,true,281987210
2501177508,7E4F39,true,281990272
2501201370,7E4F34,true,281993335
2501226158,7E4F37,true,281996399
2501251434,7E4F39,true,281999461
2501276678,7E4F34,true,282002524
2501301968,7E4F37,true,282005588
2501327284,7E4F39,true,282008650
2501352472,7E4F34,true,282011713
2501377824,7E4F37,true,282014777
2501403054,7E4F39,true,282017839
2501428350,7E4F34,true,282020902
2501453602,7E4F37,true,282023966
2501478872,7E4F39,true,282027028
2501507634,7E4EF7,true,282030541
2501532050,7E4EFA,true,282033657
2501556254,7E4EFC,true,282036764
2501581190,02E3E3,false,282039853
2501614338,02D9FA,false,282043165
2501643328,02FC90,false,282046595
2501674092,1FC44E,false,282050291
2501703772,1FD2B8,false,282053868
2501731472,1FD388,false,282057239
2501758952,1FD319,false,282060586
2501790044,7E4EF7,true,282064308
2501821340,02FC6A,false,282068030
2501939988,7E4EFC,true,282071475
2501972496,02F5C2,false,282075351
2502005242,7E4EFA,true,282079248
2502031648,03DBBD,false,282082476
2502059528,7E4EFC,true,282085889
2502084812,7E4EF7,true,282088952
2502110056,7E4EFA,true,282092016
2502135586,02DA49,false,282095105
2502161554,02DA4B,false,282098167
2502187534,02DA46,false,282101230
2502304824,7E4F58,true,282104482
2502335540,7E535B,true,282108159
2502367428,7E4F98,true,282111972
2502399962,7E5365,true,282115856
2502430250,7E528C,true,282119478
2502462846,7E5788,true,282123372
2502490154,7E4F37,true,282126671
2502515418,7E4F39,true,282129733
2502540662,7E4F34,true,282132796
2502572764,7E4F39,true,282136022
2502597026,7E4F34,true,282139085
2502620856,7E4F37,true,282142149
2502645242,7E4F39,true,282145211
2502670386,7E4F34,true,282148274
2502695676,7E4F37,true,282151338
2502720912,7E4F39,true,282154400
2502746188,7E4F34,true,282157463
2502771440,7E4F37,true,282160527
2502796724,7E4F39,true,282163589
2502821966,7E4F34,true,282166652
2502847256,7E4F37,true,282169716
2502872508,7E4F39,true,282172778
2502897790,7E4F34,true,282175841
2502923336,7E4F34,true,282178950
2502947864,7E4F37,true,282182014
2502971720,7E4F39,true,282185076
2502995776,7E4F34,true,282188139
2503020836,7E4F37,true,282191203
2503046098,7E4F39,true,282194265
2503071334,7E4F34,true,282197328
2503096624,7E4F37,true,282200392
2503121868,7E4F39,true,282203454
2503147152,7E4F34,true,282206517
2503172396,7E4F37,true,282209581
2503197658,7E4F39,true,282212643
2503222922,7E4F34,true,282215706
2503248206,7E4F37,true,282218770
2503273444,7E4F39,true,282221832
2503298632,7E4F39,true,282224941
2503322494,7E4F34,true,282228004
2503346324,7E4F37,true,282231068
2503371186,7E4F39,true,282234130
2503396510,7E4F34,true,282237193
2503421748,7E4F37,true,282240257
2503447024,7E4F39,true,282243319
2503472274,7E4F34,true,282246382
2503497556,7E4F37,true,282249446
2503526764,7E4EFC,true,282252954
2503552418,7E4EF7,true,282256069
2503578112,7E4EFA,true,282259178
2503603994,06BBBC,false,282262311
2503637040,068258,false,282265619
2503664734,0BEB16,false,282269002
2503693602,1FC4EE,false,282272674
2503720462,06A0EC,false,282276049
2503752556,1FC547,false,282279947
2503784240,0BB05E,false,282283781
2503814858,02FAB7,false,282287445
2503845192,03BA5A,false,282291051
2503874328,02F658,false,282294556
2503909310,02F671,false,282298696
2503937936,03E203,false,282302142
2503962688,1FC075,false,282305222
2504083504,7E4EFC,true,282308918
2504108778,7E4EF7,true,282311981
2504134022,7E4EFA,true,282315045
2504159556,02DA49,false,282318134
2504185562,02DA4B,false,282321196
2504211530,02DA46,false,282324259
2504237522,02DA49,false,282327323
2504263484,02DA4B,false,282330385
2504289472,02DA46,false,282333448
2504315456,02DA49,false,282336512
2504341412,02DA4B,false,282339574
2504460104,7E52DE,true,282343019
2504491974,7E5AD4,true,282346818
2504523914,7E52FC,true,282350633
2504556060,7E5807,true,282354470
2504586768,7E571A,true,282358147
2504618444,7E4F37,true,282361938
2504643716,7E4F39,true,282365000
2504669038,7E4F34,true,282368063
2504694242,7E4F37,true,282371127
2504726154,7E4F34,true,282374352
2504750086,7E4F37,true,282377416
2504773942,7E4F39,true,282380478
2504798736,7E4F34,true,282383541
2504824000,7E4F37,true,282386605
2504849276,7E4F39,true,282389667
2504874526,7E4F34,true,282392730
2504899808,7E4F37,true,282395794
2504925046,7E4F39,true,282398856
2504950342,7E4F34,true,282401919
2504975588,7E4F37,true,282404983
2505000876,7E4F39,true,282408045
2505026126,7E4F34,true,282411108
2505051416,7E4F37,true,282414172
2505076736,7E4F37,true,282417281
2505100944,7E4F39,true,282420343
2505124766,7E4F34,true,282423406
2505149282,7E4F37,true,282426470
2505174384,7E4F39,true,282429532
2505199706,7E4F34,true,282432595
2505224964,7E4F37,true,282435659
2505250232,7E4F39,true,282438721
2505275476,7E4F34,true,282441784
2505300780,7E4F37,true,282444848
2505326012,7E4F39,true,282447910
2505351298,7E4F34,true,282450973
2505376548,7E4F37,true,282454037
2505401812,7E4F39,true,282457099
2505427266,7E4F39,true,282460208
2505451734,7E4F34,true,282463271
2505475564,7E4F37,true,282466335
2505499778,7E4F39,true,282469397
2505525054,02F50C,false,282472485
2505554066,7E4EFC,true,282475979
2505579328,7E4EF7,true,282479042
2505604984,7E4EFA,true,282482151
2505631516,02DB95,false,282485367
2505665412,0BD425,false,282488737
2505694032,1FD287,false,282492129
2505724460,1FC437,false,282495796
2505754336,1FD304,false,282499396
2505875230,03B960,false,282503112
2505906602,02FCDC,false,282506850
2505935234,7E4F05,false,282510282
2505968466,02F5EA,false,282514237
2505998912,7E4EFC,true,282517869
2506024604,03DBB6,false,282521044
2506053100,7E4EFA,true,282524497
2506078384,7E4EFC,true,282527559
2506103634,7E4EF7,true,282530622
2506129354,02DA46,false,282533711
2506248360,7E5358,true,282537196
2506279908,7E5B9C,true,282540957
2506312132,7E5292,true,282544806
2506343908,7E590F,true,282548602
2506374998,7E5329,true,282552316
2506406376,7E4F39,true,282556077
2506431670,7E4F34,true,282559140
2506456922,7E4F37,true,282562204
2506482184,7E4F39,true,282565266
2506514194,7E4F34,true,282568511
2506538072,7E4F37,true,282571575
2506561928,7E4F39,true,282574637
2506586794,7E4F34,true,282577700
2506612012,7E4F37,true,282580764
2506637316,7E4F39,true,282583826
2506662558,7E4F34,true,282586889
2506687848,7E4F37,true,282589953
2506713084,7E4F39,true,282593015
2506738382,7E4F34,true,282596078
2506763632,7E4F37,true,282599142
2506788900,7E4F39,true,282602204
2506814150,7E4F34,true,282605267
2506839432,7E4F37,true,282608331
2506864738,7E4F37,true,282611440
2506888856,7E4F39,true,282614502
2506912718,7E4F34,true,282617565
2506937226,7E4F37,true,282620629
2506962428,7E4F39,true,282623691
2506987678,7E4F34,true,282626754
2507012960,7E4F37,true,282629818
2507038184,7E4F39,true,282632880
2507063466,7E4F34,true,282635943
2507088798,7E4F37,true,282639007
2507114036,7E4F39,true,282642069
2507139326,7E4F34,true,282645132
2507164584,7E4F37,true,282648196
2507189860,7E4F39,true,282651258
2507215272,7E4F39,true,282654367
2507239686,7E4F34,true,282657430
2507263516,7E4F37,true,282660494
2507291218,7E4EF7,true,282663960
2507316836,7E4EFA,true,282667076
2507342492,7E4EFC,true,282670183
2507367944,02E3C7,false,282673275
2507394896,02DCCA,false,282676537
2507429906,0BEAC5,false,282679992
2507460612,1FD5A7,false,282683677
2507491732,1FBFFA,false,282687452
2507522582,1FBFFA,false,282691170
2507553444,7E4EFC,true,282694889
2507674822,1FCE40,false,282698636
2507703632,03B371,false,282702084
2507737508,02F66D,false,282706101
2507766300,03DBBC,false,282709578
2507791958,1FC069,false,282712748
2507818658,7E4EF7,true,282715977
2507843916,7E4EFA,true,282719041
2507869200,7E4EFC,true,282722103
2507895248,02DA4B,false,282725192
2508011384,7E4041,false,282728283
2508041722,7E5329,true,282731916
2508073088,7E52E1,true,282735662
2508105692,7E5359,true,282739552
2508136918,7E571B,true,282743287
2508168404,7E5706,true,282747046
2508198056,7E4F39,true,282750609
2508223294,7E4F34,true,282753672
2508248584,7E4F37,true,282756736
2508273820,7E4F39,true,282759798
2508305492,7E4F37,true,282763025
2508329348,7E4F39,true,282766087
2508353288,7E4F34,true,282769150
2508378272,7E4F37,true,282772214
2508403508,7E4F39,true,282775276
2508428784,7E4F34,true,282778339
2508454108,7E4F37,true,282781403
2508479312,7E4F39,true,282784465
2508504642,7E4F34,true,282787528
2508529892,7E4F37,true,282790592
2508555168,7E4F39,true,282793654
2508580418,7E4F34,true,282796717
2508605708,7E4F37,true,282799781
2508630946,7E4F39,true,282802843
2508656190,7E4F39,true,282805952
2508680154,7E4F34,true,282809015
2508703984,7E4F37,true,282812079
2508728706,7E4F39,true,282815141
2508753942,7E4F34,true,282818204
2508779232,7E4F37,true,282821268
2508804454,7E4F39,true,282824330
2508829730,7E4F34,true,282827393
2508854988,7E4F37,true,282830457
2508880260,7E4F39,true,282833519
2508905582,7E4F34,true,282836582
2508930794,7E4F37,true,282839646
2508956104,7E4F39,true,282842708
2508984818,7E4EFC,true,282846168
2509010104,7E4EFC,true,282849277
2509034568,7E4EF7,true,282852385
2509059444,02DB96,false,282855579
2509092862,0BD45C,false,282858974
2509121684,1FD2C4,false,282862393
2509151672,1FC4F6,false,282866006
2509181916,1FCCD7,false,282869645
2509212794,7E4EEF,false,282873340
2509242712,03BABF,false,282876907
2509272776,02F5DA,false,282880509
2509306256,7E4EFA,true,282884486
2509332410,03DBBD,false,282887696
2509450660,7E4EFA,true,282891146
2509475936,7E4EFC,true,282894208
2509501166,7E4EF7,true,282897271
2509526712,02DA46,false,282900360
2509552692,02DA49,false,282903424
2509578656,02DA4B,false,282906486
2509604630,02DA46,false,282909549
2509630660,02DA49,false,282912613
2509656642,02DA4B,false,282915675
2509682616,02DA46,false,282918738
2509798898,02DA46,false,282921853
2509829240,7E5791,true,282925480
2509860624,7E5329,true,282929224
2509893264,7E52DE,true,282933113
2509924544,7E52F3,true,282936852
2509955942,7E5293,true,282940609
2509985426,7E4F34,true,282944155
2510010704,7E4F37,true,282947219
2510035948,7E4F39,true,282950281
2510061222,7E4F34,true,282953344
2510092786,7E4F39,true,282956568
2510116648,7E4F34,true,282959631
2510140596,7E4F37,true,282962695
2510165618,7E4F39,true,282965757
2510190886,7E4F34,true,282968820
2510216130,7E4F37,true,282971884
2510241400,7E4F39,true,282974946
2510266650,7E4F34,true,282978009
2510291948,7E4F37,true,282981073
2510317192,7E4F39,true,282984135
2510342474,7E4F34,true,282987198
2510367790,7E4F37,true,282990262
2510392980,7E4F39,true,282993324
2510418302,7E4F34,true,282996387
2510443464,7E4F34,true,282999496
2510467436,7E4F37,true,283002560
2510491292,7E4F39,true,283005622
2510516036,7E4F34,true,283008685
2510541316,7E4F37,true,283011749
2510566552,7E4F39,true,283014811
2510591834,7E4F34,true,283017874
2510617078,7E4F37,true,283020938
2510642348,7E4F39,true,283024000
2510667600,7E4F34,true,283027063
2510692876,7E4F37,true,283030127
2510718128,7E4F39,true,283033189
2510743504,000137,false,283036265
2510772112,7E4EF7,true,283039712
2510797434,7E4EF7,true,283042821
2510821850,7E4EFA,true,283045930
2510846856,02DB94,false,283049143
2510879934,0BD41A,false,283052492
2510908736,1FD2E7,false,283055899
2510938902,1FC424,false,283059538
2510968836,1FC00B,false,283063150
2510999728,7E4EFC,true,283066863
2511031122,1FCE77,false,283070593
2511059598,03B381,false,283074009
2511094362,02F4E0,false,283078126
2511120958,03DBB6,false,283081366
2511238692,02DC11,false,283084777
2511264084,7E4EFC,true,283087849
2511289334,7E4EF7,true,283090912
2511314624,7E4EFA,true,283093976
2511340776,02DA49,false,283097065
2511366760,02DA4B,false,283100127
2511392750,02DA46,false,283103190
2511418722,02DA49,false,283106254
2511444738,02DA4B,false,283109316
2511470718,02DA46,false,283112379
2511586978,03BB2D,false,283115495
2511617656,7E5291,true,283119165
2511649024,7E5310,true,283122913
2511681532,7E52DE,true,283126792
2511712870,7E52F0,true,283130530
2511744464,7E52E1,true,283134311
2511773362,7E4F37,true,283137793
2511798692,7E4F39,true,283140855
2511823936,7E4F34,true,283143918
2511849220,7E4F37,true,283146982
2511880704,7E4F34,true,283150205
2511904574,7E4F37,true,283153269
2511928576,7E4F39,true,283156331
2511953600,7E4F34,true,283159394
2511978890,7E4F37,true,283162458
2512004128,7E4F39,true,283165520
2512029410,7E4F34,true,283168583
2512054668,7E4F37,true,283171647
2512079946,7E4F39,true,283174709
2512105174,7E4F34,true,283177772
2512130458,7E4F37,true,283180836
2512155716,7E4F39,true,283183898
2512180992,7E4F34,true,283186961
2512206244,7E4F37,true,283190025
2512231456,7E4F37,true,283193134
2512255360,7E4F39,true,283196196
2512279182,7E4F34,true,283199259
2512304030,7E4F37,true,283202323
2512329302,7E4F39,true,283205385
2512354546,7E4F34,true,283208448
2512379836,7E4F37,true,283211512
2512405072,7E4F39,true,283214574
2512430340,7E4F34,true,283217637
2512455612,7E4F37,true,283220701
2512480882,7E4F39,true,283223763
2512506146,7E4F34,true,283226826
2512534682,7E4EF7,true,283230266
2512559960,7E4EFA,true,283233330
2512585614,7E4EFA,true,283236484
2512610690,02DB94,false,283239685
2512643470,0BD8B1,false,283243117
2512672680,1FD2BE,false,283246620
2512702246,1FD284,false,283250188
2512731904,1FCCA3,false,283253756
2512763196,7E4EF7,true,283257493
2512792282,03B3E6,false,283260968
2512824172,02F5F7,false,283264771
2512854530,7E4EFA,true,283268395
2512879946,03DBBA,false,283271546
2512911092,02DA35,false,283275268
2513028700,7E4EFC,true,283278597
2513053982,7E4EF7,true,283281660
2513079220,7E4EFA,true,283284724
2513105090,02DA49,false,283287813
2513131058,02DA4B,false,283290875
2513157046,02DA46,false,283293938
2513183118,02DA49,false,283297002
2513209082,02DA4B,false,283300064
2513235064,02DA46,false,283303127
2513261054,02DA49,false,283306191
2513377772,03BBA1,false,283309373
2513408188,7E5247,true,283313001
2513440354,7E5710,true,283316841
2513472702,7E526B,true,283320704
2513503436,7E5914,true,283324384
2513535592,7E5317,true,283328223
2513563668,7E4F39,true,283331603
2513588906,7E4F34,true,283334666
2513614196,7E4F37,true,283337730
2513639676,7E3BEB,true,283340827
2513670792,7E4F37,true,283344017
2513694608,7E4F39,true,283347079
2513718772,7E4F34,true,283350142
2513743896,7E4F37,true,283353206
2513769132,7E4F39,true,283356268
2513794400,7E4F34,true,283359331
2513819652,7E4F37,true,283362395
2513844928,7E4F39,true,283365457
2513870186,7E4F34,true,283368520
2513895476,7E4F37,true,283371584
2513920720,7E4F39,true,283374646
2513946010,7E4F34,true,283377709
2513971260,7E4F37,true,283380773
2513996894,7E4F37,true,283383882
2514021616,7E4F39,true,283386944
2514045438,7E4F34,true,283390007
2514069308,7E4F37,true,283393071
2514094306,7E4F39,true,283396133
2514119548,7E4F34,true,283399196
2514144832,7E4F37,true,283402260
2514170076,7E4F39,true,283405322
2514195358,7E4F34,true,283408385
2514220608,7E4F37,true,283411449
2514245900,7E4F39,true,283414511
2514271136,7E4F34,true,283417574
2514296448,7E4F37,true,283420638
2514321670,7E4F39,true,283423700
2514350208,7E4EFC,true,283427140
2514375424,7E4EFC,true,283430249
2514399682,7E4EF7,true,283433357
2514424682,02DB94,false,283436569
2514458694,0BD6C8,false,283439985
2514487800,1FD306,false,283443445
2514514856,1FC9DD,false,283446739
2514542440,1FD393,false,283450100
2514572392,09C03F,false,283453705
2514602298,02DB04,false,283457318
2514633130,00010D,false,283461002
2514663220,03B432,false,283464584
2514693952,02F5F1,false,283468264
2514817702,7E4EFC,true,283472281
2514844126,03DBBB,false,283475509
2514872080,7E4EFA,true,283478926
2514897324,7E4EFC,true,283481988
2514922598,7E4EF7,true,283485051
2514948122,02DA46,false,283488140
2514974106,02DA49,false,283491204
2515000070,02DA4B,false,283494266
2515026060,02DA46,false,283497329
2515052040,02DA49,false,283500393
2515169282,7E4F6E,true,283503636
2515200044,7E5329,true,283507323
2515232058,7E5782,true,283511141
2515264550,7E5337,true,283515011
2515295902,7E5710,true,283518751
2515327042,7E526C,true,283522481
2515359994,7E52C4,true,283526406
2515385378,7E4F39,true,283529489
2515410654,7E4F34,true,283532552
2515442606,7E4F39,true,283535776
2515466684,7E4F34,true,283538839
2515490554,7E4F37,true,283541903
2515515106,7E4F39,true,283544965
2515540330,7E4F34,true,283548028
2515565588,7E4F37,true,283551092
2515590864,7E4F39,true,283554154
2515616100,7E4F34,true,283557217
2515641376,7E4F37,true,283560281
2515666634,7E4F39,true,283563343
2515691910,7E4F34,true,283566406
2515717182,7E4F37,true,283569470
2515742452,7E4F39,true,283572532
2515767702,7E4F34,true,283575595
2515793174,7E4F34,true,283578704
2515817512,7E4F37,true,283581768
2515841368,7E4F39,true,283584830
2515865636,7E4F34,true,283587893
2515890772,7E4F37,true,283590957
2515916008,7E4F39,true,283594019
2515941284,7E4F34,true,283597082
2515966536,7E4F37,true,283600146
2515991812,7E4F39,true,283603208
2516017056,7E4F34,true,283606271
2516042340,7E4F37,true,283609335
2516067576,7E4F39,true,283612397
2516092874,7E4F34,true,283615460
2516118124,7E4F37,true,283618524
2516143710,7E4F37,true,283621633
2516168320,7E4F39,true,283624695
2516195148,7E4EFC,true,283628123
2516219702,7E4EF7,true,283631238
2516245114,7E4EFA,true,283634347
2516270384,7E4EFC,true,283637409
2516303684,02DAF4,false,283640737
2516332560,1FC7C0,false,283644151
2516362958,1FC52F,false,283647803
2516392590,1FC558,false,283651372
2516423342,1FDB1B,false,283655085
2516453922,02FA9D,false,283658740
2516484292,03BA37,false,283662362
2516603210,02F5C0,false,283665844
2516638244,02F5DA,false,283669989
2516665838,03DBBA,false,283673336
2516692282,1FC04C,false,283676598
2516718664,7E4EFA,true,283679786
2516743924,7E4EFC,true,283682848
2516769198,7E4EF7,true,283685911
2516795272,02DA46,false,283689000
2516821254,02DA49,false,283692064
2516847216,02DA4B,false,283695126
2516965530,7E5312,true,283698520
2516997470,7E570A,true,283702333
2517029538,7E5365,true,283706154
2517061792,7E5788,true,283710005
2517092036,7E519C,true,283713629
2517124500,7E52EB,true,283717501
2517155014,7E4F34,true,283721159
2517180224,7E4F37,true,283724223
2517205540,7E4F39,true,283727285
2517237252,7E4F37,true,283730510
2517261108,7E4F39,true,283733572
2517284930,7E4F34,true,283736635
2517309912,7E4F37,true,283739699
2517335176,7E4F39,true,283742761
2517360418,7E4F34,true,283745824
2517385708,7E4F37,true,283748888
2517410944,7E4F39,true,283751950
2517436220,7E4F34,true,283755013
2517461474,7E4F37,true,283758077
2517486736,7E4F39,true,283761139
2517512000,7E4F34,true,283764202
2517537284,7E4F37,true,283767266
2517562528,7E4F39,true,283770328
2517587820,7E4F39,true,283773437
2517611874,7E4F34,true,283776500
2517635704,7E4F37,true,283779564
2517660318,7E4F39,true,283782626
2517685588,7E4F34,true,283785689
2517710800,7E4F37,true,283788753
2517736116,7E4F39,true,283791815
2517761358,7E4F34,true,283794878
2517786634,7E4F37,true,283797942
2517811892,7E4F39,true,283801004
2517837168,7E4F34,true,283804067
2517862426,7E4F37,true,283807131
2517887696,7E4F39,true,283810193
2517912946,7E4F34,true,283813256
2517938342,7E4F34,true,283816365
2517962664,7E4F37,true,283819429
2517986520,7E4F39,true,283822491
2518010816,7E4F34,true,283825554
2518035952,7E4F37,true,283828618
2518061228,7E4F39,true,283831680
2518089462,02FC57,false,283835082
2518115404,7E4EF7,true,283838223
2518141004,7E4EFA,true,283841332
2518166274,7E4EFC,true,283844394
2518193444,02DCCA,false,283847683
2518228292,02FC8C,false,283851118
2518259132,1FC464,false,283854819
2518378934,08B498,false,283858423
2518408878,0BB33D,false,283862037
2518439886,03B943,false,283865742
2518470778,03BA47,false,283869427
2518499076,02F581,false,283872830
2518534184,02F6B1,false,283876978
2518561894,03DBBC,false,283880339
2518588250,1FC097,false,283883589
2518614684,7E4EF7,true,283886787
2518639936,7E4EFA,true,283889851
2518755552,7E4EFA,true,283892966
2518780788,7E4EFC,true,283896028
2518806058,7E4EF7,true,283899091
2518831388,7E4EFA,true,283902155
2518856584,7E4EFC,true,283905217
2518881902,7E4EF7,true,283908280
2518907160,7E4EFA,true,283911344
2518932438,7E4EFC,true,283914406
2518957666,7E4EF7,true,283917469
2518982950,7E4EFA,true,283920533
2519015316,03BB28,false,283923807
2519044322,7E5308,true,283927448
2519073950,7E52DB,true,283931189
2519106258,7E52CC,true,283935067
2519138348,7E579F,true,283938895
2519168692,7E525B,true,283942530
2519201334,7E571A,true,283946426
2519228952,7E4F37,true,283949761
2519254268,7E4F39,true,283952823
2519279518,7E4F34,true,283955886
2519304804,7E4F37,true,283958950
2519330048,7E4F39,true,283962012
2519355392,00010D,true,283965082
2519380490,7E4F34,true,283968184
2519404320,7E4F37,true,283971248
2519428176,7E4F39,true,283974310
2519453052,7E4F34,true,283977373
2519478350,7E4F37,true,283980437
2519503588,7E4F39,true,283983499
2519528870,7E4F34,true,283986562
2519554128,7E4F37,true,283989626
2519579390,7E4F39,true,283992688
2519604734,7E4F34,true,283995751
2519629930,7E4F37,true,283998815
2519655268,7E4F39,true,284001877
2519680504,7E4F34,true,284004940
2519705788,7E4F37,true,284008004
2519731074,7E4F37,true,284011113
2519755144,7E4F39,true,284014175
2519779006,7E4F34,true,284017238
2519803568,7E4F37,true,284020302
2519828768,7E4F39,true,284023364
2519854018,7E4F34,true,284026427
2519879308,7E4F37,true,284029491
2519904538,7E4F39,true,284032553
2519929806,7E4F34,true,284035616
2519955078,7E4F37,true,284038680
2519980348,7E4F39,true,284041742
2520005612,7E4F34,true,284044805
2520030896,7E4F37,true,284047869
2520056212,7E4F39,true,284050931
2520081612,7E4F39,true,284054040
2520105942,7E4F34,true,284057103
2520129812,7E4F37,true,284060167
2520154074,7E4F39,true,284063229
2520179202,7E4F34,true,284066292
2520204452,7E4F37,true,284069356
2520230410,02F572,false,284072501
2520258598,7E4EFC,true,284075898
2520283842,7E4EF7,true,284078961
2520309528,7E4EFA,true,284082070
2520336432,7E4EFC,true,284085330
2520370052,0BD575,false,284088655
2520399058,1FD28C,false,284092103
2520519066,7E4056,false,284095717
2520549570,08B46C,false,284099415
2520579890,09C035,false,284103081
2520610292,0BAE6A,false,284106745
2520641732,7E4EF7,false,284110499
2520671116,03B422,false,284113998
2520703138,02F5AD,false,284117818
2520733706,7E4EFA,true,284121473
2520759242,03DBBD,false,284124632
2520878390,7E4EF7,true,284128165
2520903668,7E4EFA,true,284131229
2520928912,7E4EFC,true,284134291
2520954180,7E4EF7,true,284137354
2520979424,7E4EFA,true,284140418
2521004700,7E4EFC,true,284143480
2521029946,7E4EF7,true,284146543
2521055236,7E4EFA,true,284149607
2521080474,7E4EFC,true,284152669
2521105750,7E4EF7,true,284155732
2521131072,7E4EFA,true,284158796
2521163676,03BC86,false,284162101
2521193250,7E5787,true,284165828
2521223808,7E52E9,true,284169645
2521255958,7E578B,true,284173506
2521287214,7E52D1,true,284177245
2521318502,7E571A,true,284180983
2521351192,7E5739,true,284184888
2521377142,7E4F37,true,284188033
2521402386,7E4F39,true,284191095
2521427662,7E4F34,true,284194158
2521452988,7E4F37,true,284197222
2521478184,7E4F39,true,284200284
2521503808,7E4F37,true,284203395
2521528420,7E4F39,true,284206457
2521552282,7E4F34,true,284209520
2521576240,7E4F37,true,284212584
2521601262,7E4F39,true,284215646
2521626530,7E4F34,true,284218709
2521651774,7E4F37,true,284221773
2521677044,7E4F39,true,284224835
2521702294,7E4F34,true,284227898
2521727592,7E4F37,true,284230962
2521752836,7E4F39,true,284234024
2521778118,7E4F34,true,284237087
2521803354,7E4F37,true,284240151
2521828624,7E4F39,true,284243213
2521853946,7E4F34,true,284246276
2521879108,7E4F34,true,284249385
2521903080,7E4F37,true,284252449
2521926896,7E4F39,true,284255511
2521951680,7E4F34,true,284258574
2521976960,7E4F37,true,284261638
2522002196,7E4F39,true,284264700
2522027478,7E4F34,true,284267763
2522052722,7E4F37,true,284270827
2522077992,7E4F39,true,284273889
2522103244,7E4F34,true,284276952
2522128520,7E4F37,true,284280016
2522153772,7E4F39,true,284283078
2522179054,7E4F34,true,284286141
2522204312,7E4F37,true,284289205
2522229660,7E4F37,true,284292314
2522253872,7E4F39,true,284295376
2522277734,7E4F34,true,284298439
2522302198,7E4F37,true,284301503
2522330560,03EA34,false,284304939
2522356050,7E4EFC,true,284308025
2522381634,7E4EF7,true,284311133
2522408034,02DB9B,false,284314325
2522442586,0BD6F8,false,284317769
2522471842,1FD26B,false,284321245
2522498724,1FC9F6,false,284324520
2522526418,1FD3A1,false,284327887
2522555960,1FC558,false,284331453
2522676252,04A0B3,false,284335110
2522706008,03B9D4,false,284338688
2522737676,02FCD8,false,284342459
2522766610,02FCFF,false,284345915
2522799258,02F5D6,false,284349804
2522829696,7E4EFC,true,284353448
2522855392,03DBBB,false,284356618
2522884406,7E4EFA,true,284360133
2522909716,7E4EFC,true,284363195
2523025304,7E4EFA,true,284366312
2523050576,7E4EFC,true,284369374
2523075818,7E4EF7,true,284372437
2523101108,7E4EFA,true,284375501
2523126344,7E4EFC,true,284378563
2523151620,7E4EF7,true,284381626
2523176892,7E4EFA,true,284384690
2523202162,7E4EFC,true,284387752
2523227490,7E4EF7,true,284390815
2523252708,7E4EFA,true,284393879
2523278024,7E4EFC,true,284396941
2523311044,03BCBE,false,284400301
2523340124,7E5C05,true,284403989
2523370694,7E52D4,true,284407795
2523402924,7E52EB,true,284411664
2523435020,7E52F3,true,284415492
2523465222,7E52FD,true,284419110
2523497670,7E570A,true,284422982
2523529884,7E4F39,true,284426833
2523555160,7E4F34,true,284429896
2523580418,7E4F37,true,284432960
2523605688,7E4F39,true,284436022
2523630938,7E4F34,true,284439085
2523656334,7E4F34,true,284442194
2523680656,7E4F37,true,284445258
2523704512,7E4F39,true,284448320
2523728848,7E4F34,true,284451383
2523754016,7E4F37,true,284454447
2523779220,7E4F39,true,284457509
2523804534,7E4F34,true,284460572
2523829780,7E4F37,true,284463636
2523855056,7E4F39,true,284466698
2523880306,7E4F34,true,284469761
2523905596,7E4F37,true,284472825
2523930840,7E4F39,true,284475887
2523956130,7E4F34,true,284478950
2523981388,7E4F37,true,284482014
2524006910,7E4F37,true,284485123
2524031480,7E4F39,true,284488185
2524055342,7E4F34,true,284491248
2524079392,7E4F37,true,284494312
2524104360,7E4F39,true,284497374
2524129642,7E4F34,true,284500437
2524154888,7E4F37,true,284503501
2524180164,7E4F39,true,284506563
2524205486,7E4F34,true,284509626
2524230704,7E4F37,true,284512690
2524256020,7E4F39,true,284515752
2524281262,7E4F34,true,284518815
2524306568,7E4F37,true,284521879
2524331804,7E4F39,true,284524941
2524357080,7E4F34,true,284528004
2524382270,7E4F34,true,284531113
2524406148,7E4F37,true,284534177
2524430004,7E4F39,true,284537239
2524454794,7E4F34,true,284540302
2524483406,7E4EF7,true,284543750
2524509124,7E4EFA,true,284546866
2524534754,7E4EFC,true,284549973
2524560516,02DD5E,false,284553092
2524593998,068564,false,284556431
2524623162,0BD0C2,false,284559882
2524653854,069F58,false,284563578
2524683808,069FAD,false,284567190
2524713636,04A247,false,284570782
2524833300,7E4EFC,true,284574364
2524865166,02FCDB,false,284578160
2524893796,03B402,false,284581582
2524926168,02F5A6,false,284585446
2524957480,7E4EF7,true,284589182
2524983396,03DBBC,false,284592369
2525012222,7E4EFC,true,284595868
2525037538,7E4EF7,true,284598931
2525062756,7E4EFA,true,284601995
2525178404,7E4EFA,true,284605110
2525203628,7E4EFC,true,284608172
2525228910,7E4EF7,true,284611235
2525254168,7E4EFA,true,284614299
2525279436,7E4EFC,true,284617361
2525304690,7E4EF7,true,284620424
2525329966,7E4EFA,true,284623488
2525355196,7E4EFC,true,284626550
2525380480,7E4EF7,true,284629613
2525405804,7E4EFA,true,284632677
2525431216,7E3BAA,false,284635760
2525465614,7E533D,true,284639339
2525495614,7E578C,true,284643131
2525526684,7E5305,true,284646945
2525558818,7E5308,true,284650774
2525590154,7E5314,true,284654517
2525621418,7E52FB,true,284658253
2525653736,7E4FB3,true,284662123
2525682824,7E4F34,true,284665612
2525708076,7E4F37,true,284668676
2525733366,7E4F39,true,284671738
2525758610,7E4F34,true,284674801
2525783900,7E4F37,true,284677865
2525809132,7E4F37,true,284680974
2525833100,7E4F39,true,284684036
2525856962,7E4F34,true,284687099
2525881650,7E4F37,true,284690163
2525906880,7E4F39,true,284693225
2525932130,7E4F34,true,284696288
2525957420,7E4F37,true,284699352
2525982642,7E4F39,true,284702414
2526007918,7E4F34,true,284705477
2526033250,7E4F37,true,284708541
2526058448,7E4F39,true,284711603
2526083778,7E4F34,true,284714666
2526109028,7E4F37,true,284717730
2526134304,7E4F39,true,284720792
2526159654,7E4F39,true,284723901
2526183874,7E4F34,true,284726964
2526207744,7E4F37,true,284730028
2526232132,7E4F39,true,284733090
2526257292,7E4F34,true,284736153
2526282544,7E4F37,true,284739217
2526307820,7E4F39,true,284742279
2526333056,7E4F34,true,284745342
2526358332,7E4F37,true,284748406
2526383590,7E4F39,true,284751468
2526408866,7E4F34,true,284754531
2526434124,7E4F37,true,284757595
2526459400,7E4F39,true,284760657
2526484714,7E4F34,true,284763720
2526510182,7E4F34,true,284766829
2526534704,7E4F37,true,284769893
2526558520,7E4F39,true,284772955
2526583704,02F508,false,284776144
2526611466,7E4EFC,true,284779520
2526636742,7E4EF7,true,284782583
2526662420,7E4EFA,true,284785692
2526689360,7E4EFC,true,284788952
2526723662,0BDD88,false,284792344
2526753970,1FD046,false,284795969
2526783178,1FC7C0,false,284799502
2526812844,08B365,false,284803065
2526843548,0BB33A,false,284806776
2526963796,7E4EF7,true,284810417
2526995412,7E4EEC,false,284814176
2527023478,02F5B5,false,284817541
2527058446,02F5D4,false,284821683
2527087028,03DBB9,false,284825132
2527112300,1FC07C,false,284828260
2527139934,7E4EF7,true,284831602
2527165186,7E4EFA,true,284834666
2527190448,7E4EFC,true,284837728
2527216428,02DA4B,false,284840817
2527336154,7E5317,true,284844385
2527367834,7E52D7,true,284848172
2527399792,7E52E1,true,284851991
2527431988,7E5326,true,284855831
2527463100,7E5328,true,284859546
2527494340,7E525B,true,284863281
2527527098,7E5715,true,284867188
2527555022,7E4F37,true,284870558
2527586886,7E3D1F,true,284873752
2527611428,7E4F37,true,284876845
2527635244,7E4F39,true,284879907
2527659584,7E4F34,true,284882970
2527684698,7E4F37,true,284886034
2527709968,7E4F39,true,284889096
2527735210,7E4F34,true,284892159
2527760486,7E4F37,true,284895223
2527785724,7E4F39,true,284898285
2527811020,7E4F34,true,284901348
2527836272,7E4F37,true,284904412
2527861548,7E4F39,true,284907474
2527886798,7E4F34,true,284910537
2527912074,7E4F37,true,284913601
2527937644,7E4F37,true,284916710
2527962200,7E4F39,true,284919772
2527986062,7E4F34,true,284922835
2528010084,7E4F37,true,284925899
2528035112,7E4F39,true,284928961
2528060394,7E4F34,true,284932024
2528085640,7E4F37,true,284935088
2528110916,7E4F39,true,284938150
2528136158,7E4F34,true,284941213
2528161456,7E4F37,true,284944277
2528186700,7E4F39,true,284947339
2528211974,7E4F34,true,284950402
2528237248,7E4F37,true,284953466
2528262516,7E4F39,true,284956528
2528287754,7E4F34,true,284959591
2528312982,7E4F34,true,284962700
2528336900,7E4F37,true,284965764
2528360716,7E4F39,true,284968826
2528385536,7E4F34,true,284971889
2528410826,7E4F37,true,284974953
2528436064,7E4F39,true,284978015
2528461346,7E4F34,true,284981078
2528486596,7E4F37,true,284984142
2528515240,7E4EFA,true,284987590
2528540912,7E4EFC,true,284990704
2528566562,7E4EF7,true,284993812
2528592834,02DB95,false,284996991
2528626278,1FD26C,false,285000320
2528745110,0BBBFB,false,285003755
2528775600,1FDC69,false,285007423
2528806624,1FD0BF,false,285011175
2528836528,0484F6,false,285014781
2528865750,02DA0A,false,285018309
2528897308,03B9BC,false,285022074
2528926446,03B410,false,285025547
2528958462,02F6B4,false,285029367
2528989788,7E4EF7,true,285033107
2529106092,03DBBB,false,285036355
2529134758,7E4EF7,true,285039838
2529160048,7E4EFA,true,285042902
2529185286,7E4EFC,true,285045964
2529211428,03BBD8,false,285049119
2529242406,7E5013,true,285052828
2529273718,7E5362,true,285056566
2529305992,7E5713,true,285060422
2529338354,7E5721,true,285064270
2529373912,7E415E,true,285067888
2529403894,7E5758,true,285071631
2529434734,7E52EE,true,285075528
2529462734,7E4F39,true,285078941
2529487970,7E4F34,true,285082004
2529513252,7E4F37,true,285085068
2529538490,7E4F39,true,285088130
2529563766,7E4F34,true,285091193
2529589024,7E4F37,true,285094257
2529614308,7E4F39,true,285097319
2529639630,7E4F34,true,285100382
2529664836,7E4F37,true,285103446
2529690152,7E4F39,true,285106508
2529715394,7E4F34,true,285109571
2529740642,7E4F34,true,285112680
2529764614,7E4F37,true,285115744
2529788430,7E4F39,true,285118806
2529813168,7E4F34,true,285121869
2529838406,7E4F37,true,285124933
2529863668,7E4F39,true,285127995
2529888918,7E4F34,true,285131058
2529914200,7E4F37,true,285134122
2529939438,7E4F39,true,285137184
2529964734,7E4F34,true,285140247
2529989980,7E4F37,true,285143311
2530015276,7E4F39,true,285146373
2530040506,7E4F34,true,285149436
2530065796,7E4F37,true,285152500
2530091204,7E4F37,true,285155609
2530115416,7E4F39,true,285158671
2530139238,7E4F34,true,285161734
2530163690,7E4F37,true,285164798
2530188828,7E4F39,true,285167860
2530214110,7E4F34,true,285170923
2530239354,7E4F37,true,285173987
2530264616,7E4F39,true,285177049
2530289866,7E4F34,true,285180112
2530315158,7E4F37,true,285183176
2530341090,02F565,false,285186317
2530369254,7E4EFC,true,285189718
2530394530,7E4EF7,true,285192781
2530420208,7E4EFA,true,285195890
2530537384,02DC95,false,285199190
2530571526,0BD8A2,false,285202578
2530601094,1FD317,false,285206103
2530631012,7E4EEC,false,285209712
2530660248,08B485,false,285213235
2530690188,1FDAF2,false,285216850
2530720906,03B975,false,285220530
2530751194,03BAD8,false,285224144
2530780212,02F671,false,285227621
2530904726,02F66D,false,285231725
2530932748,03DBB6,false,285235113
2530958782,1FC06C,false,285238331
2530985698,7E4EFA,true,285241593
2531010968,7E4EFC,true,285244655
2531036230,7E4EF7,true,285247718
2531065308,7E5334,true,285251205
2531097064,7E52D1,true,285254995
2531129002,7E52FB,true,285258814
2531166232,7E5306,true,285262621
2531195960,7E578C,true,285266348
2531225650,7E52E6,true,285270090
2531257686,7E571B,true,285273937
2531288334,7E4F37,true,285277614
2531313596,7E4F39,true,285280676
2531338846,7E4F34,true,285283739
2531364136,7E4F37,true,285286803
2531389376,7E4F39,true,285289865
2531414658,7E4F34,true,285292928
2531439902,7E4F37,true,285295992
2531465172,7E4F39,true,285299054
2531490410,7E4F34,true,285302117
2531515920,7E4F34,true,285305226
2531540300,7E4F37,true,285308290
2531564156,7E4F39,true,285311352
2531588372,7E4F34,true,285314415
2531613488,7E4F37,true,285317479
2531638720,7E4F39,true,285320541
2531664002,7E4F34,true,285323604
2531689252,7E4F37,true,285326668
2531714528,7E4F39,true,285329730
2531739774,7E4F34,true,285332793
2531765056,7E4F37,true,285335857
2531790280,7E4F39,true,285338919
2531815564,7E4F34,true,285341982
2531840816,7E4F37,true,285345046
2531866436,7E4F37,true,285348155
2531891104,7E4F39,true,285351217
2531914926,7E4F34,true,285354280
2531938838,7E4F37,true,285357344
2531963902,7E4F39,true,285360406
2531989104,7E4F34,true,285363469
2532014428,7E4F37,true,285366533
2532039672,7E4F39,true,285369595
2532064954,7E4F34,true,285372658
2532090204,7E4F37,true,285375722
2532115496,7E4F39,true,285378784
2532140732,7E4F34,true,285381847
2532169158,7E4EF7,true,285385275
2532194978,7E4EFA,true,285388404
2532220728,000118,true,285391521
2532246064,02FD7B,false,285394653
2532277374,0681E7,false,285397955
2532305386,0BDF4F,false,285401411
2532335976,1FC420,false,285405100
2532365658,1FD029,false,285408675
2532395134,1FD5B7,false,285412228
2532424682,7E4EFA,true,285415788
2532456780,02FC65,false,285419608
2532485258,03B44C,false,285423013
2532518090,02F6B4,false,285426927
2532547980,7E4EFC,true,285430503
2532573474,03DBBB,false,285433661
2532693052,7E4EF7,true,285437238
2532718336,7E4EFA,true,285440302
2532743572,7E4EFC,true,285443364
2532769260,02DA4B,false,285446453
2532795222,02DA46,false,285449516
2532821260,02DA49,false,285452580
2532847222,02DA4B,false,285455642
2532873202,02DA46,false,285458705
2532899194,02DA49,false,285461769
2532925150,02DA4B,false,285464831
2533042632,7E4F66,true,285468122
2533074418,7E5310,true,285471910
2533106188,7E52CC,true,285475710
2533138638,7E5713,true,285479582
2533169724,7E51C4,true,285483292
2533200894,7E526B,true,285487022
2533233276,7E52E6,true,285490885
2533264162,7E4F34,true,285494585
2533289408,7E4F37,true,285497649
2533321078,7E4F34,true,285500872
2533344908,7E4F37,true,285503936
2533368884,7E4F39,true,285506998
2533393850,7E4F34,true,285510061
2533419102,7E4F37,true,285513125
2533444372,7E4F39,true,285516187
2533469622,7E4F34,true,285519250
2533494912,7E4F37,true,285522314
2533520222,7E4F39,true,285525376
2533545418,7E4F34,true,285528439
2533570742,7E4F37,true,285531503
2533596000,7E4F39,true,285534565
2533621270,7E4F34,true,285537628
2533646520,7E4F37,true,285540692
2533671764,7E4F37,true,285543801
2533695716,7E4F39,true,285546863
2533719538,7E4F34,true,285549926
2533744290,7E4F37,true,285552990
2533769514,7E4F39,true,285556052
2533794782,7E4F34,true,285559115
2533820040,7E4F37,true,285562179
2533845308,7E4F39,true,285565241
2533870552,7E4F34,true,285568304
2533895856,7E4F37,true,285571368
2533921088,7E4F39,true,285574430
2533946390,7E4F34,true,285577493
2533971708,7E4F37,true,285580557
2533996904,7E4F39,true,285583619
2534022312,7E4F39,true,285586728
2534046530,7E4F34,true,285589791
2534070360,7E4F37,true,285592855
2534094798,7E4F39,true,285595917
2534119930,7E4F34,true,285598980
2534147414,02F565,false,285602302
2534175250,7E4EF7,true,285605666
2534208502,0BD41D,false,285608959
2534237520,1FD26C,false,285612403
2534268002,1FD0C6,false,285616068
2534297242,1FD5C9,false,285619600
2534327736,1FCC91,false,285623273
2534357472,7E4EF7,true,285626847
2534478974,02FCD4,false,285630604
2534507528,03B368,false,285634027
2534541074,02F5DE,false,285638012
2534570466,03DC49,false,285641536
2534595232,1FC072,false,285644618
2534623962,7E4EFC,true,285648082
2534649206,7E4EF7,true,285651145
2534674484,7E4EFA,true,285654209
2534700420,02DA49,false,285657298
2534816902,7E4EF7,true,285660440
2534847492,7E52E6,true,285664097
2534878392,7E522F,true,285667800
2534911050,7E5715,true,285671696
2534943302,7E5782,true,285675543
2534973850,7E5886,true,285679200
2535005750,7E52D7,true,285683010
2535037552,7E4F37,true,285686820
2535062868,7E4F39,true,285689882
2535094902,00015F,true,285693118
2535119178,7E4F37,true,285696189
2535143034,7E4F39,true,285699251
2535167480,7E4F34,true,285702314
2535192680,7E4F37,true,285705378
2535217916,7E4F39,true,285708440
2535243198,7E4F34,true,285711503
2535268442,7E4F37,true,285714567
2535293712,7E4F39,true,285717629
2535318976,7E4F34,true,285720692
2535344260,7E4F37,true,285723756
2535369512,7E4F39,true,285726818
2535394794,7E4F34,true,285729881
2535420044,7E4F37,true,285732945
2535445566,7E4F37,true,285736054
2535469992,7E4F39,true,285739116
2535493854,7E4F34,true,285742179
2535518014,7E4F37,true,285745243
2535543104,7E4F39,true,285748305
2535568346,7E4F34,true,285751368
2535593622,7E4F37,true,285754432
2535618860,7E4F39,true,285757494
2535644142,7E4F34,true,285760557
2535669408,7E4F37,true,285763621
2535694684,7E4F39,true,285766683
2535719934,7E4F34,true,285769746
2535745232,7E4F37,true,285772810
2535770468,7E4F39,true,285775872
2535796102,7E4F39,true,285778981
2535820830,7E4F34,true,285782044
2535844660,7E4F37,true,285785108
2535868516,7E4F39,true,285788170
2535893530,7E4F34,true,285791233
2535918736,7E4F37,true,285794297
2535945248,02F50C,false,285797504
2535973554,02DB9B,false,285800919
2536008162,0BD86D,false,285804360
2536037728,1FD2C2,false,285807885
2536067228,7E4EFC,true,285811436
2536097244,09C033,false,285815050
2536127316,1FCC7E,false,285818673
2536247902,03B9A3,false,285822345
2536277730,03B3EE,false,285825892
2536308776,02F668,false,285829608
2536341894,7E4EF7,true,285833543
2536368090,03DBB9,false,285836758
2536396278,7E4EFC,true,285840190
2536421554,7E4EF7,true,285843253
2536446826,7E4EFA,true,285846317
2536472378,02DA49,false,285849406
2536498346,02DA4B,false,285852468
2536615884,7E4F79,true,285855755
2536648262,7E538B,true,285859619
2536680718,7E52CE,true,285863490
2536713030,7E52E1,true,285867349
2536743680,7E5886,true,285871016
2536775584,7E525B,true,285874833
2536806676,7E4F37,true,285878557
2536831992,7E4F39,true,285881619
2536857242,7E4F34,true,285884682
2536889254,7E4F34,true,285887926
2536913172,7E4F37,true,285890990
2536936988,7E4F39,true,285894052
2536961796,7E4F34,true,285897115
2536987056,7E4F37,true,285900179
2537012332,7E4F39,true,285903241
2537037574,7E4F34,true,285906304
2537062864,7E4F37,true,285909368
2537088094,7E4F39,true,285912430
2537113390,7E4F34,true,285915493
2537138642,7E4F37,true,285918557
2537163932,7E4F39,true,285921619
2537189170,7E4F34,true,285924682
2537214460,7E4F37,true,285927746
2537239836,7E4F37,true,285930855
2537264000,7E4F39,true,285933917
2537287822,7E4F34,true,285936980
2537312330,7E4F37,true,285940044
2537337484,7E4F39,true,285943106
2537362766,7E4F34,true,285946169
2537388016,7E4F37,true,285949233
2537413280,7E4F39,true,285952295
2537438522,7E4F34,true,285955358
2537463814,7E4F37,true,285958422
2537489052,7E4F39,true,285961484
2537514342,7E4F34,true,285964547
2537539600,7E4F37,true,285967611
2537564876,7E4F39,true,285970673
2537590364,7E4F39,true,285973782
2537614774,7E4F34,true,285976845
2537638604,7E4F37,true,285979909
2537662820,7E4F39,true,285982971
2537687856,7E4F34,true,285986034
2537715584,02F506,false,285989382
2537743202,7E4EF7,true,285992720
2537777370,0BDAF8,false,285996102
2537807548,1FD276,false,285999701
2537836924,7E4EFC,true,286003247
2537864776,1FD378,false,286006634
2537893224,0AE996,false,286010078
2537923186,1FD335,false,286013689
2538044316,7E4EF7,true,286017428
2538074122,03BA26,false,286020980
2538104414,02F650,false,286024606
2538139106,7E4EFC,true,286028713
2538165806,03DBBB,false,286031964
2538192760,1FC04E,false,286035275
2538218824,7E4EFA,true,286038435
2538244094,7E4EFC,true,286041497
2538269330,7E4EF7,true,286044560
2538295406,02DA46,false,286047649
2538415162,7E5331,true,286051225
2538446812,7E51E9,true,286055007
2538478828,7E5782,true,286058823
2538511178,7E5791,true,286062676
2538541436,7E52D7,true,286066301
2538573944,7E5331,true,286070182
2538603536,7E4F39,true,286073743
2538628818,7E4F34,true,286076806
2538654312,7E3BBE,true,286079896
2538685472,7E4F34,true,286083093
2538709302,7E4F37,true,286086157
2538733452,7E4F39,true,286089219
2538758480,7E4F34,true,286092282
2538783732,7E4F37,true,286095346
2538809000,7E4F39,true,286098408
2538834310,7E4F34,true,286101471
2538859520,7E4F37,true,286104535
2538884844,7E4F39,true,286107597
2538910094,7E4F34,true,286110660
2538935384,7E4F37,true,286113724
2538960620,7E4F39,true,286116786
2538985896,7E4F34,true,286119849
2539011328,7E4044,true,286122935
2539036260,7E4F37,true,286126022
2539060116,7E4F39,true,286129084
2539083938,7E4F34,true,286132147
2539108896,7E4F37,true,286135211
2539134140,7E4F39,true,286138273
2539159422,7E4F34,true,286141336
2539184680,7E4F37,true,286144400
2539209948,7E4F39,true,286147462
2539235178,7E4F34,true,286150525
2539260470,7E4F37,true,286153589
2539285780,7E4F39,true,286156651
2539311004,7E4F34,true,286159714
2539336328,7E4F37,true,286162778
2539361572,7E4F39,true,286165840
2539386848,7E4F39,true,286168949
2539410914,7E4F34,true,286172012
2539438490,02DD4E,false,286175532
2539471150,06829D,false,286178840
2539499064,0BD586,false,286182228
2539528116,048072,false,286185680
2539560584,1FD145,false,286189607
2539590850,06F7D6,false,286193247
2539621478,1FD330,false,286196938
2539652380,7E4EF7,true,286200641
2539683056,03BA7E,false,286204295
2539711028,03B345,false,286207663
2539835334,02F6B1,false,286211745
2539865202,7E4EFA,true,286215321
2539890980,03DBBA,false,286218498
2539920066,7E4EFC,true,286222020
2539945270,7E4EF7,true,286225083
2539970608,7E4EFA,true,286228147
2539996228,02DA49,false,286231236
2540022194,02DA4B,false,286234298
2540048244,02DA46,false,286237361
2540074216,02DA49,false,286240425
2540191782,7E4F7B,true,286243734
2540223612,7E5784,true,286247534
2540255376,7E5308,true,286251330
2540287858,7E52F3,true,286255202
2540320112,7E5304,true,286259052
2540350328,7E530C,true,286262674
2540383066,7E52CC,true,286266586
2540411596,7E4F37,true,286270020
2540436840,7E4F39,true,286273082
2540468614,7E4F34,true,286276325
2540492484,7E4F37,true,286279389
2540516422,7E4F39,true,286282451
2540541432,7E4F34,true,286285514
2540566716,7E4F37,true,286288578
2540591960,7E4F39,true,286291640
2540617242,7E4F34,true,286294703
2540642478,7E4F37,true,286297767
2540667756,7E4F39,true,286300829
2540692994,7E4F34,true,286303892
2540718284,7E4F37,true,286306956
2540743522,7E4F39,true,286310018
2540768798,7E4F34,true,286313081
2540794056,7E4F37,true,286316145
2540819292,7E4F37,true,286319254
2540843252,7E4F39,true,286322316
2540867074,7E4F34,true,286325379
2540891828,7E4F37,true,286328443
2540917122,7E4F39,true,286331505
2540942326,7E4F34,true,286334568
2540967656,7E4F37,true,286337632
2540992900,7E4F39,true,286340694
2541018168,7E4F34,true,286343757
2541043440,7E4F37,true,286346821
2541068702,7E4F39,true,286349883
2541093960,7E4F34,true,286352946
2541119250,7E4F37,true,286356010
2541144488,7E4F39,true,286359072
2541173394,7E4EFA,true,286362601
2541199286,02DCC5,false,286365892
2541232184,1FC54E,false,286369303
2541263426,0980C4,false,286373082
2541293634,1FD287,false,286376711
2541324100,1FCDDD,false,286380393
2541355022,02FA5A,false,286384088
2541386134,03B9DE,false,286387797
2541414056,03B383,false,286391150
2541448244,02F5E8,false,286395206
2541477908,7E4EFC,true,286398757
2541503484,03DBB6,false,286401924
2541623088,7E4EFA,true,286405510
2541648356,7E4EFC,true,286408572
2541673586,7E4EF7,true,286411635
2541699236,02DA46,false,286414724
2541725208,02DA49,false,286417788
2541751190,02DA4B,false,286420850
2541777192,02DA46,false,286423913
2541803172,02DA49,false,286426977
2541829156,02DA4B,false,286430039
2541855126,02DA46,false,286433102
2541972436,7E4F5A,true,286436354
2542003000,7E5207,true,286440012
2542034982,7E5344,true,286443832
2542067522,7E5317,true,286447710
2542099906,7E5337,true,286451567
2542130046,7E5283,true,286455177
2542162622,7E52D1,true,286459066
2542192916,7E4F39,true,286462703
2542218158,7E4F34,true,286465766
2542250188,7E4F37,true,286469010
2542274098,7E4F39,true,286472072
2542297920,7E4F34,true,286475135
2542322762,7E4F37,true,286478199
2542348046,7E4F39,true,286481261
2542373290,7E4F34,true,286484324
2542398580,7E4F37,true,286487388
2542423816,7E4F39,true,286490450
2542449084,7E4F34,true,286493513
2542474356,7E4F37,true,286496577
2542499626,7E4F39,true,286499639
2542524890,7E4F34,true,286502702
2542550174,7E4F37,true,286505766
2542575412,7E4F39,true,286508828
2542600748,7E4F39,true,286511937
2542624918,7E4F34,true,286515000
2542648788,7E4F37,true,286518064
2542673240,7E4F39,true,286521126
2542698398,7E4F34,true,286524189
2542723688,7E4F37,true,286527253
2542749004,7E4F39,true,286530315
2542774192,7E4F34,true,286533378
2542799516,7E4F37,true,286536442
2542824774,7E4F39,true,286539504
2542850050,7E4F34,true,286542567
2542875322,7E4F37,true,286545631
2542900592,7E4F39,true,286548693
2542925842,7E4F34,true,286551756
2542951292,7E4F34,true,286554865
2542980664,1FC00B,false,286558557
2543007738,7E4EFC,true,286562027
2543042008,1FC452,false,286565493
2543072874,1FD639,false,286569191
2543103126,1FD306,false,286572831
2543133086,1FDAF4,false,286576444
2543164350,02FB4E,false,286580175
2543193490,03B406,false,286583652
2543224248,02F643,false,286587334
2543258234,7E4EFA,true,286591362
2543284728,03DBBD,false,286594593
2543402696,1FC05C,false,286598021
2543428624,7E4EFC,true,286601164
2543453866,7E4EF7,true,286604227
2543479156,7E4EFA,true,286607291
2543505244,02DA49,false,286610380
2543531216,02DA4B,false,286613442
2543557228,02DA46,false,286616505
2543583206,02DA49,false,286619569
2543609182,02DA4B,false,286622631
2543635162,02DA46,false,286625694
2543751650,7E4EFC,true,286628837
2543782262,7E52EB,true,286632501
2543813398,7E52CC,true,286636222
2543845882,7E4FA2,true,286640092
2543878126,7E578B,true,286643944
2543909430,7E52D1,true,286647683
2543940920,7E52CC,true,286651453
2543973040,7E4F34,true,286655293
2543998364,7E4F37,true,286658357
2544030288,7E4F34,true,286661580
2544054468,7E4F37,true,286664644
2544078324,7E4F39,true,286667706
2544102828,7E4F34,true,286670769
2544128038,7E4F37,true,286673833
2544153276,7E4F39,true,286676895
2544178558,7E4F34,true,286679958
2544203794,7E4F37,true,286683022
2544229064,7E4F39,true,286686084
2544254328,7E4F34,true,286689147
2544279612,7E4F37,true,286692211
2544304870,7E4F39,true,286695273
2544330146,7E4F34,true,286698336
2544355404,7E4F37,true,286701400
2544380854,7E4F37,true,286704509
2544405272,7E4F39,true,286707571
2544429134,7E4F34,true,286710634
2544453350,7E4F37,true,286713698
2544478388,7E4F39,true,286716760
2544503662,7E4F34,true,286719823
2544528986,7E4F37,true,286722887
2544554184,7E4F39,true,286725949
2544579506,7E4F34,true,286729012
2544604758,7E4F37,true,286732076
2544630028,7E4F39,true,286735138
2544655270,7E4F34,true,286738201
2544680576,7E4F37,true,286741265
2544705806,7E4F39,true,286744327
2544735068,02DB94,false,286747865
2544766834,068326,false,286751137
2544794344,0BEA55,false,286754583
2544825072,7E4F04,false,286758362
2544856028,1FC42D,false,286762100
2544885444,03B991,false,286765639
2544917166,02FC74,false,286769421
2544945570,03B40B,false,286772819
2544977798,02F601,false,286776660
2545009484,7E4EF7,true,286780441
2545035422,03DBBC,false,286783631
2545065260,02DA38,false,286787234
2545184248,7E4EF7,true,286790712
2545209500,7E4EFA,true,286793776
2545234768,7E4EFC,true,286796838
2545260408,02DA4B,false,286799927
2545286370,02DA46,false,286802990
2545312348,02DA49,false,286806054
2545338324,02DA4B,false,286809116
2545364304,02DA46,false,286812179
2545390302,02DA49,false,286815243
2545416310,02DA4B,false,286818305
2545442278,02DA46,false,286821368
2545562000,7E534C,true,286824942
2545593742,7E52EB,true,286828731
2545625756,7E5787,true,286832550
2545658050,7E5304,true,286836406
2545689318,7E532C,true,286840140
2545720612,7E52F3,true,286843884
2545753408,7E530A,true,286847802
2545779564,7E4F39,true,286850969
2545811188,7E4021,true,286854130
2545836042,7E4F39,true,286857256
2545859904,7E4F34,true,286860319
2545884194,7E4F37,true,286863383
2545909328,7E4F39,true,286866445
2545934530,7E4F34,true,286869508
2545959854,7E4F37,true,286872572
2545985092,7E4F39,true,286875634
2546010374,7E4F34,true,286878697
2546035626,7E4F37,true,286881761
2546060896,7E4F39,true,286884823
2546086138,7E4F34,true,286887886
2546111444,7E4F37,true,286890950
2546136680,7E4F39,true,286894012
2546162226,7E4F39,true,286897121
2546186842,7E4F34,true,286900184
2546210712,7E4F37,true,286903248
2546234692,7E4F39,true,286906310
2546259676,7E4F34,true,286909373
2546284952,7E4F37,true,286912437
2546310182,7E4F39,true,286915499
2546335458,7E4F34,true,286918562
2546360716,7E4F37,true,286921626
2546386000,7E4F39,true,286924688
2546411322,7E4F34,true,286927751
2546436580,7E4F37,true,286930815
2546461842,7E4F39,true,286933877
2546487078,7E4F34,true,286936940
2546512838,02F565,false,286940063
2546544114,06BB79,false,286943937
2546575438,06831B,false,286947236
2546603580,0BEA4D,false,286950684
2546634768,08B500,false,286954453
2546665162,1FD31D,false,286958113
2546695460,7E4EFC,true,286961747
2546726748,02FC6E,false,286965469
2546755090,03B36D,false,286968868
2546789342,02F5F1,false,286972931
2546817546,03DBBB,false,286976347
2546843964,1FC096,false,286979597
2546964442,000131,false,286983231
2546989882,7E4EF7,true,286986321
2547015128,7E4EFA,true,286989385
2547040404,7E4EFC,true,286992447
2547066558,02DA4B,false,286995536
2547092520,02DA46,false,286998599
2547118518,02DA49,false,287001663
2547144520,02DA4B,false,287004725
2547170500,02DA46,false,287007788
2547196492,02DA49,false,287010852
2547222448,02DA4B,false,287013914
2547340624,7E52E1,true,287017291
2547372402,7E530E,true,287021086
2547404400,7E5787,true,287024902
2547436610,7E5334,true,287028748
2547467834,7E4FAF,true,287032477
2547498934,7E4F34,true,287036200
2547524192,7E4F37,true,287039264
2547549468,7E4F39,true,287042326
2547574790,7E4F34,true,287045389
2547606710,7E4F39,true,287048613
2547630778,7E4F34,true,287051676
2547654648,7E4F37,true,287054740
2547679258,7E4F39,true,287057802
2547704486,7E4F34,true,287060865
2547729736,7E4F37,true,287063929
2547755012,7E4F39,true,287066991
2547780248,7E4F34,true,287070054
2547805532,7E4F37,true,287073118
2547830778,7E4F39,true,287076180
2547856046,7E4F34,true,287079243
2547881312,7E4F37,true,287082307
2547906588,7E4F39,true,287085369
2547931838,7E4F34,true,287088432
2547957238,7E4F34,true,287091541
2547981560,7E4F37,true,287094605
2548005416,7E4F39,true,287097667
2548029752,7E4F34,true,287100730
2548054910,7E4F37,true,287103794
2548080108,7E4F39,true,287106856
2548105422,7E4F34,true,287109919
2548130668,7E4F37,true,287112983
2548155944,7E4F39,true,287116045
2548181194,7E4F34,true,287119108
2548206484,7E4F37,true,287122172
2548231728,7E4F39,true,287125234
2548257018,7E4F34,true,287128297
2548283596,02F51A,false,287131514
2548402102,7E4EFA,true,287134966
2548436444,0BDD3A,false,287138356
2548466806,02DB10,false,287141982
2548497282,1FC7D0,false,287145659
2548527142,0BB0D9,false,287149257
2548557966,7E4EF7,true,287152947
2548587886,03B3CB,false,287156513
2548618656,02F643,false,287160197
2548651136,7E4EFA,true,287164061
2548767654,03DBB9,false,287167319
2548795776,7E4EFA,true,287170750
2548821012,7E4EFC,true,287173812
2548846294,7E4EF7,true,287176875
2548872346,03BB8B,false,287180032
2548903026,7E5B43,true,287183700
2548934452,7E5310,true,287187455
2548966912,7E52DE,true,287191324
2548999092,7E4FC2,true,287195169
2549033864,7E52C4,true,287198703
2549063074,7E4F39,true,287202374
2549086936,7E4F34,true,287205437
2549111682,7E4F37,true,287208501
2549136922,7E4F39,true,287211563
2549162166,7E4F34,true,287214626
2549187456,7E4F37,true,287217690
2549212700,7E4F39,true,287220752
2549237974,7E4F34,true,287223815
2549263248,7E4F37,true,287226879
2549288510,7E4F39,true,287229941
2549313752,7E4F34,true,287233004
2549339036,7E4F37,true,287236068
2549364352,7E4F39,true,287239130
2549389668,7E4F39,true,287242239
2549413846,7E4F34,true,287245302
2549437716,7E4F37,true,287248366
2549462166,7E4F39,true,287251428
2549487358,7E4F34,true,287254491
2549512608,7E4F37,true,287257555
2549537884,7E4F39,true,287260617
2549563120,7E4F34,true,287263680
2549588404,7E4F37,true,287266744
2549613662,7E4F39,true,287269806
2549638938,7E4F34,true,287272869
2549664204,7E4F37,true,287275933
2549689480,7E4F39,true,287278995
2549714722,7E4F34,true,287282058
2549740244,7E4F34,true,287285167
2549764724,7E4F37,true,287288231
2549788540,7E4F39,true,287291293
2549812692,7E4F34,true,287294356
2549837796,7E4F37,true,287297420
2549865412,02F565,false,287300760
2549892668,02DCCA,false,287304061
2549927444,02FC7E,false,287307496
2549958642,7E4EF7,true,287311230
2549988860,0484DB,false,287314882
2550018580,7E4EFC,false,287318454
2550050708,02FC68,false,287322270
2550079330,7E4EFC,true,287325696
2550202036,02F6A5,false,287329604
2550231812,03E08A,false,287333170
2550256678,1FC03D,false,287336264
2550285510,7E4EFA,true,287339743
2550310748,7E4EFC,true,287342805
2550336018,7E4EF7,true,287345868
2550361926,02DA46,false,287348957
2550387914,02DA49,false,287352021
2550413898,02DA4B,false,287355083
2550439900,02DA46,false,287358146
2550558320,7E5788,true,287361554
2550590140,7E573A,true,287365351
2550622018,7E52E1,true,287369149
2550654222,7E5312,true,287372995
2550685416,7E4F9F,true,287376720
2550716560,7E4F37,true,287380451
2550741818,7E4F39,true,287383513
2550767100,7E4F34,true,287386576
2550792416,7E4F37,true,287389640
2550824318,7E4F34,true,287392863
2550848338,7E4F37,true,287395927
2550872154,7E4F39,true,287398989
2550896868,7E4F34,true,287402052
2550922128,7E4F37,true,287405116
2550947372,7E4F39,true,287408178
2550972654,7E4F34,true,287411241
2550997904,7E4F37,true,287414305
2551023174,7E4F39,true,287417367
2551048438,7E4F34,true,287420430
2551073716,7E4F37,true,287423494
2551098974,7E4F39,true,287426556
2551124242,7E4F34,true,287429619
2551149500,7E4F37,true,287432683
2551174892,7E4F37,true,287435792
2551199152,7E4F39,true,287438854
2551223014,7E4F34,true,287441917
2551247410,7E4F37,true,287444981
2551272552,7E4F39,true,287448043
2551297762,7E4F34,true,287451106
2551323084,7E4F37,true,287454170
2551348322,7E4F39,true,287457232
2551373598,7E4F34,true,287460295
2551398864,7E4F37,true,287463359
2551424140,7E4F39,true,287466421
2551449382,7E4F34,true,287469484
2551474680,7E4F37,true,287472548
2551499924,7E4F39,true,287475610
2551526332,02F572,false,287478822
2551553940,7E4EFA,true,287482271
2551586952,1FC420,false,287485727
2551617136,09F8F9,false,287489409
2551647646,04A182,false,287493077
2551678158,1FCD2F,false,287496766
2551709514,7E4EFA,true,287500510
2551738554,03B3CE,false,287503976
2551770200,02F5E8,false,287507760
2551801384,7E4EFC,true,287511475
2551826946,03DBB6,false,287514638
2551857706,02DA35,false,287518323
2551976272,7E4EFA,true,287521760
2552001548,7E4EFC,true,287524822
2552026864,7E4EF7,true,287527885
2552052528,02DA46,false,287530974
2552078500,02DA49,false,287534038
2552104464,02DA4B,false,287537100
2552130526,02DA46,false,287540163
2552156506,02DA49,false,287543227
2552182482,02DA4B,false,287546289
2552208462,02DA46,false,287549352
2552324578,7E3BA0,false,287552442
2552354738,7E5329,true,287556064
2552385840,7E52D1,true,287559774
2552418370,7E5347,true,287563651
2552450592,7E571C,true,287567497
2552480734,7E5717,true,287571108
2552510480,7E4F37,true,287574678
2552535744,7E4F39,true,287577740
2552560994,7E4F34,true,287580803
2552586276,7E4F37,true,287583867
2552617934,7E4F34,true,287587090
2552641804,7E4F37,true,287590154
2552665662,7E4F39,true,287593216
2552690682,7E4F34,true,287596279
2552715972,7E4F37,true,287599343
2552741202,7E4F39,true,287602405
2552766478,7E4F34,true,287605468
2552791736,7E4F37,true,287608532
2552817012,7E4F39,true,287611594
2552842270,7E4F34,true,287614657
2552867560,7E4F37,true,287617721
2552892788,7E4F39,true,287620783
2552918070,7E4F34,true,287623846
2552943320,7E4F37,true,287626910
2552968586,7E4F37,true,287630019
2552992592,7E4F39,true,287633081
2553016414,7E4F34,true,287636144
2553041134,7E4F37,true,287639208
2553066380,7E4F39,true,287642270
2553091622,7E4F34,true,287645333
2553116898,7E4F37,true,287648397
2553142136,7E4F39,true,287651459
2553167418,7E4F34,true,287654522
2553192664,7E4F37,true,287657586
2553217940,7E4F39,true,287660648
2553243192,7E4F34,true,287663711
2553268476,7E4F37,true,287666775
2553293706,7E4F39,true,287669837
2553319100,7E4F39,true,287672946
2553343362,7E4F34,true,287676009
2553367584,02F56E,false,287679118
2553395776,7E4EFA,true,287682625
2553428166,1FD39F,false,287685862
2553455812,0BDD98,false,287689194
2553486176,1FD26C,false,287692833
2553517518,1FC422,false,287696601
2553546872,03B97B,false,287700129
2553578638,1FCEAB,false,287703917
2553607588,03B3F3,false,287707374
2553639988,02F5C2,false,287711238
2553761610,7E4EFC,true,287715024
2553786886,7E4EF7,true,287718087
2553812124,7E4EFA,true,287721151
2553837400,7E4EFC,true,287724213
2553862650,7E4EF7,true,287727276
2553887932,7E4EFA,true,287730340
2553913264,7E4EFC,true,287733402
2553938466,7E4EF7,true,287736465
2553963804,7E4EFA,true,287739529
2553989048,7E4EFC,true,287742591
2554014318,7E4EF7,true,287745654
2554129894,7E4EF7,true,287748769
2554155170,7E4EFA,true,287751833
2554180408,7E4EFC,true,287754895
2554205690,7E4EF7,true,287757958
2554230948,7E4EFA,true,287761022
2554256212,7E4EFC,true,287764084
2554281534,7E4EF7,true,287767147
2554306738,7E4EFA,true,287770211
2554332056,7E4EFC,true,287773273
2554357286,7E4EF7,true,287776336
2554389048,7E3D08,true,287779523
2554413900,03DBBB,false,287782716
2554441744,7E4EF7,true,287786279
2554466258,7E4EFA,true,287789343
2554491406,7E4EFC,true,287792405
2554518126,7E4F64,true,287795625
2554549222,7E5B94,true,287799346
2554580702,7E5310,true,287803109
2554612108,7E52D4,true,287806858
2554643544,7E52EB,true,287810613
2554675918,7E578C,true,287814471
2554706300,7E5194,true,287818107
2554737502,7E4F37,true,287821847
2554762168,7E4F39,true,287824909
2554786030,7E4F34,true,287827972
2554809900,7E4F37,true,287831036
2554834900,7E4F39,true,287834098
2554860176,7E4F34,true,287837161
2554885428,7E4F37,true,287840225
2554910704,7E4F39,true,287843287
2554935946,7E4F34,true,287846350
2554961222,7E4F37,true,287849414
2554986468,7E4F39,true,287852476
2555011738,7E4F34,true,287855539
2555037010,7E4F37,true,287858603
2555062272,7E4F39,true,287861665
2555087522,7E4F34,true,287864728
2555112790,7E4F34,true,287867837
2555136804,7E4F37,true,287870901
2555160660,7E4F39,true,287873963
2555185344,7E4F34,true,287877026
2555210602,7E4F37,true,287880090
2555235832,7E4F39,true,287883152
2555261114,7E4F34,true,287886215
2555286364,7E4F37,true,287889279
2555311634,7E4F39,true,287892341
2555336898,7E4F34,true,287895404
2555362176,7E4F37,true,287898468
2555387434,7E4F39,true,287901530
2555412702,7E4F34,true,287904593
2555437960,7E4F37,true,287907657
2555463352,7E4F37,true,287910766
2555487612,7E4F39,true,287913828
2555511474,7E4F34,true,287916891
2555535870,7E4F37,true,287919955
2555561012,7E4F39,true,287923017
2555586610,02F50C,false,287926125
2555616032,7E4EFC,true,287929671
2555650074,0BD8D0,false,287933042
2555679614,09C03F,false,287936557
2555710978,1FD32D,false,287940327
2555741082,0BAE1B,false,287943959
2555772392,7E4EE3,false,287947696
2555801688,03B3D3,false,287951194
2555922696,02F66B,false,287954912
2555956564,7E4EFC,true,287958928
2555982910,03DBB6,false,287962153
2556011448,02DC15,false,287965636
2556036784,7E4EFA,true,287968709
2556062060,7E4EFC,true,287971771
2556087310,7E4EF7,true,287974834
2556113540,02DA46,false,287977923
2556139518,02DA49,false,287980987
2556255648,7E401B,false,287984079
2556285756,7E5787,true,287987690
2556317538,7E52FC,true,287991478
2556348898,7E587E,true,287995224
2556379784,7E5715,true,287998912
2556412266,7E5308,true,288002785
2556443560,7E5337,true,288006524
2556475148,7E5339,true,288010296
2556501128,7E4F39,true,288013442
2556532878,7E3E3A,true,288016621
2556557582,7E4F39,true,288019729
2556581404,7E4F34,true,288022792
2556605738,7E4F37,true,288025856
2556630812,7E4F39,true,288028918
2556656054,7E4F34,true,288031981
2556681338,7E4F37,true,288035045
2556706576,7E4F39,true,288038107
2556731858,7E4F34,true,288041170
2556757182,7E4F37,true,288044234
2556782380,7E4F39,true,288047296
2556807694,7E4F34,true,288050359
2556832968,7E4F37,true,288053423
2556858236,7E4F39,true,288056485
2556883752,7E4F39,true,288059594
2556908366,7E4F34,true,288062657
2556932196,7E4F37,true,288065721
2556956170,7E4F39,true,288068783
2556981218,7E4F34,true,288071846
2557006468,7E4F37,true,288074910
2557031738,7E4F39,true,288077972
2557056982,7E4F34,true,288081035
2557082272,7E4F37,true,288084099
2557107524,7E4F39,true,288087161
2557132806,7E4F34,true,288090224
2557158056,7E4F37,true,288093288
2557183340,7E4F39,true,288096350
2557208662,7E4F34,true,288099413
2557233866,7E4F37,true,288102477
2557259126,7E4F37,true,288105586
2557283036,7E4F39,true,288108648
2557306858,7E4F34,true,288111711
2557331650,7E4F37,true,288114775
2557360876,02DB8E,false,288118298
2557394298,1FD271,false,288121616
2557423272,1FD615,false,288125048
2557454818,1FD322,false,288128844
2557484744,1FCDE1,false,288132450
2557515898,7E4EFA,true,288136171
2557546150,03B3C9,false,288139768
2557576614,02F5A1,false,288143417
2557701326,7E4EE3,false,288147539
2557728034,03DBBC,false,288150794
2557755192,1FC08A,false,288154130
2557781620,7E4EFC,true,288157326
2557806870,7E4EF7,true,288160389
2557832156,7E4EFA,true,288163453
2557858216,02DA49,false,288166542
2557884180,02DA4B,false,288169604
2557910160,02DA46,false,288172667
2557936132,02DA49,false,288175731
2558053406,7E4F62,true,288178977
2558084770,7E5784,true,288182728
2558117324,7E5337,true,288186605
2558148340,7E580E,true,288190318
2558180212,7E52EE,true,288194120
2558212384,7E5310,true,288197964
2558242548,7E530A,true,288201568
2558272054,7E4F34,true,288205117
2558297344,7E4F37,true,288208181
2558329358,7E4F39,true,288211423
2558353332,7E4F34,true,288214486
2558377202,7E4F37,true,288217550
2558401862,7E4F39,true,288220612
2558427096,7E4F34,true,288223675
2558452348,7E4F37,true,288226739
2558477624,7E4F39,true,288229801
2558502874,7E4F34,true,288232864
2558528156,7E4F37,true,288235928
2558553416,7E4F39,true,288238990
2558578684,7E4F34,true,288242053
2558604012,7E4F37,true,288245117
2558629216,7E4F39,true,288248179
2558654524,7E4F34,true,288251242
2558679876,7E4F34,true,288254351
2558704112,7E4F37,true,288257415
2558727968,7E4F39,true,288260477
2558752360,7E4F34,true,288263540
2558777532,7E4F37,true,288266604
2558802754,7E4F39,true,288269666
2558828030,7E4F34,true,288272729
2558853288,7E4F37,true,288275793
2558878564,7E4F39,true,288278855
2558903802,7E4F34,true,288281918
2558929092,7E4F37,true,288284982
2558954322,7E4F39,true,288288044
2558979606,7E4F34,true,288291107
2559004844,7E4F37,true,288294171
2559030400,7E4F37,true,288297280
2559054916,7E4F39,true,288300342
2559078738,7E4F34,true,288303405
2559103412,02F572,false,288306532
2559132502,7E4EFC,true,288310064
2559167028,0BDDD6,false,288313481
2559197664,1FD27F,false,288317147
2559228954,1FC444,false,288320910
2559258400,7E4EF4,false,288324456
2559290120,02FCCC,false,288328229
2559319072,03B3CE,false,288331687
2559351644,02F5FA,false,288335572
2559473064,7E4EF7,true,288339329
2559498284,7E4EFA,true,288342393
2559523560,7E4EFC,true,288345455
2559548810,7E4EF7,true,288348518
2559574086,7E4EFA,true,288351582
2559599316,7E4EFC,true,288354644
2559624618,7E4EF7,true,288357707
2559649868,7E4EFA,true,288360771
2559675146,7E4EFC,true,288363833
2559700390,7E4EF7,true,288366896
2559725672,7E4EFA,true,288369960
2559841316,7E4EFA,true,288373075
2559866552,7E4EFC,true,288376137
2559891820,7E4EF7,true,288379200
2559917072,7E4EFA,true,288382264
2559942348,7E4EFC,true,288385326
2559967606,7E4EF7,true,288388389
2559992896,7E4EFA,true,288391453
2560018140,7E4EFC,true,288394515
2560043430,7E4EF7,true,288397578
2560068680,7E4EFA,true,288400642
2560093942,7E4EFC,true,288403704
2560126164,03DBB9,false,288407063
2560153494,7E4EFA,true,288410583
2560177702,7E4EFC,true,288413645
2560202822,7E4EF7,true,288416708
2560228568,7E4EFC,true,288419825
2560259134,7E52D1,true,288423490
2560291524,7E5342,true,288427349
2560323060,7E5337,true,288431113
2560354460,7E5713,true,288434864
2560386594,7E5268,true,288438705
2560417240,7E5917,true,288442368
2560448200,7E4F39,true,288446069
2560473440,7E4F39,true,288449178
2560497412,7E4F34,true,288452241
2560521282,7E4F37,true,288455305
2560545954,7E4F39,true,288458367
2560571214,7E4F34,true,288461430
2560596472,7E4F37,true,288464494
2560621748,7E4F39,true,288467556
2560646990,7E4F34,true,288470619
2560672268,7E4F37,true,288473683
2560697526,7E4F39,true,288476745
2560722794,7E4F34,true,288479808
2560748072,7E4F37,true,288482872
2560773348,7E4F39,true,288485934
2560798670,7E4F34,true,288488997
2560824014,7E4F34,true,288492106
2560848244,7E4F37,true,288495170
2560872100,7E4F39,true,288498232
2560896492,7E4F34,true,288501295
2560921652,7E4F37,true,288504359
2560946896,7E4F39,true,288507421
2560972178,7E4F34,true,288510484
2560997428,7E4F37,true,288513548
2561022692,7E4F39,true,288516610
2561047956,7E4F34,true,288519673
2561073232,7E4F37,true,288522737
2561098476,7E4F39,true,288525799
2561123756,7E4F34,true,288528862
2561149000,7E4F37,true,288531926
2561174558,7E4F37,true,288535035
2561199068,7E4F39,true,288538097
2561226588,02DB9B,false,288541607
2561258134,0682A0,false,288544849
2561287170,0BE1E6,false,288548294
2561318626,1FD304,false,288552070
2561349138,1FD31D,false,288555749
2561379870,7E4F05,false,288559429
2561410420,03BA9D,false,288563066
2561439792,02F5C9,false,288566585
2561474828,02F5DD,false,288570733
2561502484,03DBB6,false,288574078
2561618486,1FC04C,false,288577299
2561646208,7E4EFC,true,288580653
2561671458,7E4EF7,true,288583716
2561696748,7E4EFA,true,288586780
2561722714,02DA49,false,288589869
2561748690,02DA4B,false,288592931
2561774712,02DA46,false,288595994
2561800702,02DA49,false,288599058
2561826684,02DA4B,false,288602120
2561852658,02DA46,false,288605183
2561878636,02DA49,false,288608247
2561997774,7E52D4,true,288611738
2562029512,7E52FB,true,288615531
2562061310,7E570D,true,288619324
2562091766,7E52CC,true,288622961
2562124052,7E52FF,true,288626818
2562155952,7E5862,true,288630626
2562186796,7E52B4,true,288634317
2562214268,7E4F37,true,288637635
2562239638,000123,true,288640709
2562270978,7E4F37,true,288643922
2562294834,7E4F39,true,288646984
2562318924,7E4F34,true,288650047
2562343952,7E4F37,true,288653111
2562369214,7E4F39,true,288656173
2562394530,7E4F34,true,288659236
2562419748,7E4F37,true,288662300
2562445064,7E4F39,true,288665362
2562470316,7E4F34,true,288668425
2562495592,7E4F37,true,288671489
2562520822,7E4F39,true,288674551
2562546118,7E4F34,true,288677614
2562571370,7E4F37,true,288680678
2562596700,00010F,true,288683747
2562621796,7E4F39,true,288686849
2562645618,7E4F34,true,288689912
2562669488,7E4F37,true,288692976
2562694348,7E4F39,true,288696038
2562719628,7E4F34,true,288699101
2562744872,7E4F37,true,288702165
2562770148,7E4F39,true,288705227
2562795398,7E4F34,true,288708290
2562820680,7E4F37,true,288711354
2562846012,7E4F39,true,288714416
2562871214,7E4F34,true,288717479
2562896552,7E4F37,true,288720543
2562925990,02D974,false,288724098
2563050312,0BD573,false,288727525
2563079610,1FD316,false,288731000
2563110986,1FC7BD,false,288734771
2563140988,1FCD57,false,288738387
2563172016,7E4EFC,true,288742094
2563202170,03B406,false,288745679
2563232424,02F64C,false,288749306
2563267082,7E4EFA,true,288753413
2563293712,03DBBD,false,288756652
2563410842,1FC075,false,288759990
2563437696,7E4EFC,true,288763244
2563462966,7E4EF7,true,288766307
2563488216,7E4EFA,true,288769371
2563517202,7E5305,true,288772846
2563549666,7E52D9,true,288776720
2563581446,7E58D4,true,288780509
2563612340,7E52CE,true,288784203
2563644960,7E533D,true,288788092
2563682142,7E579C,true,288791887
2563711328,7E578C,true,288795535
2563737658,7E4F39,true,288798896
2563762332,7E4F34,true,288801959
2563787590,7E4F37,true,288805023
2563812820,7E4F39,true,288808085
2563838102,7E4F34,true,288811148
2563863352,7E4F37,true,288814212
2563888622,7E4F39,true,288817274
2563913886,7E4F34,true,288820337
2563939164,7E4F37,true,288823401
2563964500,7E4F39,true,288826463
2563989690,7E4F34,true,288829526
2564015020,7E4F37,true,288832590
2564040380,7E4F37,true,288835699
2564064600,7E4F39,true,288838761
2564088462,7E4F34,true,288841824
2564112858,7E4F37,true,288844888
2564138000,7E4F39,true,288847950
2564163250,7E4F34,true,288851013
2564188532,7E4F37,true,288854077
2564213770,7E4F39,true,288857139
2564239046,7E4F34,true,288860202
2564264312,7E4F37,true,288863266
2564289588,7E4F39,true,288866328
2564314830,7E4F34,true,288869391
2564340128,7E4F37,true,288872455
2564365372,7E4F39,true,288875517
2564390918,7E4F39,true,288878626
2564416270,02F570,false,288881794
2564443590,7E4EF7,true,288885284
2564476820,0BDA95,false,288888676
2564506688,1FD282,false,288892247
2564537196,0484DB,false,288895907
2564566916,7E4EFC,false,288899479
2564599026,02FC6E,false,288903295
2564627958,7E4EFA,true,288906754
2564661058,02F68B,false,288910695
2564691012,7E4EF7,true,288914279
2564716560,03DBBC,false,288917440
2564837156,7E4EF7,true,288921137
2564862456,7E4EFA,true,288924201
2564887700,7E4EFC,true,288927263
2564913280,02DA4B,false,288930352
2564939242,02DA46,false,288933415
2564965220,02DA49,false,288936479
2564991196,02DA4B,false,288939541
2565017176,02DA46,false,288942604
2565043174,02DA49,false,288945668
2565069142,02DA4B,false,288948730
2565095110,02DA46,false,288951793
2565214306,7E52EB,true,288955295
2565246744,7E5788,true,288959160
2565278542,7E58C0,true,288962960
2565309442,7E5721,true,288966648
2565341934,7E5314,true,288970532
2565373212,7E5710,true,288974268
2565404870,7E571C,true,288978045
2565430770,7E4F34,true,288981184
2565456182,7E3BA7,true,288984268
2565487400,7E4F34,true,288987471
2565511270,7E4F37,true,288990535
2565535356,7E4F39,true,288993597
2565560422,7E4F34,true,288996660
2565585680,7E4F37,true,288999724
2565610948,7E4F39,true,289002786
2565636186,7E4F34,true,289005849
2565661476,7E4F37,true,289008913
2565686720,7E4F39,true,289011975
2565712002,7E4F34,true,289015038
2565737260,7E4F37,true,289018102
2565762520,7E4F39,true,289021164
2565787770,7E4F34,true,289024227
2565813124,000118,true,289027299
2565838220,7E4F37,true,289030400
2565862036,7E4F39,true,289033462
2565885898,7E4F34,true,289036525
2565910762,7E4F37,true,289039589
2565936040,7E4F39,true,289042651
2565961362,7E4F34,true,289045714
2565986572,7E4F37,true,289048778
2566011882,7E4F39,true,289051840
2566037086,7E4F34,true,289054903
2566062404,7E4F37,true,289057967
2566087648,7E4F39,true,289061029
2566112932,7E4F34,true,289064092
2566141944,02DB97,false,289067588
2566265710,03ED42,false,289070969
2566294742,0BD15D,false,289074414
2566327264,08B48B,false,289078334
2566356992,1FCDEC,false,289081909
2566387688,02FA45,false,289085589
2566418840,02FC1C,false,289089296
2566447546,02F5DD,false,289092741
2566482722,02F64C,false,289096901
2566510862,03DBBB,false,289100303
2566626114,1FC06D,false,289103438
2566654508,7E4EFC,true,289106860
2566679752,7E4EF7,true,289109923
2566705036,7E4EFA,true,289112987
2566732934,7E530A,true,289116348
2566764774,7E530E,true,289120141
2566796636,7E5310,true,289123949
2566826952,7E51C1,true,289127573
2566859474,7E5710,true,289131455
2566896752,7E3E59,true,289135260
2566925898,7E52EB,true,289138894
2566954580,7E4F34,true,289142539
2566979318,7E4F37,true,289145603
2567004540,7E4F39,true,289148665
2567029822,7E4F34,true,289151728
2567055080,7E4F37,true,289154792
2567080348,7E4F39,true,289157854
2567105592,7E4F34,true,289160917
2567130896,7E4F37,true,289163981
2567156128,7E4F39,true,289167043
2567181430,7E4F34,true,289170106
2567206748,7E4F37,true,289173170
2567231944,7E4F39,true,289176232
2567257352,7E4F39,true,289179341
2567281570,7E4F34,true,289182404
2567305400,7E4F37,true,289185468
2567329838,7E4F39,true,289188530
2567354982,7E4F34,true,289191593
2567380272,7E4F37,true,289194657
2567405502,7E4F39,true,289197719
2567430770,7E4F34,true,289200782
2567456028,7E4F37,true,289203846
2567481306,7E4F39,true,289206908
2567506550,7E4F34,true,289209971
2567531848,7E4F37,true,289213035
2567557084,7E4F39,true,289216097
2567582366,7E4F34,true,289219160
2567607878,7E4F34,true,289222269
2567636098,02DB95,false,289225784
2567666870,068252,false,289229016
2567695236,0BE007,false,289232455
2567726614,02DB04,false,289236217
2567756416,1FD312,false,289239801
2567787442,03B9DB,false,289243511
2567817320,03B3EB,false,289247066
2567848580,02F60E,false,289250805
2567881694,7E4EFC,true,289254744
2567908026,03DBB6,false,289257959
2567937004,02DA38,false,289261487
2568055986,7E4EF7,true,289264959
2568081276,7E4EFA,true,289268023
2568106520,7E4EFC,true,289271085
2568132150,02DA4B,false,289274174
2568158152,02DA46,false,289277237
2568184124,02DA49,false,289280301
2568210108,02DA4B,false,289283363
2568236080,02DA46,false,289286426
2568262078,02DA49,false,289289490
2568288052,02DA4B,false,289292552
2568314014,02DA46,false,289295615
2568433910,7E52DB,true,289299205
2568465672,7E52DB,true,289302993
2568497222,7E5794,true,289306763
2568527696,7E5787,true,289310409
2568560116,7E527F,true,289314275
2568591418,7E51AD,true,289318016
2568622928,7E570A,true,289321782
2568649822,7E4F37,true,289325028
2568675314,7E3BB8,true,289328134
2568706402,7E4F34,true,289331333
2568730272,7E4F37,true,289334397
2568754482,7E4F39,true,289337459
2568779590,7E4F34,true,289340522
2568804836,7E4F37,true,289343586
2568830112,7E4F39,true,289346648
2568855354,7E4F34,true,289349711
2568880644,7E4F37,true,289352775
2568905884,7E4F39,true,289355837
2568931158,7E4F34,true,289358900
2568956396,7E4F37,true,289361964
2568981674,7E4F39,true,289365026
2569006918,7E4F34,true,289368089
2569032538,7E4F34,true,289371198
2569057220,7E4F37,true,289374262
2569081036,7E4F39,true,289377324
2569104940,7E4F34,true,289380387
2569130018,7E4F37,true,289383451
2569155254,7E4F39,true,289386513
2569180530,7E4F34,true,289389576
2569205788,7E4F37,true,289392640
2569231064,7E4F39,true,289395702
2569256306,7E4F34,true,289398765
2569281612,7E4F37,true,289401829
2569306842,7E4F39,true,289404891
2569333692,02F571,false,289408136
2569361976,7E4EF7,true,289411547
2569486604,0BDC8E,false,289414988
2569516756,04A0C0,false,289418590
2569547330,04A181,false,289422263
2569577324,02FA03,false,289425868
2569608824,02FBC3,false,289429621
2569637814,03B4A9,false,289433097
2569671256,02F6BA,false,289437072
2569700762,03DB66,false,289440610
2569725720,03DBBA,false,289443709
2569845688,7E4EF7,true,289447327
2569870972,7E4EFA,true,289450391
2569896216,7E4EFC,true,289453453
2569921498,7E4EF7,true,289456516
2569946742,7E4EFA,true,289459580
2569972012,7E4EFC,true,289462642
2569997256,7E4EF7,true,289465705
2570022540,7E4EFA,true,289468769
2570047778,7E4EFC,true,289471831
2570073054,7E4EF7,true,289474894
2570098384,7E4EFA,true,289477958
2570132194,7E5286,true,289481446
2570162244,7E570D,true,289485244
2570193106,7E5356,true,289489048
2570223548,7E5922,true,289492691
2570255854,7E578B,true,289496539
2570288122,7E52FF,true,289500383
2570318322,7E578F,true,289504000
2570347446,7E4F34,true,289507504
2570372736,7E4F37,true,289510568
2570397968,7E4F39,true,289513630
2570423242,7E4F34,true,289516693
2570448494,7E4F37,true,289519757
2570473870,7E4F37,true,289522866
2570498076,7E4F39,true,289525928
2570521938,7E4F34,true,289528991
2570546358,7E4F37,true,289532055
2570571508,7E4F39,true,289535117
2570596790,7E4F34,true,289538180
2570622034,7E4F37,true,289541244
2570647304,7E4F39,true,289544306
2570672626,7E4F34,true,289547369
2570697846,7E4F37,true,289550433
2570723148,7E4F39,true,289553495
2570748398,7E4F34,true,289556558
2570773696,7E4F37,true,289559622
2570798932,7E4F39,true,289562684
2570824408,7E4F39,true,289565793
2570848874,7E4F34,true,289568856
2570872744,7E4F37,true,289571920
2570896862,7E4F39,true,289574982
2570926076,02DB8E,false,289578527
2570960752,0BDB26,false,289581966
2570990760,1FD309,false,289585550
2571020994,1FD336,false,289589191
2571051284,7E4EFA,false,289592821
2571082732,02FC7E,false,289596560
2571111522,03B353,false,289600015
2571145572,02F6AE,false,289604055
2571264788,7E401B,false,289607564
2571289666,03DBBD,false,289610665
2571319316,7E4EFA,true,289614233
2571344552,7E4EFC,true,289617295
2571369834,7E4EF7,true,289620358
2571395638,02DA46,false,289623447
2571421646,02DA49,false,289626511
2571447622,02DA4B,false,289629573
2571473610,02DA46,false,289632636
2571499594,02DA49,false,289635700
2571525550,02DA4B,false,289638762
2571644228,7E52EE,true,289642204
2571675914,7E5308,true,289645985
2571707760,7E570A,true,289649788
2571738116,7E5310,true,289653416
2571770486,7E52FB,true,289657282
2571802658,7E5003,true,289661126
2571833158,7E5334,true,289664775
2571861140,7E4F37,true,289668145
2571886384,7E4F39,true,289671207
2571918086,7E4F34,true,289674450
2571941956,7E4F37,true,289677514
2571965958,7E4F39,true,289680576
2571990976,7E4F34,true,289683639
2572016260,7E4F37,true,289686703
2572041504,7E4F39,true,289689765
2572066786,7E4F34,true,289692828
2572092030,7E4F37,true,289695892
2572117300,7E4F39,true,289698954
2572142544,7E4F34,true,289702017
2572167828,7E4F37,true,289705081
2572193066,7E4F39,true,289708143
2572218342,7E4F34,true,289711206
2572243600,7E4F37,true,289714270
2572268812,7E4F37,true,289717379
2572292724,7E4F39,true,289720441
2572316546,7E4F34,true,289723504
2572341360,7E4F37,true,289726568
2572366594,7E4F39,true,289729630
2572391870,7E4F34,true,289732693
2572419036,02F538,false,289735972
2572446938,7E4EFC,true,289739347
2572481724,1FC5CD,false,289742779
2572513188,08B48E,false,289746552
2572542926,1FCDEE,false,289750131
2572573584,02FA42,false,289753806
2572694880,00015D,false,289757528
2572723282,03B2A6,false,289760950
2572758306,02F655,false,289765093
2572787260,03DBBC,false,289768585
2572812288,1FC096,false,289771689
2572840396,7E4EFA,true,289775080
2572865634,7E4EFC,true,289778142
2572890902,7E4EF7,true,289781205
2572916862,02DA46,false,289784294
2572942834,02DA49,false,289787358